year,product,total_litres,total_amount
2024,PETROL,93.82641000000001,863701.03
2025,DIESEL,32339.88210117284,8152480.72
2025,PETROL,5483.465892307692,18746824.080000002
