sale_date,service_station_id,service_station_name,product,total_litres,total_amount
2025-09-02,,,,,93587.02
2025-09-02,82.0,Runiville,DIESEL LITRES,157.19,157.19
2025-09-02,82.0,Runiville,PETROL LITRES,220.0,220.0
2025-09-02,82.0,Runiville,RUNIVILLE BULK DIESEL USD,504.171233,736.09
2025-09-02,82.0,Runiville,RUNIVILLE USD DIESEL,711.255033,1051.4972
2025-09-02,82.0,Runiville,RUNIVILLE USD PETROL,955.703946,1446.0414
2025-09-02,84.0,Avondale,AVONDALE USD DIESEL,848.587838,1242.3012
2025-09-02,84.0,Avondale,AVONDALE USD PETROL,952.406663,1423.2766
2025-09-02,84.0,Avondale,DIESEL LITRES,321.9,321.9
2025-09-02,84.0,Avondale,PETROL LITRES,186.5,186.5
2025-09-02,86.0,Charter,CHARTER USD DIESEL,284.689188,421.34
2025-09-02,86.0,Charter,CHARTER USD PETROL,393.266666,589.9
2025-09-02,86.0,Charter,PETROL LITRES,60.0,60.0
2025-09-02,88.0,Seke,DIESEL LITRES,52.0,52.0
2025-09-02,88.0,Seke,SEKE USD DIESEL,99.297298,144.0222
2025-09-02,88.0,Seke,SEKE USD PETROL,26.666667,38.6667
2025-09-02,92.0,Msasa,DIESEL LITRES,150.2,150.2
2025-09-02,92.0,Msasa,MSASA BULK DIESEL,160.540541,237.6
2025-09-02,92.0,Msasa,MSASA USD DIESEL,342.483661,519.1739
2025-09-02,92.0,Msasa,MSASA USD PETROL,364.922077,561.255
2025-09-02,92.0,Msasa,PETROL LITRES,156.5,156.5
2025-09-02,96.0,Samora,PETROL LITRES,44.8,44.8
2025-09-02,96.0,Samora,SAMORA USD DIESEL,317.350993,478.2
2025-09-02,96.0,Samora,SAMORA USD PETROL,396.68874,598.7351
2025-09-02,98.0,Roadport,DIESEL LITRES,594.42,594.42
2025-09-02,98.0,Roadport,PETROL LITRES,57.0,57.0
2025-09-02,98.0,Roadport,ROADPORT USD DIESEL,1157.078948,1755.8653
2025-09-02,98.0,Roadport,ROAPORT USD PETROL,489.792208,753.6306
2025-09-02,102.0,Kirkman,DIESEL LITRES,610.0,610.0
2025-09-02,102.0,Kirkman,KIRKMAN USD DIESEL,153.691275,226.9194
2025-09-02,102.0,Kirkman,KIRKMAN USD PETROL,298.861841,451.6105
2025-09-02,102.0,Kirkman,PETROL LITRES,35.74,35.74
2025-09-02,110.0,Mutare Green Market,MUTARE GREEN MARKET BULK DIESEL,119.014085,169.0
2025-09-02,110.0,Mutare Green Market,MUTARE GREENMARKET USD DIESEL,192.054795,280.4
2025-09-02,110.0,Mutare Green Market,MUTARE GREENMARKET USD PETROL,80.405405,119.0
2025-09-02,112.0,Marondera,DIESEL LITRES,200.0,200.0
2025-09-02,112.0,Marondera,MARONDERA USD DIESEL,215.068493,314.0
2025-09-02,114.0,Kadoma,KADOMA USD BULK DIESEL ,100.0,145.0
2025-09-02,114.0,Kadoma,KADOMA USD DIESEL,80.418919,119.02
2025-09-02,114.0,Kadoma,KADOMA USD PETROL,48.066667,72.1
2025-09-02,121.0,Gweru,DIESEL LITRES,139.0,139.0
2025-09-02,121.0,Gweru,GWERU BULK DIESEL USD,308.219178,450.0
2025-09-02,121.0,Gweru,GWERU USD DIESEL,564.189189,835.0
2025-09-02,123.0,Fife Street,DIESEL LITRES,30.0,30.0
2025-09-02,123.0,Fife Street,FIFE USD DIESEL,437.773972,635.6397
2025-09-02,123.0,Fife Street,FIFE USD PETROL,122.673334,184.01
2025-09-02,125.0,Fort Street,DIESEL LITRES,150.0,150.0
2025-09-02,125.0,Fort Street,FORT USD DIESEL,470.653061,691.86
2025-09-02,125.0,Fort Street,FORT USD PETROL,419.0,628.5
2025-09-02,127.0,Mpopoma,MPOPOMA USD DIESEL,350.394558,506.2245
2025-09-02,127.0,Mpopoma,MPOPOMA USD PETROL,226.133333,334.01
2025-09-02,129.0,Khami,KHAMI BULK DIESEL USD,314.0,445.88
2025-09-02,129.0,Khami,KHAMI USD DIESEL,5.0,7.35
2025-09-02,129.0,Khami,KHAMI USD PETROL,84.666667,127.0
2025-09-02,131.0,R Mugabe,PETROL LITRES,15.0,15.0
2025-09-02,131.0,R Mugabe,R MUGABE USD DIESEL,184.0,274.6667
2025-09-02,131.0,R Mugabe,R MUGABE USD PETROL,210.769737,317.0684
2025-09-02,135.0,Cripps,CRIPPS DIESEL USD,385.904108,563.42
2025-09-02,135.0,Cripps,CRIPPS PETROL USD,339.614863,502.63
2025-09-02,135.0,Cripps,DIESEL LITRES,372.0,372.0
2025-09-02,135.0,Cripps,PETROL LITRES,20.0,20.0
2025-09-02,140.0,Mutare Second Street,MUTARE SECOND USD DIESEL,168.883562,246.57
2025-09-02,140.0,Mutare Second Street,MUTARE SECOND USD PETROL,19.594595,29.0
2025-09-02,141.0,Troutbeck,TROUTBECK USD DIESEL,1269.333333,1848.2
2025-09-02,141.0,Troutbeck,TROUTBECK USD PETROL,30.0,46.2
2025-09-02,144.0,Bessemer,BESSEMER USD PETROL,13.793103,20.0
2025-09-02,145.0,Sunway City,DIESEL LITRES,100.0,100.0
2025-09-02,145.0,Sunway City,PETROL LITRES,6.0,6.0
2025-09-02,145.0,Sunway City,SUNWAY USD DIESEL,157.96,236.94
2025-09-02,145.0,Sunway City,SUNWAY USD PETROL,56.291391,85.0
2025-09-02,146.0,Banket,BANKET BULK DIESEL USD,600.0,870.0
2025-09-02,146.0,Banket,BANKET USD DIESEL,30.201342,45.0
2025-09-02,146.0,Banket,DIESEL LITRES,18.0,18.0
2025-09-02,147.0,Chinhoyi Main,CHINHOYI BULK DIESEL USD,3000.0,4380.0
2025-09-02,147.0,Chinhoyi Main,CHINHOYI MAIN USD DIESEL,252.579999,378.87
2025-09-02,147.0,Chinhoyi Main,CHINHOYI MAIN USD PETROL,29.868421,45.4
2025-09-02,147.0,Chinhoyi Main,DIESEL LITRES,50.0,50.0
2025-09-02,149.0,Turnpike,TURNPIKE USD DIESEL,66.666667,100.0
2025-09-02,149.0,Turnpike,TURNPIKE USD PETROL,79.473684,120.8
2025-09-02,150.0,Mutare One Stop,DIESEL LITRES,46.0,46.0
2025-09-02,150.0,Mutare One Stop,MUTARE ONE STOP DIESEL,269.712329,393.78
2025-09-02,150.0,Mutare One Stop,MUTARE ONE STOP PETROL,134.459459,199.0
2025-09-02,157.0,Hatfield,HATFIELD USD PETROL,10.067114,15.0
2025-09-02,167.0,Munch & Move,MUNCH & MOVE - SALES,133.7,133.7
2025-09-03,,,,,72822.18
2025-09-03,82.0,Runiville,DIESEL LITRES,261.0,261.0
2025-09-03,82.0,Runiville,PETROL LITRES,220.0,220.0
2025-09-03,82.0,Runiville,RUNIVILLE BULK DIESEL USD,622.054795,908.2
2025-09-03,82.0,Runiville,RUNIVILLE USD DIESEL,1253.442954,1841.2878
2025-09-03,82.0,Runiville,RUNIVILLE USD PETROL,1041.388155,1577.3676
2025-09-03,84.0,Avondale,AVONDALE USD DIESEL,1654.736487,2434.1703
2025-09-03,84.0,Avondale,AVONDALE USD PETROL,1538.139996,2292.4186
2025-09-03,84.0,Avondale,DIESEL LITRES,411.09,411.09
2025-09-03,84.0,Avondale,PETROL LITRES,238.6,238.6
2025-09-03,86.0,Charter,CHARTER USD DIESEL,674.7027,998.56
2025-09-03,86.0,Charter,CHARTER USD PETROL,404.733333,607.1
2025-09-03,86.0,Charter,PETROL LITRES,100.0,100.0
2025-09-03,88.0,Seke,DIESEL LITRES,117.0,117.0
2025-09-03,88.0,Seke,SEKE USD DIESEL,380.621622,552.1571
2025-09-03,88.0,Seke,SEKE USD PETROL,270.706665,402.0262
2025-09-03,92.0,Msasa,DIESEL LITRES,958.61,958.61
2025-09-03,92.0,Msasa,MSASA BULK DIESEL,135.135135,200.0
2025-09-03,92.0,Msasa,MSASA USD DIESEL,551.300654,838.2612
2025-09-03,92.0,Msasa,MSASA USD PETROL,432.214285,665.61
2025-09-03,92.0,Msasa,PETROL LITRES,54.0,54.0
2025-09-03,96.0,Samora,DIESEL LITRES,60.0,60.0
2025-09-03,96.0,Samora,PETROL LITRES,53.83,53.83
2025-09-03,96.0,Samora,SAMORA USD DIESEL,364.543048,546.3388
2025-09-03,96.0,Samora,SAMORA USD PETROL,412.629138,621.7455
2025-09-03,98.0,Roadport,DIESEL LITRES,278.53,278.53
2025-09-03,98.0,Roadport,PETROL LITRES,127.01,127.01
2025-09-03,98.0,Roadport,ROADPORT USD DIESEL,635.75658,960.8434
2025-09-03,98.0,Roadport,ROAPORT USD PETROL,619.129868,951.71
2025-09-03,102.0,Kirkman,DIESEL LITRES,1205.0,1205.0
2025-09-03,102.0,Kirkman,KIRKMAN USD DIESEL,409.335571,605.8899
2025-09-03,102.0,Kirkman,KIRKMAN USD PETROL,274.782894,417.3411
2025-09-03,102.0,Kirkman,PETROL LITRES,30.0,30.0
2025-09-03,110.0,Mutare Green Market,DIESEL LITRES,160.0,160.0
2025-09-03,110.0,Mutare Green Market,MUTARE GREENMARKET USD DIESEL,29.178082,42.6
2025-09-03,110.0,Mutare Green Market,MUTARE GREENMARKET USD PETROL,27.027027,40.0
2025-09-03,112.0,Marondera,MARONDERA USD DIESEL,656.219178,958.08
2025-09-03,112.0,Marondera,MARONDERA USD PETROL,47.64,71.46
2025-09-03,112.0,Marondera,PETROL LITRES,10.0,10.0
2025-09-03,114.0,Kadoma,DIESEL LITRES,190.0,190.0
2025-09-03,121.0,Gweru,DIESEL LITRES,321.0,321.0
2025-09-03,121.0,Gweru,GWERU BULK DIESEL USD,308.219178,450.0
2025-09-03,121.0,Gweru,GWERU USD DIESEL,420.777028,622.75
2025-09-03,121.0,Gweru,GWERU USD PETROL,52.933334,78.0667
2025-09-03,123.0,Fife Street,FIFE USD DIESEL,696.664384,1017.13
2025-09-03,123.0,Fife Street,FIFE USD PETROL,226.9,336.005
2025-09-03,125.0,Fort Street,DIESEL LITRES,840.0,840.0
2025-09-03,125.0,Fort Street,FORT USD DIESEL,835.040817,1227.51
2025-09-03,125.0,Fort Street,FORT USD PETROL,237.199999,355.8
2025-09-03,127.0,Mpopoma,MPOPOMA USD DIESEL,320.408163,462.6
2025-09-03,127.0,Mpopoma,MPOPOMA USD PETROL,287.513334,422.8806
2025-09-03,129.0,Khami,KHAMI BULK DIESEL USD,55.303449,80.19
2025-09-03,129.0,Khami,KHAMI USD DIESEL,933.680272,1348.51
2025-09-03,129.0,Khami,KHAMI USD PETROL,58.8,88.2
2025-09-03,131.0,,,,30.4
2025-09-03,131.0,R Mugabe,R MUGABE USD DIESEL,99.866666,149.8
2025-09-03,131.0,R Mugabe,R MUGABE USD PETROL,111.789474,168.9332
2025-09-03,135.0,Cripps,CRIPPS DIESEL USD,1468.349315,2119.5522
2025-09-03,135.0,Cripps,CRIPPS PETROL USD,795.277027,1175.1603
2025-09-03,135.0,Cripps,DIESEL LITRES,528.67,528.67
2025-09-03,135.0,Cripps,PETROL LITRES,123.04,123.04
2025-09-03,140.0,Mutare Second Street,DIESEL LITRES,61.0,61.0
2025-09-03,140.0,Mutare Second Street,MUTARE SECOND USD DIESEL,303.945206,443.76
2025-09-03,140.0,Mutare Second Street,MUTARE SECOND USD PETROL,59.054054,87.4
2025-09-03,141.0,Troutbeck,TROUTBECK USD DIESEL,127.506666,188.918
2025-09-03,144.0,Bessemer,BESSEMER USD DIESEL,62.676056,89.0
2025-09-03,145.0,Sunway City,SUNWAY USD DIESEL,165.66,247.822
2025-09-03,145.0,Sunway City,SUNWAY USD PETROL,251.298014,379.46
2025-09-03,146.0,Banket,BANKET BULK DIESEL USD,2940.0,4263.0
2025-09-03,146.0,Banket,BANKET USD DIESEL,60.402685,90.0
2025-09-03,146.0,Banket,BANKET USD PETROL,19.86755,30.0
2025-09-03,146.0,Banket,DIESEL LITRES,37.0,37.0
2025-09-03,147.0,Chinhoyi Main,CHINHOYI BULK DIESEL USD,2370.547945,3461.0
2025-09-03,147.0,Chinhoyi Main,CHINHOYI MAIN USD DIESEL,163.94,245.91
2025-09-03,147.0,Chinhoyi Main,CHINHOYI MAIN USD PETROL,39.868421,60.6
2025-09-03,147.0,Chinhoyi Main,DIESEL LITRES,350.0,350.0
2025-09-03,148.0,Chegutu,CHEGUTU USD DIESEL,109.241611,162.77
2025-09-03,148.0,Chegutu,CHEGUTU USD PETROL,29.0,43.5
2025-09-03,149.0,Turnpike,TURNPIKE USD DIESEL,115.666667,173.5
2025-09-03,149.0,Turnpike,TURNPIKE USD PETROL,107.986842,162.8242
2025-09-03,150.0,Mutare One Stop,MUTARE ONE STOP DIESEL,116.438356,168.9726
2025-09-03,150.0,Mutare One Stop,MUTARE ONE STOP PETROL,134.459459,199.0
2025-09-03,167.0,Munch & Move,MUNCH & MOVE - SALES,312.35,312.35
2025-09-04,,,,,70873.65
2025-09-04,82.0,Runiville,DIESEL LITRES,275.73,275.73
2025-09-04,82.0,Runiville,PETROL LITRES,177.02,177.02
2025-09-04,82.0,Runiville,RUNIVILLE BULK DIESEL USD,1090.547945,1592.2
2025-09-04,82.0,Runiville,RUNIVILLE USD DIESEL,1066.040269,1579.8632
2025-09-04,82.0,Runiville,RUNIVILLE USD PETROL,595.75,904.2766
2025-09-04,84.0,Avondale,AVONDALE USD DIESEL,1410.54054,2076.0594
2025-09-04,84.0,Avondale,AVONDALE USD PETROL,1120.419998,1670.7332
2025-09-04,84.0,Avondale,DIESEL LITRES,219.16,219.16
2025-09-04,84.0,Avondale,PETROL LITRES,222.69,222.69
2025-09-04,86.0,Charter,CHARTER USD DIESEL,976.878377,1445.78
2025-09-04,86.0,Charter,CHARTER USD PETROL,218.666667,328.0
2025-09-04,86.0,Charter,PETROL LITRES,35.0,35.0
2025-09-04,88.0,Seke,SEKE USD DIESEL,533.37838,782.8898
2025-09-04,88.0,Seke,SEKE USD PETROL,286.000001,427.8333
2025-09-04,92.0,Msasa,DIESEL LITRES,1120.0,1120.0
2025-09-04,92.0,Msasa,MSASA BULK DIESEL,101.351351,150.0
2025-09-04,92.0,Msasa,MSASA USD DIESEL,683.522876,1045.79
2025-09-04,92.0,Msasa,MSASA USD PETROL,508.844154,783.1005
2025-09-04,92.0,Msasa,PETROL LITRES,252.8,252.8
2025-09-04,96.0,Samora,PETROL LITRES,140.58,140.58
2025-09-04,96.0,Samora,SAMORA USD DIESEL,257.152319,386.8
2025-09-04,96.0,Samora,SAMORA USD PETROL,628.880795,947.3583
2025-09-04,98.0,Roadport,DIESEL LITRES,502.66,502.66
2025-09-04,98.0,Roadport,PETROL LITRES,102.27,102.27
2025-09-04,98.0,Roadport,ROADPORT USD DIESEL,1080.960527,1637.3692
2025-09-04,98.0,Roadport,ROADPORT USD DIESEL BUS,367.324324,543.64
2025-09-04,98.0,Roadport,ROAPORT USD PETROL,830.188309,1273.6468
2025-09-04,102.0,Kirkman,DIESEL LITRES,517.0,517.0
2025-09-04,102.0,Kirkman,KIRKMAN USD DIESEL,40.134228,57.7933
2025-09-04,102.0,Kirkman,KIRKMAN USD PETROL,194.157893,295.12
2025-09-04,102.0,Kirkman,PETROL LITRES,35.0,35.0
2025-09-04,110.0,Mutare Green Market,MUTARE GREENMARKET USD DIESEL,329.643836,481.28
2025-09-04,110.0,Mutare Green Market,MUTARE GREENMARKET USD PETROL,51.351351,76.0
2025-09-04,112.0,Marondera,DIESEL LITRES,640.0,640.0
2025-09-04,112.0,Marondera,MARONDERA USD DIESEL,549.246575,800.1877
2025-09-04,112.0,Marondera,MARONDERA USD PETROL,118.906667,178.36
2025-09-04,114.0,Kadoma,DIESEL LITRES,236.0,236.0
2025-09-04,114.0,Kadoma,KADOMA USD DIESEL,359.324325,531.8
2025-09-04,114.0,Kadoma,KADOMA USD PETROL,35.0,52.5
2025-09-04,121.0,Gweru,DIESEL LITRES,470.0,470.0
2025-09-04,121.0,Gweru,GWERU BULK DIESEL USD,308.219178,450.0
2025-09-04,121.0,Gweru,GWERU USD DIESEL,794.229731,1171.5073
2025-09-04,121.0,Gweru,GWERU USD PETROL,231.0,341.77
2025-09-04,123.0,Fife Street,DIESEL LITRES,485.35,485.35
2025-09-04,123.0,Fife Street,FIFE USD DIESEL,2876.602738,4190.7307
2025-09-04,123.0,Fife Street,FIFE USD PETROL,369.073332,552.218
2025-09-04,125.0,Fort Street,DIESEL LITRES,150.0,150.0
2025-09-04,125.0,Fort Street,FOR-FLUIDMATIC DIII MV 500ML,10.0,30.0
2025-09-04,125.0,Fort Street,FORT USD DIESEL,165.578231,243.4
2025-09-04,125.0,Fort Street,FORT USD PETROL,251.266667,376.9
2025-09-04,127.0,Mpopoma,MPOPOMA USD DIESEL,97.619047,143.5
2025-09-04,127.0,Mpopoma,MPOPOMA USD PETROL,303.133333,445.606
2025-09-04,129.0,Khami,KHAMI USD DIESEL,787.666667,1135.74
2025-09-04,129.0,Khami,KHAMI USD PETROL,75.333333,113.0
2025-09-04,131.0,R Mugabe,R MUGABE USD DIESEL,116.079999,174.12
2025-09-04,131.0,R Mugabe,R MUGABE USD PETROL,82.546053,125.47
2025-09-04,135.0,Cripps,CRIPPS DIESEL USD,712.260275,1039.9
2025-09-04,135.0,Cripps,CRIPPS PETROL USD,621.074323,918.5143
2025-09-04,135.0,Cripps,DIESEL LITRES,200.99,200.99
2025-09-04,135.0,Cripps,PETROL LITRES,109.96,109.96
2025-09-04,140.0,Mutare Second Street,MUTARE SECOND USD DIESEL,58.219178,85.0
2025-09-04,141.0,Troutbeck,DIESEL LITRES,1550.0,1550.0
2025-09-04,141.0,Troutbeck,PETROL LITRES,400.0,400.0
2025-09-04,141.0,Troutbeck,TROUTBECK USD DIESEL,40.0,60.0
2025-09-04,144.0,Bessemer,BESSEMER USD PETROL,39.37931,57.1
2025-09-04,145.0,Sunway City,DIESEL LITRES,50.0,50.0
2025-09-04,145.0,Sunway City,PETROL LITRES,53.92,53.92
2025-09-04,145.0,Sunway City,SUNWAY USD DIESEL,176.973333,263.26
2025-09-04,145.0,Sunway City,SUNWAY USD PETROL,184.596027,278.74
2025-09-04,146.0,Banket,BANKET BULK DIESEL USD,1644.827586,2385.0
2025-09-04,146.0,Banket,BANKET USD DIESEL,40.268456,60.0
2025-09-04,147.0,Chinhoyi Main,CHINHOYI BULK DIESEL USD,3100.0,4526.0
2025-09-04,147.0,Chinhoyi Main,CHINHOYI MAIN USD DIESEL,134.233333,201.35
2025-09-04,147.0,Chinhoyi Main,CHINHOYI MAIN USD PETROL,83.453947,125.5714
2025-09-04,148.0,Chegutu,CHEGUTU USD DIESEL,90.268456,134.5
2025-09-04,148.0,Chegutu,CHEGUTU USD PETROL,24.666667,37.0
2025-09-04,148.0,Chegutu,DIESEL LITRES,200.0,200.0
2025-09-04,149.0,Turnpike,DIESEL LITRES,530.0,530.0
2025-09-04,149.0,Turnpike,TURNPIKE USD DIESEL,107.586667,161.38
2025-09-04,149.0,Turnpike,TURNPIKE USD PETROL,24.342105,37.0
2025-09-04,150.0,Mutare One Stop,DIESEL LITRES,132.32,132.32
2025-09-04,150.0,Mutare One Stop,MUTARE ONE STOP DIESEL,387.945205,566.4
2025-09-04,150.0,Mutare One Stop,MUTARE ONE STOP PETROL,69.581082,102.98
2025-09-04,157.0,Hatfield,HATFIELD USD PETROL,69.42953,101.3879
2025-09-04,159.0,Gwanda ,DIESEL LITRES,40.0,40.0
2025-09-04,167.0,Munch & Move,MUNCH & MOVE - SALES,470.21,470.21
2025-09-05,,,,,77237.48
2025-09-05,82.0,Runiville,DIESEL LITRES,204.0,204.0
2025-09-05,82.0,Runiville,PETROL LITRES,405.01,405.01
2025-09-05,82.0,Runiville,RUN-NEPTUNA 2T SUPER SPORT 500ML,2.0,8.0
2025-09-05,82.0,Runiville,RUN-RUBIA SX SAE40 500ML,1.0,3.0
2025-09-05,82.0,Runiville,RUN-RUBIA TIR 7400 15W40 500ML,2.0,6.0
2025-09-05,82.0,Runiville,RUNIVILLE BULK DIESEL USD,1379.828768,2014.55
2025-09-05,82.0,Runiville,RUNIVILLE USD DIESEL,1750.469798,2574.4106
2025-09-05,82.0,Runiville,RUNIVILLE USD PETROL,957.38816,1452.23
2025-09-05,84.0,Avondale,AVONDALE USD DIESEL,1780.621621,2612.8817
2025-09-05,84.0,Avondale,AVONDALE USD PETROL,1837.539996,2739.6685
2025-09-05,84.0,Avondale,DIESEL LITRES,387.85,387.85
2025-09-05,84.0,Avondale,PETROL LITRES,203.67,203.67
2025-09-05,86.0,Charter,CHARTER USD DIESEL,727.459457,1068.1849
2025-09-05,86.0,Charter,CHARTER USD PETROL,852.359999,1254.7066
2025-09-05,86.0,Charter,DIESEL LITRES,100.0,100.0
2025-09-05,86.0,Charter,PETROL LITRES,30.0,30.0
2025-09-05,88.0,Seke,DIESEL LITRES,60.0,60.0
2025-09-05,88.0,Seke,SEKE USD DIESEL,127.027027,188.0
2025-09-05,88.0,Seke,SEKE USD PETROL,408.493334,599.9221
2025-09-05,92.0,Msasa,DIESEL LITRES,1073.99,1073.99
2025-09-05,92.0,Msasa,MSASA BULK DIESEL,358.216217,530.16
2025-09-05,92.0,Msasa,MSASA USD DIESEL,706.189544,1072.1481
2025-09-05,92.0,Msasa,MSASA USD PETROL,940.512985,1448.39
2025-09-05,92.0,Msasa,PETROL LITRES,452.5,452.5
2025-09-05,96.0,Samora,DIESEL LITRES,20.0,20.0
2025-09-05,96.0,Samora,PETROL LITRES,107.62,107.62
2025-09-05,96.0,Samora,SAMORA USD DIESEL,208.609271,314.1722
2025-09-05,96.0,Samora,SAMORA USD PETROL,520.470198,781.1977
2025-09-05,98.0,Roadport,DIESEL LITRES,195.87,195.87
2025-09-05,98.0,Roadport,PETROL LITRES,61.0,61.0
2025-09-05,98.0,Roadport,ROADPORT USD DIESEL,1048.355265,1583.4046
2025-09-05,98.0,Roadport,ROAPORT USD PETROL,731.675324,1123.8635
2025-09-05,102.0,,,,22.26
2025-09-05,102.0,Kirkman,DIESEL LITRES,820.0,820.0
2025-09-05,102.0,Kirkman,KIRKMAN USD DIESEL,256.375839,374.8858
2025-09-05,102.0,Kirkman,KIRKMAN USD PETROL,188.763158,284.8779
2025-09-05,110.0,Mutare Green Market,DIESEL LITRES,164.0,164.0
2025-09-05,110.0,Mutare Green Market,MUTARE GREEN MARKET BULK DIESEL,320.0,454.4
2025-09-05,110.0,Mutare Green Market,MUTARE GREENMARKET USD DIESEL,40.0,58.4
2025-09-05,112.0,Marondera,DIESEL LITRES,275.0,275.0
2025-09-05,112.0,Marondera,MARONDERA USD DIESEL,328.499999,477.5282
2025-09-05,112.0,Marondera,MARONDERA USD PETROL,112.026667,165.9253
2025-09-05,114.0,Kadoma,KADOMA USD DIESEL,100.540541,148.8
2025-09-05,114.0,Kadoma,KADOMA USD PETROL,30.0,45.0
2025-09-05,121.0,Gweru,DIESEL LITRES,30.0,30.0
2025-09-05,121.0,Gweru,GWERU BULK DIESEL USD,207.534247,303.0
2025-09-05,121.0,Gweru,GWERU USD DIESEL,464.999999,686.6797
2025-09-05,121.0,Gweru,GWERU USD PETROL,96.0,140.8
2025-09-05,123.0,Fife Street,DIESEL LITRES,9.0,9.0
2025-09-05,123.0,Fife Street,FIFE USD DIESEL,989.582193,1432.0034
2025-09-05,123.0,Fife Street,FIFE USD PETROL,270.0,405.0
2025-09-05,123.0,Fife Street,PETROL LITRES,30.0,30.0
2025-09-05,125.0,Fort Street,DIESEL LITRES,70.0,70.0
2025-09-05,125.0,Fort Street,FORT USD DIESEL,927.816325,1363.89
2025-09-05,125.0,Fort Street,FORT USD PETROL,150.4,225.6
2025-09-05,127.0,Mpopoma,MPOPOMA BULK DIESEL USD,269.648276,390.99
2025-09-05,127.0,Mpopoma,MPOPOMA USD DIESEL,423.258504,610.1043
2025-09-05,127.0,Mpopoma,MPOPOMA USD PETROL,372.666667,548.42
2025-09-05,129.0,Khami,KHAMI USD DIESEL,648.292517,940.69
2025-09-05,129.0,Khami,KHAMI USD PETROL,91.666667,137.5
2025-09-05,131.0,R Mugabe,R MUGABE USD DIESEL,173.58,258.0367
2025-09-05,131.0,R Mugabe,R MUGABE USD PETROL,205.164474,309.4158
2025-09-05,135.0,Cripps,CRIPPS DIESEL USD,1732.904108,2518.2473
2025-09-05,135.0,Cripps,CRIPPS PETROL USD,676.736487,1001.57
2025-09-05,135.0,Cripps,DIESEL LITRES,388.0,388.0
2025-09-05,135.0,Cripps,PETROL LITRES,110.0,110.0
2025-09-05,140.0,Mutare Second Street,MUTARE SECOND USD DIESEL,54.794521,80.0
2025-09-05,140.0,Mutare Second Street,PETROL LITRES,30.0,30.0
2025-09-05,141.0,Troutbeck,DIESEL LITRES,53.0,53.0
2025-09-05,141.0,Troutbeck,TROUTBECK USD DIESEL,568.16,827.24
2025-09-05,141.0,Troutbeck,TROUTBECK USD PETROL,26.318182,40.53
2025-09-05,144.0,Bessemer,BESSEMER USD PETROL,13.793103,20.0
2025-09-05,145.0,Sunway City,DIESEL LITRES,124.0,124.0
2025-09-05,145.0,Sunway City,SUNWAY USD DIESEL,496.359999,742.9733
2025-09-05,145.0,Sunway City,SUNWAY USD PETROL,389.556293,588.23
2025-09-05,146.0,Banket,BANKET BULK DIESEL USD,3100.0,4495.0
2025-09-05,146.0,Banket,BANKET USD DIESEL,170.402685,253.9
2025-09-05,146.0,Banket,BANKET USD PETROL,9.933775,15.0
2025-09-05,147.0,Chinhoyi Main,CHINHOYI BULK DIESEL USD,800.0,1168.0
2025-09-05,147.0,Chinhoyi Main,CHINHOYI MAIN USD DIESEL,468.626666,702.94
2025-09-05,147.0,Chinhoyi Main,CHINHOYI MAIN USD PETROL,178.19079,270.85
2025-09-05,147.0,Chinhoyi Main,PETROL LITRES,28.81,28.81
2025-09-05,148.0,Chegutu,CHEGUTU BULK DIESEL USD,100.0,147.0
2025-09-05,148.0,Chegutu,CHEGUTU USD DIESEL,126.845638,189.0
2025-09-05,148.0,Chegutu,CHEGUTU USD PETROL,54.0,81.0
2025-09-05,148.0,Chegutu,DIESEL LITRES,99.0,99.0
2025-09-05,149.0,Turnpike,DIESEL LITRES,139.0,139.0
2025-09-05,149.0,Turnpike,TURNPIKE USD DIESEL,287.566667,429.065
2025-09-05,149.0,Turnpike,TURNPIKE USD PETROL,56.052632,85.2
2025-09-05,150.0,Mutare One Stop,MUTARE ONE STOP DIESEL,473.972603,692.0
2025-09-05,150.0,Mutare One Stop,MUTARE ONE STOP PETROL,400.0,592.0
2025-09-05,150.0,Mutare One Stop,PETROL LITRES,40.0,40.0
2025-09-05,157.0,Hatfield,HATFIELD USD PETROL,107.38255,160.0
2025-09-05,167.0,Munch & Move,MUNCH & MOVE - SALES,142.1,142.1
2025-09-06,,,,,26370.37
2025-09-06,82.0,Runiville,DIESEL LITRES,79.78,79.78
2025-09-06,82.0,Runiville,PETROL LITRES,32.46,32.46
2025-09-06,82.0,Runiville,RUNIVILLE BULK DIESEL USD,362.0,528.52
2025-09-06,82.0,Runiville,RUNIVILLE USD DIESEL,1547.067114,2271.1633
2025-09-06,82.0,Runiville,RUNIVILLE USD PETROL,878.703947,1327.2823
2025-09-06,84.0,Avondale,AVONDALE USD DIESEL,1710.95946,2516.8545
2025-09-06,84.0,Avondale,AVONDALE USD PETROL,925.186665,1381.3893
2025-09-06,84.0,Avondale,DIESEL LITRES,430.46,430.46
2025-09-06,84.0,Avondale,PETROL LITRES,131.49,131.49
2025-09-06,86.0,Charter,CHARTER USD DIESEL,398.783784,585.5986
2025-09-06,86.0,Charter,CHARTER USD PETROL,351.879998,527.32
2025-09-06,86.0,Charter,DIESEL LITRES,20.0,20.0
2025-09-06,88.0,Seke,SEKE USD DIESEL,235.135136,341.3108
2025-09-06,88.0,Seke,SEKE USD PETROL,164.96,245.1733
2025-09-06,92.0,Msasa,DIESEL LITRES,696.13,696.13
2025-09-06,92.0,Msasa,MSASA BULK DIESEL,1104.72973,1635.0
2025-09-06,92.0,Msasa,MSASA USD DIESEL,747.653594,1134.5457
2025-09-06,92.0,Msasa,MSASA USD PETROL,455.707791,701.79
2025-09-06,92.0,Msasa,PETROL LITRES,249.02,249.02
2025-09-06,96.0,Samora,PETROL LITRES,41.07,41.07
2025-09-06,96.0,Samora,SAMORA USD DIESEL,281.748345,425.44
2025-09-06,96.0,Samora,SAMORA USD PETROL,553.781457,823.8358
2025-09-06,98.0,Roadport,DIESEL LITRES,163.21,163.21
2025-09-06,98.0,Roadport,PETROL LITRES,47.0,47.0
2025-09-06,98.0,Roadport,ROADPORT USD DIESEL,795.197369,1200.8089
2025-09-06,98.0,Roadport,ROAPORT USD PETROL,637.279222,979.4619
2025-09-06,102.0,Kirkman,DIESEL LITRES,2109.33,2109.33
2025-09-06,102.0,Kirkman,KIRKMAN USD DIESEL,103.28188,153.89
2025-09-06,102.0,Kirkman,KIRKMAN USD PETROL,236.967105,360.19
2025-09-06,102.0,Kirkman,PETROL LITRES,22.58,22.58
2025-09-06,110.0,Mutare Green Market,DIESEL LITRES,144.0,144.0
2025-09-06,110.0,Mutare Green Market,MUTARE GREEN MARKET BULK DIESEL,119.71831,170.0
2025-09-06,110.0,Mutare Green Market,MUTARE GREENMARKET USD DIESEL,28.493151,41.6
2025-09-06,112.0,Marondera,DIESEL LITRES,43.46,43.46
2025-09-06,112.0,Marondera,MARONDERA USD DIESEL,33.69863,49.2
2025-09-06,112.0,Marondera,MARONDERA USD PETROL,110.013333,165.02
2025-09-06,114.0,Kadoma,KADOMA USD PETROL,41.013333,61.52
2025-09-06,121.0,Gweru,GWERU USD DIESEL,843.243243,1247.0
2025-09-06,121.0,Gweru,GWERU USD PETROL,254.333333,373.4033
2025-09-06,123.0,Fife Street,DIESEL LITRES,159.94,159.94
2025-09-06,123.0,Fife Street,FIFE USD DIESEL,222.71233,324.6463
2025-09-06,123.0,Fife Street,FIFE USD PETROL,231.919999,347.88
2025-09-06,123.0,Fife Street,PETROL LITRES,30.0,30.0
2025-09-06,125.0,Fort Street,FORT USD DIESEL,289.013606,424.85
2025-09-06,125.0,Fort Street,FORT USD PETROL,3.333333,5.0
2025-09-06,127.0,Mpopoma,MPOPOMA USD DIESEL,157.823129,224.1088
2025-09-06,127.0,Mpopoma,MPOPOMA USD PETROL,254.646668,374.6506
2025-09-06,129.0,Khami,KHAMI USD DIESEL,294.0,423.36
2025-09-06,131.0,R Mugabe,PETROL LITRES,23.0,23.0
2025-09-06,131.0,R Mugabe,R MUGABE USD DIESEL,60.0,90.0
2025-09-06,131.0,R Mugabe,R MUGABE USD PETROL,136.092104,206.6893
2025-09-06,135.0,Cripps,CRIPPS DIESEL USD,449.349314,655.05
2025-09-06,135.0,Cripps,CRIPPS PETROL USD,354.689189,522.0508
2025-09-06,135.0,Cripps,DIESEL LITRES,640.0,640.0
2025-09-06,135.0,Cripps,PETROL LITRES,41.18,41.18
2025-09-06,140.0,Mutare Second Street,MUTARE SECOND USD PETROL,27.027027,40.0
2025-09-06,140.0,Mutare Second Street,PETROL LITRES,71.53,71.53
2025-09-06,141.0,Troutbeck,DIESEL LITRES,80.0,80.0
2025-09-06,141.0,Troutbeck,PETROL LITRES,10.0,10.0
2025-09-06,144.0,Bessemer,BESSEMER USD DIESEL,44.366197,63.0
2025-09-06,145.0,Sunway City,SUNWAY USD DIESEL,201.866667,298.3548
2025-09-06,145.0,Sunway City,SUNWAY USD PETROL,146.2649,220.86
2025-09-06,146.0,Banket,BANKET BULK DIESEL USD,840.0,1218.0
2025-09-06,146.0,Banket,BANKET USD DIESEL,33.557047,50.0
2025-09-06,146.0,Banket,BANKET USD PETROL,19.86755,30.0
2025-09-06,147.0,Chinhoyi Main,CHINHOYI BULK DIESEL USD,499.0,728.54
2025-09-06,147.0,Chinhoyi Main,CHINHOYI MAIN USD DIESEL,90.0,135.0
2025-09-06,147.0,Chinhoyi Main,CHINHOYI MAIN USD PETROL,3.289474,5.0
2025-09-06,147.0,Chinhoyi Main,DIESEL LITRES,20.0,20.0
2025-09-06,148.0,Chegutu,CHEGUTU BULK DIESEL USD,198.639456,292.0
2025-09-06,148.0,Chegutu,CHEGUTU USD DIESEL,50.463087,75.19
2025-09-06,148.0,Chegutu,DIESEL LITRES,130.0,130.0
2025-09-06,148.0,Chegutu,PETROL LITRES,60.0,60.0
2025-09-06,149.0,Turnpike,DIESEL LITRES,278.0,278.0
2025-09-06,149.0,Turnpike,TURNPIKE USD DIESEL,264.633333,390.606
2025-09-06,149.0,Turnpike,TURNPIKE USD PETROL,39.473684,60.0
2025-09-06,150.0,Mutare One Stop,DIESEL LITRES,159.0,159.0
2025-09-06,150.0,Mutare One Stop,MUTARE ONE STOP DIESEL,133.69863,195.2
2025-09-06,150.0,Mutare One Stop,MUTARE ONE STOP PETROL,71.283784,104.3851
2025-09-07,,,,,7698.39
2025-09-07,82.0,Runiville,DIESEL LITRES,60.4,60.4
2025-09-07,82.0,Runiville,PETROL LITRES,47.89,47.89
2025-09-07,82.0,Runiville,RUN-COOLELF AUTO SUPRA 1L,1.0,5.0
2025-09-07,82.0,Runiville,RUN-QUARTZ 9000 SAE 5W40 500ML,1.0,5.0
2025-09-07,82.0,Runiville,RUNIVILLE BULK DIESEL USD,514.80137,751.61
2025-09-07,82.0,Runiville,RUNIVILLE USD DIESEL,673.248322,987.1669
2025-09-07,82.0,Runiville,RUNIVILLE USD PETROL,441.44079,670.99
2025-09-07,84.0,Avondale,AVONDALE USD DIESEL,1044.331084,1528.4759
2025-09-07,84.0,Avondale,AVONDALE USD PETROL,731.613332,1096.2533
2025-09-07,84.0,Avondale,DIESEL LITRES,238.6,238.6
2025-09-07,84.0,Avondale,PETROL LITRES,136.46,136.46
2025-09-07,86.0,Charter,CHARTER USD DIESEL,198.682431,290.8726
2025-09-07,86.0,Charter,CHARTER USD PETROL,171.053333,256.58
2025-09-07,88.0,Seke,SEKE USD DIESEL,173.824325,257.26
2025-09-07,88.0,Seke,SEKE USD PETROL,191.606667,286.41
2025-09-07,92.0,Msasa,DIESEL LITRES,201.09,201.09
2025-09-07,92.0,Msasa,MSASA USD DIESEL,197.30719,301.2264
2025-09-07,92.0,Msasa,MSASA USD PETROL,150.324674,230.526
2025-09-07,92.0,Msasa,PETROL LITRES,30.0,30.0
2025-09-07,96.0,Samora,DIESEL LITRES,76.11,76.11
2025-09-07,96.0,Samora,SAMORA USD DIESEL,181.046358,272.0555
2025-09-07,96.0,Samora,SAMORA USD PETROL,394.887418,592.8617
2025-09-07,98.0,Roadport,DIESEL LITRES,40.99,40.99
2025-09-07,98.0,Roadport,PETROL LITRES,59.93,59.93
2025-09-07,98.0,Roadport,ROADPORT USD DIESEL,1084.203947,1631.3633
2025-09-07,98.0,Roadport,ROAPORT USD PETROL,235.642856,362.89
2025-09-07,102.0,Kirkman,DIESEL LITRES,747.3,747.3
2025-09-07,102.0,Kirkman,KIRKMAN USD DIESEL,91.174497,133.1654
2025-09-07,102.0,Kirkman,KIRKMAN USD PETROL,300.973685,453.3978
2025-09-07,102.0,Kirkman,PETROL LITRES,52.16,52.16
2025-09-07,110.0,Mutare Green Market,MUTARE GREENMARKET USD PETROL,6.756757,9.6622
2025-09-07,112.0,Marondera,DIESEL LITRES,45.0,45.0
2025-09-07,112.0,Marondera,MARONDERA USD DIESEL,173.287671,251.1781
2025-09-07,112.0,Marondera,MARONDERA USD PETROL,19.333333,28.0333
2025-09-07,114.0,Kadoma,DIESEL LITRES,200.0,200.0
2025-09-07,114.0,Kadoma,KADOMA USD DIESEL,62.743243,89.7228
2025-09-07,121.0,Gweru,DIESEL LITRES,100.0,100.0
2025-09-07,121.0,Gweru,GWERU USD DIESEL,20.0,29.6
2025-09-07,121.0,Gweru,GWERU USD PETROL,20.0,29.4
2025-09-07,123.0,Fife Street,DIESEL LITRES,250.07,250.07
2025-09-07,123.0,Fife Street,FIFE USD DIESEL,267.171233,388.0152
2025-09-07,123.0,Fife Street,FIFE USD PETROL,150.433333,224.095
2025-09-07,123.0,Fife Street,PETROL LITRES,54.0,54.0
2025-09-07,125.0,Fort Street,DIESEL LITRES,417.0,417.0
2025-09-07,125.0,Fort Street,FORT USD DIESEL,180.0,264.6
2025-09-07,125.0,Fort Street,FORT USD PETROL,30.2,43.79
2025-09-07,127.0,Mpopoma,MPOPOMA BULK DIESEL USD,34.482759,50.0
2025-09-07,127.0,Mpopoma,MPOPOMA USD DIESEL,257.816326,373.3969
2025-09-07,127.0,Mpopoma,MPOPOMA USD PETROL,185.7,273.479
2025-09-07,129.0,Khami,KHAMI USD DIESEL,81.0,119.07
2025-09-07,129.0,Khami,KHAMI USD PETROL,33.333333,50.0
2025-09-07,131.0,R Mugabe,R MUGABE USD DIESEL,76.68,115.02
2025-09-07,131.0,R Mugabe,R MUGABE USD PETROL,43.927631,65.6495
2025-09-07,135.0,Cripps,CRIPPS DIESEL USD,397.328767,580.1
2025-09-07,135.0,Cripps,CRIPPS PETROL USD,236.635135,350.22
2025-09-07,135.0,Cripps,DIESEL LITRES,32.42,32.42
2025-09-07,135.0,Cripps,PETROL LITRES,37.0,37.0
2025-09-07,140.0,Mutare Second Street,MUTARE SECOND USD DIESEL,64.246575,93.8
2025-09-07,140.0,Mutare Second Street,MUTARE SECOND USD PETROL,33.783784,50.0
2025-09-07,140.0,Mutare Second Street,PETROL LITRES,21.13,21.13
2025-09-07,141.0,Troutbeck,TROUTBECK USD DIESEL,70.12,104.3267
2025-09-07,141.0,Troutbeck,TROUTBECK USD PETROL,12.987013,20.0
2025-09-07,144.0,Bessemer,BESSEMER USD DIESEL,28.169014,40.0
2025-09-07,145.0,Sunway City,DIESEL LITRES,20.0,20.0
2025-09-07,145.0,Sunway City,PETROL LITRES,55.3,55.3
2025-09-07,145.0,Sunway City,SUNWAY USD DIESEL,177.826667,262.1247
2025-09-07,145.0,Sunway City,SUNWAY USD PETROL,288.125827,433.5965
2025-09-07,147.0,Chinhoyi Main,CHINHOYI BULK DIESEL USD,550.0,803.0
2025-09-07,147.0,Chinhoyi Main,CHINHOYI MAIN USD DIESEL,148.666667,222.0
2025-09-07,147.0,Chinhoyi Main,CHINHOYI MAIN USD PETROL,57.677632,84.7861
2025-09-07,148.0,Chegutu,CHEGUTU USD DIESEL,40.268456,60.0
2025-09-07,148.0,Chegutu,CHEGUTU USD PETROL,14.953333,21.6823
2025-09-07,149.0,Turnpike,DIESEL LITRES,498.0,498.0
2025-09-07,149.0,Turnpike,TURNPIKE USD DIESEL,155.279999,230.4533
2025-09-07,150.0,Mutare One Stop,MUTARE ONE STOP DIESEL,20.534247,29.98
2025-09-07,150.0,Mutare One Stop,MUTARE ONE STOP PETROL,49.324324,73.0
2025-09-07,157.0,Hatfield,HATFIELD USD DIESEL,31.006711,46.2
2025-09-08,,,,,91135.13
2025-09-08,82.0,,,,298.0
2025-09-08,82.0,Runiville,DIESEL LITRES,150.0,150.0
2025-09-08,82.0,Runiville,PETROL LITRES,370.4,370.4
2025-09-08,82.0,Runiville,RUNIVILLE BULK DIESEL USD,1089.760275,1591.05
2025-09-08,82.0,Runiville,RUNIVILLE USD DIESEL,1977.355704,2917.3693
2025-09-08,82.0,Runiville,RUNIVILLE USD PETROL,1392.065789,2105.213
2025-09-08,84.0,Avondale,AVONDALE USD DIESEL,1512.797298,2227.5765
2025-09-08,84.0,Avondale,AVONDALE USD PETROL,1614.346661,2408.9126
2025-09-08,84.0,Avondale,DIESEL LITRES,618.35,618.35
2025-09-08,84.0,Avondale,PETROL LITRES,295.7,295.7
2025-09-08,86.0,Charter,CHARTER USD DIESEL,312.060812,461.85
2025-09-08,86.0,Charter,CHARTER USD PETROL,466.953333,700.0967
2025-09-08,86.0,Charter,DIESEL LITRES,127.0,127.0
2025-09-08,86.0,Charter,PETROL LITRES,46.07,46.07
2025-09-08,88.0,Seke,DIESEL LITRES,10.0,10.0
2025-09-08,88.0,Seke,PETROL LITRES,71.01,71.01
2025-09-08,88.0,Seke,SEKE USD DIESEL,313.297298,456.3
2025-09-08,88.0,Seke,SEKE USD PETROL,509.313332,760.848
2025-09-08,92.0,Msasa,DIESEL LITRES,1550.35,1550.35
2025-09-08,92.0,Msasa,MSASA BULK DIESEL,674.324324,998.0
2025-09-08,92.0,Msasa,MSASA USD DIESEL,850.555556,1301.35
2025-09-08,92.0,Msasa,MSASA USD PETROL,1044.538955,1608.0056
2025-09-08,92.0,Msasa,PETROL LITRES,239.21,239.21
2025-09-08,96.0,Samora,PETROL LITRES,40.0,40.0
2025-09-08,96.0,Samora,SAMORA USD DIESEL,458.721854,683.2498
2025-09-08,96.0,Samora,SAMORA USD PETROL,541.668873,814.2554
2025-09-08,98.0,Roadport,DIESEL LITRES,781.26,781.26
2025-09-08,98.0,Roadport,PETROL LITRES,222.07,222.07
2025-09-08,98.0,Roadport,ROADPORT USD DIESEL,1399.875002,2122.9218
2025-09-08,98.0,Roadport,ROAPORT USD PETROL,1050.662335,1612.2404
2025-09-08,102.0,Kirkman,DIESEL LITRES,370.0,370.0
2025-09-08,102.0,Kirkman,KIRKMAN USD DIESEL,456.677853,679.1748
2025-09-08,102.0,Kirkman,KIRKMAN USD PETROL,559.993421,849.0847
2025-09-08,102.0,Kirkman,PETROL LITRES,35.0,35.0
2025-09-08,110.0,Mutare Green Market,DIESEL LITRES,100.0,100.0
2025-09-08,110.0,Mutare Green Market,MUTARE GREEN MARKET BULK DIESEL,240.0,340.8
2025-09-08,110.0,Mutare Green Market,MUTARE GREENMARKET USD DIESEL,60.958904,89.0
2025-09-08,110.0,Mutare Green Market,MUTARE GREENMARKET USD PETROL,10.0,14.8
2025-09-08,112.0,Marondera,DIESEL LITRES,20.0,20.0
2025-09-08,112.0,Marondera,MARONDERA USD DIESEL,581.712329,849.3
2025-09-08,112.0,Marondera,MARONDERA USD PETROL,110.219999,165.33
2025-09-08,112.0,Marondera,PETROL LITRES,42.18,42.18
2025-09-08,114.0,Kadoma,KADOMA USD DIESEL,60.0,88.8
2025-09-08,114.0,Kadoma,KADOMA USD PETROL,13.333333,20.0
2025-09-08,121.0,Gweru,DIESEL LITRES,433.41,433.41
2025-09-08,121.0,Gweru,GWERU BULK DIESEL USD,400.0,584.0
2025-09-08,121.0,Gweru,GWERU USD DIESEL,893.162162,1321.88
2025-09-08,121.0,Gweru,GWERU USD PETROL,68.453333,102.68
2025-09-08,123.0,Fife Street,DIESEL LITRES,135.99,135.99
2025-09-08,123.0,Fife Street,FIFE USD DIESEL,150.684932,220.0
2025-09-08,123.0,Fife Street,FIFE USD PETROL,471.78,705.5033
2025-09-08,123.0,Fife Street,PETROL LITRES,30.0,30.0
2025-09-08,125.0,Fort Street,DIESEL LITRES,50.0,50.0
2025-09-08,125.0,Fort Street,FORT USD DIESEL,762.095238,1120.28
2025-09-08,125.0,Fort Street,FORT USD PETROL,157.333333,236.0
2025-09-08,125.0,Fort Street,PETROL LITRES,71.33,71.33
2025-09-08,127.0,Mpopoma,MPOPOMA USD DIESEL,222.285714,321.1118
2025-09-08,127.0,Mpopoma,MPOPOMA USD PETROL,385.606667,568.3548
2025-09-08,129.0,Khami,KHAMI USD DIESEL,1339.829931,1931.75
2025-09-08,129.0,Khami,KHAMI USD PETROL,140.266667,210.4
2025-09-08,131.0,R Mugabe,DIESEL LITRES,36.39,36.39
2025-09-08,131.0,R Mugabe,PETROL LITRES,20.0,20.0
2025-09-08,131.0,R Mugabe,R MUGABE USD DIESEL,231.766666,347.65
2025-09-08,131.0,R Mugabe,R MUGABE USD PETROL,32.894737,50.0
2025-09-08,135.0,Cripps,CRIPPS DIESEL USD,2167.787673,3150.8875
2025-09-08,135.0,Cripps,CRIPPS PETROL USD,1131.398648,1674.47
2025-09-08,135.0,Cripps,DIESEL LITRES,523.84,523.84
2025-09-08,135.0,Cripps,PETROL LITRES,698.38,698.38
2025-09-08,140.0,Mutare Second Street,DIESEL LITRES,123.0,123.0
2025-09-08,140.0,Mutare Second Street,MUTARE SECOND USD DIESEL,116.438355,170.0
2025-09-08,141.0,Troutbeck,PETROL LITRES,30.0,30.0
2025-09-08,141.0,Troutbeck,TROUTBECK USD DIESEL,102.0,147.9
2025-09-08,145.0,Sunway City,DIESEL LITRES,25.0,25.0
2025-09-08,145.0,Sunway City,SUNWAY USD DIESEL,460.000001,690.0
2025-09-08,145.0,Sunway City,SUNWAY USD PETROL,215.543048,324.1303
2025-09-08,146.0,Banket,BANKET BULK DIESEL USD,2300.0,3335.0
2025-09-08,146.0,Banket,BANKET USD DIESEL,53.691275,80.0
2025-09-08,146.0,Banket,BANKET USD PETROL,54.735099,82.65
2025-09-08,146.0,Banket,DIESEL LITRES,76.0,76.0
2025-09-08,147.0,Chinhoyi Main,CHINHOYI BULK DIESEL USD,582.191781,850.0
2025-09-08,147.0,Chinhoyi Main,CHINHOYI MAIN USD DIESEL,260.486666,390.73
2025-09-08,147.0,Chinhoyi Main,CHINHOYI MAIN USD PETROL,40.802632,62.02
2025-09-08,148.0,Chegutu,CHEGUTU USD DIESEL,67.0,99.83
2025-09-08,148.0,Chegutu,CHEGUTU USD PETROL,43.533333,63.1233
2025-09-08,148.0,Chegutu,DIESEL LITRES,452.61,452.61
2025-09-08,149.0,Turnpike,TURNPIKE USD DIESEL,113.6,167.6733
2025-09-08,149.0,Turnpike,TURNPIKE USD PETROL,126.967105,191.8719
2025-09-08,150.0,Mutare One Stop,DIESEL LITRES,60.0,60.0
2025-09-08,150.0,Mutare One Stop,MUTARE ONE STOP DIESEL,180.547945,263.6
2025-09-08,150.0,Mutare One Stop,MUTARE ONE STOP PETROL,26.993243,39.95
2025-09-08,167.0,Munch & Move,MUNCH & MOVE - SALES,120.52,120.52
2025-09-09,,,,,89056.74
2025-09-09,82.0,Runiville,DIESEL LITRES,139.24,139.24
2025-09-09,82.0,Runiville,PETROL LITRES,270.0,270.0
2025-09-09,82.0,Runiville,RUNIVILLE BULK DIESEL USD,933.260274,1362.56
2025-09-09,82.0,Runiville,RUNIVILLE USD DIESEL,1224.375837,1796.2126
2025-09-09,82.0,Runiville,RUNIVILLE USD PETROL,581.81579,878.4952
2025-09-09,84.0,,,,74.7936
2025-09-09,84.0,Avondale,AVONDALE USD DIESEL,1331.168921,1958.5368
2025-09-09,84.0,Avondale,AVONDALE USD PETROL,1659.219995,2475.3372
2025-09-09,84.0,Avondale,DIESEL LITRES,562.09,562.09
2025-09-09,84.0,Avondale,PETROL LITRES,316.39,316.39
2025-09-09,86.0,Charter,CHARTER USD DIESEL,441.702703,653.72
2025-09-09,86.0,Charter,CHARTER USD PETROL,299.553333,448.83
2025-09-09,86.0,Charter,DIESEL LITRES,56.0,56.0
2025-09-09,86.0,Charter,PETROL LITRES,93.62,93.62
2025-09-09,88.0,Seke,DIESEL LITRES,15.0,15.0
2025-09-09,88.0,Seke,SEKE USD DIESEL,77.702702,112.6351
2025-09-09,88.0,Seke,SEKE USD PETROL,168.126666,249.7427
2025-09-09,92.0,Msasa,DIESEL LITRES,2629.27,2629.27
2025-09-09,92.0,Msasa,MSASA BULK DIESEL,885.135135,1310.0
2025-09-09,92.0,Msasa,MSASA USD DIESEL,1077.405228,1641.4979
2025-09-09,92.0,Msasa,MSASA USD PETROL,599.025973,922.5
2025-09-09,92.0,Msasa,PETROL LITRES,225.24,225.24
2025-09-09,96.0,Samora,DIESEL LITRES,100.0,100.0
2025-09-09,96.0,Samora,PETROL LITRES,5.0,5.0
2025-09-09,96.0,Samora,SAMORA USD DIESEL,205.36424,305.8947
2025-09-09,96.0,Samora,SAMORA USD PETROL,555.927154,834.493
2025-09-09,98.0,Roadport,DIESEL LITRES,177.02,177.02
2025-09-09,98.0,Roadport,PETROL LITRES,20.0,20.0
2025-09-09,98.0,Roadport,ROADPORT USD DIESEL,961.157896,1459.96
2025-09-09,98.0,Roadport,ROAPORT USD PETROL,1168.162331,1791.1366
2025-09-09,102.0,Kirkman,DIESEL LITRES,900.0,900.0
2025-09-09,102.0,Kirkman,KIRKMAN USD DIESEL,357.583892,531.8
2025-09-09,102.0,Kirkman,KIRKMAN USD PETROL,244.894736,372.24
2025-09-09,102.0,Kirkman,PETROL LITRES,74.53,74.53
2025-09-09,110.0,Mutare Green Market,MUTARE GREEN MARKET BULK DIESEL,665.0,944.3
2025-09-09,110.0,Mutare Green Market,PETROL LITRES,20.0,20.0
2025-09-09,112.0,Marondera,DIESEL LITRES,10.0,10.0
2025-09-09,112.0,Marondera,MARONDERA USD DIESEL,124.79452,182.2
2025-09-09,112.0,Marondera,MARONDERA USD PETROL,121.926667,181.0067
2025-09-09,114.0,Kadoma,DIESEL LITRES,200.0,200.0
2025-09-09,114.0,Kadoma,KADOMA USD DIESEL,275.135135,407.2
2025-09-09,114.0,Kadoma,KADOMA USD PETROL,48.12,72.18
2025-09-09,121.0,Gweru,DIESEL LITRES,190.0,190.0
2025-09-09,121.0,Gweru,GWERU BULK DIESEL USD,308.219178,450.0
2025-09-09,121.0,Gweru,GWERU USD DIESEL,882.331081,1304.4986
2025-09-09,121.0,Gweru,GWERU USD PETROL,183.0,269.01
2025-09-09,123.0,Fife Street,FIFE USD DIESEL,541.623287,781.4905
2025-09-09,123.0,Fife Street,FIFE USD PETROL,222.133333,329.0887
2025-09-09,125.0,Fort Street,DIESEL LITRES,340.0,340.0
2025-09-09,125.0,Fort Street,FORT USD DIESEL,766.37415,1126.57
2025-09-09,125.0,Fort Street,FORT USD PETROL,123.833333,185.75
2025-09-09,127.0,Mpopoma,MPOPOMA BULK DIESEL USD,965.510345,1399.99
2025-09-09,127.0,Mpopoma,MPOPOMA USD DIESEL,256.197277,372.8016
2025-09-09,127.0,Mpopoma,MPOPOMA USD PETROL,142.566667,210.173
2025-09-09,129.0,Khami,KHAMI USD DIESEL,447.530612,648.9441
2025-09-09,129.0,Khami,KHAMI USD PETROL,71.0,106.5
2025-09-09,131.0,R Mugabe,R MUGABE USD DIESEL,364.306666,546.46
2025-09-09,131.0,R Mugabe,R MUGABE USD PETROL,152.171053,231.3
2025-09-09,135.0,Cripps,CRIPPS BULK DIESEL USD,751.724138,1090.0
2025-09-09,135.0,Cripps,CRIPPS DIESEL USD,1068.890409,1560.58
2025-09-09,135.0,Cripps,CRIPPS PETROL USD,539.756756,798.84
2025-09-09,135.0,Cripps,DIESEL LITRES,40.0,40.0
2025-09-09,135.0,Cripps,PETROL LITRES,62.43,62.43
2025-09-09,140.0,Mutare Second Street,MUTARE SECOND USD DIESEL,205.547945,300.1
2025-09-09,140.0,Mutare Second Street,MUTARE SECOND USD PETROL,54.081081,79.863
2025-09-09,141.0,Troutbeck,TROUTBECK USD DIESEL,90.0,130.5
2025-09-09,144.0,Bessemer,BESSEMER USD PETROL,33.793103,49.0
2025-09-09,145.0,Sunway City,SUNWAY USD DIESEL,292.0,438.0
2025-09-09,145.0,Sunway City,SUNWAY USD PETROL,312.18543,471.4
2025-09-09,146.0,Banket,BANKET BULK DIESEL USD,1120.0,1624.0
2025-09-09,146.0,Banket,BANKET USD DIESEL,130.402685,194.3
2025-09-09,146.0,Banket,BANKET USD PETROL,79.470199,120.0
2025-09-09,147.0,Chinhoyi Main,CHINHOYI BULK DIESEL USD,600.0,876.0
2025-09-09,147.0,Chinhoyi Main,CHINHOYI MAIN USD DIESEL,257.7,386.55
2025-09-09,147.0,Chinhoyi Main,CHINHOYI MAIN USD PETROL,86.039474,130.78
2025-09-09,147.0,Chinhoyi Main,DIESEL LITRES,10.0,10.0
2025-09-09,148.0,Chegutu,CHEGUTU USD DIESEL,30.0,44.7
2025-09-09,149.0,Turnpike,TURNPIKE USD DIESEL,64.293333,96.44
2025-09-09,149.0,Turnpike,TURNPIKE USD PETROL,32.894737,50.0
2025-09-09,150.0,Mutare One Stop,DIESEL LITRES,90.0,90.0
2025-09-09,150.0,Mutare One Stop,MUTARE ONE STOP DIESEL,109.589041,160.0
2025-09-09,150.0,Mutare One Stop,PETROL LITRES,120.0,120.0
2025-09-09,157.0,Hatfield,HATFIELD USD DIESEL,42.95302,64.0
2025-09-09,157.0,Hatfield,HATFIELD USD PETROL,10.067114,15.0
2025-09-09,167.0,Munch & Move,MUNCH & MOVE - SALES,165.69,165.69
2025-09-10,,,,,73300.54
2025-09-10,82.0,Runiville,DIESEL LITRES,137.8,137.8
2025-09-10,82.0,Runiville,PETROL LITRES,175.0,175.0
2025-09-10,82.0,Runiville,RUNIVILLE BULK DIESEL USD,750.0,1095.0
2025-09-10,82.0,Runiville,RUNIVILLE USD DIESEL,1874.550336,2761.3056
2025-09-10,82.0,Runiville,RUNIVILLE USD PETROL,1002.671054,1516.9716
2025-09-10,84.0,Avondale,AVONDALE USD DIESEL,1233.648649,1812.0527
2025-09-10,84.0,Avondale,AVONDALE USD PETROL,1711.493329,2551.9761
2025-09-10,84.0,Avondale,DIESEL LITRES,106.64,106.64
2025-09-10,84.0,Avondale,PETROL LITRES,230.13,230.13
2025-09-10,86.0,Charter,CHARTER USD DIESEL,677.662163,997.8812
2025-09-10,86.0,Charter,CHARTER USD PETROL,329.32,493.98
2025-09-10,86.0,Charter,PETROL LITRES,15.0,15.0
2025-09-10,88.0,Seke,SEKE USD DIESEL,47.243244,69.92
2025-09-10,88.0,Seke,SEKE USD PETROL,65.686666,97.8633
2025-09-10,92.0,Msasa,DIESEL LITRES,1524.46,1524.46
2025-09-10,92.0,Msasa,MSASA BULK DIESEL,218.952703,324.05
2025-09-10,92.0,Msasa,MSASA USD DIESEL,731.183009,1116.1283
2025-09-10,92.0,Msasa,MSASA USD PETROL,524.961035,806.5773
2025-09-10,92.0,Msasa,PETROL LITRES,167.0,167.0
2025-09-10,96.0,Samora,PETROL LITRES,59.47,59.47
2025-09-10,96.0,Samora,SAMORA USD DIESEL,1050.649008,1578.9893
2025-09-10,96.0,Samora,SAMORA USD PETROL,458.092714,689.0737
2025-09-10,98.0,Roadport,DIESEL LITRES,479.0,479.0
2025-09-10,98.0,Roadport,PETROL LITRES,78.0,78.0
2025-09-10,98.0,Roadport,ROADPORT USD DIESEL,1206.440795,1825.8541
2025-09-10,98.0,Roadport,ROAPORT USD PETROL,684.272726,1048.2885
2025-09-10,102.0,Kirkman,DIESEL LITRES,125.0,125.0
2025-09-10,102.0,Kirkman,KIRKMAN USD DIESEL,293.456376,434.3892
2025-09-10,102.0,Kirkman,KIRKMAN USD PETROL,197.55921,299.3032
2025-09-10,102.0,Kirkman,PETROL LITRES,15.0,15.0
2025-09-10,110.0,Mutare Green Market,DIESEL LITRES,57.0,57.0
2025-09-10,110.0,Mutare Green Market,MUTARE GREEN MARKET BULK DIESEL,1263.485916,1794.15
2025-09-10,110.0,Mutare Green Market,MUTARE GREENMARKET USD DIESEL,51.369863,75.0
2025-09-10,110.0,Mutare Green Market,MUTARE GREENMARKET USD PETROL,14.756757,21.84
2025-09-10,112.0,Marondera,DIESEL LITRES,65.0,65.0
2025-09-10,112.0,Marondera,MARONDERA USD DIESEL,378.356164,552.4
2025-09-10,114.0,Kadoma,KADOMA USD DIESEL,46.621621,69.0
2025-09-10,114.0,Kadoma,KADOMA USD PETROL,10.0,14.5
2025-09-10,121.0,Gweru,DIESEL LITRES,150.0,150.0
2025-09-10,121.0,Gweru,GWERU USD DIESEL,54.054054,80.0
2025-09-10,121.0,Gweru,GWERU USD PETROL,131.266666,195.1333
2025-09-10,123.0,Fife Street,DIESEL LITRES,83.0,83.0
2025-09-10,123.0,Fife Street,FIFE USD DIESEL,420.917808,614.54
2025-09-10,123.0,Fife Street,FIFE USD PETROL,522.766666,780.3829
2025-09-10,125.0,Fort Street,FORT USD DIESEL,453.863946,667.18
2025-09-10,125.0,Fort Street,FORT USD PETROL,249.5,374.25
2025-09-10,127.0,Mpopoma,MPOPOMA USD DIESEL,318.081632,458.9375
2025-09-10,127.0,Mpopoma,MPOPOMA USD PETROL,400.06,588.4082
2025-09-10,129.0,Khami,KHAMI USD DIESEL,371.292517,537.1
2025-09-10,129.0,Khami,KHAMI USD PETROL,100.466667,150.7
2025-09-10,131.0,R Mugabe,R MUGABE USD DIESEL,279.793332,418.2233
2025-09-10,131.0,R Mugabe,R MUGABE USD PETROL,266.5,404.2576
2025-09-10,135.0,Cripps,CRIPPS BULK DIESEL USD,220.689655,320.0
2025-09-10,135.0,Cripps,CRIPPS DIESEL USD,2339.684931,3396.0156
2025-09-10,135.0,Cripps,CRIPPS PETROL USD,993.986486,1469.3831
2025-09-10,135.0,Cripps,DIESEL LITRES,403.04,403.04
2025-09-10,135.0,Cripps,PETROL LITRES,120.0,120.0
2025-09-10,140.0,Mutare Second Street,MUTARE SECOND USD DIESEL,145.616438,212.6
2025-09-10,140.0,Mutare Second Street,MUTARE SECOND USD PETROL,25.27027,37.4
2025-09-10,141.0,Troutbeck,DIESEL LITRES,1000.0,1000.0
2025-09-10,144.0,Bessemer,DIESEL LITRES,20.0,20.0
2025-09-10,145.0,Sunway City,PETROL LITRES,16.0,16.0
2025-09-10,145.0,Sunway City,SUNWAY USD DIESEL,179.333333,267.2
2025-09-10,145.0,Sunway City,SUNWAY USD PETROL,140.410596,212.02
2025-09-10,146.0,Banket,BANKET BULK DIESEL USD,841.0,1219.45
2025-09-10,146.0,Banket,BANKET USD DIESEL,37.114094,55.3
2025-09-10,146.0,Banket,BANKET USD PETROL,48.344371,73.0
2025-09-10,146.0,Banket,PETROL LITRES,10.0,10.0
2025-09-10,147.0,Chinhoyi Main,CHINHOYI BULK DIESEL USD,350.0,511.0
2025-09-10,147.0,Chinhoyi Main,CHINHOYI MAIN USD DIESEL,60.0,90.0
2025-09-10,147.0,Chinhoyi Main,CHINHOYI MAIN USD PETROL,49.868421,75.8
2025-09-10,148.0,Chegutu,CHEGUTU USD DIESEL,55.704698,81.9933
2025-09-10,148.0,Chegutu,DIESEL LITRES,310.0,310.0
2025-09-10,149.0,Turnpike,DIESEL LITRES,568.44,568.44
2025-09-10,149.0,Turnpike,PETROL LITRES,22.0,22.0
2025-09-10,149.0,Turnpike,TURNPIKE USD DIESEL,89.16,133.74
2025-09-10,149.0,Turnpike,TURNPIKE USD PETROL,26.315789,40.0
2025-09-10,150.0,Mutare One Stop,MUTARE ONE STOP DIESEL,320.547945,468.0
2025-09-10,150.0,Mutare One Stop,MUTARE ONE STOP PETROL,66.216216,98.0
2025-09-10,157.0,Hatfield,HATFIELD USD PETROL,26.174497,39.0
2025-09-10,167.0,Munch & Move,MUNCH & MOVE - SALES,94.8,94.8
2025-09-11,,,,,64989.58
2025-09-11,82.0,Runiville,DIESEL LITRES,234.28,234.28
2025-09-11,82.0,Runiville,PETROL LITRES,200.0,200.0
2025-09-11,82.0,Runiville,RUN-RUBIA SX SAE40 500ML,1.0,3.0
2025-09-11,82.0,Runiville,RUNIVILLE BULK DIESEL USD,565.431507,825.53
2025-09-11,82.0,Runiville,RUNIVILLE USD DIESEL,1036.187921,1536.8385
2025-09-11,82.0,Runiville,RUNIVILLE USD PETROL,1120.263158,1698.2
2025-09-11,84.0,Avondale,AVONDALE USD DIESEL,1233.966215,1822.182
2025-09-11,84.0,Avondale,AVONDALE USD PETROL,1335.833328,1995.1509
2025-09-11,84.0,Avondale,DIESEL LITRES,439.28,439.28
2025-09-11,84.0,Avondale,PETROL LITRES,243.16,243.16
2025-09-11,86.0,Charter,CHARTER USD DIESEL,518.594594,765.52
2025-09-11,86.0,Charter,CHARTER USD PETROL,228.759999,343.14
2025-09-11,86.0,Charter,DIESEL LITRES,219.24,219.24
2025-09-11,86.0,Charter,PETROL LITRES,30.0,30.0
2025-09-11,88.0,Seke,SEKE USD DIESEL,284.675677,414.7846
2025-09-11,88.0,Seke,SEKE USD PETROL,133.933334,199.88
2025-09-11,92.0,,,,171.7
2025-09-11,92.0,Msasa,DIESEL LITRES,1041.85,1041.85
2025-09-11,92.0,Msasa,MSASA BULK DIESEL,647.385135,958.13
2025-09-11,92.0,Msasa,MSASA USD DIESEL,996.875819,1520.687
2025-09-11,92.0,Msasa,MSASA USD PETROL,462.136363,711.69
2025-09-11,92.0,Msasa,PETROL LITRES,138.25,138.25
2025-09-11,96.0,Samora,PETROL LITRES,54.54,54.54
2025-09-11,96.0,Samora,SAMORA USD DIESEL,439.655629,662.2243
2025-09-11,96.0,Samora,SAMORA USD PETROL,314.337747,474.65
2025-09-11,98.0,Roadport,DIESEL LITRES,243.56,243.56
2025-09-11,98.0,Roadport,PETROL LITRES,70.0,70.0
2025-09-11,98.0,Roadport,ROADPORT USD DIESEL,1175.763161,1785.0219
2025-09-11,98.0,Roadport,ROADPORT USD DIESEL BUS,220.006757,325.61
2025-09-11,98.0,Roadport,ROAPORT USD PETROL,683.954543,1051.5111
2025-09-11,102.0,Kirkman,DIESEL LITRES,219.0,219.0
2025-09-11,102.0,Kirkman,KIRKMAN USD DIESEL,212.080538,310.7651
2025-09-11,102.0,Kirkman,KIRKMAN USD PETROL,176.921052,265.4196
2025-09-11,110.0,Mutare Green Market,DIESEL LITRES,100.0,100.0
2025-09-11,110.0,Mutare Green Market,MUTARE GREENMARKET USD DIESEL,120.547945,176.0
2025-09-11,112.0,Marondera,DIESEL LITRES,100.0,100.0
2025-09-11,112.0,Marondera,MARONDERA USD DIESEL,464.041096,677.5
2025-09-11,112.0,Marondera,PETROL LITRES,74.91,74.91
2025-09-11,114.0,Kadoma,KADOMA USD DIESEL,138.243243,204.6
2025-09-11,121.0,Gweru,DIESEL LITRES,660.0,660.0
2025-09-11,121.0,Gweru,GWERU BULK DIESEL USD,400.0,584.0
2025-09-11,121.0,Gweru,GWERU USD DIESEL,690.506758,1021.95
2025-09-11,121.0,Gweru,GWERU USD PETROL,342.706667,507.1
2025-09-11,123.0,Fife Street,FIFE USD DIESEL,794.431506,1153.3714
2025-09-11,123.0,Fife Street,FIFE USD PETROL,516.973333,775.46
2025-09-11,125.0,Fort Street,FORT USD DIESEL,830.632653,1217.0844
2025-09-11,125.0,Fort Street,FORT USD PETROL,279.266666,418.9
2025-09-11,127.0,Mpopoma,MPOPOMA USD DIESEL,257.877551,374.41
2025-09-11,127.0,Mpopoma,MPOPOMA USD PETROL,465.54,686.92
2025-09-11,129.0,Khami,KHAMI USD DIESEL,388.013605,560.96
2025-09-11,129.0,Khami,KHAMI USD PETROL,52.4,78.6
2025-09-11,131.0,R Mugabe,PETROL LITRES,20.0,20.0
2025-09-11,131.0,R Mugabe,R MUGABE USD DIESEL,126.666666,190.0
2025-09-11,131.0,R Mugabe,R MUGABE USD PETROL,213.585526,324.65
2025-09-11,135.0,Cripps,CRIPPS DIESEL USD,2121.184931,3085.3114
2025-09-11,135.0,Cripps,CRIPPS PETROL USD,430.891894,637.72
2025-09-11,135.0,Cripps,DIESEL LITRES,8.23,8.23
2025-09-11,135.0,Cripps,PETROL LITRES,199.58,199.58
2025-09-11,140.0,Mutare Second Street,MUTARE SECOND USD DIESEL,136.986302,200.0
2025-09-11,141.0,Troutbeck,DIESEL LITRES,200.0,200.0
2025-09-11,141.0,Troutbeck,PETROL LITRES,120.0,120.0
2025-09-11,141.0,Troutbeck,TROUTBECK USD DIESEL,23.64,34.278
2025-09-11,144.0,Bessemer,BESSEMER USD DIESEL,56.338028,80.0
2025-09-11,145.0,Sunway City,DIESEL LITRES,715.47,715.47
2025-09-11,145.0,Sunway City,SUNWAY USD DIESEL,290.666666,436.0
2025-09-11,145.0,Sunway City,SUNWAY USD PETROL,73.509933,111.0
2025-09-11,146.0,Banket,BANKET BULK DIESEL USD,3680.0,5336.0
2025-09-11,146.0,Banket,BANKET USD DIESEL,156.275168,232.85
2025-09-11,146.0,Banket,DIESEL LITRES,45.0,45.0
2025-09-11,147.0,Chinhoyi Main,CHINHOYI BULK DIESEL USD,900.0,1314.0
2025-09-11,147.0,Chinhoyi Main,CHINHOYI MAIN USD DIESEL,266.666666,400.0
2025-09-11,147.0,Chinhoyi Main,CHINHOYI MAIN USD PETROL,71.447368,108.6
2025-09-11,147.0,Chinhoyi Main,DIESEL LITRES,50.0,50.0
2025-09-11,148.0,Chegutu,CHEGUTU USD DIESEL,53.557047,79.8
2025-09-11,148.0,Chegutu,CHEGUTU USD PETROL,29.0,43.5
2025-09-11,148.0,Chegutu,DIESEL LITRES,40.0,40.0
2025-09-11,149.0,Turnpike,DIESEL LITRES,400.0,400.0
2025-09-11,149.0,Turnpike,TURNPIKE USD DIESEL,201.333334,300.86
2025-09-11,149.0,Turnpike,TURNPIKE USD PETROL,151.447369,230.2
2025-09-11,150.0,Mutare One Stop,DIESEL LITRES,228.0,228.0
2025-09-11,150.0,Mutare One Stop,MUTARE ONE STOP DIESEL,30.0,43.8
2025-09-11,157.0,Hatfield,HATFIELD USD PETROL,12.080537,18.0
2025-09-11,167.0,Munch & Move,MUNCH & MOVE - SALES,14.4,14.4
2025-09-12,,,,,81289.85
2025-09-12,82.0,Runiville,DIESEL LITRES,231.68,231.68
2025-09-12,82.0,Runiville,PETROL LITRES,411.22,411.22
2025-09-12,82.0,Runiville,RUNIVILLE BULK DIESEL USD,365.705479,533.93
2025-09-12,82.0,Runiville,RUNIVILLE USD DIESEL,1487.24161,2189.2786
2025-09-12,82.0,Runiville,RUNIVILLE USD PETROL,817.730265,1240.7513
2025-09-12,84.0,Avondale,AVONDALE USD DIESEL,1459.054055,2142.3477
2025-09-12,84.0,Avondale,AVONDALE USD PETROL,1100.239999,1637.1043
2025-09-12,84.0,Avondale,DIESEL LITRES,464.18,464.18
2025-09-12,84.0,Avondale,PETROL LITRES,292.73,292.73
2025-09-12,86.0,Charter,CHARTER USD DIESEL,966.040539,1426.8751
2025-09-12,86.0,Charter,CHARTER USD PETROL,458.493334,681.0733
2025-09-12,86.0,Charter,DIESEL LITRES,190.22,190.22
2025-09-12,86.0,Charter,PETROL LITRES,105.0,105.0
2025-09-12,88.0,Seke,PETROL LITRES,20.0,20.0
2025-09-12,88.0,Seke,SEKE USD DIESEL,385.783784,565.6297
2025-09-12,88.0,Seke,SEKE USD PETROL,175.740002,259.8204
2025-09-12,92.0,,,,179.1
2025-09-12,92.0,Msasa,DIESEL LITRES,1174.74,1174.74
2025-09-12,92.0,Msasa,MSASA BULK DIESEL,571.013514,845.1
2025-09-12,92.0,Msasa,MSASA USD DIESEL,1373.071895,2099.166
2025-09-12,92.0,Msasa,MSASA USD PETROL,412.662335,635.5
2025-09-12,92.0,Msasa,PETROL LITRES,520.32,520.32
2025-09-12,96.0,Samora,PETROL LITRES,25.0,25.0
2025-09-12,96.0,Samora,SAMORA USD DIESEL,280.695365,422.8566
2025-09-12,96.0,Samora,SAMORA USD PETROL,834.317881,1251.005
2025-09-12,98.0,Roadport,DIESEL LITRES,447.1,447.1
2025-09-12,98.0,Roadport,PETROL LITRES,93.0,93.0
2025-09-12,98.0,Roadport,ROADPORT USD DIESEL,1103.947373,1677.5
2025-09-12,98.0,Roadport,ROAPORT USD PETROL,567.07143,873.29
2025-09-12,102.0,Kirkman,DIESEL LITRES,405.0,405.0
2025-09-12,102.0,Kirkman,KIRKMAN USD DIESEL,174.228187,259.6
2025-09-12,102.0,Kirkman,KIRKMAN USD PETROL,140.789474,214.0
2025-09-12,102.0,Kirkman,PETROL LITRES,35.0,35.0
2025-09-12,110.0,Mutare Green Market,MUTARE GREENMARKET USD DIESEL,130.0,189.8
2025-09-12,110.0,Mutare Green Market,MUTARE GREENMARKET USD PETROL,37.027027,54.8
2025-09-12,112.0,Marondera,MARONDERA USD DIESEL,182.258503,266.3091
2025-09-12,112.0,Marondera,MARONDERA USD PETROL,44.543046,66.0728
2025-09-12,114.0,Kadoma,KADOMA USD DIESEL,20.006757,29.61
2025-09-12,114.0,Kadoma,KADOMA USD PETROL,76.466667,113.27
2025-09-12,121.0,Gweru,DIESEL LITRES,44.0,44.0
2025-09-12,121.0,Gweru,GWERU BULK DIESEL USD,952.054794,1390.0
2025-09-12,121.0,Gweru,GWERU USD DIESEL,537.148649,793.75
2025-09-12,121.0,Gweru,GWERU USD PETROL,181.5,269.0567
2025-09-12,123.0,Fife Street,DIESEL LITRES,318.94,318.94
2025-09-12,123.0,Fife Street,FIFE USD DIESEL,902.808219,1306.835
2025-09-12,123.0,Fife Street,FIFE USD PETROL,361.706666,541.106
2025-09-12,123.0,Fife Street,PETROL LITRES,121.52,121.52
2025-09-12,125.0,Fort Street,FORT USD DIESEL,665.435373,978.19
2025-09-12,125.0,Fort Street,FORT USD PETROL,168.999999,253.5
2025-09-12,127.0,Mpopoma,MPOPOMA USD DIESEL,86.496599,125.1551
2025-09-12,127.0,Mpopoma,MPOPOMA USD PETROL,261.893333,385.2632
2025-09-12,129.0,Khami,KHAMI USD DIESEL,302.510204,440.79
2025-09-12,129.0,Khami,KHAMI USD PETROL,121.666667,182.5
2025-09-12,131.0,R Mugabe,R MUGABE USD DIESEL,644.773332,964.0933
2025-09-12,131.0,R Mugabe,R MUGABE USD PETROL,100.000001,152.0
2025-09-12,135.0,Cripps,CRIPPS DIESEL USD,779.684931,1138.34
2025-09-12,135.0,Cripps,CRIPPS PETROL USD,1032.432431,1527.3243
2025-09-12,135.0,Cripps,DIESEL LITRES,335.0,335.0
2025-09-12,135.0,Cripps,PETROL LITRES,724.87,724.87
2025-09-12,140.0,Mutare Second Street,MUTARE SECOND USD DIESEL,58.219178,85.0
2025-09-12,140.0,Mutare Second Street,PETROL LITRES,200.0,200.0
2025-09-12,141.0,Troutbeck,TROUTBECK USD DIESEL,139.0,203.55
2025-09-12,141.0,Troutbeck,TROUTBECK USD PETROL,33.0,49.67
2025-09-12,144.0,Bessemer,BESSEMER USD DIESEL,47.887324,68.0
2025-09-12,144.0,Bessemer,BESSEMER USD PETROL,21.37931,31.0
2025-09-12,145.0,Sunway City,SUNWAY USD DIESEL,733.82,1100.73
2025-09-12,145.0,Sunway City,SUNWAY USD PETROL,93.377483,141.0
2025-09-12,146.0,Banket,BANKET BULK DIESEL USD,400.0,584.0
2025-09-12,146.0,Banket,BANKET USD DIESEL,179.194631,267.0
2025-09-12,146.0,Banket,DIESEL LITRES,387.0,387.0
2025-09-12,146.0,Banket,PETROL LITRES,10.0,10.0
2025-09-12,147.0,Chinhoyi Main,CHINHOYI BULK DIESEL USD,575.753425,840.6
2025-09-12,147.0,Chinhoyi Main,CHINHOYI MAIN USD DIESEL,49.666667,74.5
2025-09-12,147.0,Chinhoyi Main,CHINHOYI MAIN USD PETROL,76.305211,116.18
2025-09-12,148.0,Chegutu,CHEGUTU BULK DIESEL USD,123.959184,182.22
2025-09-12,148.0,Chegutu,CHEGUTU USD DIESEL,57.583893,83.9208
2025-09-12,148.0,Chegutu,CHEGUTU USD PETROL,54.258278,81.93
2025-09-12,148.0,Chegutu,DIESEL LITRES,63.0,63.0
2025-09-12,149.0,,,,20.0
2025-09-12,149.0,Turnpike,DIESEL LITRES,420.0,420.0
2025-09-12,149.0,Turnpike,TURNPIKE USD DIESEL,80.0,117.5
2025-09-12,150.0,Mutare One Stop,DIESEL LITRES,20.0,20.0
2025-09-12,150.0,Mutare One Stop,MUTARE ONE STOP DIESEL,410.712329,599.64
2025-09-12,150.0,Mutare One Stop,MUTARE ONE STOP PETROL,56.432433,83.52
2025-09-12,157.0,Hatfield,HATFIELD USD PETROL,6.711409,10.0
2025-09-12,167.0,Munch & Move,MUNCH & MOVE - SALES,225.2,225.2
2025-09-13,,,,,19789.0
2025-09-13,82.0,Runiville,DIESEL LITRES,76.68,76.68
2025-09-13,82.0,Runiville,RUNIVILLE BULK DIESEL USD,627.150685,915.64
2025-09-13,82.0,Runiville,RUNIVILLE USD DIESEL,534.979865,786.3425
2025-09-13,82.0,Runiville,RUNIVILLE USD PETROL,395.361843,596.4916
2025-09-13,84.0,Avondale,AVONDALE USD DIESEL,801.871622,1180.1308
2025-09-13,84.0,Avondale,AVONDALE USD PETROL,857.519997,1284.193
2025-09-13,84.0,Avondale,DIESEL LITRES,187.75,187.75
2025-09-13,84.0,Avondale,PETROL LITRES,175.37,175.37
2025-09-13,86.0,Charter,CHARTER USD DIESEL,62.027027,90.05
2025-09-13,86.0,Charter,CHARTER USD PETROL,149.913332,224.87
2025-09-13,86.0,Charter,DIESEL LITRES,33.86,33.86
2025-09-13,88.0,Seke,DIESEL LITRES,20.0,20.0
2025-09-13,88.0,Seke,SEKE USD DIESEL,47.297297,67.6351
2025-09-13,88.0,Seke,SEKE USD PETROL,84.0,123.8
2025-09-13,92.0,Msasa,DIESEL LITRES,340.0,340.0
2025-09-13,92.0,Msasa,MSASA BULK DIESEL,135.135135,200.0
2025-09-13,92.0,Msasa,MSASA USD DIESEL,286.215687,436.4394
2025-09-13,92.0,Msasa,MSASA USD PETROL,307.383116,473.37
2025-09-13,92.0,Msasa,PETROL LITRES,448.19,448.19
2025-09-13,96.0,Samora,DIESEL LITRES,70.0,70.0
2025-09-13,96.0,Samora,PETROL LITRES,7.0,7.0
2025-09-13,96.0,Samora,SAMORA USD DIESEL,263.496689,395.2274
2025-09-13,96.0,Samora,SAMORA USD PETROL,357.344371,536.2772
2025-09-13,98.0,Roadport,DIESEL LITRES,63.31,63.31
2025-09-13,98.0,Roadport,PETROL LITRES,111.06,111.06
2025-09-13,98.0,Roadport,ROADPORT USD DIESEL,901.723685,1364.9628
2025-09-13,98.0,Roadport,ROAPORT USD PETROL,494.616882,760.21
2025-09-13,102.0,Kirkman,KIRKMAN USD DIESEL,327.093961,477.9093
2025-09-13,102.0,Kirkman,KIRKMAN USD PETROL,375.368421,569.0535
2025-09-13,102.0,Kirkman,PETROL LITRES,87.4,87.4
2025-09-13,110.0,Mutare Green Market,DIESEL LITRES,140.0,140.0
2025-09-13,110.0,Mutare Green Market,MUTARE GREEN MARKET BULK DIESEL,140.84507,200.0
2025-09-13,110.0,Mutare Green Market,MUTARE GREENMARKET USD DIESEL,40.993151,59.85
2025-09-13,110.0,Mutare Green Market,MUTARE GREENMARKET USD PETROL,20.0,29.6
2025-09-13,112.0,Marondera,DIESEL LITRES,143.0,143.0
2025-09-13,112.0,Marondera,MARONDERA USD DIESEL,111.537415,162.459
2025-09-13,112.0,Marondera,MARONDERA USD PETROL,26.490066,40.0
2025-09-13,114.0,Kadoma,KADOMA USD DIESEL,25.0,37.0
2025-09-13,121.0,Gweru,DIESEL LITRES,100.0,100.0
2025-09-13,121.0,Gweru,GWERU BULK DIESEL USD,308.219178,450.0
2025-09-13,121.0,Gweru,GWERU USD DIESEL,363.574325,535.8941
2025-09-13,121.0,Gweru,GWERU USD PETROL,250.0,367.5
2025-09-13,123.0,Fife Street,DIESEL LITRES,60.59,60.59
2025-09-13,123.0,Fife Street,FIFE USD DIESEL,494.739725,720.2447
2025-09-13,123.0,Fife Street,FIFE USD PETROL,375.886666,560.8563
2025-09-13,123.0,Fife Street,PETROL LITRES,20.0,20.0
2025-09-13,125.0,Fort Street,DIESEL LITRES,20.0,20.0
2025-09-13,125.0,Fort Street,FORT USD DIESEL,708.993197,1042.22
2025-09-13,125.0,Fort Street,FORT USD PETROL,71.133333,106.7
2025-09-13,127.0,Mpopoma,MPOPOMA BULK DIESEL USD,650.0,942.5
2025-09-13,127.0,Mpopoma,MPOPOMA USD DIESEL,529.040817,761.8188
2025-09-13,127.0,Mpopoma,MPOPOMA USD PETROL,448.653334,660.9044
2025-09-13,129.0,Khami,KHAMI USD DIESEL,264.020408,382.5894
2025-09-13,129.0,Khami,KHAMI USD PETROL,46.666667,70.0
2025-09-13,131.0,R Mugabe,R MUGABE USD DIESEL,38.066667,55.1967
2025-09-13,131.0,R Mugabe,R MUGABE USD PETROL,82.967106,126.11
2025-09-13,135.0,Cripps,CRIPPS DIESEL USD,389.739726,569.02
2025-09-13,135.0,Cripps,CRIPPS PETROL USD,707.554055,1040.081
2025-09-13,135.0,Cripps,DIESEL LITRES,260.0,260.0
2025-09-13,135.0,Cripps,PETROL LITRES,68.0,68.0
2025-09-13,144.0,Bessemer,BESSEMER USD DIESEL,22.535211,32.0
2025-09-13,145.0,Sunway City,PETROL LITRES,67.17,67.17
2025-09-13,145.0,Sunway City,SUNWAY USD DIESEL,201.0,301.5
2025-09-13,145.0,Sunway City,SUNWAY USD PETROL,127.456953,192.46
2025-09-13,146.0,Banket,BANKET BULK DIESEL USD,2919.863014,4263.0
2025-09-13,146.0,Banket,BANKET USD DIESEL,37.114094,55.3
2025-09-13,147.0,Chinhoyi Main,CHINHOYI MAIN USD DIESEL,123.333333,185.0
2025-09-13,147.0,Chinhoyi Main,CHINHOYI MAIN USD PETROL,58.823529,90.0
2025-09-13,147.0,Chinhoyi Main,DIESEL LITRES,77.29,77.29
2025-09-13,148.0,Chegutu,CHEGUTU USD DIESEL,20.0,29.8
2025-09-13,148.0,Chegutu,CHEGUTU USD PETROL,29.523179,44.58
2025-09-13,148.0,Chegutu,PETROL LITRES,15.0,15.0
2025-09-13,149.0,Turnpike,DIESEL LITRES,200.0,200.0
2025-09-13,149.0,Turnpike,TURNPIKE USD DIESEL,230.813333,341.72
2025-09-13,149.0,Turnpike,TURNPIKE USD PETROL,51.315789,77.6711
2025-09-13,150.0,Mutare One Stop,MUTARE ONE STOP DIESEL,156.849315,229.0
2025-09-13,150.0,Mutare One Stop,PETROL LITRES,15.0,15.0
2025-09-13,167.0,Munch & Move,MUNCH & MOVE - SALES,2.0,2.0
2025-09-13,170.0,Turnpike M&M,MUNCH & MOVE -TURNPIKE  - SALES,20.8,20.8
2025-09-14,,,,,10675.0
2025-09-14,82.0,Runiville,DIESEL LITRES,42.22,42.22
2025-09-14,82.0,Runiville,RUNIVILLE BULK DIESEL USD,503.972603,735.8
2025-09-14,82.0,Runiville,RUNIVILLE USD DIESEL,442.771812,654.9068
2025-09-14,82.0,Runiville,RUNIVILLE USD PETROL,272.532895,414.25
2025-09-14,84.0,Avondale,AVONDALE USD DIESEL,1317.35135,1947.653
2025-09-14,84.0,Avondale,AVONDALE USD PETROL,1023.139998,1525.1977
2025-09-14,84.0,Avondale,DIESEL LITRES,849.29,849.29
2025-09-14,84.0,Avondale,PETROL LITRES,102.4,102.4
2025-09-14,86.0,Charter,CHARTER USD DIESEL,32.162162,47.6
2025-09-14,86.0,Charter,CHARTER USD PETROL,189.093333,280.14
2025-09-14,86.0,Charter,DIESEL LITRES,253.0,253.0
2025-09-14,88.0,Seke,PETROL LITRES,60.0,60.0
2025-09-14,88.0,Seke,SEKE USD DIESEL,39.72973,57.3135
2025-09-14,88.0,Seke,SEKE USD PETROL,168.666666,253.0
2025-09-14,92.0,Msasa,DIESEL LITRES,297.4,297.4
2025-09-14,92.0,Msasa,MSASA USD DIESEL,297.065359,451.6015
2025-09-14,92.0,Msasa,MSASA USD PETROL,278.62987,429.09
2025-09-14,92.0,Msasa,PETROL LITRES,128.0,128.0
2025-09-14,96.0,Samora,PETROL LITRES,55.0,55.0
2025-09-14,96.0,Samora,SAMORA USD DIESEL,160.165563,241.85
2025-09-14,96.0,Samora,SAMORA USD PETROL,502.377486,757.2655
2025-09-14,98.0,Roadport,DIESEL LITRES,95.0,95.0
2025-09-14,98.0,Roadport,PETROL LITRES,140.0,140.0
2025-09-14,98.0,Roadport,ROADPORT USD DIESEL,610.197369,922.2368
2025-09-14,98.0,Roadport,ROAPORT USD PETROL,223.14935,339.6289
2025-09-14,102.0,Kirkman,DIESEL LITRES,129.0,129.0
2025-09-14,102.0,Kirkman,KIRKMAN USD DIESEL,172.563758,253.814
2025-09-14,102.0,Kirkman,KIRKMAN USD PETROL,281.427631,426.7832
2025-09-14,102.0,Kirkman,PETROL LITRES,52.38,52.38
2025-09-14,110.0,Mutare Green Market,DIESEL LITRES,100.0,100.0
2025-09-14,110.0,Mutare Green Market,PETROL LITRES,16.0,16.0
2025-09-14,112.0,Marondera,DIESEL LITRES,30.0,30.0
2025-09-14,112.0,Marondera,MARONDERA USD DIESEL,134.857143,197.2196
2025-09-14,112.0,Marondera,MARONDERA USD PETROL,15.410596,22.4995
2025-09-14,112.0,Marondera,PETROL LITRES,20.0,20.0
2025-09-14,114.0,Kadoma,KADOMA USD DIESEL,40.540541,60.0
2025-09-14,114.0,Kadoma,KADOMA USD PETROL,42.666667,64.0
2025-09-14,121.0,Gweru,DIESEL LITRES,237.0,237.0
2025-09-14,121.0,Gweru,GWERU BULK DIESEL USD,643.835616,940.0
2025-09-14,121.0,Gweru,GWERU USD DIESEL,147.297297,218.0
2025-09-14,121.0,Gweru,GWERU USD PETROL,174.533333,260.06
2025-09-14,123.0,Fife Street,FIFE USD DIESEL,408.726027,596.74
2025-09-14,123.0,Fife Street,FIFE USD PETROL,150.333334,223.551
2025-09-14,123.0,Fife Street,PETROL LITRES,5.0,5.0
2025-09-14,125.0,Fort Street,DIESEL LITRES,185.0,185.0
2025-09-14,125.0,Fort Street,FORT USD DIESEL,190.47619,280.0
2025-09-14,125.0,Fort Street,FORT USD PETROL,43.333333,65.0
2025-09-14,127.0,Mpopoma,MPOPOMA USD DIESEL,478.374149,690.671
2025-09-14,127.0,Mpopoma,MPOPOMA USD PETROL,314.206667,461.9968
2025-09-14,129.0,Khami,KHAMI USD PETROL,67.133334,100.7
2025-09-14,131.0,R Mugabe,DIESEL LITRES,49.97,49.97
2025-09-14,131.0,R Mugabe,R MUGABE USD DIESEL,67.46,101.19
2025-09-14,131.0,R Mugabe,R MUGABE USD PETROL,121.125,184.11
2025-09-14,135.0,Cripps,CRIPPS DIESEL USD,278.630137,405.3
2025-09-14,135.0,Cripps,CRIPPS PETROL USD,252.364865,369.0763
2025-09-14,135.0,Cripps,DIESEL LITRES,160.58,160.58
2025-09-14,135.0,Cripps,PETROL LITRES,20.0,20.0
2025-09-14,140.0,Mutare Second Street,MUTARE SECOND USD DIESEL,128.0,186.88
2025-09-14,141.0,Troutbeck,TROUTBECK USD DIESEL,42.0,60.9
2025-09-14,145.0,Sunway City,DIESEL LITRES,40.0,40.0
2025-09-14,145.0,Sunway City,SUNWAY USD DIESEL,304.033334,456.05
2025-09-14,145.0,Sunway City,SUNWAY USD PETROL,49.86755,75.3
2025-09-14,147.0,Chinhoyi Main,CHINHOYI MAIN USD DIESEL,124.333333,186.0
2025-09-14,147.0,Chinhoyi Main,CHINHOYI MAIN USD PETROL,75.013072,114.77
2025-09-14,147.0,Chinhoyi Main,DIESEL LITRES,220.0,220.0
2025-09-14,148.0,Chegutu,CHEGUTU BULK DIESEL USD,150.0,220.5
2025-09-14,149.0,Turnpike,DIESEL LITRES,434.67,434.67
2025-09-14,149.0,Turnpike,TURNPIKE USD DIESEL,120.0,178.4667
2025-09-14,149.0,Turnpike,TURNPIKE USD PETROL,23.68421,35.6382
2025-09-14,150.0,Mutare One Stop,MUTARE ONE STOP DIESEL,80.136986,117.0
2025-09-14,157.0,Hatfield,HATFIELD USD DIESEL,33.557047,50.0
2025-09-14,157.0,Hatfield,HATFIELD USD PETROL,20.134228,30.0
2025-09-14,167.0,Munch & Move,MUNCH & MOVE - SALES,24.7,24.7
2025-09-15,,,,,192500.03
2025-09-15,82.0,Runiville,DIESEL LITRES,145.56,145.56
2025-09-15,82.0,Runiville,PETROL LITRES,239.0,239.0
2025-09-15,82.0,Runiville,RUNIVILLE BULK DIESEL USD,1501.547945,2192.26
2025-09-15,82.0,Runiville,RUNIVILLE USD DIESEL,1069.516779,1583.6604
2025-09-15,82.0,Runiville,RUNIVILLE USD PETROL,1254.736839,1906.2132
2025-09-15,84.0,Avondale,AVONDALE USD DIESEL,2156.101352,3178.2515
2025-09-15,84.0,Avondale,AVONDALE USD PETROL,1566.153332,2331.2783
2025-09-15,84.0,Avondale,DIESEL LITRES,47.96,47.96
2025-09-15,84.0,Avondale,PETROL LITRES,152.88,152.88
2025-09-15,86.0,Charter,CHARTER USD DIESEL,662.554054,978.0107
2025-09-15,86.0,Charter,CHARTER USD PETROL,305.746667,458.62
2025-09-15,86.0,Charter,DIESEL LITRES,88.94,88.94
2025-09-15,86.0,Charter,PETROL LITRES,52.21,52.21
2025-09-15,88.0,Seke,PETROL LITRES,20.0,20.0
2025-09-15,88.0,Seke,SEKE USD DIESEL,67.743244,100.26
2025-09-15,88.0,Seke,SEKE USD PETROL,459.38,676.5367
2025-09-15,92.0,Msasa,DIESEL LITRES,641.82,641.82
2025-09-15,92.0,Msasa,MSASA BULK DIESEL,522.77027,773.7
2025-09-15,92.0,Msasa,MSASA USD DIESEL,1092.882354,1669.6473
2025-09-15,92.0,Msasa,MSASA USD PETROL,996.422075,1532.866
2025-09-15,92.0,Msasa,PETROL LITRES,445.33,445.33
2025-09-15,96.0,,,,66.2
2025-09-15,96.0,Samora,DIESEL LITRES,10.0,10.0
2025-09-15,96.0,Samora,PETROL LITRES,55.0,55.0
2025-09-15,96.0,Samora,SAMORA USD DIESEL,354.662252,532.7705
2025-09-15,96.0,Samora,SAMORA USD PETROL,849.046359,1274.872
2025-09-15,98.0,Roadport,DIESEL LITRES,898.26,898.26
2025-09-15,98.0,Roadport,PETROL LITRES,237.37,237.37
2025-09-15,98.0,Roadport,ROADPORT USD DIESEL,831.664474,1263.0774
2025-09-15,98.0,Roadport,ROADPORT USD DIESEL BUS,200.0,296.0
2025-09-15,98.0,Roadport,ROAPORT USD PETROL,776.655843,1196.05
2025-09-15,102.0,Kirkman,DIESEL LITRES,873.7,873.7
2025-09-15,102.0,Kirkman,KIRKMAN USD DIESEL,605.805368,900.7087
2025-09-15,102.0,Kirkman,KIRKMAN USD PETROL,385.861841,583.3748
2025-09-15,102.0,Kirkman,PETROL LITRES,42.6,42.6
2025-09-15,112.0,Marondera,DIESEL LITRES,129.0,129.0
2025-09-15,112.0,Marondera,MARONDERA USD DIESEL,551.816327,811.17
2025-09-15,112.0,Marondera,MARONDERA USD PETROL,25.165563,37.106
2025-09-15,112.0,Marondera,PETROL LITRES,35.81,35.81
2025-09-15,114.0,Kadoma,DIESEL LITRES,100.0,100.0
2025-09-15,114.0,Kadoma,KADOMA USD BULK DIESEL ,100.0,145.0
2025-09-15,114.0,Kadoma,KADOMA USD DIESEL,150.675676,223.0
2025-09-15,114.0,Kadoma,KADOMA USD PETROL,13.333333,20.0
2025-09-15,121.0,Gweru,DIESEL LITRES,80.0,80.0
2025-09-15,121.0,Gweru,GWERU BULK DIESEL USD,400.0,584.0
2025-09-15,121.0,Gweru,GWERU USD DIESEL,219.243243,324.48
2025-09-15,121.0,Gweru,GWERU USD PETROL,25.0,37.5
2025-09-15,121.0,Gweru,PETROL LITRES,15.0,15.0
2025-09-15,123.0,,,,100.0
2025-09-15,123.0,Fife Street,DIESEL LITRES,124.74,124.74
2025-09-15,123.0,Fife Street,FIFE USD DIESEL,583.554796,851.99
2025-09-15,123.0,Fife Street,FIFE USD PETROL,429.086665,642.0483
2025-09-15,123.0,Fife Street,PETROL LITRES,30.0,30.0
2025-09-15,125.0,Fort Street,DIESEL LITRES,100.0,100.0
2025-09-15,125.0,Fort Street,FOR-QUARTZ 5000 20W50 500ML,2.0,6.0
2025-09-15,125.0,Fort Street,FORT USD DIESEL,529.591837,778.5
2025-09-15,125.0,Fort Street,FORT USD PETROL,211.2,316.8
2025-09-15,125.0,Fort Street,PETROL LITRES,23.3,23.3
2025-09-15,127.0,Mpopoma,DIESEL LITRES,230.0,230.0
2025-09-15,127.0,Mpopoma,MPOPOMA USD DIESEL,20.408163,30.0
2025-09-15,129.0,Khami,KHAMI USD DIESEL,345.0,499.95
2025-09-15,129.0,Khami,KHAMI USD PETROL,169.0,253.5
2025-09-15,131.0,R Mugabe,PETROL LITRES,25.0,25.0
2025-09-15,131.0,R Mugabe,R MUGABE USD DIESEL,286.073334,429.11
2025-09-15,131.0,R Mugabe,R MUGABE USD PETROL,89.828948,136.54
2025-09-15,135.0,Cripps,CRIPPS DIESEL USD,2177.876713,3161.4535
2025-09-15,135.0,Cripps,CRIPPS PETROL USD,1632.060809,2414.3351
2025-09-15,135.0,Cripps,DIESEL LITRES,220.0,220.0
2025-09-15,135.0,Cripps,PETROL LITRES,62.59,62.59
2025-09-15,140.0,Mutare Second Street,DIESEL LITRES,280.0,280.0
2025-09-15,140.0,Mutare Second Street,MUTARE SECOND USD DIESEL,92.465753,135.0
2025-09-15,140.0,Mutare Second Street,MUTARE SECOND USD PETROL,30.405405,45.0
2025-09-15,140.0,Mutare Second Street,PETROL LITRES,40.0,40.0
2025-09-15,141.0,Troutbeck,DIESEL LITRES,1660.0,1660.0
2025-09-15,141.0,Troutbeck,PETROL LITRES,200.0,200.0
2025-09-15,141.0,Troutbeck,TROUTBECK USD DIESEL,350.0,525.0
2025-09-15,141.0,Troutbeck,TROUTBECK USD PETROL,125.0,192.5
2025-09-15,145.0,Sunway City,SUNWAY USD DIESEL,353.666666,529.3334
2025-09-15,145.0,Sunway City,SUNWAY USD PETROL,90.834438,137.16
2025-09-15,146.0,Banket,BANKET USD PETROL,11.92053,18.0
2025-09-15,147.0,Chinhoyi Main,CHINHOYI BULK DIESEL USD,200.0,292.0
2025-09-15,147.0,Chinhoyi Main,CHINHOYI MAIN USD DIESEL,90.0,135.0
2025-09-15,147.0,Chinhoyi Main,CHINHOYI MAIN USD PETROL,95.464053,146.06
2025-09-15,147.0,Chinhoyi Main,DIESEL LITRES,20.0,20.0
2025-09-15,148.0,Chegutu,CHEGUTU USD DIESEL,161.073826,240.0
2025-09-15,148.0,Chegutu,CHEGUTU USD PETROL,35.231788,53.2
2025-09-15,148.0,Chegutu,DIESEL LITRES,100.0,100.0
2025-09-15,149.0,Turnpike,DIESEL LITRES,437.0,437.0
2025-09-15,149.0,Turnpike,TURNPIKE USD DIESEL,65.0,97.5
2025-09-15,149.0,Turnpike,TURNPIKE USD PETROL,39.736842,60.4
2025-09-15,150.0,Mutare One Stop,MUTARE ONE STOP DIESEL,557.39726,813.8
2025-09-15,150.0,Mutare One Stop,PETROL LITRES,67.0,67.0
2025-09-15,157.0,Hatfield,HATFIELD USD DIESEL,51.677852,77.0
2025-09-15,157.0,Hatfield,HATFIELD USD PETROL,65.57047,97.7
2025-09-15,167.0,Munch & Move,MUNCH & MOVE - SALES,358.32,358.32
2025-09-15,170.0,Turnpike M&M,MUNCH & MOVE -TURNPIKE  - SALES,6.8,6.8
2025-09-16,,,,,119340.0
2025-09-16,82.0,Runiville,DIESEL LITRES,368.28,368.28
2025-09-16,82.0,Runiville,PETROL LITRES,268.57,268.57
2025-09-16,82.0,Runiville,RUNIVILLE BULK DIESEL USD,996.849315,1455.4
2025-09-16,82.0,Runiville,RUNIVILLE USD DIESEL,1218.597317,1789.4742
2025-09-16,82.0,Runiville,RUNIVILLE USD PETROL,785.710525,1189.4974
2025-09-16,84.0,Avondale,AVONDALE USD DIESEL,1909.243241,2802.9486
2025-09-16,84.0,Avondale,AVONDALE USD PETROL,1302.846664,1946.6956
2025-09-16,84.0,Avondale,DIESEL LITRES,201.37,201.37
2025-09-16,84.0,Avondale,PETROL LITRES,306.07,306.07
2025-09-16,86.0,Charter,CHARTER USD DIESEL,424.249999,624.2248
2025-09-16,86.0,Charter,CHARTER USD PETROL,490.073333,721.8433
2025-09-16,86.0,Charter,DIESEL LITRES,61.5,61.5
2025-09-16,86.0,Charter,PETROL LITRES,30.0,30.0
2025-09-16,88.0,Seke,PETROL LITRES,39.5,39.5
2025-09-16,88.0,Seke,SEKE USD DIESEL,318.027027,462.5
2025-09-16,88.0,Seke,SEKE USD PETROL,155.86,233.79
2025-09-16,92.0,Msasa,DIESEL LITRES,1127.97,1127.97
2025-09-16,92.0,Msasa,MSASA BULK DIESEL,249.493243,369.25
2025-09-16,92.0,Msasa,MSASA USD DIESEL,749.941176,1143.9459
2025-09-16,92.0,Msasa,MSASA USD PETROL,709.545452,1091.1633
2025-09-16,92.0,Msasa,PETROL LITRES,125.9,125.9
2025-09-16,96.0,Samora,PETROL LITRES,25.0,25.0
2025-09-16,96.0,Samora,SAMORA USD DIESEL,187.18543,281.6897
2025-09-16,96.0,Samora,SAMORA USD PETROL,313.331126,470.4287
2025-09-16,98.0,Roadport,DIESEL LITRES,245.92,245.92
2025-09-16,98.0,Roadport,PETROL LITRES,96.6,96.6
2025-09-16,98.0,Roadport,ROADPORT USD DIESEL,977.848685,1485.33
2025-09-16,98.0,Roadport,ROADPORT USD DIESEL BUS,254.006757,375.93
2025-09-16,98.0,Roadport,ROAPORT USD PETROL,783.863636,1203.7717
2025-09-16,102.0,Kirkman,DIESEL LITRES,892.0,892.0
2025-09-16,102.0,Kirkman,KIRKMAN USD DIESEL,176.382551,261.8033
2025-09-16,102.0,Kirkman,KIRKMAN USD PETROL,229.48684,348.82
2025-09-16,102.0,Kirkman,PETROL LITRES,25.0,25.0
2025-09-16,110.0,Mutare Green Market,DIESEL LITRES,60.0,60.0
2025-09-16,110.0,Mutare Green Market,MUTARE GREEN MARKET BULK DIESEL,333.098592,473.0
2025-09-16,110.0,Mutare Green Market,MUTARE GREENMARKET USD DIESEL,106.849315,156.0
2025-09-16,110.0,Mutare Green Market,MUTARE GREENMARKET USD PETROL,40.202703,58.2399
2025-09-16,112.0,Marondera,DIESEL LITRES,70.0,70.0
2025-09-16,112.0,Marondera,MARONDERA USD DIESEL,678.680272,996.1294
2025-09-16,112.0,Marondera,MARONDERA USD PETROL,250.993378,379.0
2025-09-16,114.0,Kadoma,KADOMA USD DIESEL,92.567568,137.0
2025-09-16,121.0,Gweru,DIESEL LITRES,355.0,355.0
2025-09-16,121.0,Gweru,GWERU BULK DIESEL USD,1273.972603,1860.0
2025-09-16,121.0,Gweru,GWERU USD DIESEL,663.236488,980.69
2025-09-16,121.0,Gweru,GWERU USD PETROL,184.666667,270.8867
2025-09-16,123.0,Fife Street,DIESEL LITRES,120.43,120.43
2025-09-16,123.0,Fife Street,FIFE USD DIESEL,971.520549,1406.1255
2025-09-16,123.0,Fife Street,FIFE USD PETROL,194.733334,292.1
2025-09-16,125.0,Fort Street,DIESEL LITRES,280.0,280.0
2025-09-16,125.0,Fort Street,FORT USD DIESEL,1029.619048,1513.54
2025-09-16,125.0,Fort Street,FORT USD PETROL,357.6,536.4
2025-09-16,127.0,Mpopoma,MPOPOMA BULK DIESEL USD,100.0,145.0
2025-09-16,127.0,Mpopoma,MPOPOMA USD DIESEL,376.612244,543.4921
2025-09-16,127.0,Mpopoma,MPOPOMA USD PETROL,389.853333,574.1644
2025-09-16,129.0,Khami,KHAMI USD DIESEL,539.07483,780.0178
2025-09-16,129.0,Khami,KHAMI USD PETROL,120.0,180.0
2025-09-16,131.0,R Mugabe,R MUGABE USD DIESEL,275.766666,413.65
2025-09-16,131.0,R Mugabe,R MUGABE USD PETROL,130.440789,198.27
2025-09-16,135.0,Cripps,CRIPPS DIESEL USD,1385.815069,2023.29
2025-09-16,135.0,Cripps,CRIPPS PETROL USD,701.749999,1038.59
2025-09-16,135.0,Cripps,DIESEL LITRES,203.0,203.0
2025-09-16,135.0,Cripps,PETROL LITRES,921.78,921.78
2025-09-16,140.0,Mutare Second Street,MUTARE SECOND USD DIESEL,58.219178,85.0
2025-09-16,140.0,Mutare Second Street,MUTARE SECOND USD PETROL,139.662163,206.7
2025-09-16,140.0,Mutare Second Street,PETROL LITRES,10.0,10.0
2025-09-16,141.0,Troutbeck,DIESEL LITRES,105.0,105.0
2025-09-16,141.0,Troutbeck,PETROL LITRES,39.0,39.0
2025-09-16,141.0,Troutbeck,TROUTBECK USD DIESEL,46.0,66.7
2025-09-16,145.0,Sunway City,DIESEL LITRES,59.36,59.36
2025-09-16,145.0,Sunway City,PETROL LITRES,49.17,49.17
2025-09-16,145.0,Sunway City,SUNWAY USD DIESEL,615.853334,923.78
2025-09-16,145.0,Sunway City,SUNWAY USD PETROL,56.953642,86.0
2025-09-16,146.0,Banket,BANKET BULK DIESEL USD,2130.0,3109.8
2025-09-16,146.0,Banket,BANKET USD DIESEL,108.865772,162.21
2025-09-16,146.0,Banket,BANKET USD PETROL,65.562914,99.0
2025-09-16,146.0,Banket,PETROL LITRES,20.0,20.0
2025-09-16,147.0,Chinhoyi Main,CHINHOYI BULK DIESEL USD,150.0,219.0
2025-09-16,147.0,Chinhoyi Main,CHINHOYI MAIN USD DIESEL,294.0,441.0
2025-09-16,147.0,Chinhoyi Main,CHINHOYI MAIN USD PETROL,38.496732,58.9
2025-09-16,147.0,Chinhoyi Main,DIESEL LITRES,67.0,67.0
2025-09-16,148.0,Chegutu,CHEGUTU USD DIESEL,33.557047,50.0
2025-09-16,148.0,Chegutu,CHEGUTU USD PETROL,20.390728,30.79
2025-09-16,148.0,Chegutu,DIESEL LITRES,50.0,50.0
2025-09-16,149.0,Turnpike,DIESEL LITRES,640.0,640.0
2025-09-16,149.0,Turnpike,TURNPIKE USD DIESEL,142.0,213.0
2025-09-16,149.0,Turnpike,TURNPIKE USD PETROL,51.315789,78.0
2025-09-16,150.0,Mutare One Stop,DIESEL LITRES,100.0,100.0
2025-09-16,150.0,Mutare One Stop,MUTARE ONE STOP DIESEL,817.273972,1193.22
2025-09-16,150.0,Mutare One Stop,MUTARE ONE STOP PETROL,53.513514,77.2
2025-09-16,157.0,Hatfield,HATFIELD USD DIESEL,63.087248,94.0
2025-09-16,167.0,Munch & Move,MUNCH & MOVE - SALES,38.0,38.0
2025-09-17,,,,,110052.67
2025-09-17,82.0,Runiville,DIESEL LITRES,536.73,536.73
2025-09-17,82.0,Runiville,PETROL LITRES,165.0,165.0
2025-09-17,82.0,Runiville,RUNIVILLE BULK DIESEL USD,1197.260274,1748.0
2025-09-17,82.0,Runiville,RUNIVILLE USD DIESEL,1368.986578,2013.7235
2025-09-17,82.0,Runiville,RUNIVILLE USD PETROL,617.980262,937.93
2025-09-17,84.0,Avondale,AVONDALE USD DIESEL,1616.128382,2372.6145
2025-09-17,84.0,Avondale,AVONDALE USD PETROL,1776.999995,2648.2345
2025-09-17,84.0,Avondale,DIESEL LITRES,367.06,367.06
2025-09-17,84.0,Avondale,PETROL LITRES,144.8,144.8
2025-09-17,86.0,Charter,CHARTER USD DIESEL,658.114863,974.01
2025-09-17,86.0,Charter,CHARTER USD PETROL,212.56,318.84
2025-09-17,86.0,Charter,DIESEL LITRES,146.66,146.66
2025-09-17,86.0,Charter,PETROL LITRES,40.0,40.0
2025-09-17,88.0,Seke,PETROL LITRES,15.0,15.0
2025-09-17,88.0,Seke,SEKE USD DIESEL,193.108108,285.8
2025-09-17,92.0,,,,40.71
2025-09-17,92.0,Msasa,DIESEL LITRES,181.42,181.42
2025-09-17,92.0,Msasa,MSA-QUARTZ 5000 20W50 5L,1.0,22.0
2025-09-17,92.0,Msasa,MSASA BULK DIESEL,1401.351351,2074.0
2025-09-17,92.0,Msasa,MSASA USD DIESEL,1814.143792,2767.9112
2025-09-17,92.0,Msasa,MSASA USD PETROL,560.603895,859.9505
2025-09-17,92.0,Msasa,PETROL LITRES,50.0,50.0
2025-09-17,96.0,Samora,DIESEL LITRES,30.0,30.0
2025-09-17,96.0,Samora,PETROL LITRES,30.03,30.03
2025-09-17,96.0,Samora,SAMORA USD DIESEL,770.81457,1158.8588
2025-09-17,96.0,Samora,SAMORA USD PETROL,599.609273,902.2454
2025-09-17,98.0,Roadport,DIESEL LITRES,437.52,437.52
2025-09-17,98.0,Roadport,PETROL LITRES,94.2,94.2
2025-09-17,98.0,Roadport,ROADPORT USD DIESEL,1113.157898,1673.8601
2025-09-17,98.0,Roadport,ROAPORT USD PETROL,775.636361,1192.2072
2025-09-17,102.0,Kirkman,DIESEL LITRES,271.0,271.0
2025-09-17,102.0,Kirkman,KIRKMAN USD DIESEL,327.651006,485.5825
2025-09-17,102.0,Kirkman,KIRKMAN USD PETROL,238.223685,359.3368
2025-09-17,102.0,Kirkman,PETROL LITRES,73.5,73.5
2025-09-17,102.0,Kirkman,USD DIESEL LITRES,670.01,670.01
2025-09-17,110.0,Mutare Green Market,MUTARE GREEN MARKET BULK DIESEL,400.0,568.0
2025-09-17,110.0,Mutare Green Market,MUTARE GREENMARKET USD DIESEL,40.0,58.4
2025-09-17,110.0,Mutare Green Market,MUTARE GREENMARKET USD PETROL,10.0,14.8
2025-09-17,112.0,Marondera,MARONDERA USD DIESEL,471.170068,692.62
2025-09-17,112.0,Marondera,MARONDERA USD PETROL,107.874172,160.2116
2025-09-17,112.0,Marondera,PETROL LITRES,33.54,33.54
2025-09-17,114.0,Kadoma,DIESEL LITRES,700.0,700.0
2025-09-17,114.0,Kadoma,KADOMA USD PETROL,111.533333,167.3
2025-09-17,121.0,Gweru,DIESEL LITRES,60.0,60.0
2025-09-17,121.0,Gweru,GWERU BULK DIESEL USD,708.219178,1034.0
2025-09-17,121.0,Gweru,GWERU USD DIESEL,600.905406,889.34
2025-09-17,121.0,Gweru,GWERU USD PETROL,110.0,163.2
2025-09-17,123.0,Fife Street,FIFE USD DIESEL,641.0137,935.88
2025-09-17,123.0,Fife Street,FIFE USD PETROL,304.553332,456.83
2025-09-17,125.0,Fort Street,DIESEL LITRES,160.0,160.0
2025-09-17,125.0,Fort Street,FORT USD DIESEL,690.693878,1015.32
2025-09-17,125.0,Fort Street,FORT USD PETROL,127.999999,192.0
2025-09-17,127.0,Mpopoma,MPOPOMA USD DIESEL,497.911563,716.8723
2025-09-17,127.0,Mpopoma,MPOPOMA USD PETROL,458.886667,676.1834
2025-09-17,129.0,Khami,KHAMI USD DIESEL,170.020408,245.1294
2025-09-17,129.0,Khami,KHAMI USD PETROL,35.333333,52.7333
2025-09-17,131.0,R Mugabe,PETROL LITRES,20.0,20.0
2025-09-17,131.0,R Mugabe,R MUGABE USD DIESEL,201.96,302.94
2025-09-17,131.0,R Mugabe,R MUGABE USD PETROL,183.888158,279.51
2025-09-17,135.0,Cripps,CRIPPS BULK DIESEL USD,395.475862,573.44
2025-09-17,135.0,Cripps,CRIPPS DIESEL USD,1277.445207,1851.3897
2025-09-17,135.0,Cripps,CRIPPS PETROL USD,962.783784,1422.5629
2025-09-17,135.0,Cripps,DIESEL LITRES,153.71,153.71
2025-09-17,140.0,Mutare Second Street,MUTARE SECOND USD DIESEL,106.164384,155.0
2025-09-17,141.0,Troutbeck,TROUTBECK USD DIESEL,863.666667,1253.65
2025-09-17,141.0,Troutbeck,TROUTBECK USD PETROL,400.0,596.0
2025-09-17,145.0,Sunway City,SUNWAY USD DIESEL,371.866665,552.2333
2025-09-17,145.0,Sunway City,SUNWAY USD PETROL,35.099338,51.6755
2025-09-17,146.0,Banket,BANKET BULK DIESEL USD,1680.006849,2452.81
2025-09-17,146.0,Banket,BANKET USD PETROL,9.933775,15.0
2025-09-17,147.0,Chinhoyi Main,CHINHOYI BULK DIESEL USD,200.0,292.0
2025-09-17,147.0,Chinhoyi Main,CHINHOYI MAIN USD DIESEL,449.999999,668.4333
2025-09-17,147.0,Chinhoyi Main,CHINHOYI MAIN USD PETROL,58.0,88.74
2025-09-17,148.0,Chegutu,CHEGUTU USD PETROL,97.940398,144.8903
2025-09-17,148.0,Chegutu,DIESEL LITRES,50.0,50.0
2025-09-17,149.0,Turnpike,DIESEL LITRES,193.0,193.0
2025-09-17,149.0,Turnpike,TURNPIKE USD DIESEL,170.36,253.4612
2025-09-17,149.0,Turnpike,TURNPIKE USD PETROL,20.0,30.4
2025-09-17,150.0,Mutare One Stop,MUTARE ONE STOP DIESEL,347.808219,507.8
2025-09-17,150.0,Mutare One Stop,MUTARE ONE STOP PETROL,48.290541,71.47
2025-09-17,157.0,Hatfield,DIESEL LITRES,5.0,5.0
2025-09-17,157.0,Hatfield,HATFIELD USD PETROL,46.979866,67.651
2025-09-17,167.0,Munch & Move,MUNCH & MOVE - SALES,13.85,13.85
2025-09-18,,,,,56139.19
2025-09-18,82.0,Runiville,DIESEL LITRES,181.77,181.77
2025-09-18,82.0,Runiville,PETROL LITRES,317.76,317.76
2025-09-18,82.0,Runiville,RUNIVILLE BULK DIESEL USD,591.986301,864.3
2025-09-18,82.0,Runiville,RUNIVILLE USD DIESEL,1571.315435,2314.5125
2025-09-18,82.0,Runiville,RUNIVILLE USD PETROL,1009.993422,1527.1354
2025-09-18,84.0,Avondale,AVONDALE USD DIESEL,1368.581082,1986.8489
2025-09-18,84.0,Avondale,AVONDALE USD PETROL,1375.379999,2050.7423
2025-09-18,84.0,Avondale,DIESEL LITRES,278.54,278.54
2025-09-18,84.0,Avondale,PETROL LITRES,25.0,25.0
2025-09-18,86.0,Charter,CHARTER USD DIESEL,845.202702,1240.2581
2025-09-18,86.0,Charter,CHARTER USD PETROL,337.920002,506.88
2025-09-18,86.0,Charter,DIESEL LITRES,245.0,245.0
2025-09-18,86.0,Charter,PETROL LITRES,35.0,35.0
2025-09-18,88.0,Seke,DIESEL LITRES,68.0,68.0
2025-09-18,88.0,Seke,PETROL LITRES,59.0,59.0
2025-09-18,88.0,Seke,SEKE USD DIESEL,319.324325,462.7095
2025-09-18,88.0,Seke,SEKE USD PETROL,147.58,215.291
2025-09-18,92.0,Msasa,DIESEL LITRES,351.06,351.06
2025-09-18,92.0,Msasa,MSASA USD DIESEL,851.954248,1300.99
2025-09-18,92.0,Msasa,MSASA USD PETROL,628.337661,966.64
2025-09-18,92.0,Msasa,PETROL LITRES,36.98,36.98
2025-09-18,96.0,Samora,DIESEL LITRES,5.0,5.0
2025-09-18,96.0,Samora,PETROL LITRES,35.0,35.0
2025-09-18,96.0,Samora,SAMORA USD DIESEL,351.145695,527.372
2025-09-18,96.0,Samora,SAMORA USD PETROL,855.331125,1266.5993
2025-09-18,98.0,Roadport,DIESEL LITRES,365.5,365.5
2025-09-18,98.0,Roadport,PETROL LITRES,137.83,137.83
2025-09-18,98.0,Roadport,ROADPORT USD DIESEL,1133.039477,1715.2875
2025-09-18,98.0,Roadport,ROADPORT USD DIESEL BUS,100.0,148.0
2025-09-18,98.0,Roadport,ROAPORT USD PETROL,722.96753,1109.87
2025-09-18,102.0,Kirkman,DIESEL LITRES,349.0,349.0
2025-09-18,102.0,Kirkman,KIRKMAN USD DIESEL,160.577181,235.3321
2025-09-18,102.0,Kirkman,KIRKMAN USD PETROL,107.197369,162.94
2025-09-18,110.0,Mutare Green Market,MUTARE GREENMARKET USD DIESEL,108.50685,158.42
2025-09-18,110.0,Mutare Green Market,MUTARE GREENMARKET USD PETROL,27.783784,41.12
2025-09-18,112.0,Marondera,DIESEL LITRES,278.0,278.0
2025-09-18,112.0,Marondera,MARONDERA USD DIESEL,714.544218,1050.38
2025-09-18,112.0,Marondera,MARONDERA USD PETROL,143.145695,216.15
2025-09-18,112.0,Marondera,PETROL LITRES,30.0,30.0
2025-09-18,114.0,Kadoma,DIESEL LITRES,170.0,170.0
2025-09-18,114.0,Kadoma,KADOMA USD DIESEL,10.0,14.8
2025-09-18,114.0,Kadoma,KADOMA USD PETROL,49.133333,73.7
2025-09-18,121.0,Gweru,DIESEL LITRES,321.0,321.0
2025-09-18,121.0,Gweru,GWERU BULK DIESEL USD,723.972603,1057.0
2025-09-18,121.0,Gweru,GWERU USD DIESEL,568.277027,838.6851
2025-09-18,121.0,Gweru,GWERU USD PETROL,150.466667,220.6027
2025-09-18,123.0,Fife Street,DIESEL LITRES,210.38,210.38
2025-09-18,123.0,Fife Street,FIFE USD DIESEL,1533.253426,2238.55
2025-09-18,123.0,Fife Street,FIFE USD PETROL,204.759999,307.14
2025-09-18,123.0,Fife Street,PETROL LITRES,39.71,39.71
2025-09-18,125.0,Fort Street,DIESEL LITRES,128.32,128.32
2025-09-18,125.0,Fort Street,FORT USD DIESEL,864.965986,1271.5
2025-09-18,125.0,Fort Street,FORT USD PETROL,158.266667,237.4
2025-09-18,127.0,Mpopoma,MPOPOMA BULK DIESEL USD,400.0,580.0
2025-09-18,127.0,Mpopoma,MPOPOMA USD DIESEL,373.836735,540.2576
2025-09-18,127.0,Mpopoma,MPOPOMA USD PETROL,315.373334,464.9528
2025-09-18,129.0,Khami,KHAMI USD DIESEL,240.0,345.9
2025-09-18,129.0,Khami,KHAMI USD PETROL,88.2,132.3
2025-09-18,131.0,R Mugabe,R MUGABE USD DIESEL,237.58,353.37
2025-09-18,131.0,R Mugabe,R MUGABE USD PETROL,64.671053,98.3
2025-09-18,135.0,Cripps,CRIPPS BULK DIESEL USD,431.027586,624.99
2025-09-18,135.0,Cripps,CRIPPS DIESEL USD,536.705479,780.8051
2025-09-18,135.0,Cripps,CRIPPS PETROL USD,718.601353,1063.53
2025-09-18,135.0,Cripps,DIESEL LITRES,240.0,240.0
2025-09-18,135.0,Cripps,PETROL LITRES,100.3,100.3
2025-09-18,140.0,Mutare Second Street,MUTARE SECOND USD DIESEL,58.219178,85.0
2025-09-18,141.0,Troutbeck,TROUTBECK USD DIESEL,929.453333,1349.7073
2025-09-18,144.0,Bessemer,BESSEMER USD DIESEL,66.197183,94.0
2025-09-18,144.0,Bessemer,BESSEMER USD PETROL,34.448276,49.95
2025-09-18,145.0,Sunway City,PETROL LITRES,7.0,7.0
2025-09-18,145.0,Sunway City,SUNWAY USD DIESEL,445.393334,667.2567
2025-09-18,145.0,Sunway City,SUNWAY USD PETROL,86.741723,128.4866
2025-09-18,146.0,Banket,BANKET USD DIESEL,7.395973,11.02
2025-09-18,147.0,Chinhoyi Main,CHINHOYI BULK DIESEL USD,2676.712329,3908.0
2025-09-18,147.0,Chinhoyi Main,CHINHOYI MAIN USD DIESEL,392.859998,588.9233
2025-09-18,147.0,Chinhoyi Main,CHINHOYI MAIN USD PETROL,116.986928,178.99
2025-09-18,147.0,Chinhoyi Main,DIESEL LITRES,7.76,7.76
2025-09-18,148.0,Chegutu,CHEGUTU USD DIESEL,171.979865,256.25
2025-09-18,148.0,Chegutu,CHEGUTU USD PETROL,38.847682,57.4946
2025-09-18,148.0,Chegutu,PETROL LITRES,30.0,30.0
2025-09-18,149.0,Turnpike,DIESEL LITRES,400.0,400.0
2025-09-18,149.0,Turnpike,TURNPIKE USD DIESEL,30.0,45.0
2025-09-18,149.0,Turnpike,TURNPIKE USD PETROL,26.31579,39.3421
2025-09-18,150.0,Mutare One Stop,DIESEL LITRES,50.0,50.0
2025-09-18,150.0,Mutare One Stop,MUTARE ONE STOP DIESEL,378.082191,552.0
2025-09-18,150.0,Mutare One Stop,MUTARE ONE STOP PETROL,38.763514,55.7696
2025-09-18,150.0,Mutare One Stop,PETROL LITRES,15.0,15.0
2025-09-18,167.0,Munch & Move,MUNCH & MOVE - SALES,71.28,71.28
2025-09-19,,,,,79097.57
2025-09-19,82.0,Runiville,DIESEL COUPON,0.01,0.01
2025-09-19,82.0,Runiville,DIESEL LITRES,254.58,254.58
2025-09-19,82.0,Runiville,PETROL LITRES,370.0,370.0
2025-09-19,82.0,Runiville,RUNIVILLE BULK DIESEL USD,1417.938357,2070.19
2025-09-19,82.0,Runiville,RUNIVILLE USD DIESEL,1550.684564,2273.634
2025-09-19,82.0,Runiville,RUNIVILLE USD PETROL,578.131581,874.9263
2025-09-19,82.0,Runiville,USD DIESEL LITRES,0.01,0.01
2025-09-19,84.0,Avondale,AVONDALE USD DIESEL,2048.445948,3008.5361
2025-09-19,84.0,Avondale,AVONDALE USD PETROL,1496.73333,2218.1712
2025-09-19,84.0,Avondale,DIESEL LITRES,167.6,167.6
2025-09-19,84.0,Avondale,PETROL LITRES,180.6,180.6
2025-09-19,86.0,Charter,CHARTER USD DIESEL,960.35135,1420.32
2025-09-19,86.0,Charter,CHARTER USD PETROL,192.333333,288.5
2025-09-19,86.0,Charter,DIESEL LITRES,50.0,50.0
2025-09-19,86.0,Charter,PETROL LITRES,261.01,261.01
2025-09-19,88.0,Seke,PETROL LITRES,47.82,47.82
2025-09-19,88.0,Seke,SEKE USD PETROL,66.666667,100.0
2025-09-19,92.0,Msasa,DIESEL LITRES,873.4,873.4
2025-09-19,92.0,Msasa,MSASA BULK DIESEL,131.283784,194.3
2025-09-19,92.0,Msasa,MSASA USD DIESEL,877.150327,1335.7502
2025-09-19,92.0,Msasa,MSASA USD PETROL,793.045449,1212.1341
2025-09-19,92.0,Msasa,PETROL LITRES,363.0,363.0
2025-09-19,96.0,Samora,DIESEL LITRES,60.58,60.58
2025-09-19,96.0,Samora,PETROL LITRES,30.14,30.14
2025-09-19,96.0,Samora,SAMORA USD DIESEL,424.973511,628.3904
2025-09-19,96.0,Samora,SAMORA USD PETROL,479.695365,717.8662
2025-09-19,98.0,Roadport,DIESEL LITRES,275.0,275.0
2025-09-19,98.0,Roadport,PETROL LITRES,89.12,89.12
2025-09-19,98.0,Roadport,ROADPORT USD DIESEL,1031.782898,1568.31
2025-09-19,98.0,Roadport,ROADPORT USD DIESEL BUS,135.135135,200.0
2025-09-19,98.0,Roadport,ROAPORT USD PETROL,786.545451,1209.0073
2025-09-19,102.0,Kirkman,DIESEL LITRES,695.26,695.26
2025-09-19,102.0,Kirkman,KIRKMAN USD DIESEL,263.369127,383.7146
2025-09-19,102.0,Kirkman,KIRKMAN USD PETROL,210.493421,318.2132
2025-09-19,110.0,Mutare Green Market,DIESEL LITRES,32.0,32.0
2025-09-19,110.0,Mutare Green Market,MUTARE GREENMARKET USD DIESEL,231.917808,338.6
2025-09-19,110.0,Mutare Green Market,MUTARE GREENMARKET USD PETROL,28.121622,41.62
2025-09-19,112.0,Marondera,DIESEL LITRES,420.0,420.0
2025-09-19,112.0,Marondera,MARONDERA USD DIESEL,387.693877,569.91
2025-09-19,112.0,Marondera,MARONDERA USD PETROL,32.450332,49.0
2025-09-19,114.0,Kadoma,DIESEL LITRES,158.0,158.0
2025-09-19,114.0,Kadoma,KADOMA USD DIESEL,122.027027,180.6
2025-09-19,114.0,Kadoma,KADOMA USD PETROL,20.0,30.0
2025-09-19,121.0,Gweru,DIESEL LITRES,503.0,503.0
2025-09-19,121.0,Gweru,GWERU USD DIESEL,353.75,520.9986
2025-09-19,121.0,Gweru,GWERU USD PETROL,114.14,171.21
2025-09-19,123.0,Fife Street,FIFE USD DIESEL,971.013699,1414.9403
2025-09-19,123.0,Fife Street,FIFE USD PETROL,342.086666,513.13
2025-09-19,125.0,Fort Street,FORT USD DIESEL,712.707484,1045.9793
2025-09-19,125.0,Fort Street,FORT USD PETROL,150.619999,224.4
2025-09-19,127.0,Mpopoma,MPOPOMA BULK DIESEL USD,780.0,1131.0
2025-09-19,127.0,Mpopoma,MPOPOMA USD DIESEL,396.537415,577.5445
2025-09-19,127.0,Mpopoma,MPOPOMA USD PETROL,256.053333,375.8724
2025-09-19,129.0,Khami,KHAMI USD DIESEL,152.414966,221.23
2025-09-19,129.0,Khami,KHAMI USD PETROL,110.600001,165.9
2025-09-19,131.0,R Mugabe,R MUGABE USD DIESEL,225.933333,338.9
2025-09-19,131.0,R Mugabe,R MUGABE USD PETROL,289.184212,439.06
2025-09-19,135.0,Cripps,CRIPPS DIESEL USD,2340.499999,3404.4952
2025-09-19,135.0,Cripps,CRIPPS PETROL USD,453.222973,668.2494
2025-09-19,135.0,Cripps,DIESEL LITRES,174.52,174.52
2025-09-19,135.0,Cripps,PETROL LITRES,50.48,50.48
2025-09-19,140.0,Mutare Second Street,MUTARE SECOND USD DIESEL,213.102739,311.13
2025-09-19,140.0,Mutare Second Street,MUTARE SECOND USD PETROL,55.689189,82.42
2025-09-19,141.0,Troutbeck,TROUTBECK USD DIESEL,158.673333,232.0763
2025-09-19,144.0,Bessemer,BESSEMER USD DIESEL,53.521127,76.0
2025-09-19,145.0,Sunway City,SUNWAY USD DIESEL,431.466667,647.2
2025-09-19,145.0,Sunway City,SUNWAY USD PETROL,352.701989,522.6462
2025-09-19,146.0,Banket,BANKET BULK DIESEL USD,600.0,876.0
2025-09-19,146.0,Banket,BANKET USD DIESEL,210.248322,310.1156
2025-09-19,146.0,Banket,DIESEL LITRES,383.0,383.0
2025-09-19,146.0,Banket,PETROL LITRES,60.0,60.0
2025-09-19,147.0,Chinhoyi Main,CHINHOYI BULK DIESEL USD,750.0,1095.0
2025-09-19,147.0,Chinhoyi Main,CHINHOYI MAIN USD DIESEL,136.666667,205.0
2025-09-19,147.0,Chinhoyi Main,CHINHOYI MAIN USD PETROL,54.104575,82.78
2025-09-19,148.0,Chegutu,CHEGUTU USD DIESEL,63.758389,95.0
2025-09-19,148.0,Chegutu,CHEGUTU USD PETROL,33.112583,50.0
2025-09-19,149.0,Turnpike,DIESEL LITRES,494.0,494.0
2025-09-19,149.0,Turnpike,TURNPIKE USD DIESEL,30.0,45.0
2025-09-19,150.0,Mutare One Stop,DIESEL LITRES,76.0,76.0
2025-09-19,150.0,Mutare One Stop,MUTARE ONE STOP DIESEL,396.712329,579.2
2025-09-19,150.0,Mutare One Stop,MUTARE ONE STOP PETROL,91.216217,135.0
2025-09-19,157.0,Hatfield,HATFIELD USD DIESEL,26.805369,39.1632
2025-09-19,157.0,Hatfield,HATFIELD USD PETROL,44.966443,67.0
2025-09-19,159.0,Gwanda ,GWANDA USD DIESEL,62.422078,96.13
2025-09-19,167.0,Munch & Move,MUNCH & MOVE - SALES,115.06,115.06
2025-09-20,,,,,12293.23
2025-09-20,82.0,Runiville,DIESEL LITRES,92.0,92.0
2025-09-20,82.0,Runiville,PETROL LITRES,118.33,118.33
2025-09-20,82.0,Runiville,RUNIVILLE BULK DIESEL USD,230.0,335.8
2025-09-20,82.0,Runiville,RUNIVILLE USD DIESEL,487.187919,719.2928
2025-09-20,82.0,Runiville,RUNIVILLE USD PETROL,488.440788,742.43
2025-09-20,84.0,Avondale,AVONDALE USD DIESEL,1393.547295,2034.0457
2025-09-20,84.0,Avondale,AVONDALE USD PETROL,1046.94,1557.8033
2025-09-20,84.0,Avondale,DIESEL LITRES,264.63,264.63
2025-09-20,84.0,Avondale,PETROL LITRES,148.41,148.41
2025-09-20,86.0,Charter,CHARTER USD DIESEL,331.216216,486.8689
2025-09-20,86.0,Charter,CHARTER USD PETROL,100.0,146.4667
2025-09-20,88.0,Seke,SEKE USD DIESEL,62.837838,90.6081
2025-09-20,88.0,Seke,SEKE USD PETROL,119.560001,179.34
2025-09-20,92.0,Msasa,DIESEL LITRES,437.83,437.83
2025-09-20,92.0,Msasa,MSASA BULK DIESEL,1359.222973,2011.65
2025-09-20,92.0,Msasa,MSASA USD DIESEL,516.660133,785.9148
2025-09-20,92.0,Msasa,MSASA USD PETROL,346.272726,529.6886
2025-09-20,92.0,Msasa,PETROL LITRES,234.44,234.44
2025-09-20,96.0,Samora,DIESEL LITRES,20.0,20.0
2025-09-20,96.0,Samora,PETROL LITRES,61.04,61.04
2025-09-20,96.0,Samora,SAMORA USD DIESEL,120.119205,178.5164
2025-09-20,96.0,Samora,SAMORA USD PETROL,319.569536,481.2255
2025-09-20,98.0,Roadport,DIESEL LITRES,81.63,81.63
2025-09-20,98.0,Roadport,PETROL LITRES,50.0,50.0
2025-09-20,98.0,Roadport,ROADPORT USD DIESEL,1061.25658,1599.3317
2025-09-20,98.0,Roadport,ROAPORT USD PETROL,356.811688,543.3562
2025-09-20,102.0,Kirkman,DIESEL LITRES,634.21,634.21
2025-09-20,102.0,Kirkman,KIRKMAN USD DIESEL,198.107383,291.6296
2025-09-20,102.0,Kirkman,KIRKMAN USD PETROL,354.243422,532.1389
2025-09-20,102.0,Kirkman,PETROL LITRES,20.0,20.0
2025-09-20,110.0,Mutare Green Market,DIESEL LITRES,100.0,100.0
2025-09-20,110.0,Mutare Green Market,MUTARE GREENMARKET USD DIESEL,40.410959,59.0
2025-09-20,112.0,Marondera,DIESEL LITRES,13.0,13.0
2025-09-20,112.0,Marondera,MARONDERA USD DIESEL,686.734694,1007.0
2025-09-20,112.0,Marondera,MARONDERA USD PETROL,0.662252,1.0
2025-09-20,114.0,Kadoma,DIESEL LITRES,50.0,50.0
2025-09-20,114.0,Kadoma,KADOMA USD DIESEL,367.898649,541.7978
2025-09-20,114.0,Kadoma,KADOMA USD PETROL,26.666667,40.0
2025-09-20,121.0,Gweru,DIESEL LITRES,250.5,250.5
2025-09-20,121.0,Gweru,GWERU USD DIESEL,917.972974,1358.6
2025-09-20,121.0,Gweru,GWERU USD PETROL,36.36,54.54
2025-09-20,123.0,Fife Street,DIESEL LITRES,339.71,339.71
2025-09-20,123.0,Fife Street,FIFE USD DIESEL,300.219178,438.32
2025-09-20,123.0,Fife Street,FIFE USD PETROL,231.266666,346.506
2025-09-20,123.0,Fife Street,PETROL LITRES,27.0,27.0
2025-09-20,125.0,Fort Street,DIESEL LITRES,589.81,589.81
2025-09-20,125.0,Fort Street,FORT USD DIESEL,547.482993,804.8
2025-09-20,125.0,Fort Street,FORT USD PETROL,43.333333,65.0
2025-09-20,127.0,Mpopoma,MPOPOMA USD DIESEL,240.972788,347.6131
2025-09-20,127.0,Mpopoma,MPOPOMA USD PETROL,408.113332,601.1266
2025-09-20,129.0,Khami,KHAMI USD DIESEL,20.408163,30.0
2025-09-20,129.0,Khami,KHAMI USD PETROL,30.0,45.0
2025-09-20,131.0,R Mugabe,PETROL LITRES,15.0,15.0
2025-09-20,131.0,R Mugabe,R MUGABE USD DIESEL,43.186667,64.78
2025-09-20,131.0,R Mugabe,R MUGABE USD PETROL,101.375,152.089
2025-09-20,135.0,Cripps,CRIPPS DIESEL USD,314.815068,447.3213
2025-09-20,135.0,Cripps,CRIPPS PETROL USD,926.506758,1369.203
2025-09-20,135.0,Cripps,DIESEL LITRES,471.75,471.75
2025-09-20,135.0,Cripps,PETROL LITRES,117.53,117.53
2025-09-20,140.0,Mutare Second Street,DIESEL LITRES,123.38,123.38
2025-09-20,140.0,Mutare Second Street,MUTARE SECOND USD DIESEL,6.849315,10.0
2025-09-20,140.0,Mutare Second Street,PETROL LITRES,40.0,40.0
2025-09-20,141.0,Troutbeck,DIESEL LITRES,500.0,500.0
2025-09-20,141.0,Troutbeck,TROUTBECK USD DIESEL,650.0,942.5
2025-09-20,144.0,Bessemer,PETROL LITRES,37.03,37.03
2025-09-20,145.0,Sunway City,PETROL LITRES,60.0,60.0
2025-09-20,145.0,Sunway City,SUNWAY USD DIESEL,304.880001,454.9867
2025-09-20,145.0,Sunway City,SUNWAY USD PETROL,411.933776,614.2396
2025-09-20,146.0,Banket,BANKET USD DIESEL,10.067114,15.0
2025-09-20,146.0,Banket,BANKET USD PETROL,46.278145,69.88
2025-09-20,147.0,Chinhoyi Main,CHINHOYI BULK DIESEL USD,200.0,292.0
2025-09-20,147.0,Chinhoyi Main,CHINHOYI MAIN USD DIESEL,242.3,363.45
2025-09-20,147.0,Chinhoyi Main,CHINHOYI MAIN USD PETROL,48.254902,73.83
2025-09-20,148.0,Chegutu,CHEGUTU BULK DIESEL USD,100.0,147.0
2025-09-20,148.0,Chegutu,CHEGUTU USD DIESEL,262.95302,391.8
2025-09-20,148.0,Chegutu,CHEGUTU USD PETROL,26.490066,40.0
2025-09-20,148.0,Chegutu,DIESEL LITRES,273.79,273.79
2025-09-20,149.0,Turnpike,DIESEL LITRES,600.0,600.0
2025-09-20,149.0,Turnpike,TURNPIKE USD DIESEL,140.666667,209.5667
2025-09-20,149.0,Turnpike,TURNPIKE USD PETROL,112.901316,169.6363
2025-09-20,150.0,Mutare One Stop,MUTARE ONE STOP DIESEL,310.554795,450.6703
2025-09-20,157.0,Hatfield,HATFIELD USD DIESEL,100.436242,149.65
2025-09-20,157.0,Hatfield,HATFIELD USD PETROL,10.0,14.9
2025-09-20,159.0,Gwanda ,GWANDA USD DIESEL,60.0,92.4
2025-09-20,167.0,Munch & Move,MUNCH & MOVE - SALES,6.4,6.4
2025-09-21,,,,,11474.72
2025-09-21,82.0,Runiville,DIESEL LITRES,235.08,235.08
2025-09-21,82.0,Runiville,RUNIVILLE BULK DIESEL USD,417.582192,609.67
2025-09-21,82.0,Runiville,RUNIVILLE USD DIESEL,908.926173,1331.0674
2025-09-21,82.0,Runiville,RUNIVILLE USD PETROL,407.519736,611.4921
2025-09-21,84.0,Avondale,AVONDALE USD DIESEL,1163.54054,1707.6375
2025-09-21,84.0,Avondale,AVONDALE USD PETROL,933.953331,1387.0103
2025-09-21,84.0,Avondale,DIESEL LITRES,122.31,122.31
2025-09-21,84.0,Avondale,PETROL LITRES,130.0,130.0
2025-09-21,86.0,Charter,CHARTER USD DIESEL,229.79054,332.7153
2025-09-21,86.0,Charter,CHARTER USD PETROL,174.76,260.215
2025-09-21,86.0,Charter,DIESEL LITRES,15.0,15.0
2025-09-21,88.0,Seke,DIESEL LITRES,54.0,54.0
2025-09-21,88.0,Seke,PETROL LITRES,30.0,30.0
2025-09-21,88.0,Seke,SEKE USD DIESEL,40.27027,58.5865
2025-09-21,88.0,Seke,SEKE USD PETROL,213.866666,315.7733
2025-09-21,92.0,Msasa,MSASA BULK DIESEL,566.689189,838.7
2025-09-21,92.0,Msasa,MSASA USD DIESEL,109.215686,163.8399
2025-09-21,92.0,Msasa,MSASA USD PETROL,90.636363,137.6131
2025-09-21,96.0,Samora,SAMORA USD DIESEL,330.582783,494.7032
2025-09-21,96.0,Samora,SAMORA USD PETROL,290.728477,434.1987
2025-09-21,98.0,Roadport,DIESEL LITRES,60.9,60.9
2025-09-21,98.0,Roadport,PETROL LITRES,60.0,60.0
2025-09-21,98.0,Roadport,ROADPORT USD DIESEL,921.427632,1391.4253
2025-09-21,98.0,Roadport,ROAPORT USD PETROL,402.194803,615.1576
2025-09-21,102.0,Kirkman,DIESEL LITRES,30.0,30.0
2025-09-21,102.0,Kirkman,KIRKMAN USD DIESEL,212.838927,313.5058
2025-09-21,102.0,Kirkman,KIRKMAN USD PETROL,221.861841,335.0586
2025-09-21,102.0,Kirkman,PETROL LITRES,20.0,20.0
2025-09-21,110.0,Mutare Green Market,DIESEL LITRES,40.0,40.0
2025-09-21,110.0,Mutare Green Market,MUTARE GREENMARKET USD PETROL,36.297297,53.72
2025-09-21,112.0,Marondera,DIESEL LITRES,311.0,311.0
2025-09-21,112.0,Marondera,MARONDERA USD DIESEL,489.639455,717.8901
2025-09-21,112.0,Marondera,MARONDERA USD PETROL,23.178808,35.0
2025-09-21,114.0,Kadoma,KADOMA USD DIESEL,45.0,66.6
2025-09-21,121.0,Gweru,DIESEL LITRES,280.0,280.0
2025-09-21,121.0,Gweru,GWERU USD DIESEL,520.000001,769.6
2025-09-21,123.0,Fife Street,DIESEL LITRES,142.65,142.65
2025-09-21,123.0,Fife Street,FIFE USD DIESEL,886.575342,1292.6877
2025-09-21,123.0,Fife Street,FIFE USD PETROL,113.333333,168.3333
2025-09-21,123.0,Fife Street,PETROL LITRES,58.39,58.39
2025-09-21,125.0,Fort Street,FORT USD DIESEL,91.605442,134.66
2025-09-21,125.0,Fort Street,FORT USD PETROL,85.533333,128.3
2025-09-21,127.0,Mpopoma,MPOPOMA USD DIESEL,430.190477,620.2244
2025-09-21,127.0,Mpopoma,MPOPOMA USD PETROL,285.5,421.568
2025-09-21,129.0,Khami,KHAMI USD DIESEL,80.0,115.2
2025-09-21,129.0,Khami,KHAMI USD PETROL,56.233333,84.35
2025-09-21,131.0,R Mugabe,R MUGABE USD DIESEL,183.146666,274.72
2025-09-21,131.0,R Mugabe,R MUGABE USD PETROL,130.532894,196.0745
2025-09-21,135.0,Cripps,CRIPPS DIESEL USD,227.054795,322.8664
2025-09-21,135.0,Cripps,CRIPPS PETROL USD,393.358108,578.2869
2025-09-21,135.0,Cripps,DIESEL LITRES,50.0,50.0
2025-09-21,141.0,Troutbeck,DIESEL LITRES,143.0,143.0
2025-09-21,141.0,Troutbeck,PETROL LITRES,70.0,70.0
2025-09-21,141.0,Troutbeck,TROUTBECK USD DIESEL,96.666667,141.5
2025-09-21,141.0,Troutbeck,TROUTBECK USD PETROL,49.350649,73.5325
2025-09-21,145.0,Sunway City,DIESEL LITRES,20.0,20.0
2025-09-21,145.0,Sunway City,SUNWAY USD DIESEL,420.766667,616.8284
2025-09-21,145.0,Sunway City,SUNWAY USD PETROL,99.211921,146.1258
2025-09-21,146.0,Banket,BANKET USD DIESEL,56.375839,81.1812
2025-09-21,147.0,Chinhoyi Main,CHINHOYI MAIN USD DIESEL,74.0,111.0
2025-09-21,147.0,Chinhoyi Main,CHINHOYI MAIN USD PETROL,45.751634,70.0
2025-09-21,147.0,Chinhoyi Main,DIESEL LITRES,116.0,116.0
2025-09-21,148.0,Chegutu,CHEGUTU USD DIESEL,82.187919,119.3506
2025-09-21,148.0,Chegutu,CHEGUTU USD PETROL,59.675496,90.11
2025-09-21,148.0,Chegutu,DIESEL LITRES,130.0,130.0
2025-09-21,149.0,Turnpike,DIESEL LITRES,170.0,170.0
2025-09-21,149.0,Turnpike,TURNPIKE USD DIESEL,40.0,60.0
2025-09-21,149.0,Turnpike,TURNPIKE USD PETROL,38.157895,58.0
2025-09-21,150.0,Mutare One Stop,MUTARE ONE STOP DIESEL,273.972603,400.0
2025-09-21,150.0,Mutare One Stop,MUTARE ONE STOP PETROL,22.297297,33.0
2025-09-21,167.0,Munch & Move,MUNCH & MOVE - SALES,31.6,31.6
2025-09-22,,,,,68430.17
2025-09-22,82.0,,,,43.2
2025-09-22,82.0,Runiville,DIESEL LITRES,502.0,502.0
2025-09-22,82.0,Runiville,PETROL LITRES,385.0,385.0
2025-09-22,82.0,Runiville,RUNIVILLE BULK DIESEL USD,1002.410958,1463.52
2025-09-22,82.0,Runiville,RUNIVILLE USD DIESEL,1378.469797,2026.86
2025-09-22,82.0,Runiville,RUNIVILLE USD PETROL,946.671052,1433.692
2025-09-22,82.0,Runiville,USD DIESEL LITRES,0.01,0.01
2025-09-22,84.0,Avondale,AVONDALE USD DIESEL,1812.614869,2666.1179
2025-09-22,84.0,Avondale,AVONDALE USD PETROL,2054.259994,3062.6389
2025-09-22,84.0,Avondale,DIESEL LITRES,422.01,422.01
2025-09-22,84.0,Avondale,PETROL LITRES,171.94,171.94
2025-09-22,86.0,Charter,CHARTER BULK/TAXI DIESEL ,226.027397,330.0
2025-09-22,86.0,Charter,CHARTER USD DIESEL,646.824324,946.3338
2025-09-22,86.0,Charter,CHARTER USD PETROL,383.066664,574.6
2025-09-22,86.0,Charter,PETROL LITRES,53.18,53.18
2025-09-22,88.0,Seke,SEKE USD DIESEL,304.837839,444.95
2025-09-22,88.0,Seke,SEKE USD PETROL,168.353334,251.13
2025-09-22,92.0,Msasa,DIESEL LITRES,1523.26,1523.26
2025-09-22,92.0,Msasa,MSASA BULK DIESEL,396.966216,587.51
2025-09-22,92.0,Msasa,MSASA USD DIESEL,1212.267973,1854.77
2025-09-22,92.0,Msasa,MSASA USD PETROL,1118.064931,1721.82
2025-09-22,92.0,Msasa,PETROL LITRES,401.36,401.36
2025-09-22,96.0,Samora,DIESEL LITRES,153.36,153.36
2025-09-22,96.0,Samora,PETROL LITRES,80.05,80.05
2025-09-22,96.0,Samora,SAMORA USD DIESEL,127.245033,191.1466
2025-09-22,96.0,Samora,SAMORA USD PETROL,464.543046,699.4731
2025-09-22,98.0,Roadport,DIESEL LITRES,658.76,658.76
2025-09-22,98.0,Roadport,PETROL LITRES,166.1,166.1
2025-09-22,98.0,Roadport,ROADPORT USD DIESEL,1301.539475,1972.1848
2025-09-22,98.0,Roadport,ROADPORT USD DIESEL BUS,234.094595,346.46
2025-09-22,98.0,Roadport,ROAPORT USD PETROL,757.006493,1158.3521
2025-09-22,102.0,Kirkman,DIESEL COUPON,1160.0,1160.0
2025-09-22,102.0,Kirkman,DIESEL LITRES,170.0,170.0
2025-09-22,102.0,Kirkman,KIRKMAN USD DIESEL,430.10067,636.6219
2025-09-22,102.0,Kirkman,KIRKMAN USD PETROL,187.763157,281.9461
2025-09-22,102.0,Kirkman,PETROL LITRES,25.0,25.0
2025-09-22,110.0,Mutare Green Market,DIESEL LITRES,100.0,100.0
2025-09-22,110.0,Mutare Green Market,MUTARE GREENMARKET USD PETROL,26.297297,37.6051
2025-09-22,112.0,Marondera,DIESEL LITRES,150.0,150.0
2025-09-22,112.0,Marondera,MARONDERA USD DIESEL,369.986394,543.88
2025-09-22,112.0,Marondera,MARONDERA USD PETROL,50.205298,75.81
2025-09-22,112.0,Marondera,PETROL LITRES,49.0,49.0
2025-09-22,114.0,Kadoma,KADOMA USD DIESEL,192.162162,284.4
2025-09-22,114.0,Kadoma,KADOMA USD PETROL,23.333333,34.5
2025-09-22,121.0,Gweru,DIESEL LITRES,170.0,170.0
2025-09-22,121.0,Gweru,GWERU USD DIESEL,515.324325,762.68
2025-09-22,121.0,Gweru,GWERU USD PETROL,94.88,141.6533
2025-09-22,123.0,Fife Street,DIESEL LITRES,38.0,38.0
2025-09-22,123.0,Fife Street,FIFE USD DIESEL,652.869863,941.776
2025-09-22,123.0,Fife Street,FIFE USD PETROL,400.733333,601.1
2025-09-22,123.0,Fife Street,PETROL LITRES,39.81,39.81
2025-09-22,125.0,Fort Street,DIESEL LITRES,520.0,520.0
2025-09-22,125.0,Fort Street,FORT USD DIESEL,655.170068,963.1
2025-09-22,125.0,Fort Street,FORT USD PETROL,200.633333,300.95
2025-09-22,127.0,Mpopoma,MPOPOMA BULK DIESEL USD,520.0,754.0
2025-09-22,127.0,Mpopoma,MPOPOMA USD DIESEL,177.727891,259.8047
2025-09-22,127.0,Mpopoma,MPOPOMA USD PETROL,116.133334,173.3
2025-09-22,129.0,Khami,KHAMI USD DIESEL,214.068027,314.68
2025-09-22,129.0,Khami,KHAMI USD PETROL,158.333333,237.5
2025-09-22,131.0,R Mugabe,R MUGABE USD DIESEL,308.406666,462.61
2025-09-22,131.0,R Mugabe,R MUGABE USD PETROL,230.263159,350.0
2025-09-22,135.0,Cripps,CRIPPS BULK DIESEL USD,266.668966,386.67
2025-09-22,135.0,Cripps,CRIPPS DIESEL USD,1373.034246,1995.8018
2025-09-22,135.0,Cripps,CRIPPS PETROL USD,1405.277026,2076.9475
2025-09-22,135.0,Cripps,DIESEL LITRES,245.0,245.0
2025-09-22,135.0,Cripps,PETROL LITRES,559.53,559.53
2025-09-22,140.0,Mutare Second Street,MUTARE SECOND USD DIESEL,290.876712,424.68
2025-09-22,140.0,Mutare Second Street,MUTARE SECOND USD PETROL,138.101351,199.0052
2025-09-22,141.0,Troutbeck,DIESEL LITRES,51.0,51.0
2025-09-22,141.0,Troutbeck,TROUTBECK USD DIESEL,1283.946667,1862.42
2025-09-22,145.0,Sunway City,SUNWAY USD DIESEL,241.666666,361.8333
2025-09-22,145.0,Sunway City,SUNWAY USD PETROL,159.602649,241.0
2025-09-22,146.0,Banket,BANKET BULK DIESEL USD,2675.0,3905.5
2025-09-22,146.0,Banket,BANKET USD DIESEL,70.469799,105.0
2025-09-22,147.0,Chinhoyi Main,CHINHOYI BULK DIESEL USD,2550.0,3725.0
2025-09-22,147.0,Chinhoyi Main,CHINHOYI MAIN USD DIESEL,417.933333,626.9
2025-09-22,147.0,Chinhoyi Main,CHINHOYI MAIN USD PETROL,56.098038,85.83
2025-09-22,147.0,Chinhoyi Main,DIESEL LITRES,231.0,231.0
2025-09-22,148.0,Chegutu,CHEGUTU USD DIESEL,43.422819,64.7
2025-09-22,148.0,Chegutu,DIESEL LITRES,40.0,40.0
2025-09-22,149.0,Turnpike,DIESEL LITRES,572.0,572.0
2025-09-22,149.0,Turnpike,TURNPIKE USD DIESEL,21.886667,32.83
2025-09-22,149.0,Turnpike,TURNPIKE USD PETROL,77.296053,117.49
2025-09-22,150.0,Mutare One Stop,DIESEL LITRES,90.0,90.0
2025-09-22,150.0,Mutare One Stop,MUTARE ONE STOP DIESEL,196.568494,286.4763
2025-09-22,157.0,Hatfield,HATFIELD USD PETROL,40.536913,60.4
2025-09-22,167.0,Munch & Move,MUNCH & MOVE - SALES,11.3,11.3
2025-09-23,,,,,107337.16
2025-09-23,82.0,Runiville,DIESEL LITRES,465.0,465.0
2025-09-23,82.0,Runiville,PETROL LITRES,132.03,132.03
2025-09-23,82.0,Runiville,RUNIVILLE BULK DIESEL USD,1404.136986,2050.04
2025-09-23,82.0,Runiville,RUNIVILLE USD DIESEL,955.201341,1419.4715
2025-09-23,82.0,Runiville,RUNIVILLE USD PETROL,834.447368,1260.9468
2025-09-23,84.0,Avondale,AVONDALE USD DIESEL,1501.087838,2204.0207
2025-09-23,84.0,Avondale,AVONDALE USD PETROL,1183.099999,1765.6076
2025-09-23,84.0,Avondale,DIESEL LITRES,328.01,328.01
2025-09-23,84.0,Avondale,PETROL LITRES,254.11,254.11
2025-09-23,86.0,Charter,CHARTER USD DIESEL,447.358108,653.9346
2025-09-23,86.0,Charter,CHARTER USD PETROL,825.306665,1228.926
2025-09-23,86.0,Charter,DIESEL LITRES,60.0,60.0
2025-09-23,86.0,Charter,PETROL LITRES,10.0,10.0
2025-09-23,88.0,Seke,SEKE USD DIESEL,131.756758,195.0
2025-09-23,88.0,Seke,SEKE USD PETROL,238.333333,353.3
2025-09-23,92.0,Msasa,DIESEL LITRES,79.3,79.3
2025-09-23,92.0,Msasa,MSASA BULK DIESEL,842.567568,1247.0
2025-09-23,92.0,Msasa,MSASA USD DIESEL,565.85621,865.76
2025-09-23,92.0,Msasa,MSASA USD PETROL,667.175322,1025.0656
2025-09-23,92.0,Msasa,PETROL LITRES,203.1,203.1
2025-09-23,96.0,Samora,DIESEL LITRES,19.59,19.59
2025-09-23,96.0,Samora,SAMORA USD DIESEL,111.092716,167.75
2025-09-23,96.0,Samora,SAMORA USD PETROL,518.410596,779.3126
2025-09-23,98.0,Roadport,DIESEL LITRES,312.27,312.27
2025-09-23,98.0,Roadport,PETROL LITRES,62.21,62.21
2025-09-23,98.0,Roadport,ROADPORT USD DIESEL,977.782898,1478.2738
2025-09-23,98.0,Roadport,ROAPORT USD PETROL,644.694801,987.2956
2025-09-23,102.0,Kirkman,DIESEL LITRES,676.0,676.0
2025-09-23,102.0,Kirkman,KIRKMAN USD DIESEL,239.261745,350.7449
2025-09-23,102.0,Kirkman,KIRKMAN USD PETROL,142.236841,215.2132
2025-09-23,110.0,Mutare Green Market,MUTARE GREEN MARKET BULK DIESEL,135.15493,191.92
2025-09-23,110.0,Mutare Green Market,MUTARE GREENMARKET USD DIESEL,90.0,131.4
2025-09-23,110.0,Mutare Green Market,MUTARE GREENMARKET USD PETROL,38.378379,56.8
2025-09-23,112.0,Marondera,DIESEL LITRES,80.0,80.0
2025-09-23,112.0,Marondera,MARONDERA USD DIESEL,612.006802,899.65
2025-09-23,112.0,Marondera,MARONDERA USD PETROL,69.509934,104.96
2025-09-23,114.0,Kadoma,KADOMA USD DIESEL,168.682432,249.65
2025-09-23,114.0,Kadoma,KADOMA USD PETROL,55.426666,82.0353
2025-09-23,121.0,Gweru,DIESEL LITRES,370.0,370.0
2025-09-23,121.0,Gweru,GWERU USD DIESEL,1148.628379,1699.97
2025-09-23,121.0,Gweru,GWERU USD PETROL,442.393332,662.2566
2025-09-23,123.0,Fife Street,DIESEL LITRES,85.02,85.02
2025-09-23,123.0,Fife Street,FIFE USD DIESEL,727.376711,1059.47
2025-09-23,123.0,Fife Street,FIFE USD PETROL,240.086667,360.13
2025-09-23,125.0,Fort Street,DIESEL LITRES,32.64,32.64
2025-09-23,125.0,Fort Street,FORT USD DIESEL,595.972791,876.08
2025-09-23,125.0,Fort Street,FORT USD PETROL,175.533334,263.3
2025-09-23,127.0,Mpopoma,MPOPOMA USD DIESEL,420.17687,605.0547
2025-09-23,127.0,Mpopoma,MPOPOMA USD PETROL,522.413333,768.0976
2025-09-23,129.0,Khami,KHAMI USD DIESEL,866.061224,1267.7098
2025-09-23,129.0,Khami,KHAMI USD PETROL,58.333333,87.5
2025-09-23,131.0,R Mugabe,R MUGABE USD DIESEL,114.92,172.38
2025-09-23,131.0,R Mugabe,R MUGABE USD PETROL,82.24342,125.01
2025-09-23,135.0,Cripps,CRIPPS DIESEL USD,1139.506847,1652.6623
2025-09-23,135.0,Cripps,CRIPPS PETROL USD,566.898648,839.01
2025-09-23,135.0,Cripps,DIESEL LITRES,243.0,243.0
2025-09-23,135.0,Cripps,PETROL LITRES,746.17,746.17
2025-09-23,140.0,Mutare Second Street,MUTARE SECOND USD DIESEL,157.219178,226.59
2025-09-23,140.0,Mutare Second Street,MUTARE SECOND USD PETROL,19.0,28.12
2025-09-23,141.0,Troutbeck,TROUTBECK USD DIESEL,74.666667,110.2667
2025-09-23,144.0,Bessemer,DIESEL LITRES,65.5,65.5
2025-09-23,145.0,Sunway City,DIESEL LITRES,10.0,10.0
2025-09-23,145.0,Sunway City,PETROL LITRES,49.02,49.02
2025-09-23,145.0,Sunway City,SUNWAY USD DIESEL,350.926666,523.7233
2025-09-23,145.0,Sunway City,SUNWAY USD PETROL,81.589404,123.2
2025-09-23,146.0,Banket,BANKET USD DIESEL,36.666667,55.0
2025-09-23,146.0,Banket,DIESEL LITRES,69.52,69.52
2025-09-23,147.0,Chinhoyi Main,CHINHOYI BULK DIESEL USD,900.0,1323.0
2025-09-23,147.0,Chinhoyi Main,CHINHOYI MAIN USD DIESEL,63.333333,95.0
2025-09-23,147.0,Chinhoyi Main,CHINHOYI MAIN USD PETROL,52.313725,80.04
2025-09-23,148.0,Chegutu,CHEGUTU USD DIESEL,26.845638,40.0
2025-09-23,149.0,Turnpike,DIESEL LITRES,52.0,52.0
2025-09-23,149.0,Turnpike,TURNPIKE USD DIESEL,76.666667,112.1667
2025-09-23,149.0,Turnpike,TURNPIKE USD PETROL,71.052631,106.6842
2025-09-23,150.0,Mutare One Stop,DIESEL LITRES,286.0,286.0
2025-09-23,150.0,Mutare One Stop,MUTARE ONE STOP DIESEL,366.712329,535.4
2025-09-23,157.0,Hatfield,HATFIELD USD PETROL,6.711409,10.0
2025-09-23,159.0,Gwanda ,GWANDA USD DIESEL,182.467532,281.0
2025-09-23,167.0,Munch & Move,MUNCH & MOVE - SALES,138.2,138.2
2025-09-24,,,,,125974.99
2025-09-24,82.0,Runiville,DIESEL LITRES,448.91,448.91
2025-09-24,82.0,Runiville,PETROL LITRES,164.14,164.14
2025-09-24,82.0,Runiville,RUN-QUARTZ 3000 SG 20W50 500ML,2.0,6.0
2025-09-24,82.0,Runiville,RUNIVILLE BULK DIESEL USD,872.472603,1273.81
2025-09-24,82.0,Runiville,RUNIVILLE USD DIESEL,1149.087246,1690.4732
2025-09-24,82.0,Runiville,RUNIVILLE USD PETROL,772.138157,1168.7474
2025-09-24,84.0,Avondale,AVONDALE USD DIESEL,1660.891894,2435.1158
2025-09-24,84.0,Avondale,AVONDALE USD PETROL,1206.246664,1800.4875
2025-09-24,84.0,Avondale,DIESEL LITRES,445.93,445.93
2025-09-24,84.0,Avondale,PETROL LITRES,188.82,188.82
2025-09-24,86.0,Charter,CHARTER USD DIESEL,862.16216,1271.777
2025-09-24,86.0,Charter,CHARTER USD PETROL,541.813333,812.72
2025-09-24,86.0,Charter,DIESEL LITRES,30.0,30.0
2025-09-24,86.0,Charter,PETROL LITRES,35.0,35.0
2025-09-24,88.0,Seke,SEKE USD DIESEL,544.216216,795.5704
2025-09-24,88.0,Seke,SEKE USD PETROL,20.0,29.0
2025-09-24,92.0,Msasa,DIESEL LITRES,227.0,227.0
2025-09-24,92.0,Msasa,MSASA BULK DIESEL,271.081081,401.2
2025-09-24,92.0,Msasa,MSASA USD DIESEL,892.522878,1365.56
2025-09-24,92.0,Msasa,MSASA USD PETROL,631.045454,969.2255
2025-09-24,92.0,Msasa,PETROL LITRES,189.0,189.0
2025-09-24,96.0,Samora,PETROL LITRES,82.74,82.74
2025-09-24,96.0,Samora,SAMORA USD DIESEL,254.94702,377.5971
2025-09-24,96.0,Samora,SAMORA USD PETROL,559.735099,840.5128
2025-09-24,98.0,Roadport,DIESEL LITRES,253.95,253.95
2025-09-24,98.0,Roadport,PETROL LITRES,135.0,135.0
2025-09-24,98.0,Roadport,ROADPORT USD DIESEL,980.769739,1481.1915
2025-09-24,98.0,Roadport,ROAPORT USD PETROL,626.162335,958.139
2025-09-24,102.0,Kirkman,DIESEL LITRES,585.25,585.25
2025-09-24,102.0,Kirkman,KIRKMAN USD DIESEL,480.986578,698.8848
2025-09-24,102.0,Kirkman,KIRKMAN USD PETROL,167.263157,249.3763
2025-09-24,102.0,Kirkman,PETROL LITRES,55.0,55.0
2025-09-24,110.0,Mutare Green Market,DIESEL LITRES,264.0,264.0
2025-09-24,110.0,Mutare Green Market,MUTARE GREENMARKET USD DIESEL,20.0,29.2
2025-09-24,112.0,Marondera,DIESEL LITRES,139.76,139.76
2025-09-24,112.0,Marondera,MARONDERA USD DIESEL,557.619047,819.7
2025-09-24,112.0,Marondera,MARONDERA USD PETROL,248.854304,373.8455
2025-09-24,114.0,Kadoma,DIESEL LITRES,50.3,50.3
2025-09-24,114.0,Kadoma,KADOMA USD DIESEL,140.0,205.2
2025-09-24,114.0,Kadoma,KADOMA USD PETROL,65.0,96.75
2025-09-24,121.0,Gweru,DIESEL LITRES,340.0,340.0
2025-09-24,121.0,Gweru,GWERU BULK DIESEL USD,342.465753,500.0
2025-09-24,121.0,Gweru,GWERU USD DIESEL,307.837838,455.6
2025-09-24,121.0,Gweru,GWERU USD PETROL,20.0,30.0
2025-09-24,123.0,Fife Street,DIESEL LITRES,333.27,333.27
2025-09-24,123.0,Fife Street,FIFE USD DIESEL,430.294521,628.23
2025-09-24,123.0,Fife Street,FIFE USD PETROL,224.36,335.54
2025-09-24,123.0,Fife Street,PETROL LITRES,60.0,60.0
2025-09-24,125.0,Fort Street,DIESEL LITRES,300.0,300.0
2025-09-24,125.0,Fort Street,FORT USD DIESEL,861.462585,1266.35
2025-09-24,125.0,Fort Street,FORT USD PETROL,211.866666,317.8
2025-09-24,127.0,Mpopoma,MPOPOMA USD DIESEL,271.972789,397.3969
2025-09-24,127.0,Mpopoma,MPOPOMA USD PETROL,176.126666,258.9062
2025-09-24,129.0,Khami,KHAMI USD DIESEL,234.210885,338.8902
2025-09-24,129.0,Khami,KHAMI USD PETROL,20.0,30.0
2025-09-24,131.0,,,,93.7
2025-09-24,131.0,R Mugabe,PETROL LITRES,25.0,25.0
2025-09-24,131.0,R Mugabe,R MUGABE USD DIESEL,241.386666,362.08
2025-09-24,131.0,R Mugabe,R MUGABE USD PETROL,91.31579,138.8
2025-09-24,135.0,Cripps,CRIPPS DIESEL USD,576.691782,829.5033
2025-09-24,135.0,Cripps,CRIPPS PETROL USD,614.581082,909.58
2025-09-24,135.0,Cripps,DIESEL LITRES,563.89,563.89
2025-09-24,135.0,Cripps,PETROL LITRES,142.38,142.38
2025-09-24,140.0,Mutare Second Street,MUTARE SECOND USD DIESEL,28.082192,41.0
2025-09-24,141.0,Troutbeck,TROUTBECK USD DIESEL,1458.0,2122.1
2025-09-24,144.0,Bessemer,BESSEMER USD PETROL,8.275862,11.5862
2025-09-24,145.0,Sunway City,PETROL LITRES,56.43,56.43
2025-09-24,145.0,Sunway City,SUNWAY USD DIESEL,512.566667,767.05
2025-09-24,145.0,Sunway City,SUNWAY USD PETROL,109.754967,164.0409
2025-09-24,146.0,Banket,BANKET BULK DIESEL USD,3610.0,5270.6
2025-09-24,146.0,Banket,BANKET USD PETROL,99.605263,151.4
2025-09-24,146.0,Banket,DIESEL LITRES,128.92,128.92
2025-09-24,147.0,Chinhoyi Main,CHINHOYI BULK DIESEL USD,300.0,441.0
2025-09-24,147.0,Chinhoyi Main,CHINHOYI MAIN USD DIESEL,274.0,410.5
2025-09-24,147.0,Chinhoyi Main,CHINHOYI MAIN USD PETROL,30.915033,47.3
2025-09-24,148.0,Chegutu,CHEGUTU USD DIESEL,15.416107,22.97
2025-09-24,148.0,Chegutu,DIESEL LITRES,64.0,64.0
2025-09-24,149.0,Turnpike,DIESEL LITRES,600.0,600.0
2025-09-24,149.0,Turnpike,TURNPIKE USD DIESEL,140.666667,211.0
2025-09-24,149.0,Turnpike,TURNPIKE USD PETROL,55.263158,82.75
2025-09-24,150.0,Mutare One Stop,MUTARE ONE STOP DIESEL,467.534246,682.6
2025-09-24,150.0,Mutare One Stop,MUTARE ONE STOP PETROL,16.216216,24.0
2025-09-24,157.0,Hatfield,HATFIELD USD PETROL,41.510067,61.85
2025-09-24,159.0,Gwanda ,GWANDA USD DIESEL,50.0,77.0
2025-09-24,167.0,Munch & Move,MUNCH & MOVE - SALES,156.66,156.66
2025-09-25,,,,,99815.1
2025-09-25,82.0,Runiville,DIESEL LITRES,329.68,329.68
2025-09-25,82.0,Runiville,PETROL LITRES,475.03,475.03
2025-09-25,82.0,Runiville,RUNIVILLE BULK DIESEL USD,574.945206,839.42
2025-09-25,82.0,Runiville,RUNIVILLE USD DIESEL,1351.308725,1979.7721
2025-09-25,82.0,Runiville,RUNIVILLE USD PETROL,950.401315,1438.2617
2025-09-25,84.0,Avondale,AVONDALE USD DIESEL,1602.655402,2340.1497
2025-09-25,84.0,Avondale,AVONDALE USD PETROL,1120.073333,1667.5746
2025-09-25,84.0,Avondale,DIESEL LITRES,330.0,330.0
2025-09-25,84.0,Avondale,PETROL LITRES,302.29,302.29
2025-09-25,86.0,Charter,CHARTER USD DIESEL,669.000001,986.2646
2025-09-25,86.0,Charter,CHARTER USD PETROL,302.973332,452.96
2025-09-25,86.0,Charter,PETROL LITRES,75.0,75.0
2025-09-25,88.0,Seke,DIESEL LITRES,250.0,250.0
2025-09-25,88.0,Seke,SEKE USD PETROL,104.839999,153.4813
2025-09-25,92.0,Msasa,DIESEL LITRES,363.0,363.0
2025-09-25,92.0,Msasa,MSASA BULK DIESEL,374.72973,554.6
2025-09-25,92.0,Msasa,MSASA USD DIESEL,1237.562092,1879.8139
2025-09-25,92.0,Msasa,MSASA USD PETROL,488.461036,752.23
2025-09-25,92.0,Msasa,PETROL LITRES,102.14,102.14
2025-09-25,96.0,Samora,SAMORA USD DIESEL,200.867549,295.9157
2025-09-25,96.0,Samora,SAMORA USD PETROL,459.794702,684.4132
2025-09-25,98.0,Roadport,DIESEL LITRES,842.58,842.58
2025-09-25,98.0,Roadport,PETROL LITRES,132.31,132.31
2025-09-25,98.0,Roadport,ROADPORT USD DIESEL,1172.559215,1781.29
2025-09-25,98.0,Roadport,ROADPORT USD DIESEL BUS,202.702703,300.0
2025-09-25,98.0,Roadport,ROAPORT USD PETROL,530.058438,809.4455
2025-09-25,102.0,Kirkman,DIESEL COUPON,800.0,800.0
2025-09-25,102.0,Kirkman,DIESEL LITRES,560.0,560.0
2025-09-25,102.0,Kirkman,KIRKMAN USD DIESEL,766.087249,1139.9197
2025-09-25,102.0,Kirkman,KIRKMAN USD PETROL,370.407894,559.1884
2025-09-25,110.0,Mutare Green Market,DIESEL LITRES,50.0,50.0
2025-09-25,110.0,Mutare Green Market,MUTARE GREEN MARKET BULK DIESEL,400.0,568.0
2025-09-25,110.0,Mutare Green Market,MUTARE GREENMARKET USD DIESEL,40.0,58.4
2025-09-25,110.0,Mutare Green Market,MUTARE GREENMARKET USD PETROL,30.0,44.4
2025-09-25,112.0,Marondera,DIESEL LITRES,278.08,278.08
2025-09-25,112.0,Marondera,MARONDERA USD DIESEL,278.231292,409.0
2025-09-25,112.0,Marondera,MARONDERA USD PETROL,6.622517,10.0
2025-09-25,114.0,Kadoma,KADOMA USD DIESEL,65.0,96.2
2025-09-25,121.0,Gweru,DIESEL LITRES,355.0,355.0
2025-09-25,121.0,Gweru,GWERU USD DIESEL,772.432432,1143.2
2025-09-25,121.0,Gweru,GWERU USD PETROL,250.533332,371.9096
2025-09-25,123.0,Fife Street,DIESEL LITRES,36.0,36.0
2025-09-25,123.0,Fife Street,FIFE USD DIESEL,1378.664382,1998.0297
2025-09-25,123.0,Fife Street,FIFE USD PETROL,294.453332,439.869
2025-09-25,123.0,Fife Street,PETROL LITRES,40.0,40.0
2025-09-25,125.0,Fort Street,DIESEL LITRES,180.0,180.0
2025-09-25,125.0,Fort Street,FORT USD DIESEL,957.29932,1407.23
2025-09-25,125.0,Fort Street,FORT USD PETROL,166.846667,250.27
2025-09-25,127.0,Mpopoma,MPOPOMA USD DIESEL,351.925169,508.609
2025-09-25,127.0,Mpopoma,MPOPOMA USD PETROL,175.08,257.6886
2025-09-25,129.0,Khami,KHAMI USD DIESEL,455.0,660.75
2025-09-25,129.0,Khami,KHAMI USD PETROL,107.333334,161.0
2025-09-25,131.0,R Mugabe,DIESEL LITRES,67.02,67.02
2025-09-25,131.0,R Mugabe,R MUGABE USD DIESEL,249.393333,374.09
2025-09-25,131.0,R Mugabe,R MUGABE USD PETROL,119.453948,179.3012
2025-09-25,135.0,Cripps,CRIPPS DIESEL USD,2232.773973,3254.5761
2025-09-25,135.0,Cripps,CRIPPS PETROL USD,639.391893,946.3
2025-09-25,135.0,Cripps,DIESEL LITRES,233.05,233.05
2025-09-25,135.0,Cripps,PETROL LITRES,199.54,199.54
2025-09-25,140.0,Mutare Second Street,DIESEL LITRES,17.0,17.0
2025-09-25,140.0,Mutare Second Street,MUTARE SECOND USD DIESEL,172.876713,252.4
2025-09-25,141.0,Troutbeck,DIESEL LITRES,850.0,850.0
2025-09-25,141.0,Troutbeck,PETROL LITRES,200.0,200.0
2025-09-25,141.0,Troutbeck,TROUTBECK USD DIESEL,159.2,233.15
2025-09-25,141.0,Troutbeck,TROUTBECK USD PETROL,20.0,30.8
2025-09-25,144.0,Bessemer,BESSEMER USD DIESEL,70.422535,100.0
2025-09-25,145.0,Sunway City,DIESEL LITRES,60.0,60.0
2025-09-25,145.0,Sunway City,PETROL LITRES,56.0,56.0
2025-09-25,145.0,Sunway City,SUNWAY USD DIESEL,358.400001,536.2667
2025-09-25,145.0,Sunway City,SUNWAY USD PETROL,252.384107,378.1109
2025-09-25,146.0,Banket,BANKET BULK DIESEL USD,1396.191781,2038.44
2025-09-25,146.0,Banket,BANKET USD DIESEL,60.0,90.0
2025-09-25,146.0,Banket,DIESEL LITRES,120.0,120.0
2025-09-25,147.0,Chinhoyi Main,CHINHOYI BULK DIESEL USD,402.040816,591.0
2025-09-25,147.0,Chinhoyi Main,CHINHOYI MAIN USD DIESEL,385.633333,573.5233
2025-09-25,147.0,Chinhoyi Main,CHINHOYI MAIN USD PETROL,60.784314,93.0
2025-09-25,148.0,Chegutu,CHEGUTU BULK DIESEL USD,100.680272,148.0
2025-09-25,148.0,Chegutu,CHEGUTU USD DIESEL,295.973154,441.0
2025-09-25,148.0,Chegutu,DIESEL LITRES,145.0,145.0
2025-09-25,149.0,Turnpike,DIESEL LITRES,115.0,115.0
2025-09-25,149.0,Turnpike,TURNPIKE USD DIESEL,212.706666,319.06
2025-09-25,150.0,Mutare One Stop,DIESEL LITRES,71.0,71.0
2025-09-25,150.0,Mutare One Stop,MUTARE ONE STOP DIESEL,41.780822,61.0
2025-09-25,150.0,Mutare One Stop,MUTARE ONE STOP PETROL,72.290541,106.99
2025-09-25,157.0,Hatfield,HATFIELD USD DIESEL,61.375839,91.45
2025-09-25,167.0,Munch & Move,MUNCH & MOVE - SALES,40.87,40.87
2025-09-26,,,,,105002.7
2025-09-26,82.0,Runiville,DIESEL LITRES,370.0,370.0
2025-09-26,82.0,Runiville,PETROL LITRES,492.0,492.0
2025-09-26,82.0,Runiville,RUNIVILLE BULK DIESEL USD,1022.547946,1492.92
2025-09-26,82.0,Runiville,RUNIVILLE USD DIESEL,1451.798658,2135.8353
2025-09-26,82.0,Runiville,RUNIVILLE USD PETROL,839.289474,1270.4391
2025-09-26,84.0,Avondale,AVONDALE USD DIESEL,1632.439188,2410.2771
2025-09-26,84.0,Avondale,AVONDALE USD PETROL,1189.106665,1768.7967
2025-09-26,84.0,Avondale,DIESEL LITRES,145.52,145.52
2025-09-26,84.0,Avondale,PETROL LITRES,164.15,164.15
2025-09-26,86.0,Charter,CHARTER USD DIESEL,501.520268,733.5929
2025-09-26,86.0,Charter,CHARTER USD PETROL,241.419999,362.13
2025-09-26,86.0,Charter,DIESEL LITRES,61.29,61.29
2025-09-26,86.0,Charter,PETROL LITRES,20.0,20.0
2025-09-26,88.0,Seke,PETROL LITRES,20.0,20.0
2025-09-26,88.0,Seke,SEKE USD DIESEL,285.027027,412.7486
2025-09-26,88.0,Seke,SEKE USD PETROL,86.973333,128.8233
2025-09-26,92.0,Msasa,DIESEL LITRES,1093.28,1093.28
2025-09-26,92.0,Msasa,MSASA BULK DIESEL,164.898649,244.05
2025-09-26,92.0,Msasa,MSASA USD DIESEL,961.307189,1467.532
2025-09-26,92.0,Msasa,MSASA USD PETROL,363.668829,558.9136
2025-09-26,92.0,Msasa,PETROL LITRES,788.1,788.1
2025-09-26,96.0,Samora,DIESEL LITRES,440.0,440.0
2025-09-26,96.0,Samora,PETROL LITRES,70.0,70.0
2025-09-26,96.0,Samora,SAMORA USD DIESEL,481.549669,723.8089
2025-09-26,96.0,Samora,SAMORA USD PETROL,498.86755,746.6298
2025-09-26,98.0,Roadport,DIESEL LITRES,213.78,213.78
2025-09-26,98.0,Roadport,PETROL LITRES,40.0,40.0
2025-09-26,98.0,Roadport,ROADPORT USD DIESEL,791.631582,1195.2339
2025-09-26,98.0,Roadport,ROAPORT USD PETROL,641.935063,986.0053
2025-09-26,102.0,Kirkman,DIESEL COUPON,800.0,800.0
2025-09-26,102.0,Kirkman,DIESEL LITRES,720.0,720.0
2025-09-26,102.0,Kirkman,KIRKMAN USD DIESEL,685.718121,1017.9432
2025-09-26,102.0,Kirkman,KIRKMAN USD PETROL,467.631578,708.1684
2025-09-26,102.0,Kirkman,PETROL LITRES,100.51,100.51
2025-09-26,110.0,Mutare Green Market,DIESEL LITRES,90.0,90.0
2025-09-26,110.0,Mutare Green Market,MUTARE GREENMARKET USD DIESEL,80.10274,116.95
2025-09-26,112.0,Marondera,MARONDERA USD DIESEL,424.619047,624.19
2025-09-26,112.0,Marondera,MARONDERA USD PETROL,115.172186,171.6729
2025-09-26,114.0,Kadoma,KADOMA USD DIESEL,199.810811,285.7295
2025-09-26,121.0,Gweru,DIESEL LITRES,140.0,140.0
2025-09-26,121.0,Gweru,GWERU BULK DIESEL USD,674.931507,985.4
2025-09-26,121.0,Gweru,GWERU USD DIESEL,377.195947,558.25
2025-09-26,121.0,Gweru,GWERU USD PETROL,86.113333,129.17
2025-09-26,123.0,Fife Street,FIFE USD DIESEL,1048.856164,1531.33
2025-09-26,123.0,Fife Street,FIFE USD PETROL,537.033332,802.934
2025-09-26,123.0,Fife Street,PETROL LITRES,37.29,37.29
2025-09-26,125.0,,,,89.7
2025-09-26,125.0,Fort Street,FORT USD DIESEL,636.734694,936.0
2025-09-26,125.0,Fort Street,FORT USD PETROL,320.140001,480.21
2025-09-26,125.0,Fort Street,PETROL LITRES,20.0,20.0
2025-09-26,127.0,Mpopoma,MPOPOMA USD DIESEL,328.741496,480.2459
2025-09-26,127.0,Mpopoma,MPOPOMA USD PETROL,110.76,163.7672
2025-09-26,129.0,Khami,KHAMI USD DIESEL,115.204082,166.35
2025-09-26,129.0,Khami,KHAMI USD PETROL,132.766667,199.15
2025-09-26,131.0,R Mugabe,DIESEL LITRES,45.0,45.0
2025-09-26,131.0,R Mugabe,PETROL LITRES,70.0,70.0
2025-09-26,131.0,R Mugabe,R MUGABE USD DIESEL,172.073333,258.11
2025-09-26,131.0,R Mugabe,R MUGABE USD PETROL,47.894737,72.8
2025-09-26,135.0,Cripps,CRIPPS DIESEL USD,1453.609588,2097.1901
2025-09-26,135.0,Cripps,CRIPPS PETROL USD,1298.547296,1921.85
2025-09-26,135.0,Cripps,DIESEL LITRES,806.1,806.1
2025-09-26,135.0,Cripps,PETROL LITRES,161.87,161.87
2025-09-26,140.0,Mutare Second Street,DIESEL LITRES,40.0,40.0
2025-09-26,140.0,Mutare Second Street,MUTARE SECOND USD DIESEL,86.30137,126.0
2025-09-26,141.0,Troutbeck,TROUTBECK USD PETROL,10.0,15.4
2025-09-26,144.0,Bessemer,BESSEMER USD DIESEL,123.239436,175.0
2025-09-26,145.0,Sunway City,DIESEL LITRES,40.0,40.0
2025-09-26,145.0,Sunway City,SUNWAY USD DIESEL,506.066667,756.7967
2025-09-26,145.0,Sunway City,SUNWAY USD PETROL,225.880794,341.08
2025-09-26,146.0,,,,1168.02
2025-09-26,146.0,Banket,BANKET BULK DIESEL USD,1600.027398,2336.04
2025-09-26,146.0,Banket,BANKET USD DIESEL,30.0,45.0
2025-09-26,146.0,Banket,BANKET USD PETROL,82.894737,126.0
2025-09-26,147.0,Chinhoyi Main,CHINHOYI BULK DIESEL USD,1354.217687,1990.7
2025-09-26,147.0,Chinhoyi Main,CHINHOYI MAIN USD DIESEL,130.0,195.0
2025-09-26,147.0,Chinhoyi Main,CHINHOYI MAIN USD PETROL,102.816993,157.31
2025-09-26,148.0,Chegutu,CHEGUTU USD DIESEL,40.268456,60.0
2025-09-26,148.0,Chegutu,DIESEL LITRES,20.0,20.0
2025-09-26,149.0,Turnpike,TURNPIKE USD DIESEL,18.333333,27.5
2025-09-26,149.0,Turnpike,TURNPIKE USD PETROL,59.105263,88.5097
2025-09-26,150.0,Mutare One Stop,DIESEL LITRES,110.55,110.55
2025-09-26,150.0,Mutare One Stop,MUTARE ONE STOP DIESEL,272.191781,397.4
2025-09-26,150.0,Mutare One Stop,MUTARE ONE STOP PETROL,58.108108,86.0
2025-09-26,157.0,Hatfield,HATFIELD USD PETROL,34.899329,52.0
2025-09-26,159.0,Gwanda ,GWANDA BULK USD DIESEL ,133.333333,200.0
2025-09-26,167.0,Munch & Move,MUNCH & MOVE - SALES,16.61,16.61
2025-09-27,,,,,13334.4
2025-09-27,82.0,Runiville,DIESEL LITRES,116.27,116.27
2025-09-27,82.0,Runiville,PETROL LITRES,42.01,42.01
2025-09-27,82.0,Runiville,RUNIVILLE BULK DIESEL USD,633.191781,924.46
2025-09-27,82.0,Runiville,RUNIVILLE USD DIESEL,1600.261746,2344.7466
2025-09-27,82.0,Runiville,RUNIVILLE USD PETROL,207.046053,312.7534
2025-09-27,84.0,Avondale,AVONDALE USD DIESEL,1711.939191,2505.1612
2025-09-27,84.0,Avondale,AVONDALE USD PETROL,814.706662,1217.5975
2025-09-27,84.0,Avondale,DIESEL LITRES,349.77,349.77
2025-09-27,84.0,Avondale,PETROL LITRES,165.6,165.6
2025-09-27,86.0,Charter,CHARTER USD DIESEL,286.27027,414.5895
2025-09-27,86.0,Charter,CHARTER USD PETROL,225.053334,335.58
2025-09-27,86.0,Charter,DIESEL LITRES,37.05,37.05
2025-09-27,88.0,Seke,SEKE USD DIESEL,208.810811,302.7481
2025-09-27,88.0,Seke,SEKE USD PETROL,51.08,75.62
2025-09-27,92.0,Msasa,DIESEL LITRES,143.12,143.12
2025-09-27,92.0,Msasa,MSASA BULK DIESEL,202.702703,300.0
2025-09-27,92.0,Msasa,MSASA USD DIESEL,454.104575,690.9787
2025-09-27,92.0,Msasa,MSASA USD PETROL,321.415583,491.7735
2025-09-27,92.0,Msasa,PETROL LITRES,112.64,112.64
2025-09-27,96.0,Samora,SAMORA USD DIESEL,204.34437,307.8977
2025-09-27,96.0,Samora,SAMORA USD PETROL,178.682119,268.0232
2025-09-27,98.0,Roadport,DIESEL LITRES,197.46,197.46
2025-09-27,98.0,Roadport,PETROL LITRES,191.99,191.99
2025-09-27,98.0,Roadport,ROADPORT USD DIESEL,418.480265,628.0789
2025-09-27,98.0,Roadport,ROAPORT USD PETROL,255.194804,387.2662
2025-09-27,102.0,Kirkman,DIESEL LITRES,469.24,469.24
2025-09-27,102.0,Kirkman,KIRKMAN USD DIESEL,181.087248,263.3512
2025-09-27,102.0,Kirkman,KIRKMAN USD PETROL,328.585527,494.9717
2025-09-27,102.0,Kirkman,PETROL LITRES,25.0,25.0
2025-09-27,110.0,Mutare Green Market,DIESEL LITRES,43.84,43.84
2025-09-27,110.0,Mutare Green Market,MUTARE GREENMARKET USD DIESEL,56.89726,83.07
2025-09-27,110.0,Mutare Green Market,MUTARE GREENMARKET USD PETROL,33.783784,50.0
2025-09-27,112.0,Marondera,MARONDERA USD DIESEL,1002.040817,1469.402
2025-09-27,112.0,Marondera,MARONDERA USD PETROL,33.245033,50.2
2025-09-27,114.0,Kadoma,DIESEL LITRES,100.0,100.0
2025-09-27,114.0,Kadoma,KADOMA USD DIESEL,10.0,14.8
2025-09-27,121.0,Gweru,DIESEL LITRES,50.0,50.0
2025-09-27,121.0,Gweru,GWERU USD DIESEL,239.864865,355.0
2025-09-27,121.0,Gweru,GWERU USD PETROL,193.34,289.1767
2025-09-27,123.0,Fife Street,DIESEL LITRES,32.0,32.0
2025-09-27,123.0,Fife Street,FIFE USD DIESEL,483.938356,703.9815
2025-09-27,123.0,Fife Street,FIFE USD PETROL,188.533334,282.8
2025-09-27,125.0,Fort Street,FORT USD DIESEL,437.517007,643.15
2025-09-27,125.0,Fort Street,FORT USD PETROL,269.033333,403.55
2025-09-27,125.0,Fort Street,PETROL LITRES,60.0,60.0
2025-09-27,127.0,Mpopoma,MPOPOMA USD DIESEL,459.129252,663.0779
2025-09-27,127.0,Mpopoma,MPOPOMA USD PETROL,118.72,174.6684
2025-09-27,129.0,Khami,KHAMI USD PETROL,47.866667,71.5
2025-09-27,131.0,R Mugabe,R MUGABE USD DIESEL,311.853333,464.938
2025-09-27,131.0,R Mugabe,R MUGABE USD PETROL,69.394737,105.48
2025-09-27,135.0,Cripps,CRIPPS DIESEL USD,1897.664383,2748.6568
2025-09-27,135.0,Cripps,CRIPPS PETROL USD,258.567568,381.0422
2025-09-27,135.0,Cripps,DIESEL LITRES,312.0,312.0
2025-09-27,135.0,Cripps,PETROL LITRES,344.15,344.15
2025-09-27,140.0,Mutare Second Street,MUTARE SECOND USD BULK DIESEL,2210.007042,3138.21
2025-09-27,140.0,Mutare Second Street,MUTARE SECOND USD DIESEL,240.0,350.4
2025-09-27,140.0,Mutare Second Street,PETROL LITRES,60.0,60.0
2025-09-27,141.0,Troutbeck,DIESEL LITRES,19.0,19.0
2025-09-27,141.0,Troutbeck,PETROL LITRES,250.0,250.0
2025-09-27,144.0,Bessemer,BESSEMER USD DIESEL,70.0,99.4
2025-09-27,145.0,Sunway City,DIESEL LITRES,40.0,40.0
2025-09-27,145.0,Sunway City,PETROL LITRES,52.31,52.31
2025-09-27,145.0,Sunway City,SUNWAY USD DIESEL,151.0,223.96
2025-09-27,145.0,Sunway City,SUNWAY USD PETROL,44.350993,66.97
2025-09-27,146.0,Banket,BANKET USD DIESEL,105.333333,158.0
2025-09-27,146.0,Banket,BANKET USD PETROL,15.0,22.8
2025-09-27,147.0,Chinhoyi Main,CHINHOYI BULK DIESEL USD,350.0,514.5
2025-09-27,147.0,Chinhoyi Main,CHINHOYI MAIN USD DIESEL,304.333333,456.5
2025-09-27,147.0,Chinhoyi Main,CHINHOYI MAIN USD PETROL,94.117647,144.0
2025-09-27,148.0,Chegutu,CHEGUTU USD DIESEL,55.033557,82.0
2025-09-27,148.0,Chegutu,DIESEL LITRES,50.0,50.0
2025-09-27,149.0,Turnpike,DIESEL LITRES,611.31,611.31
2025-09-27,149.0,Turnpike,TURNPIKE USD DIESEL,86.666666,130.0
2025-09-27,149.0,Turnpike,TURNPIKE USD PETROL,28.802632,42.3399
2025-09-27,150.0,Mutare One Stop,MUTARE ONE STOP DIESEL,203.150685,295.2301
2025-09-28,,,,,8174.18
2025-09-28,82.0,Runiville,DIESEL LITRES,86.01,86.01
2025-09-28,82.0,Runiville,RUNIVILLE BULK DIESEL USD,856.164384,1250.0
2025-09-28,82.0,Runiville,RUNIVILLE USD DIESEL,947.37584,1396.5441
2025-09-28,82.0,Runiville,RUNIVILLE USD PETROL,717.63158,1086.5838
2025-09-28,84.0,Avondale,AVONDALE USD DIESEL,856.114865,1242.7665
2025-09-28,84.0,Avondale,AVONDALE USD PETROL,733.519998,1092.783
2025-09-28,84.0,Avondale,DIESEL LITRES,1116.36,1116.36
2025-09-28,84.0,Avondale,PETROL LITRES,121.52,121.52
2025-09-28,86.0,Charter,CHARTER USD DIESEL,13.513513,19.3243
2025-09-28,86.0,Charter,CHARTER USD PETROL,35.0,50.75
2025-09-28,86.0,Charter,DIESEL LITRES,220.0,220.0
2025-09-28,86.0,Charter,PETROL LITRES,19.61,19.61
2025-09-28,88.0,Seke,SEKE USD DIESEL,50.675676,74.1554
2025-09-28,88.0,Seke,SEKE USD PETROL,26.666667,38.6667
2025-09-28,92.0,Msasa,DIESEL LITRES,364.77,364.77
2025-09-28,92.0,Msasa,MSASA BULK DIESEL,322.972973,478.0
2025-09-28,92.0,Msasa,MSASA USD DIESEL,408.274511,622.0783
2025-09-28,92.0,Msasa,MSASA USD PETROL,125.805195,191.9189
2025-09-28,92.0,Msasa,PETROL LITRES,10.0,10.0
2025-09-28,96.0,Samora,PETROL LITRES,68.64,68.64
2025-09-28,96.0,Samora,SAMORA USD DIESEL,225.192053,331.9592
2025-09-28,96.0,Samora,SAMORA USD PETROL,408.7351,613.5476
2025-09-28,98.0,Roadport,DIESEL LITRES,431.0,431.0
2025-09-28,98.0,Roadport,PETROL LITRES,90.0,90.0
2025-09-28,98.0,Roadport,ROADPORT USD DIESEL,602.151318,908.9871
2025-09-28,98.0,Roadport,ROAPORT USD PETROL,130.551948,197.1678
2025-09-28,102.0,Kirkman,DIESEL LITRES,1086.0,1086.0
2025-09-28,102.0,Kirkman,KIRKMAN USD DIESEL,265.389262,394.2773
2025-09-28,102.0,Kirkman,KIRKMAN USD PETROL,364.078948,547.4105
2025-09-28,102.0,Kirkman,PETROL LITRES,30.0,30.0
2025-09-28,110.0,Mutare Green Market,DIESEL LITRES,30.0,30.0
2025-09-28,112.0,Marondera,MARONDERA USD DIESEL,72.108843,104.7755
2025-09-28,112.0,Marondera,MARONDERA USD PETROL,47.880795,72.3
2025-09-28,112.0,Marondera,PETROL LITRES,43.0,43.0
2025-09-28,114.0,Kadoma,KADOMA USD PETROL,40.0,59.0
2025-09-28,121.0,Gweru,DIESEL LITRES,377.0,377.0
2025-09-28,121.0,Gweru,GWERU BULK DIESEL USD,267.123288,390.0
2025-09-28,121.0,Gweru,GWERU USD DIESEL,141.344595,207.69
2025-09-28,121.0,Gweru,GWERU USD PETROL,49.733333,74.6
2025-09-28,123.0,Fife Street,DIESEL LITRES,302.9,302.9
2025-09-28,123.0,Fife Street,FIFE USD DIESEL,510.849315,745.84
2025-09-28,123.0,Fife Street,FIFE USD PETROL,139.313333,207.3133
2025-09-28,123.0,Fife Street,PETROL LITRES,11.0,11.0
2025-09-28,125.0,Fort Street,DIESEL LITRES,230.0,230.0
2025-09-28,125.0,Fort Street,FORT USD DIESEL,50.0,73.5
2025-09-28,127.0,Mpopoma,MPOPOMA USD DIESEL,384.408163,553.9978
2025-09-28,127.0,Mpopoma,MPOPOMA USD PETROL,136.7,200.949
2025-09-28,127.0,Mpopoma,PETROL LITRES,28.0,28.0
2025-09-28,129.0,Khami,KHAMI USD DIESEL,10.0,14.4
2025-09-28,131.0,R Mugabe,DIESEL LITRES,20.0,20.0
2025-09-28,131.0,R Mugabe,R MUGABE USD DIESEL,74.8,112.2
2025-09-28,131.0,R Mugabe,R MUGABE USD PETROL,68.072368,101.695
2025-09-28,135.0,Cripps,CRIPPS BULK DIESEL USD,358.8,520.26
2025-09-28,135.0,Cripps,CRIPPS PETROL USD,372.621621,551.48
2025-09-28,140.0,Mutare Second Street,MUTARE SECOND USD BULK DIESEL,2608.0,3703.36
2025-09-28,140.0,Mutare Second Street,MUTARE SECOND USD DIESEL,28.630137,41.8
2025-09-28,141.0,Troutbeck,TROUTBECK USD DIESEL,36.0,52.2
2025-09-28,141.0,Troutbeck,TROUTBECK USD PETROL,22.077922,34.0
2025-09-28,145.0,Sunway City,PETROL LITRES,20.0,20.0
2025-09-28,145.0,Sunway City,SUNWAY USD DIESEL,397.04,595.2267
2025-09-28,145.0,Sunway City,SUNWAY USD PETROL,44.966888,67.2377
2025-09-28,146.0,Banket,BANKET USD DIESEL,52.5,78.75
2025-09-28,147.0,Chinhoyi Main,CHINHOYI BULK DIESEL USD,500.0,735.0
2025-09-28,147.0,Chinhoyi Main,CHINHOYI MAIN USD DIESEL,95.0,142.5
2025-09-28,148.0,Chegutu,CHEGUTU USD DIESEL,73.154362,109.0
2025-09-28,148.0,Chegutu,CHEGUTU USD PETROL,58.278146,86.7417
2025-09-28,148.0,Chegutu,DIESEL LITRES,150.0,150.0
2025-09-28,149.0,Turnpike,DIESEL LITRES,350.0,350.0
2025-09-28,149.0,Turnpike,TURNPIKE USD DIESEL,136.433333,201.495
2025-09-28,150.0,Mutare One Stop,MUTARE ONE STOP DIESEL,447.945205,654.0
2025-09-28,150.0,Mutare One Stop,MUTARE ONE STOP PETROL,75.979729,109.777
2025-09-28,157.0,Hatfield,HATFIELD USD DIESEL,77.885906,112.1557
2025-09-29,,,,,161030.78
2025-09-29,82.0,Runiville,DIESEL LITRES,66.01,66.01
2025-09-29,82.0,Runiville,PETROL LITRES,191.28,191.28
2025-09-29,82.0,Runiville,RUNIVILLE BULK DIESEL USD,987.150685,1441.24
2025-09-29,82.0,Runiville,RUNIVILLE USD DIESEL,623.33557,923.77
2025-09-29,82.0,Runiville,RUNIVILLE USD PETROL,554.447367,838.2939
2025-09-29,84.0,Avondale,AVONDALE USD DIESEL,1335.283786,1967.1307
2025-09-29,84.0,Avondale,AVONDALE USD PETROL,1356.042543,2026.1832
2025-09-29,84.0,Avondale,DIESEL LITRES,233.78,233.78
2025-09-29,84.0,Avondale,PETROL LITRES,238.3,238.3
2025-09-29,86.0,Charter,CHARTER USD DIESEL,459.594595,680.2
2025-09-29,86.0,Charter,CHARTER USD PETROL,500.74,750.36
2025-09-29,86.0,Charter,PETROL LITRES,15.0,15.0
2025-09-29,88.0,Seke,DIESEL LITRES,20.0,20.0
2025-09-29,88.0,Seke,PETROL LITRES,71.05,71.05
2025-09-29,88.0,Seke,SEKE USD DIESEL,184.297298,268.65
2025-09-29,88.0,Seke,SEKE USD PETROL,170.853334,254.06
2025-09-29,92.0,Msasa,DIESEL LITRES,179.28,179.28
2025-09-29,92.0,Msasa,MSASA USD DIESEL,1767.320263,2697.0814
2025-09-29,92.0,Msasa,MSASA USD PETROL,1060.655839,1633.41
2025-09-29,92.0,Msasa,PETROL LITRES,440.34,440.34
2025-09-29,96.0,Samora,PETROL LITRES,40.0,40.0
2025-09-29,96.0,Samora,SAMORA USD DIESEL,226.807948,338.6416
2025-09-29,96.0,Samora,SAMORA USD PETROL,156.008191,234.4166
2025-09-29,98.0,Roadport,DIESEL LITRES,600.72,600.72
2025-09-29,98.0,Roadport,PETROL LITRES,200.0,200.0
2025-09-29,98.0,Roadport,ROADPORT USD DIESEL,1320.263158,2000.7171
2025-09-29,98.0,Roadport,ROAPORT USD PETROL,757.305192,1163.0032
2025-09-29,102.0,Kirkman,DIESEL COUPON,140.0,140.0
2025-09-29,102.0,Kirkman,DIESEL LITRES,470.0,470.0
2025-09-29,102.0,Kirkman,KIRKMAN USD DIESEL,301.724832,449.2344
2025-09-29,102.0,Kirkman,KIRKMAN USD PETROL,401.914473,608.5876
2025-09-29,110.0,Mutare Green Market,DIESEL LITRES,40.0,40.0
2025-09-29,110.0,Mutare Green Market,MUTARE GREENMARKET USD DIESEL,238.356164,348.0
2025-09-29,110.0,Mutare Green Market,MUTARE GREENMARKET USD PETROL,56.0,82.88
2025-09-29,112.0,Marondera,DIESEL LITRES,44.0,44.0
2025-09-29,112.0,Marondera,MARONDERA USD DIESEL,503.034014,739.46
2025-09-29,112.0,Marondera,MARONDERA USD PETROL,90.97351,137.37
2025-09-29,112.0,Marondera,PETROL LITRES,67.69,67.69
2025-09-29,114.0,Kadoma,KADOMA USD DIESEL,145.0,214.6
2025-09-29,114.0,Kadoma,KADOMA USD PETROL,47.333333,70.5
2025-09-29,121.0,Gweru,DIESEL LITRES,380.0,380.0
2025-09-29,121.0,Gweru,GWERU USD DIESEL,942.081081,1391.0368
2025-09-29,121.0,Gweru,GWERU USD PETROL,136.866667,205.3
2025-09-29,123.0,Fife Street,DIESEL LITRES,36.0,36.0
2025-09-29,123.0,Fife Street,FIFE USD DIESEL,903.226027,1306.9223
2025-09-29,123.0,Fife Street,FIFE USD PETROL,277.96,414.0203
2025-09-29,125.0,Fort Street,FORT USD DIESEL,362.979592,530.58
2025-09-29,125.0,Fort Street,FORT USD PETROL,336.127718,506.56
2025-09-29,127.0,Mpopoma,MPOPOMA USD DIESEL,437.238097,631.4596
2025-09-29,127.0,Mpopoma,MPOPOMA USD PETROL,426.04,626.2788
2025-09-29,129.0,Khami,KHAMI USD DIESEL,260.0,374.4
2025-09-29,129.0,Khami,KHAMI USD PETROL,188.598234,283.2
2025-09-29,131.0,R Mugabe,DIESEL LITRES,50.0,50.0
2025-09-29,131.0,R Mugabe,PETROL LITRES,15.0,15.0
2025-09-29,131.0,R Mugabe,R MUGABE USD DIESEL,96.453333,144.68
2025-09-29,131.0,R Mugabe,R MUGABE USD PETROL,126.868421,192.84
2025-09-29,135.0,Cripps,CRIPPS DIESEL USD,1421.643836,2067.5622
2025-09-29,135.0,Cripps,CRIPPS PETROL USD,1034.695945,1531.1811
2025-09-29,135.0,Cripps,DIESEL LITRES,176.86,176.86
2025-09-29,135.0,Cripps,PETROL LITRES,570.1,570.1
2025-09-29,140.0,Mutare Second Street,MUTARE SECOND USD BULK DIESEL,1005.0,1427.1
2025-09-29,140.0,Mutare Second Street,MUTARE SECOND USD PETROL,30.405405,45.0
2025-09-29,140.0,Mutare Second Street,PETROL LITRES,40.0,40.0
2025-09-29,141.0,Troutbeck,DIESEL LITRES,60.0,60.0
2025-09-29,141.0,Troutbeck,PETROL LITRES,147.0,147.0
2025-09-29,145.0,Sunway City,DIESEL LITRES,40.0,40.0
2025-09-29,145.0,Sunway City,PETROL LITRES,30.0,30.0
2025-09-29,145.0,Sunway City,SUNWAY USD DIESEL,583.073333,871.4767
2025-09-29,145.0,Sunway City,SUNWAY USD PETROL,119.924452,181.69
2025-09-29,146.0,Banket,BANKET BULK DIESEL USD,120.0,175.2
2025-09-29,147.0,Chinhoyi Main,CHINHOYI BULK DIESEL USD,904.278912,1329.29
2025-09-29,147.0,Chinhoyi Main,CHINHOYI MAIN USD DIESEL,143.333333,215.0
2025-09-29,147.0,Chinhoyi Main,CHINHOYI MAIN USD PETROL,37.660131,57.62
2025-09-29,148.0,Chegutu,CHEGUTU USD DIESEL,100.067113,149.1
2025-09-29,148.0,Chegutu,DIESEL LITRES,80.0,80.0
2025-09-29,149.0,Turnpike,DIESEL LITRES,200.0,200.0
2025-09-29,149.0,Turnpike,TURNPIKE USD DIESEL,43.333333,65.0
2025-09-29,149.0,Turnpike,TURNPIKE USD PETROL,26.315789,38.6842
2025-09-29,150.0,Mutare One Stop,DIESEL LITRES,166.06,166.06
2025-09-29,150.0,Mutare One Stop,MUTARE ONE STOP DIESEL,157.534247,230.0
2025-09-29,157.0,Hatfield,HATFIELD USD PETROL,63.087248,94.0
2025-09-29,167.0,Munch & Move,MUNCH & MOVE - SALES,37.2,37.2
2025-09-30,,,,,155801.05
2025-09-30,82.0,Runiville,DIESEL LITRES,519.76,519.76
2025-09-30,82.0,Runiville,PETROL LITRES,160.0,160.0
2025-09-30,82.0,Runiville,RUNIVILLE BULK DIESEL USD,1113.849314,1626.22
2025-09-30,82.0,Runiville,RUNIVILLE USD DIESEL,816.986577,1198.3097
2025-09-30,82.0,Runiville,RUNIVILLE USD PETROL,893.269738,1352.4805
2025-09-30,84.0,Avondale,AVONDALE USD DIESEL,2194.959461,3234.468
2025-09-30,84.0,Avondale,AVONDALE USD PETROL,1386.032894,2092.7906
2025-09-30,84.0,Avondale,DIESEL LITRES,166.3,166.3
2025-09-30,84.0,Avondale,PETROL LITRES,358.97,358.97
2025-09-30,86.0,Charter,CHARTER USD DIESEL,896.270268,1326.48
2025-09-30,86.0,Charter,CHARTER USD PETROL,175.833333,263.75
2025-09-30,86.0,Charter,PETROL LITRES,50.0,50.0
2025-09-30,88.0,Seke,PETROL LITRES,20.0,20.0
2025-09-30,88.0,Seke,SEKE USD DIESEL,219.932433,320.7399
2025-09-30,88.0,Seke,SEKE USD PETROL,131.813334,197.1217
2025-09-30,92.0,Msasa,DIESEL LITRES,1027.23,1027.23
2025-09-30,92.0,Msasa,MSASA BULK DIESEL,175.675676,260.0
2025-09-30,92.0,Msasa,MSASA USD DIESEL,1055.522876,1612.2002
2025-09-30,92.0,Msasa,MSASA USD PETROL,830.071427,1276.9077
2025-09-30,92.0,Msasa,PETROL LITRES,169.0,169.0
2025-09-30,96.0,Samora,DIESEL LITRES,67.0,67.0
2025-09-30,96.0,Samora,PETROL LITRES,77.38,77.38
2025-09-30,96.0,Samora,SAMORA USD DIESEL,469.966889,703.8692
2025-09-30,96.0,Samora,SAMORA USD PETROL,531.217105,795.6114
2025-09-30,98.0,Roadport,DIESEL LITRES,333.93,333.93
2025-09-30,98.0,Roadport,PETROL LITRES,43.2,43.2
2025-09-30,98.0,Roadport,ROADPORT USD DIESEL,778.236844,1175.2289
2025-09-30,98.0,Roadport,ROAPORT USD PETROL,345.662335,531.1836
2025-09-30,102.0,Kirkman,DIESEL LITRES,340.0,340.0
2025-09-30,102.0,Kirkman,KIRKMAN USD DIESEL,180.510068,264.9331
2025-09-30,102.0,Kirkman,KIRKMAN USD PETROL,129.394737,196.0221
2025-09-30,110.0,Mutare Green Market,MUTARE GREEN MARKET BULK DIESEL,123.43662,175.28
2025-09-30,110.0,Mutare Green Market,MUTARE GREENMARKET USD DIESEL,124.082192,181.16
2025-09-30,112.0,Marondera,MARONDERA USD DIESEL,686.088435,1008.55
2025-09-30,112.0,Marondera,MARONDERA USD PETROL,314.880795,473.42
2025-09-30,114.0,Kadoma,KADOMA USD DIESEL,20.0,29.6
2025-09-30,114.0,Kadoma,KADOMA USD PETROL,61.86755,91.3266
2025-09-30,121.0,Gweru,DIESEL LITRES,287.0,287.0
2025-09-30,121.0,Gweru,GWERU USD DIESEL,835.452702,1234.4004
2025-09-30,121.0,Gweru,GWERU USD PETROL,59.333333,89.0
2025-09-30,121.0,Gweru,PETROL LITRES,15.0,15.0
2025-09-30,123.0,Fife Street,DIESEL LITRES,51.79,51.79
2025-09-30,123.0,Fife Street,FIFE USD DIESEL,390.719179,568.7377
2025-09-30,123.0,Fife Street,FIFE USD PETROL,185.0,277.5
2025-09-30,123.0,Fife Street,PETROL LITRES,60.0,60.0
2025-09-30,125.0,Fort Street,FORT USD DIESEL,1104.088436,1623.01
2025-09-30,125.0,Fort Street,FORT USD PETROL,305.644736,464.58
2025-09-30,127.0,Mpopoma,MPOPOMA BULK DIESEL USD,1300.0,1885.0
2025-09-30,127.0,Mpopoma,MPOPOMA USD DIESEL,194.469387,282.6104
2025-09-30,127.0,Mpopoma,MPOPOMA USD PETROL,315.7351,467.2879
2025-09-30,129.0,Khami,KHAMI USD DIESEL,302.006803,438.5498
2025-09-30,129.0,Khami,KHAMI USD PETROL,55.0,83.05
2025-09-30,131.0,R Mugabe,DIESEL LITRES,64.0,64.0
2025-09-30,131.0,R Mugabe,PETROL LITRES,20.0,20.0
2025-09-30,131.0,R Mugabe,R MUGABE USD DIESEL,132.466667,198.7
2025-09-30,131.0,R Mugabe,R MUGABE USD PETROL,80.388158,122.19
2025-09-30,135.0,Cripps,CRIPPS BULK DIESEL USD,239.082759,346.67
2025-09-30,135.0,Cripps,CRIPPS DIESEL USD,543.595889,792.9651
2025-09-30,135.0,Cripps,CRIPPS PETROL USD,1149.540543,1700.82
2025-09-30,135.0,Cripps,DIESEL LITRES,720.0,720.0
2025-09-30,135.0,Cripps,PETROL LITRES,71.51,71.51
2025-09-30,140.0,Mutare Second Street,DIESEL LITRES,45.0,45.0
2025-09-30,140.0,Mutare Second Street,MUTARE SECOND USD BULK DIESEL,1360.0,1931.2
2025-09-30,140.0,Mutare Second Street,MUTARE SECOND USD DIESEL,84.79452,123.1151
2025-09-30,141.0,Troutbeck,TROUTBECK USD DIESEL,80.0,116.0
2025-09-30,141.0,Troutbeck,TROUTBECK USD PETROL,94.675325,144.5662
2025-09-30,144.0,Bessemer,BESSEMER USD PETROL,20.689655,30.0
2025-09-30,144.0,Bessemer,DIESEL LITRES,70.0,70.0
2025-09-30,145.0,Sunway City,SUNWAY USD DIESEL,542.799999,814.2
2025-09-30,145.0,Sunway City,SUNWAY USD PETROL,201.322369,306.01
2025-09-30,147.0,Chinhoyi Main,CHINHOYI BULK DIESEL USD,650.0,955.5
2025-09-30,147.0,Chinhoyi Main,CHINHOYI MAIN USD DIESEL,343.006667,514.51
2025-09-30,147.0,Chinhoyi Main,CHINHOYI MAIN USD PETROL,96.444445,147.56
2025-09-30,147.0,Chinhoyi Main,DIESEL LITRES,70.0,70.0
2025-09-30,148.0,Chegutu,CHEGUTU USD DIESEL,48.187919,71.8
2025-09-30,148.0,Chegutu,DIESEL LITRES,200.0,200.0
2025-09-30,149.0,Turnpike,DIESEL LITRES,755.0,755.0
2025-09-30,149.0,Turnpike,TURNPIKE USD DIESEL,60.0,90.0
2025-09-30,149.0,Turnpike,TURNPIKE USD PETROL,34.736842,51.8132
2025-09-30,150.0,Mutare One Stop,DIESEL LITRES,40.0,40.0
2025-09-30,150.0,Mutare One Stop,MUTARE ONE STOP DIESEL,198.554794,289.89
2025-09-30,167.0,Munch & Move,MUNCH & MOVE - SALES,22.25,22.25
2025-10-01,,,,,130838.91
2025-10-01,82.0,Runiville,DIESEL LITRES,155.0,155.0
2025-10-01,82.0,Runiville,PETROL LITRES,247.0,247.0
2025-10-01,82.0,Runiville,RUNIVILLE BULK DIESEL USD,500.0,730.0
2025-10-01,82.0,Runiville,RUNIVILLE USD DIESEL,663.510068,979.5292
2025-10-01,82.0,Runiville,RUNIVILLE USD PETROL,1192.381579,1809.5634
2025-10-01,84.0,Avondale,AVONDALE USD DIESEL,1428.614868,2093.8212
2025-10-01,84.0,Avondale,AVONDALE USD PETROL,1739.210524,2630.4043
2025-10-01,84.0,Avondale,DIESEL LITRES,278.41,278.41
2025-10-01,84.0,Avondale,PETROL LITRES,184.98,184.98
2025-10-01,86.0,Charter,CHARTER USD DIESEL,683.486484,1009.3218
2025-10-01,86.0,Charter,CHARTER USD PETROL,599.606666,899.41
2025-10-01,86.0,Charter,DIESEL LITRES,615.74,615.74
2025-10-01,86.0,Charter,PETROL LITRES,75.0,75.0
2025-10-01,88.0,Seke,DIESEL LITRES,50.0,50.0
2025-10-01,88.0,Seke,PETROL LITRES,49.0,49.0
2025-10-01,88.0,Seke,SEKE USD DIESEL,20.0,29.1
2025-10-01,88.0,Seke,SEKE USD PETROL,415.006668,608.2937
2025-10-01,92.0,Msasa,DIESEL LITRES,518.15,518.15
2025-10-01,92.0,Msasa,MSASA BULK DIESEL,236.486486,350.0
2025-10-01,92.0,Msasa,MSASA USD DIESEL,908.96732,1381.9269
2025-10-01,92.0,Msasa,MSASA USD PETROL,832.162335,1279.5631
2025-10-01,92.0,Msasa,PETROL LITRES,152.88,152.88
2025-10-01,96.0,Samora,DIESEL LITRES,60.0,60.0
2025-10-01,96.0,Samora,PETROL LITRES,30.0,30.0
2025-10-01,96.0,Samora,SAMORA USD DIESEL,156.192054,234.8566
2025-10-01,96.0,Samora,SAMORA USD PETROL,717.223683,1085.3066
2025-10-01,98.0,Roadport,DIESEL LITRES,345.2,345.2
2025-10-01,98.0,Roadport,PETROL LITRES,86.0,86.0
2025-10-01,98.0,Roadport,ROADPORT USD DIESEL,879.26974,1333.8453
2025-10-01,98.0,Roadport,ROADPORT USD DIESEL BUS,100.0,148.0
2025-10-01,98.0,Roadport,ROAPORT USD PETROL,345.649349,529.3778
2025-10-01,102.0,Kirkman,DIESEL LITRES,1189.94,1189.94
2025-10-01,102.0,Kirkman,KIRKMAN USD DIESEL,130.738256,191.2832
2025-10-01,102.0,Kirkman,KIRKMAN USD PETROL,308.697367,467.7727
2025-10-01,102.0,Kirkman,PETROL LITRES,20.0,20.0
2025-10-01,110.0,Mutare Green Market,MUTARE GREEN MARKET BULK DIESEL,175.0,248.5
2025-10-01,110.0,Mutare Green Market,MUTARE GREENMARKET USD DIESEL,100.136986,146.2
2025-10-01,110.0,Mutare Green Market,MUTARE GREENMARKET USD PETROL,40.0,59.2
2025-10-01,112.0,Marondera,DIESEL LITRES,625.0,625.0
2025-10-01,112.0,Marondera,MARONDERA USD DIESEL,234.013605,344.0
2025-10-01,112.0,Marondera,MARONDERA USD PETROL,110.596026,167.0
2025-10-01,114.0,Kadoma,KADOMA USD DIESEL,80.0,118.4
2025-10-01,114.0,Kadoma,KADOMA USD PETROL,128.21192,192.6
2025-10-01,121.0,Gweru,DIESEL LITRES,803.15,803.15
2025-10-01,121.0,Gweru,GWERU USD DIESEL,490.087838,725.33
2025-10-01,121.0,Gweru,GWERU USD PETROL,20.0,30.0
2025-10-01,123.0,Fife Street,DIESEL LITRES,50.5,50.5
2025-10-01,123.0,Fife Street,FIFE USD DIESEL,830.10959,1208.5353
2025-10-01,123.0,Fife Street,FIFE USD PETROL,703.393333,1051.7667
2025-10-01,125.0,Fort Street,DIESEL LITRES,150.0,150.0
2025-10-01,125.0,Fort Street,FORT USD DIESEL,593.578231,872.56
2025-10-01,125.0,Fort Street,FORT USD PETROL,167.368422,254.4
2025-10-01,127.0,Mpopoma,MPOPOMA USD DIESEL,203.462585,294.2524
2025-10-01,127.0,Mpopoma,MPOPOMA USD PETROL,270.562914,401.2278
2025-10-01,129.0,Khami,KHAMI USD DIESEL,309.455783,448.45
2025-10-01,129.0,Khami,KHAMI USD PETROL,15.0,22.65
2025-10-01,131.0,R Mugabe,PETROL LITRES,5.0,5.0
2025-10-01,131.0,R Mugabe,R MUGABE USD DIESEL,108.76,163.14
2025-10-01,131.0,R Mugabe,R MUGABE USD PETROL,26.31579,40.0
2025-10-01,135.0,Cripps,CRIPPS DIESEL USD,1375.863014,2007.0477
2025-10-01,135.0,Cripps,CRIPPS PETROL USD,991.824322,1466.8865
2025-10-01,135.0,Cripps,DIESEL LITRES,657.56,657.56
2025-10-01,135.0,Cripps,PETROL LITRES,490.94,490.94
2025-10-01,140.0,Mutare Second Street,MUTARE SECOND USD BULK DIESEL,231.5,328.73
2025-10-01,141.0,Troutbeck,TROUTBECK USD DIESEL,936.666667,1365.0
2025-10-01,141.0,Troutbeck,TROUTBECK USD PETROL,10.0,14.9
2025-10-01,144.0,Bessemer,BESSEMER USD PETROL,35.862069,52.0
2025-10-01,145.0,Sunway City,DIESEL LITRES,74.0,74.0
2025-10-01,145.0,Sunway City,PETROL LITRES,54.0,54.0
2025-10-01,145.0,Sunway City,SUNWAY USD DIESEL,689.886667,1034.83
2025-10-01,145.0,Sunway City,SUNWAY USD PETROL,164.947369,250.72
2025-10-01,146.0,Banket,BANKET BULK DIESEL USD,670.0,978.2
2025-10-01,146.0,Banket,BANKET USD DIESEL,36.666667,55.0
2025-10-01,146.0,Banket,BANKET USD PETROL,47.631579,72.4
2025-10-01,147.0,Chinhoyi Main,CHINHOYI BULK DIESEL USD,800.0,1176.0
2025-10-01,147.0,Chinhoyi Main,CHINHOYI MAIN USD DIESEL,288.026666,430.3053
2025-10-01,147.0,Chinhoyi Main,CHINHOYI MAIN USD PETROL,106.078432,162.3
2025-10-01,147.0,Chinhoyi Main,DIESEL LITRES,731.84,731.84
2025-10-01,148.0,Chegutu,CHEGUTU USD DIESEL,63.758389,95.0
2025-10-01,148.0,Chegutu,CHEGUTU USD PETROL,62.913908,95.0
2025-10-01,149.0,Turnpike,DIESEL LITRES,671.06,671.06
2025-10-01,149.0,Turnpike,TURNPIKE USD DIESEL,79.779999,119.67
2025-10-01,149.0,Turnpike,TURNPIKE USD PETROL,35.526316,54.0
2025-10-01,150.0,Mutare One Stop,DIESEL LITRES,80.0,80.0
2025-10-01,150.0,Mutare One Stop,MUTARE ONE STOP DIESEL,234.246575,342.0
2025-10-01,150.0,Mutare One Stop,MUTARE ONE STOP PETROL,205.175676,303.66
2025-10-01,157.0,Hatfield,HATFIELD USD PETROL,13.422819,20.0
2025-10-01,159.0,Gwanda ,GWANDA USD DIESEL,116.103896,178.8
2025-10-01,167.0,Munch & Move,MUNCH & MOVE - SALES,275.45,275.45
2025-10-02,,,,,119436.77
2025-10-02,82.0,Runiville,DIESEL LITRES,109.0,109.0
2025-10-02,82.0,Runiville,PETROL LITRES,307.0,307.0
2025-10-02,82.0,Runiville,RUNIVILLE BULK DIESEL USD,614.020548,896.47
2025-10-02,82.0,Runiville,RUNIVILLE USD DIESEL,983.140939,1442.5343
2025-10-02,82.0,Runiville,RUNIVILLE USD PETROL,924.592105,1398.8994
2025-10-02,84.0,Avondale,AVONDALE USD DIESEL,1471.966218,2169.3269
2025-10-02,84.0,Avondale,AVONDALE USD PETROL,1434.039472,2168.3207
2025-10-02,84.0,Avondale,DIESEL LITRES,216.58,216.58
2025-10-02,84.0,Avondale,PETROL LITRES,209.47,209.47
2025-10-02,86.0,Charter,CHARTER USD DIESEL,817.263511,1202.1092
2025-10-02,86.0,Charter,CHARTER USD PETROL,348.746665,523.12
2025-10-02,86.0,Charter,DIESEL LITRES,138.0,138.0
2025-10-02,88.0,Seke,DIESEL LITRES,20.0,20.0
2025-10-02,88.0,Seke,SEKE USD DIESEL,260.459459,378.3
2025-10-02,88.0,Seke,SEKE USD PETROL,272.08,402.884
2025-10-02,92.0,Msasa,DIESEL LITRES,1236.82,1236.82
2025-10-02,92.0,Msasa,MSASA USD DIESEL,1092.235295,1666.8128
2025-10-02,92.0,Msasa,MSASA USD PETROL,628.370128,967.69
2025-10-02,92.0,Msasa,PETROL LITRES,288.43,288.43
2025-10-02,96.0,Samora,PETROL LITRES,40.0,40.0
2025-10-02,96.0,Samora,SAMORA USD DIESEL,271.278146,406.8641
2025-10-02,96.0,Samora,SAMORA USD PETROL,1082.684209,1640.731
2025-10-02,98.0,Roadport,DIESEL LITRES,482.19,482.19
2025-10-02,98.0,Roadport,PETROL LITRES,178.69,178.69
2025-10-02,98.0,Roadport,ROADPORT USD DIESEL,865.730265,1311.7693
2025-10-02,98.0,Roadport,ROADPORT USD DIESEL BUS,128.236486,189.79
2025-10-02,98.0,Roadport,ROAPORT USD PETROL,347.272726,531.7494
2025-10-02,102.0,Kirkman,DIESEL LITRES,614.0,614.0
2025-10-02,102.0,Kirkman,KIRKMAN USD DIESEL,564.295303,825.0282
2025-10-02,102.0,Kirkman,KIRKMAN USD PETROL,305.993422,461.8745
2025-10-02,110.0,Mutare Green Market,MUTARE GREENMARKET USD DIESEL,151.643836,221.4
2025-10-02,110.0,Mutare Green Market,MUTARE GREENMARKET USD PETROL,25.0,37.0
2025-10-02,112.0,Marondera,MARONDERA USD DIESEL,696.551021,1023.93
2025-10-02,112.0,Marondera,MARONDERA USD PETROL,157.596027,234.6587
2025-10-02,112.0,Marondera,PETROL LITRES,20.0,20.0
2025-10-02,114.0,Kadoma,DIESEL LITRES,510.0,510.0
2025-10-02,114.0,Kadoma,KADOMA USD DIESEL,144.054054,213.2
2025-10-02,114.0,Kadoma,KADOMA USD PETROL,65.695364,99.2
2025-10-02,121.0,Gweru,DIESEL LITRES,283.0,283.0
2025-10-02,121.0,Gweru,GWERU BULK DIESEL USD,400.0,584.0
2025-10-02,121.0,Gweru,GWERU USD DIESEL,573.817568,849.25
2025-10-02,121.0,Gweru,GWERU USD PETROL,64.666666,96.5333
2025-10-02,123.0,Fife Street,FIFE USD DIESEL,1257.041097,1824.3571
2025-10-02,123.0,Fife Street,FIFE USD PETROL,175.773334,262.16
2025-10-02,123.0,Fife Street,PETROL LITRES,127.89,127.89
2025-10-02,125.0,Fort Street,DIESEL LITRES,50.0,50.0
2025-10-02,125.0,Fort Street,FORT USD DIESEL,1784.108843,2622.64
2025-10-02,125.0,Fort Street,FORT USD PETROL,178.5,271.32
2025-10-02,127.0,Mpopoma,MPOPOMA BULK DIESEL USD,420.0,609.0
2025-10-02,127.0,Mpopoma,MPOPOMA USD DIESEL,260.095238,374.5372
2025-10-02,127.0,Mpopoma,MPOPOMA USD PETROL,384.066225,569.0179
2025-10-02,129.0,Khami,KHAMI USD DIESEL,367.061225,528.8682
2025-10-02,129.0,Khami,KHAMI USD PETROL,126.15894,190.5
2025-10-02,131.0,R Mugabe,R MUGABE USD DIESEL,32.013333,48.02
2025-10-02,131.0,R Mugabe,R MUGABE USD PETROL,243.388158,366.95
2025-10-02,135.0,Cripps,CRIPPS DIESEL USD,1312.465751,1898.1384
2025-10-02,135.0,Cripps,CRIPPS PETROL USD,958.445944,1418.5
2025-10-02,135.0,Cripps,DIESEL LITRES,210.16,210.16
2025-10-02,135.0,Cripps,PETROL LITRES,156.57,156.57
2025-10-02,140.0,Mutare Second Street,MUTARE SECOND USD BULK DIESEL,2388.507042,3391.68
2025-10-02,140.0,Mutare Second Street,MUTARE SECOND USD DIESEL,58.219178,85.0
2025-10-02,140.0,Mutare Second Street,MUTARE SECOND USD PETROL,80.540541,119.2
2025-10-02,141.0,Troutbeck,TROUTBECK USD DIESEL,60.0,90.0
2025-10-02,141.0,Troutbeck,TROUTBECK USD PETROL,38.662338,59.54
2025-10-02,144.0,Bessemer,BESSEMER USD DIESEL,42.253521,60.0
2025-10-02,145.0,Sunway City,DIESEL LITRES,25.0,25.0
2025-10-02,145.0,Sunway City,SUNWAY USD DIESEL,478.793334,711.305
2025-10-02,145.0,Sunway City,SUNWAY USD PETROL,293.572369,446.23
2025-10-02,147.0,Chinhoyi Main,CHINHOYI BULK DIESEL USD,1000.0,1470.0
2025-10-02,147.0,Chinhoyi Main,CHINHOYI MAIN USD DIESEL,270.18,405.27
2025-10-02,147.0,Chinhoyi Main,CHINHOYI MAIN USD PETROL,65.679739,100.49
2025-10-02,148.0,Chegutu,CHEGUTU USD DIESEL,117.248322,174.7
2025-10-02,148.0,Chegutu,CHEGUTU USD PETROL,6.622517,10.0
2025-10-02,148.0,Chegutu,DIESEL LITRES,129.0,129.0
2025-10-02,149.0,Turnpike,DIESEL LITRES,60.0,60.0
2025-10-02,149.0,Turnpike,TURNPIKE USD DIESEL,163.333334,245.0
2025-10-02,149.0,Turnpike,TURNPIKE USD PETROL,90.092105,136.4795
2025-10-02,150.0,Mutare One Stop,DIESEL LITRES,218.4,218.4
2025-10-02,150.0,Mutare One Stop,MUTARE ONE STOP DIESEL,132.876712,194.0
2025-10-02,167.0,Munch & Move,MUNCH & MOVE - SALES,173.56,173.56
2025-10-03,,,,,108914.7
2025-10-03,82.0,,,,103.35
2025-10-03,82.0,Runiville,DIESEL LITRES,205.02,205.02
2025-10-03,82.0,Runiville,PETROL LITRES,870.25,870.25
2025-10-03,82.0,Runiville,RUN-QUARTZ 9000 SAE 5W40 500ML,2.0,10.0
2025-10-03,82.0,Runiville,RUNIVILLE BULK DIESEL USD,745.287671,1088.12
2025-10-03,82.0,Runiville,RUNIVILLE USD DIESEL,3381.120806,4937.1089
2025-10-03,82.0,Runiville,RUNIVILLE USD PETROL,941.30263,1423.5133
2025-10-03,84.0,Avondale,AVONDALE USD DIESEL,2183.02027,3220.6028
2025-10-03,84.0,Avondale,AVONDALE USD PETROL,2230.032893,3367.6859
2025-10-03,84.0,Avondale,DIESEL LITRES,583.11,583.11
2025-10-03,84.0,Avondale,PETROL LITRES,148.16,148.16
2025-10-03,86.0,Charter,CHARTER USD DIESEL,1419.864862,2090.2513
2025-10-03,86.0,Charter,CHARTER USD PETROL,841.06,1249.8566
2025-10-03,86.0,Charter,DIESEL LITRES,75.0,75.0
2025-10-03,86.0,Charter,PETROL LITRES,33.49,33.49
2025-10-03,88.0,Seke,PETROL LITRES,75.0,75.0
2025-10-03,88.0,Seke,SEKE USD DIESEL,402.283783,585.1919
2025-10-03,88.0,Seke,SEKE USD PETROL,220.086667,327.2967
2025-10-03,92.0,Msasa,DIESEL LITRES,898.87,898.87
2025-10-03,92.0,Msasa,MSASA BULK DIESEL,970.304054,1436.05
2025-10-03,92.0,Msasa,MSASA USD DIESEL,656.790849,1003.9142
2025-10-03,92.0,Msasa,MSASA USD PETROL,983.72078,1511.8706
2025-10-03,92.0,Msasa,PETROL LITRES,506.22,506.22
2025-10-03,96.0,Samora,PETROL LITRES,27.57,27.57
2025-10-03,96.0,Samora,SAMORA USD DIESEL,548.178809,824.502
2025-10-03,96.0,Samora,SAMORA USD PETROL,742.644736,1117.8739
2025-10-03,98.0,Roadport,DIESEL LITRES,255.0,255.0
2025-10-03,98.0,Roadport,PETROL LITRES,50.0,50.0
2025-10-03,98.0,Roadport,ROADPORT USD DIESEL,1599.572373,2423.0141
2025-10-03,98.0,Roadport,ROAPORT USD PETROL,893.019478,1367.4879
2025-10-03,102.0,Kirkman,DIESEL LITRES,1372.0,1372.0
2025-10-03,102.0,Kirkman,KIRKMAN USD DIESEL,208.416107,307.7883
2025-10-03,102.0,Kirkman,KIRKMAN USD PETROL,242.177631,365.484
2025-10-03,102.0,Kirkman,PETROL LITRES,84.39,84.39
2025-10-03,110.0,Mutare Green Market,MUTARE GREEN MARKET BULK DIESEL,428.760563,608.84
2025-10-03,110.0,Mutare Green Market,MUTARE GREENMARKET USD DIESEL,73.972602,108.0
2025-10-03,112.0,Marondera,MARONDERA USD DIESEL,765.666667,1125.53
2025-10-03,112.0,Marondera,MARONDERA USD PETROL,163.609271,246.0
2025-10-03,112.0,Marondera,PETROL LITRES,69.56,69.56
2025-10-03,114.0,Kadoma,KADOMA USD DIESEL,52.702703,75.3649
2025-10-03,121.0,Gweru,DIESEL LITRES,410.0,410.0
2025-10-03,121.0,Gweru,GWERU USD DIESEL,404.662162,598.9
2025-10-03,121.0,Gweru,GWERU USD PETROL,179.633333,269.45
2025-10-03,121.0,Gweru,PETROL LITRES,31.84,31.84
2025-10-03,123.0,Fife Street,FIFE USD DIESEL,1044.143835,1506.8815
2025-10-03,123.0,Fife Street,FIFE USD PETROL,421.766667,632.65
2025-10-03,125.0,Fort Street,DIESEL LITRES,130.0,130.0
2025-10-03,125.0,Fort Street,FORT USD DIESEL,823.7483,1210.91
2025-10-03,125.0,Fort Street,FORT USD PETROL,54.875,83.41
2025-10-03,127.0,Mpopoma,MPOPOMA BULK DIESEL USD,549.793103,797.2
2025-10-03,127.0,Mpopoma,MPOPOMA USD DIESEL,55.993197,81.4608
2025-10-03,127.0,Mpopoma,MPOPOMA USD PETROL,97.026489,146.51
2025-10-03,129.0,Khami,KHAMI USD DIESEL,365.37415,532.6
2025-10-03,129.0,Khami,KHAMI USD PETROL,115.264901,174.05
2025-10-03,131.0,R Mugabe,PETROL LITRES,30.0,30.0
2025-10-03,131.0,R Mugabe,R MUGABE USD DIESEL,294.666667,442.0
2025-10-03,131.0,R Mugabe,R MUGABE USD PETROL,175.973684,267.48
2025-10-03,135.0,Cripps,CRIPPS DIESEL USD,859.753424,1252.0893
2025-10-03,135.0,Cripps,CRIPPS PETROL USD,1333.824326,1974.06
2025-10-03,135.0,Cripps,DIESEL LITRES,481.24,481.24
2025-10-03,135.0,Cripps,PETROL LITRES,125.0,125.0
2025-10-03,140.0,Mutare Second Street,DIESEL LITRES,65.0,65.0
2025-10-03,140.0,Mutare Second Street,MUTARE SECOND USD BULK DIESEL,1473.260563,2092.03
2025-10-03,141.0,Troutbeck,DIESEL LITRES,1800.0,1800.0
2025-10-03,141.0,Troutbeck,PETROL LITRES,200.0,200.0
2025-10-03,141.0,Troutbeck,TROUTBECK USD DIESEL,701.0,1020.35
2025-10-03,141.0,Troutbeck,TROUTBECK USD PETROL,39.980519,59.571
2025-10-03,144.0,Bessemer,BESSEMER USD DIESEL,52.126761,74.02
2025-10-03,144.0,Bessemer,BESSEMER USD PETROL,31.034483,45.0
2025-10-03,145.0,Sunway City,DIESEL LITRES,100.0,100.0
2025-10-03,145.0,Sunway City,PETROL LITRES,45.0,45.0
2025-10-03,145.0,Sunway City,SUNWAY USD DIESEL,670.599999,1003.9
2025-10-03,145.0,Sunway City,SUNWAY USD PETROL,207.243421,315.01
2025-10-03,146.0,Banket,BANKET USD DIESEL,110.0,165.0
2025-10-03,146.0,Banket,BANKET USD PETROL,82.236842,125.0
2025-10-03,146.0,Banket,DIESEL LITRES,381.0,381.0
2025-10-03,147.0,Chinhoyi Main,CHINHOYI BULK DIESEL USD,300.0,441.0
2025-10-03,147.0,Chinhoyi Main,CHINHOYI MAIN USD DIESEL,263.333333,395.0
2025-10-03,147.0,Chinhoyi Main,CHINHOYI MAIN USD PETROL,109.529412,167.58
2025-10-03,147.0,Chinhoyi Main,DIESEL LITRES,100.0,100.0
2025-10-03,148.0,Chegutu,CHEGUTU USD DIESEL,100.671141,150.0
2025-10-03,148.0,Chegutu,DIESEL LITRES,28.0,28.0
2025-10-03,149.0,Turnpike,DIESEL LITRES,830.0,830.0
2025-10-03,149.0,Turnpike,PETROL LITRES,38.16,38.16
2025-10-03,149.0,Turnpike,TURNPIKE USD DIESEL,55.0,82.5
2025-10-03,149.0,Turnpike,TURNPIKE USD PETROL,78.289474,118.3421
2025-10-03,150.0,Mutare One Stop,DIESEL LITRES,100.0,100.0
2025-10-03,150.0,Mutare One Stop,MUTARE ONE STOP DIESEL,257.534246,376.0
2025-10-03,150.0,Mutare One Stop,PETROL LITRES,61.0,61.0
2025-10-03,167.0,Munch & Move,MUNCH & MOVE - SALES,157.01,157.01
2025-10-04,,,,,11500.97
2025-10-04,82.0,Runiville,DIESEL LITRES,77.95,77.95
2025-10-04,82.0,Runiville,PETROL LITRES,80.0,80.0
2025-10-04,82.0,Runiville,RUNIVILLE BULK DIESEL USD,571.013699,833.68
2025-10-04,82.0,Runiville,RUNIVILLE USD DIESEL,796.617449,1161.1941
2025-10-04,82.0,Runiville,RUNIVILLE USD PETROL,468.210526,710.4263
2025-10-04,84.0,Avondale,AVONDALE USD DIESEL,1426.391891,2090.3681
2025-10-04,84.0,Avondale,AVONDALE USD PETROL,852.072368,1287.7857
2025-10-04,84.0,Avondale,DIESEL LITRES,400.62,400.62
2025-10-04,84.0,Avondale,PETROL LITRES,249.39,249.39
2025-10-04,86.0,Charter,CHARTER USD DIESEL,288.391892,424.5761
2025-10-04,86.0,Charter,CHARTER USD PETROL,179.333333,265.6667
2025-10-04,86.0,Charter,DIESEL LITRES,86.0,86.0
2025-10-04,88.0,Seke,SEKE USD DIESEL,179.864864,265.5243
2025-10-04,88.0,Seke,SEKE USD PETROL,393.46,586.0617
2025-10-04,92.0,Msasa,DIESEL LITRES,659.04,659.04
2025-10-04,92.0,Msasa,MSASA BULK DIESEL,704.054054,1042.0
2025-10-04,92.0,Msasa,MSASA USD DIESEL,824.307189,1248.8913
2025-10-04,92.0,Msasa,MSASA USD PETROL,197.558442,303.0543
2025-10-04,92.0,Msasa,PETROL LITRES,198.49,198.49
2025-10-04,96.0,Samora,PETROL LITRES,136.82,136.82
2025-10-04,96.0,Samora,SAMORA USD DIESEL,185.49669,277.1199
2025-10-04,96.0,Samora,SAMORA USD PETROL,440.842104,666.2971
2025-10-04,98.0,Roadport,DIESEL LITRES,150.0,150.0
2025-10-04,98.0,Roadport,PETROL LITRES,60.0,60.0
2025-10-04,98.0,Roadport,ROADPORT USD DIESEL,589.032896,894.33
2025-10-04,98.0,Roadport,ROADPORT USD DIESEL BUS,135.135135,200.0
2025-10-04,98.0,Roadport,ROAPORT USD PETROL,306.564933,470.61
2025-10-04,102.0,Kirkman,DIESEL LITRES,60.0,60.0
2025-10-04,102.0,Kirkman,KIRKMAN USD DIESEL,455.912752,673.112
2025-10-04,102.0,Kirkman,KIRKMAN USD PETROL,362.973683,549.7464
2025-10-04,102.0,Kirkman,PETROL LITRES,134.18,134.18
2025-10-04,110.0,Mutare Green Market,MUTARE GREENMARKET USD DIESEL,142.986301,208.76
2025-10-04,110.0,Mutare Green Market,MUTARE GREENMARKET USD PETROL,95.945946,142.0
2025-10-04,112.0,Marondera,MARONDERA USD DIESEL,576.408163,847.32
2025-10-04,112.0,Marondera,MARONDERA USD PETROL,64.112583,96.81
2025-10-04,112.0,Marondera,PETROL LITRES,10.0,10.0
2025-10-04,114.0,Kadoma,KADOMA USD PETROL,29.801325,45.0
2025-10-04,121.0,Gweru,DIESEL LITRES,380.0,380.0
2025-10-04,121.0,Gweru,GWERU USD DIESEL,274.533784,404.4097
2025-10-04,121.0,Gweru,GWERU USD PETROL,65.786666,97.5133
2025-10-04,123.0,Fife Street,DIESEL LITRES,90.0,90.0
2025-10-04,123.0,Fife Street,FIFE USD DIESEL,746.171234,1085.6892
2025-10-04,123.0,Fife Street,FIFE USD PETROL,219.866667,329.8
2025-10-04,123.0,Fife Street,PETROL LITRES,56.54,56.54
2025-10-04,125.0,Fort Street,FORT USD DIESEL,458.163265,671.0
2025-10-04,125.0,Fort Street,FORT USD PETROL,41.710527,63.4
2025-10-04,127.0,Mpopoma,MPOPOMA USD DIESEL,204.333333,295.6686
2025-10-04,127.0,Mpopoma,MPOPOMA USD PETROL,466.97351,691.5182
2025-10-04,129.0,Khami,KHAMI USD DIESEL,240.408163,350.4
2025-10-04,129.0,Khami,KHAMI USD PETROL,40.0,60.4
2025-10-04,131.0,R Mugabe,PETROL LITRES,30.0,30.0
2025-10-04,131.0,R Mugabe,R MUGABE USD PETROL,87.006579,132.25
2025-10-04,135.0,Cripps,CRIPPS DIESEL USD,901.321917,1312.8461
2025-10-04,135.0,Cripps,CRIPPS PETROL USD,253.256758,369.1099
2025-10-04,135.0,Cripps,DIESEL LITRES,325.22,325.22
2025-10-04,135.0,Cripps,PETROL LITRES,15.0,15.0
2025-10-04,140.0,Mutare Second Street,MUTARE SECOND USD BULK DIESEL,1860.0,2641.2
2025-10-04,140.0,Mutare Second Street,MUTARE SECOND USD DIESEL,210.410959,307.2
2025-10-04,140.0,Mutare Second Street,MUTARE SECOND USD PETROL,59.459459,86.3784
2025-10-04,141.0,Troutbeck,TROUTBECK USD DIESEL,526.666667,765.0
2025-10-04,144.0,Bessemer,BESSEMER USD PETROL,13.793103,20.0
2025-10-04,145.0,Sunway City,DIESEL LITRES,75.0,75.0
2025-10-04,145.0,Sunway City,SUNWAY USD DIESEL,140.353334,209.9896
2025-10-04,145.0,Sunway City,SUNWAY USD PETROL,330.289474,500.1314
2025-10-04,147.0,Chinhoyi Main,CHINHOYI BULK DIESEL USD,200.0,294.0
2025-10-04,147.0,Chinhoyi Main,CHINHOYI MAIN USD DIESEL,70.733333,102.5633
2025-10-04,147.0,Chinhoyi Main,CHINHOYI MAIN USD PETROL,29.411765,45.0
2025-10-04,147.0,Chinhoyi Main,DIESEL LITRES,10.0,10.0
2025-10-04,148.0,Chegutu,CHEGUTU BULK DIESEL USD,402.721088,592.0
2025-10-04,148.0,Chegutu,CHEGUTU USD DIESEL,20.134228,30.0
2025-10-04,148.0,Chegutu,CHEGUTU USD PETROL,43.046358,65.0
2025-10-04,149.0,Turnpike,DIESEL LITRES,255.0,255.0
2025-10-04,149.0,Turnpike,TURNPIKE USD DIESEL,152.833333,227.748
2025-10-04,149.0,Turnpike,TURNPIKE USD PETROL,132.572369,199.5097
2025-10-04,150.0,Mutare One Stop,DIESEL LITRES,170.0,170.0
2025-10-04,150.0,Mutare One Stop,MUTARE ONE STOP DIESEL,172.191781,251.4
2025-10-04,150.0,Mutare One Stop,MUTARE ONE STOP PETROL,102.905406,152.3
2025-10-04,167.0,Munch & Move,MUNCH & MOVE - SALES,60.01,60.01
2025-10-05,,,,,11925.64
2025-10-05,82.0,,,,357.6
2025-10-05,82.0,Runiville,DIESEL LITRES,214.36,214.36
2025-10-05,82.0,Runiville,RUNIVILLE BULK DIESEL USD,210.006849,306.61
2025-10-05,82.0,Runiville,RUNIVILLE USD DIESEL,1073.342283,1592.4602
2025-10-05,82.0,Runiville,RUNIVILLE USD PETROL,652.644737,985.2292
2025-10-05,84.0,Avondale,AVONDALE USD DIESEL,1123.804056,1635.8357
2025-10-05,84.0,Avondale,AVONDALE USD PETROL,1230.664474,1854.3396
2025-10-05,84.0,Avondale,DIESEL LITRES,99.11,99.11
2025-10-05,84.0,Avondale,PETROL LITRES,190.16,190.16
2025-10-05,86.0,Charter,CHARTER USD DIESEL,174.067567,249.9301
2025-10-05,86.0,Charter,CHARTER USD PETROL,182.593333,273.89
2025-10-05,86.0,Charter,DIESEL LITRES,43.64,43.64
2025-10-05,86.0,Charter,PETROL LITRES,29.45,29.45
2025-10-05,88.0,Seke,PETROL LITRES,29.0,29.0
2025-10-05,88.0,Seke,SEKE USD DIESEL,171.736486,250.5298
2025-10-05,88.0,Seke,SEKE USD PETROL,129.226666,191.84
2025-10-05,92.0,Msasa,DIESEL LITRES,60.0,60.0
2025-10-05,92.0,Msasa,MSASA BULK DIESEL,101.351351,150.0
2025-10-05,92.0,Msasa,MSASA USD DIESEL,327.398693,498.3056
2025-10-05,92.0,Msasa,MSASA USD PETROL,111.688311,172.0
2025-10-05,92.0,Msasa,PETROL LITRES,14.0,14.0
2025-10-05,96.0,Samora,DIESEL LITRES,39.16,39.16
2025-10-05,96.0,Samora,PETROL LITRES,40.0,40.0
2025-10-05,96.0,Samora,SAMORA USD DIESEL,260.60265,387.5061
2025-10-05,96.0,Samora,SAMORA USD PETROL,289.164474,436.7051
2025-10-05,98.0,Roadport,DIESEL LITRES,123.76,123.76
2025-10-05,98.0,Roadport,PETROL LITRES,20.0,20.0
2025-10-05,98.0,Roadport,ROADPORT USD DIESEL,342.394738,514.6361
2025-10-05,98.0,Roadport,ROADPORT USD DIESEL BUS,148.648649,220.0
2025-10-05,98.0,Roadport,ROAPORT USD PETROL,45.454546,69.0259
2025-10-05,102.0,Kirkman,DIESEL LITRES,376.0,376.0
2025-10-05,102.0,Kirkman,KIRKMAN USD DIESEL,381.959733,556.1294
2025-10-05,102.0,Kirkman,KIRKMAN USD PETROL,406.598685,615.7274
2025-10-05,110.0,Mutare Green Market,DIESEL LITRES,40.0,40.0
2025-10-05,110.0,Mutare Green Market,MUTARE GREENMARKET USD PETROL,6.756757,10.0
2025-10-05,112.0,Marondera,PETROL LITRES,50.0,50.0
2025-10-05,121.0,Gweru,DIESEL LITRES,425.0,425.0
2025-10-05,121.0,Gweru,GWERU USD DIESEL,150.810811,221.8486
2025-10-05,121.0,Gweru,GWERU USD PETROL,30.0,44.1
2025-10-05,123.0,Fife Street,DIESEL LITRES,53.47,53.47
2025-10-05,123.0,Fife Street,FIFE USD DIESEL,304.383561,444.4
2025-10-05,123.0,Fife Street,FIFE USD PETROL,83.333334,125.0
2025-10-05,125.0,Fort Street,FORT USD DIESEL,273.77551,402.45
2025-10-05,127.0,Mpopoma,MPOPOMA USD DIESEL,379.768708,547.9282
2025-10-05,127.0,Mpopoma,MPOPOMA USD PETROL,369.344373,547.7353
2025-10-05,129.0,Khami,DIESEL LITRES,54.0,54.0
2025-10-05,129.0,Khami,KHAMI USD DIESEL,42.92517,62.2
2025-10-05,129.0,Khami,KHAMI USD PETROL,20.0,30.2
2025-10-05,131.0,R Mugabe,PETROL LITRES,48.45,48.45
2025-10-05,131.0,R Mugabe,R MUGABE USD PETROL,26.315789,38.6842
2025-10-05,135.0,Cripps,CRIPPS DIESEL USD,250.219177,365.32
2025-10-05,135.0,Cripps,CRIPPS PETROL USD,343.716217,504.1534
2025-10-05,140.0,Mutare Second Street,MUTARE SECOND USD BULK DIESEL,220.0,312.4
2025-10-05,141.0,Troutbeck,DIESEL LITRES,473.52,473.52
2025-10-05,141.0,Troutbeck,PETROL LITRES,160.0,160.0
2025-10-05,145.0,Sunway City,PETROL LITRES,20.0,20.0
2025-10-05,145.0,Sunway City,SUNWAY USD DIESEL,194.686667,292.03
2025-10-05,145.0,Sunway City,SUNWAY USD PETROL,325.177632,488.6739
2025-10-05,146.0,Banket,BANKET BULK DIESEL USD,600.0,876.0
2025-10-05,146.0,Banket,BANKET USD DIESEL,35.0,52.5
2025-10-05,146.0,Banket,BANKET USD PETROL,25.657895,39.0
2025-10-05,147.0,Chinhoyi Main,CHINHOYI BULK DIESEL USD,200.0,294.0
2025-10-05,147.0,Chinhoyi Main,CHINHOYI MAIN USD PETROL,44.993464,68.84
2025-10-05,147.0,Chinhoyi Main,DIESEL LITRES,80.0,80.0
2025-10-05,148.0,Chegutu,CHEGUTU USD DIESEL,73.154362,109.0
2025-10-05,148.0,Chegutu,CHEGUTU USD PETROL,55.774834,83.6902
2025-10-05,149.0,Turnpike,DIESEL LITRES,150.0,150.0
2025-10-05,149.0,Turnpike,TURNPIKE USD DIESEL,159.146666,236.72
2025-10-05,149.0,Turnpike,TURNPIKE USD PETROL,13.815789,20.3092
2025-10-05,150.0,Mutare One Stop,MUTARE ONE STOP DIESEL,123.972602,179.2877
2025-10-05,167.0,Munch & Move,MUNCH & MOVE - SALES,42.1,42.1
2025-10-06,,,,,117793.81
2025-10-06,82.0,Runiville,DIESEL LITRES,405.02,405.02
2025-10-06,82.0,Runiville,PETROL LITRES,110.0,110.0
2025-10-06,82.0,Runiville,RUNIVILLE BULK DIESEL USD,1253.157535,1829.61
2025-10-06,82.0,Runiville,RUNIVILLE USD DIESEL,1123.13423,1654.9566
2025-10-06,82.0,Runiville,RUNIVILLE USD PETROL,1136.335526,1725.0704
2025-10-06,84.0,Avondale,AVONDALE USD DIESEL,1140.898647,1685.1845
2025-10-06,84.0,Avondale,AVONDALE USD PETROL,2339.690785,3537.3797
2025-10-06,84.0,Avondale,DIESEL LITRES,37.72,37.72
2025-10-06,84.0,Avondale,PETROL LITRES,84.03,84.03
2025-10-06,86.0,Charter,CHARTER USD DIESEL,1003.040541,1484.0
2025-10-06,86.0,Charter,CHARTER USD PETROL,554.440001,830.5163
2025-10-06,86.0,Charter,DIESEL LITRES,78.29,78.29
2025-10-06,88.0,Seke,DIESEL LITRES,20.0,20.0
2025-10-06,88.0,Seke,PETROL LITRES,20.0,20.0
2025-10-06,88.0,Seke,SEKE USD DIESEL,392.385135,574.3359
2025-10-06,88.0,Seke,SEKE USD PETROL,324.973333,481.5529
2025-10-06,92.0,Msasa,DIESEL LITRES,1336.0,1336.0
2025-10-06,92.0,Msasa,MSASA BULK DIESEL,636.763513,942.41
2025-10-06,92.0,Msasa,MSASA USD DIESEL,979.274512,1496.79
2025-10-06,92.0,Msasa,MSASA USD PETROL,1585.675321,2441.2871
2025-10-06,92.0,Msasa,PETROL LITRES,467.5,467.5
2025-10-06,96.0,Samora,DIESEL LITRES,87.17,87.17
2025-10-06,96.0,Samora,PETROL LITRES,30.0,30.0
2025-10-06,96.0,Samora,SAMORA USD DIESEL,152.450331,227.2198
2025-10-06,96.0,Samora,SAMORA USD PETROL,693.026316,1049.1086
2025-10-06,98.0,Roadport,DIESEL LITRES,1035.02,1035.02
2025-10-06,98.0,Roadport,PETROL LITRES,216.46,216.46
2025-10-06,98.0,Roadport,ROADPORT USD DIESEL,933.453947,1417.8632
2025-10-06,98.0,Roadport,ROADPORT USD DIESEL BUS,120.0,177.6
2025-10-06,98.0,Roadport,ROAPORT USD PETROL,849.961035,1307.4939
2025-10-06,102.0,Kirkman,DIESEL LITRES,549.0,549.0
2025-10-06,102.0,Kirkman,KIRKMAN USD DIESEL,835.375839,1244.177
2025-10-06,102.0,Kirkman,KIRKMAN USD PETROL,207.519738,313.827
2025-10-06,102.0,Kirkman,PETROL LITRES,58.0,58.0
2025-10-06,110.0,Mutare Green Market,DIESEL LITRES,68.49,68.49
2025-10-06,110.0,Mutare Green Market,MUTARE GREEN MARKET BULK DIESEL,966.056338,1371.8
2025-10-06,110.0,Mutare Green Market,MUTARE GREENMARKET USD DIESEL,400.0,584.0
2025-10-06,112.0,Marondera,DIESEL LITRES,372.0,372.0
2025-10-06,112.0,Marondera,MARONDERA USD DIESEL,142.040816,208.8
2025-10-06,112.0,Marondera,MARONDERA USD PETROL,83.357616,125.0968
2025-10-06,114.0,Kadoma,KADOMA USD DIESEL,130.0,192.4
2025-10-06,114.0,Kadoma,KADOMA USD PETROL,23.245033,34.6
2025-10-06,121.0,Gweru,DIESEL LITRES,410.0,410.0
2025-10-06,121.0,Gweru,GWERU USD DIESEL,272.972973,399.7095
2025-10-06,121.0,Gweru,GWERU USD PETROL,23.333334,34.6667
2025-10-06,123.0,Fife Street,DIESEL LITRES,64.32,64.32
2025-10-06,123.0,Fife Street,FIFE USD DIESEL,658.541095,961.47
2025-10-06,123.0,Fife Street,FIFE USD PETROL,475.699999,713.55
2025-10-06,123.0,Fife Street,PETROL LITRES,10.0,10.0
2025-10-06,125.0,Fort Street,DIESEL LITRES,144.21,144.21
2025-10-06,125.0,Fort Street,FORT USD DIESEL,1213.544218,1783.91
2025-10-06,125.0,Fort Street,FORT USD PETROL,371.611842,563.4717
2025-10-06,127.0,Mpopoma,MPOPOMA BULK DIESEL USD,1034.020689,1499.33
2025-10-06,127.0,Mpopoma,MPOPOMA USD DIESEL,179.040816,259.2474
2025-10-06,127.0,Mpopoma,MPOPOMA USD PETROL,332.615893,490.4818
2025-10-06,129.0,Khami,KHAMI USD DIESEL,427.414966,619.6
2025-10-06,129.0,Khami,KHAMI USD PETROL,123.543046,186.55
2025-10-06,131.0,R Mugabe,R MUGABE USD DIESEL,140.666667,208.5
2025-10-06,131.0,R Mugabe,R MUGABE USD PETROL,70.921053,107.8
2025-10-06,135.0,Cripps,CRIPPS DIESEL USD,2026.123288,2941.5701
2025-10-06,135.0,Cripps,CRIPPS PETROL USD,1137.797297,1683.94
2025-10-06,135.0,Cripps,DIESEL LITRES,268.64,268.64
2025-10-06,135.0,Cripps,PETROL LITRES,272.32,272.32
2025-10-06,140.0,Mutare Second Street,MUTARE SECOND USD BULK DIESEL,1235.0,1753.7
2025-10-06,140.0,Mutare Second Street,MUTARE SECOND USD DIESEL,264.931506,386.8
2025-10-06,141.0,Troutbeck,DIESEL LITRES,119.0,119.0
2025-10-06,141.0,Troutbeck,PETROL LITRES,264.17,264.17
2025-10-06,141.0,Troutbeck,TROUTBECK USD DIESEL,87.0,128.65
2025-10-06,145.0,Sunway City,DIESEL LITRES,256.83,256.83
2025-10-06,145.0,Sunway City,PETROL LITRES,20.0,20.0
2025-10-06,145.0,Sunway City,SUNWAY USD DIESEL,396.333334,593.0
2025-10-06,145.0,Sunway City,SUNWAY USD PETROL,170.644736,257.1965
2025-10-06,146.0,Banket,BANKET USD DIESEL,88.52,132.78
2025-10-06,147.0,Chinhoyi Main,CHINHOYI BULK DIESEL USD,200.0,294.0
2025-10-06,147.0,Chinhoyi Main,CHINHOYI MAIN USD DIESEL,116.666667,175.0
2025-10-06,147.0,Chinhoyi Main,DIESEL LITRES,81.33,81.33
2025-10-06,148.0,Chegutu,CHEGUTU USD DIESEL,50.33557,75.0
2025-10-06,149.0,Turnpike,DIESEL LITRES,770.0,770.0
2025-10-06,149.0,Turnpike,TURNPIKE USD DIESEL,64.346667,96.52
2025-10-06,149.0,Turnpike,TURNPIKE USD PETROL,59.868422,91.0
2025-10-06,150.0,Mutare One Stop,DIESEL LITRES,240.0,240.0
2025-10-06,150.0,Mutare One Stop,MUTARE ONE STOP DIESEL,350.684931,512.0
2025-10-06,150.0,Mutare One Stop,MUTARE ONE STOP PETROL,17.567568,26.0
2025-10-06,167.0,Munch & Move,MUNCH & MOVE - SALES,123.5,123.5
2025-10-07,,,,,45940.25
2025-10-07,82.0,Runiville,DIESEL LITRES,110.0,110.0
2025-10-07,82.0,Runiville,PETROL LITRES,301.53,301.53
2025-10-07,82.0,Runiville,RUNIVILLE BULK DIESEL USD,657.294521,959.65
2025-10-07,82.0,Runiville,RUNIVILLE USD DIESEL,1038.422818,1526.5196
2025-10-07,82.0,Runiville,RUNIVILLE USD PETROL,996.749999,1512.0482
2025-10-07,84.0,Avondale,AVONDALE USD DIESEL,1755.601352,2584.2076
2025-10-07,84.0,Avondale,AVONDALE USD PETROL,1354.578948,2044.4723
2025-10-07,84.0,Avondale,DIESEL LITRES,161.11,161.11
2025-10-07,84.0,Avondale,PETROL LITRES,176.94,176.94
2025-10-07,86.0,Charter,CHARTER USD DIESEL,799.770268,1178.8627
2025-10-07,86.0,Charter,CHARTER USD PETROL,580.353334,870.0967
2025-10-07,86.0,Charter,DIESEL LITRES,170.0,170.0
2025-10-07,88.0,Seke,SEK-QUARTZ 9000 SAE 5W40 500ML,2.0,10.0
2025-10-07,88.0,Seke,SEKE USD DIESEL,351.932433,514.6086
2025-10-07,88.0,Seke,SEKE USD PETROL,220.066667,324.2987
2025-10-07,92.0,Msasa,DIESEL LITRES,318.78,318.78
2025-10-07,92.0,Msasa,MSASA USD DIESEL,782.150327,1195.9057
2025-10-07,92.0,Msasa,MSASA USD PETROL,679.298699,1043.5713
2025-10-07,92.0,Msasa,PETROL LITRES,155.43,155.43
2025-10-07,96.0,Samora,DIESEL LITRES,163.75,163.75
2025-10-07,96.0,Samora,PETROL LITRES,53.95,53.95
2025-10-07,96.0,Samora,SAM-MULTAGRI MS 15W40 5L,0.925926,25.0
2025-10-07,96.0,Samora,SAMORA USD DIESEL,253.880796,377.0732
2025-10-07,96.0,Samora,SAMORA USD PETROL,399.453948,599.4342
2025-10-07,98.0,Roadport,PETROL LITRES,10.0,10.0
2025-10-07,98.0,Roadport,ROADPORT USD DIESEL,52.631579,80.0
2025-10-07,98.0,Roadport,ROAPORT USD PETROL,465.733762,713.0235
2025-10-07,102.0,Kirkman,DIESEL LITRES,1121.0,1121.0
2025-10-07,102.0,Kirkman,KIRKMAN USD DIESEL,232.026845,343.673
2025-10-07,102.0,Kirkman,KIRKMAN USD PETROL,204.999999,311.1789
2025-10-07,110.0,Mutare Green Market,MUTARE GREEN MARKET BULK DIESEL,360.0,511.2
2025-10-07,110.0,Mutare Green Market,MUTARE GREENMARKET USD DIESEL,60.0,87.6
2025-10-07,110.0,Mutare Green Market,MUTARE GREENMARKET USD PETROL,5.405405,8.0
2025-10-07,112.0,Marondera,DIESEL LITRES,50.0,50.0
2025-10-07,112.0,Marondera,MARONDERA USD DIESEL,384.782313,565.63
2025-10-07,112.0,Marondera,MARONDERA USD PETROL,61.145696,92.33
2025-10-07,114.0,Kadoma,KADOMA USD DIESEL,242.277027,358.57
2025-10-07,114.0,Kadoma,KADOMA USD PETROL,108.07947,163.2
2025-10-07,121.0,Gweru,DIESEL LITRES,347.0,347.0
2025-10-07,121.0,Gweru,GWERU USD DIESEL,1127.22973,1668.3
2025-10-07,121.0,Gweru,GWERU USD PETROL,66.666667,100.0
2025-10-07,123.0,Fife Street,DIESEL LITRES,60.82,60.82
2025-10-07,123.0,Fife Street,FIFE USD DIESEL,633.431504,918.2226
2025-10-07,123.0,Fife Street,FIFE USD PETROL,305.566667,458.35
2025-10-07,125.0,Fort Street,FORT USD DIESEL,588.503401,865.1
2025-10-07,125.0,Fort Street,FORT USD PETROL,383.105264,582.32
2025-10-07,127.0,Mpopoma,MPOPOMA USD DIESEL,188.646259,275.12
2025-10-07,127.0,Mpopoma,MPOPOMA USD PETROL,410.423842,607.7253
2025-10-07,129.0,Khami,KHAMI USD DIESEL,250.952381,364.4
2025-10-07,129.0,Khami,KHAMI USD PETROL,140.0,211.4
2025-10-07,131.0,R Mugabe,R MUGABE USD DIESEL,166.313333,249.47
2025-10-07,131.0,R Mugabe,R MUGABE USD PETROL,62.776316,95.42
2025-10-07,135.0,Cripps,CRIPPS DIESEL USD,828.650685,1209.83
2025-10-07,135.0,Cripps,CRIPPS PETROL USD,767.148647,1135.38
2025-10-07,135.0,Cripps,DIESEL LITRES,340.0,340.0
2025-10-07,135.0,Cripps,PETROL LITRES,929.78,929.78
2025-10-07,140.0,Mutare Second Street,DIESEL LITRES,57.0,57.0
2025-10-07,140.0,Mutare Second Street,MUTARE SECOND USD DIESEL,99.315068,145.0
2025-10-07,140.0,Mutare Second Street,MUTARE SECOND USD PETROL,77.702702,115.0
2025-10-07,140.0,Mutare Second Street,PETROL LITRES,35.0,35.0
2025-10-07,141.0,Troutbeck,TROUTBECK USD DIESEL,104.0,156.0
2025-10-07,141.0,Troutbeck,TROUTBECK USD PETROL,44.025974,67.8
2025-10-07,144.0,Bessemer,BESSEMER USD DIESEL,33.802817,48.0
2025-10-07,144.0,Bessemer,BESSEMER USD PETROL,20.689655,30.0
2025-10-07,144.0,Bessemer,DIESEL LITRES,40.0,40.0
2025-10-07,145.0,Sunway City,PETROL LITRES,30.0,30.0
2025-10-07,145.0,Sunway City,SUNWAY USD DIESEL,420.666665,630.5
2025-10-07,145.0,Sunway City,SUNWAY USD PETROL,170.026315,258.44
2025-10-07,146.0,Banket,BANKET BULK DIESEL USD,400.0,584.0
2025-10-07,146.0,Banket,BANKET USD PETROL,1.973684,3.0
2025-10-07,147.0,Chinhoyi Main,CHINHOYI BULK DIESEL USD,1699.659864,2498.5
2025-10-07,147.0,Chinhoyi Main,CHINHOYI MAIN USD DIESEL,313.666667,470.0
2025-10-07,147.0,Chinhoyi Main,CHINHOYI MAIN USD PETROL,27.202614,41.62
2025-10-07,147.0,Chinhoyi Main,DIESEL LITRES,220.0,220.0
2025-10-07,148.0,Chegutu,CHEGUTU USD DIESEL,50.0,74.5
2025-10-07,149.0,Turnpike,DIESEL LITRES,357.29,357.29
2025-10-07,149.0,Turnpike,TURNPIKE USD DIESEL,332.573333,498.86
2025-10-07,149.0,Turnpike,TURNPIKE USD PETROL,120.789473,182.2842
2025-10-07,150.0,Mutare One Stop,DIESEL LITRES,101.81,101.81
2025-10-07,150.0,Mutare One Stop,MUTARE ONE STOP DIESEL,109.041097,159.2
2025-10-07,150.0,Mutare One Stop,MUTARE ONE STOP PETROL,21.621622,32.0
2025-10-07,167.0,Munch & Move,MUNCH & MOVE - SALES,54.4,54.4
2025-10-08,,,,,103690.17
2025-10-08,82.0,Runiville,DIESEL LITRES,60.0,60.0
2025-10-08,82.0,Runiville,PETROL LITRES,272.86,272.86
2025-10-08,82.0,Runiville,RUNIVILLE BULK DIESEL USD,328.0,478.88
2025-10-08,82.0,Runiville,RUNIVILLE USD DIESEL,1209.429529,1793.945
2025-10-08,82.0,Runiville,RUNIVILLE USD PETROL,669.809208,1013.3308
2025-10-08,84.0,Avondale,AVONDALE USD DIESEL,1233.202704,1807.8205
2025-10-08,84.0,Avondale,AVONDALE USD PETROL,1565.217104,2367.8416
2025-10-08,84.0,Avondale,DIESEL LITRES,145.1,145.1
2025-10-08,84.0,Avondale,PETROL LITRES,90.44,90.44
2025-10-08,86.0,Charter,CHARTER USD DIESEL,198.452703,293.71
2025-10-08,86.0,Charter,CHARTER USD PETROL,272.466666,408.7
2025-10-08,86.0,Charter,DIESEL LITRES,400.0,400.0
2025-10-08,86.0,Charter,PETROL LITRES,30.0,30.0
2025-10-08,88.0,Seke,PETROL LITRES,20.0,20.0
2025-10-08,88.0,Seke,SEKE USD PETROL,60.0,90.0
2025-10-08,92.0,Msasa,DIESEL LITRES,516.0,516.0
2025-10-08,92.0,Msasa,MSASA BULK DIESEL,910.135135,1347.0
2025-10-08,92.0,Msasa,MSASA USD DIESEL,754.000002,1152.7376
2025-10-08,92.0,Msasa,MSASA USD PETROL,575.175323,885.77
2025-10-08,92.0,Msasa,PETROL LITRES,232.0,232.0
2025-10-08,96.0,Samora,PETROL LITRES,20.0,20.0
2025-10-08,96.0,Samora,SAMORA USD DIESEL,610.986755,921.3383
2025-10-08,96.0,Samora,SAMORA USD PETROL,478.203948,724.3533
2025-10-08,98.0,Roadport,DIESEL LITRES,542.96,542.96
2025-10-08,98.0,Roadport,PETROL LITRES,99.72,99.72
2025-10-08,98.0,Roadport,ROADPORT USD DIESEL,1376.473685,2085.2253
2025-10-08,98.0,Roadport,ROAPORT USD PETROL,630.889607,970.9206
2025-10-08,102.0,Kirkman,DIESEL LITRES,1860.36,1860.36
2025-10-08,102.0,Kirkman,KIRKMAN USD DIESEL,242.2349,360.0911
2025-10-08,102.0,Kirkman,KIRKMAN USD PETROL,239.210525,363.2711
2025-10-08,102.0,Kirkman,PETROL LITRES,10.0,10.0
2025-10-08,110.0,Mutare Green Market,DIESEL LITRES,368.0,368.0
2025-10-08,110.0,Mutare Green Market,MUTARE GREENMARKET USD DIESEL,36.452055,53.22
2025-10-08,110.0,Mutare Green Market,MUTARE GREENMARKET USD PETROL,59.054054,87.4
2025-10-08,112.0,Marondera,DIESEL LITRES,105.0,105.0
2025-10-08,112.0,Marondera,MARONDERA USD DIESEL,140.70068,206.83
2025-10-08,112.0,Marondera,MARONDERA USD PETROL,45.0,67.95
2025-10-08,114.0,Kadoma,DIESEL LITRES,100.0,100.0
2025-10-08,114.0,Kadoma,KADOMA USD DIESEL,10.0,14.8
2025-10-08,114.0,Kadoma,KADOMA USD PETROL,49.668875,74.0066
2025-10-08,121.0,Gweru,DIESEL LITRES,170.0,170.0
2025-10-08,121.0,Gweru,GWERU BULK DIESEL USD,113.0,164.98
2025-10-08,121.0,Gweru,GWERU USD DIESEL,719.405405,1064.72
2025-10-08,121.0,Gweru,GWERU USD PETROL,78.833333,118.25
2025-10-08,123.0,Fife Street,FIFE USD DIESEL,753.671232,1091.3436
2025-10-08,123.0,Fife Street,FIFE USD PETROL,368.746665,551.9046
2025-10-08,123.0,Fife Street,PETROL LITRES,87.0,87.0
2025-10-08,125.0,Fort Street,FORT USD DIESEL,1174.4966,1726.51
2025-10-08,125.0,Fort Street,FORT USD PETROL,351.546054,534.35
2025-10-08,127.0,Mpopoma,MPOPOMA USD DIESEL,392.965987,567.4017
2025-10-08,127.0,Mpopoma,MPOPOMA USD PETROL,174.993378,258.9902
2025-10-08,129.0,Khami,KHAMI USD DIESEL,265.0,384.45
2025-10-08,129.0,Khami,KHAMI USD PETROL,41.490066,62.65
2025-10-08,131.0,R Mugabe,DIESEL LITRES,90.27,90.27
2025-10-08,131.0,R Mugabe,R MUGABE USD DIESEL,223.826666,335.74
2025-10-08,131.0,R Mugabe,R MUGABE USD PETROL,62.651316,95.23
2025-10-08,135.0,Cripps,CRIPPS BULK DIESEL USD,427.586207,620.0
2025-10-08,135.0,Cripps,CRIPPS DIESEL USD,736.130138,1070.8349
2025-10-08,135.0,Cripps,CRIPPS PETROL USD,1085.439188,1606.45
2025-10-08,135.0,Cripps,DIESEL LITRES,459.89,459.89
2025-10-08,135.0,Cripps,PETROL LITRES,74.0,74.0
2025-10-08,139.0,Head Office,PETROL,0.01282,0.02
2025-10-08,140.0,Mutare Second Street,MUTARE SECOND USD BULK DIESEL,1600.0,2272.0
2025-10-08,140.0,Mutare Second Street,MUTARE SECOND USD DIESEL,217.369863,317.36
2025-10-08,141.0,Troutbeck,PETROL LITRES,67.0,67.0
2025-10-08,141.0,Troutbeck,TROUTBECK USD DIESEL,200.0,296.0
2025-10-08,145.0,Sunway City,DIESEL LITRES,40.0,40.0
2025-10-08,145.0,Sunway City,PETROL LITRES,119.0,119.0
2025-10-08,145.0,Sunway City,SUNWAY USD DIESEL,368.000001,550.2667
2025-10-08,145.0,Sunway City,SUNWAY USD PETROL,19.736842,30.0
2025-10-08,146.0,Banket,BANKET USD DIESEL,86.666667,130.0
2025-10-08,146.0,Banket,DIESEL LITRES,56.41,56.41
2025-10-08,147.0,Chinhoyi Main,CHINHOYI BULK DIESEL USD,550.0,808.5
2025-10-08,147.0,Chinhoyi Main,CHINHOYI MAIN USD DIESEL,294.666666,442.0
2025-10-08,147.0,Chinhoyi Main,CHINHOYI MAIN USD PETROL,84.281046,128.95
2025-10-08,148.0,Chegutu,DIESEL LITRES,150.0,150.0
2025-10-08,149.0,Turnpike,DIESEL LITRES,435.0,435.0
2025-10-08,149.0,Turnpike,TURNPIKE USD DIESEL,133.333333,200.0
2025-10-08,149.0,Turnpike,TURNPIKE USD PETROL,19.736842,30.0
2025-10-08,150.0,Mutare One Stop,DIESEL LITRES,243.0,243.0
2025-10-08,150.0,Mutare One Stop,MUTARE ONE STOP DIESEL,171.232877,250.0
2025-10-08,150.0,Mutare One Stop,MUTARE ONE STOP PETROL,40.540541,60.0
2025-10-08,167.0,Munch & Move,MUNCH & MOVE - SALES,27.6,27.6
2025-10-09,,,,,79761.3
2025-10-09,82.0,Runiville,DIESEL LITRES,288.19,288.19
2025-10-09,82.0,Runiville,PETROL LITRES,237.25,237.25
2025-10-09,82.0,Runiville,RUNIVILLE BULK DIESEL USD,339.19863,495.23
2025-10-09,82.0,Runiville,RUNIVILLE USD DIESEL,1127.161073,1654.2554
2025-10-09,82.0,Runiville,RUNIVILLE USD PETROL,564.855263,857.58
2025-10-09,84.0,Avondale,AVONDALE USD DIESEL,1252.756754,1844.9608
2025-10-09,84.0,Avondale,AVONDALE USD PETROL,1041.519737,1571.5753
2025-10-09,84.0,Avondale,DIESEL LITRES,362.69,362.69
2025-10-09,84.0,Avondale,PETROL LITRES,119.3,119.3
2025-10-09,86.0,Charter,CHARTER USD DIESEL,678.331082,999.5313
2025-10-09,86.0,Charter,CHARTER USD PETROL,377.969298,572.82
2025-10-09,86.0,Charter,DIESEL LITRES,60.0,60.0
2025-10-09,86.0,Charter,PETROL LITRES,30.0,30.0
2025-10-09,88.0,Seke,SEKE USD DIESEL,86.574325,128.13
2025-10-09,88.0,Seke,SEKE USD PETROL,119.96,176.3253
2025-10-09,92.0,Msasa,DIESEL LITRES,75.02,75.02
2025-10-09,92.0,Msasa,MSASA BULK DIESEL,925.675676,1355.8108
2025-10-09,92.0,Msasa,MSASA USD DIESEL,762.522875,1164.3659
2025-10-09,92.0,Msasa,MSASA USD PETROL,599.532463,923.28
2025-10-09,92.0,Msasa,PETROL LITRES,198.71,198.71
2025-10-09,96.0,Samora,DIESEL LITRES,112.5,112.5
2025-10-09,96.0,Samora,SAMORA USD DIESEL,360.814568,539.7042
2025-10-09,96.0,Samora,SAMORA USD PETROL,396.276316,598.7893
2025-10-09,98.0,Roadport,DIESEL LITRES,678.8,678.8
2025-10-09,98.0,Roadport,PETROL LITRES,58.67,58.67
2025-10-09,98.0,Roadport,ROADPORT USD DIESEL,1017.414478,1540.8066
2025-10-09,98.0,Roadport,ROAPORT USD PETROL,416.844155,641.94
2025-10-09,102.0,Kirkman,DIESEL LITRES,1600.0,1600.0
2025-10-09,102.0,Kirkman,KIRKMAN USD DIESEL,214.630873,318.8
2025-10-09,102.0,Kirkman,KIRKMAN USD PETROL,275.973684,417.4734
2025-10-09,102.0,Kirkman,PETROL LITRES,10.0,10.0
2025-10-09,110.0,Mutare Green Market,DIESEL LITRES,26.0,26.0
2025-10-09,110.0,Mutare Green Market,MUTARE GREEN MARKET BULK DIESEL,662.0,940.04
2025-10-09,110.0,Mutare Green Market,MUTARE GREENMARKET USD DIESEL,117.397261,171.4
2025-10-09,110.0,Mutare Green Market,MUTARE GREENMARKET USD PETROL,18.364865,27.18
2025-10-09,112.0,Marondera,DIESEL LITRES,130.0,130.0
2025-10-09,112.0,Marondera,MARONDERA USD DIESEL,437.217687,642.71
2025-10-09,112.0,Marondera,MARONDERA USD PETROL,67.490066,101.91
2025-10-09,114.0,Kadoma,KADOMA USD DIESEL,115.885136,171.51
2025-10-09,114.0,Kadoma,KADOMA USD PETROL,20.0,30.2
2025-10-09,121.0,Gweru,DIESEL LITRES,210.0,210.0
2025-10-09,121.0,Gweru,GWERU USD DIESEL,499.547297,737.9786
2025-10-09,121.0,Gweru,GWERU USD PETROL,88.0,131.3
2025-10-09,123.0,Fife Street,FIFE USD DIESEL,752.623287,1088.7374
2025-10-09,123.0,Fife Street,FIFE USD PETROL,278.119999,417.18
2025-10-09,125.0,Fort Street,DIESEL LITRES,140.0,140.0
2025-10-09,125.0,Fort Street,FORT USD DIESEL,565.578231,831.4
2025-10-09,125.0,Fort Street,FORT USD PETROL,59.736842,90.8
2025-10-09,127.0,Mpopoma,MPOPOMA USD DIESEL,154.80272,224.5485
2025-10-09,127.0,Mpopoma,MPOPOMA USD PETROL,151.582782,224.7925
2025-10-09,129.0,Khami,KHAMI USD DIESEL,476.380952,687.7886
2025-10-09,129.0,Khami,KHAMI USD PETROL,60.0,90.6
2025-10-09,131.0,R Mugabe,PETROL LITRES,30.0,30.0
2025-10-09,131.0,R Mugabe,R MUGABE USD DIESEL,233.593333,350.39
2025-10-09,131.0,R Mugabe,R MUGABE USD PETROL,59.210526,90.0
2025-10-09,135.0,Cripps,CRIPPS DIESEL USD,1479.986302,2155.3827
2025-10-09,135.0,Cripps,CRIPPS PETROL USD,602.047299,891.03
2025-10-09,135.0,Cripps,DIESEL LITRES,145.0,145.0
2025-10-09,135.0,Cripps,PETROL LITRES,151.19,151.19
2025-10-09,139.0,Head Office,DIESEL,0.012346,0.02
2025-10-09,139.0,Head Office,PETROL,0.00641,0.01
2025-10-09,140.0,Mutare Second Street,MUTARE SECOND USD BULK DIESEL,1650.0,2343.0
2025-10-09,140.0,Mutare Second Street,MUTARE SECOND USD DIESEL,164.465753,240.12
2025-10-09,144.0,Bessemer,BESSEMER USD PETROL,42.758621,60.7172
2025-10-09,145.0,Sunway City,DIESEL LITRES,120.0,120.0
2025-10-09,145.0,Sunway City,SUNWAY USD DIESEL,345.486668,518.23
2025-10-09,145.0,Sunway City,SUNWAY USD PETROL,41.184211,62.6
2025-10-09,146.0,Banket,BANKET BULK DIESEL USD,479.445204,699.99
2025-10-09,146.0,Banket,BANKET USD DIESEL,86.666667,130.0
2025-10-09,146.0,Banket,BANKET USD PETROL,52.894737,80.4
2025-10-09,147.0,Chinhoyi Main,CHINHOYI BULK DIESEL USD,850.0,1249.5
2025-10-09,147.0,Chinhoyi Main,CHINHOYI MAIN USD DIESEL,226.666667,340.0
2025-10-09,147.0,Chinhoyi Main,CHINHOYI MAIN USD PETROL,10.20915,15.62
2025-10-09,147.0,Chinhoyi Main,DIESEL LITRES,600.0,600.0
2025-10-09,148.0,Chegutu,CHEGUTU USD DIESEL,175.57047,261.6
2025-10-09,148.0,Chegutu,DIESEL LITRES,100.0,100.0
2025-10-09,149.0,Turnpike,DIESEL LITRES,200.0,200.0
2025-10-09,149.0,Turnpike,TURNPIKE USD DIESEL,43.333333,65.0
2025-10-09,149.0,Turnpike,TURNPIKE USD PETROL,64.473684,98.0
2025-10-09,150.0,Mutare One Stop,DIESEL LITRES,180.0,180.0
2025-10-09,150.0,Mutare One Stop,MUTARE ONE STOP DIESEL,645.794521,941.1477
2025-10-09,150.0,Mutare One Stop,MUTARE ONE STOP PETROL,62.162163,92.0
2025-10-09,167.0,Munch & Move,MUNCH & MOVE - SALES,88.9,88.9
2025-10-09,170.0,Turnpike M&M,MUNCH & MOVE -TURNPIKE  - SALES,53.2,53.2
2025-10-10,,,,,74756.52
2025-10-10,82.0,Runiville,DIESEL LITRES,655.01,655.01
2025-10-10,82.0,Runiville,PETROL LITRES,386.89,386.89
2025-10-10,82.0,Runiville,RUN-RUBIA TIR 7400 SAE 15W40 5L,1.0,25.0
2025-10-10,82.0,Runiville,RUNIVILLE BULK DIESEL USD,613.013699,895.0
2025-10-10,82.0,Runiville,RUNIVILLE USD DIESEL,1744.120807,2579.7979
2025-10-10,82.0,Runiville,RUNIVILLE USD PETROL,865.927631,1314.2942
2025-10-10,84.0,Avondale,AVONDALE USD DIESEL,1724.168919,2535.9545
2025-10-10,84.0,Avondale,AVONDALE USD PETROL,1003.986841,1512.8535
2025-10-10,84.0,Avondale,DIESEL LITRES,203.29,203.29
2025-10-10,84.0,Avondale,PETROL LITRES,297.34,297.34
2025-10-10,86.0,Charter,CHARTER USD DIESEL,525.290539,776.43
2025-10-10,86.0,Charter,CHARTER USD PETROL,306.743422,465.5
2025-10-10,86.0,Charter,DIESEL LITRES,129.19,129.19
2025-10-10,88.0,Seke,SEKE USD DIESEL,228.885136,333.1214
2025-10-10,88.0,Seke,SEKE USD PETROL,4.666667,7.0
2025-10-10,92.0,Msasa,DIESEL LITRES,869.5,869.5
2025-10-10,92.0,Msasa,MSASA BULK DIESEL,236.486486,350.0
2025-10-10,92.0,Msasa,MSASA USD DIESEL,1340.98478,2059.4684
2025-10-10,92.0,Msasa,MSASA USD PETROL,418.364304,640.0838
2025-10-10,92.0,Msasa,PETROL LITRES,396.32,396.32
2025-10-10,96.0,Samora,DIESEL LITRES,74.02,74.02
2025-10-10,96.0,Samora,PETROL LITRES,85.15,85.15
2025-10-10,96.0,Samora,SAMORA USD DIESEL,477.384106,715.8831
2025-10-10,96.0,Samora,SAMORA USD PETROL,763.63158,1155.1469
2025-10-10,98.0,Roadport,DIESEL LITRES,208.32,208.32
2025-10-10,98.0,Roadport,PETROL LITRES,15.0,15.0
2025-10-10,98.0,Roadport,ROADPORT USD DIESEL,969.381583,1461.6324
2025-10-10,98.0,Roadport,ROAPORT USD PETROL,934.519477,1435.8548
2025-10-10,102.0,Kirkman,DIESEL LITRES,931.0,931.0
2025-10-10,102.0,Kirkman,KIRKMAN USD DIESEL,588.832215,872.5703
2025-10-10,102.0,Kirkman,KIRKMAN USD PETROL,256.486841,385.3629
2025-10-10,110.0,Mutare Green Market,MUTARE GREEN MARKET BULK DIESEL,1838.295775,2610.38
2025-10-10,110.0,Mutare Green Market,MUTARE GREENMARKET USD DIESEL,39.726027,58.0
2025-10-10,110.0,Mutare Green Market,MUTARE GREENMARKET USD PETROL,33.783784,50.0
2025-10-10,112.0,Marondera,DIESEL LITRES,430.0,430.0
2025-10-10,112.0,Marondera,MARONDERA USD DIESEL,218.639456,321.4
2025-10-10,112.0,Marondera,MARONDERA USD PETROL,110.721855,166.243
2025-10-10,112.0,Marondera,PETROL LITRES,40.33,40.33
2025-10-10,114.0,Kadoma,DIESEL LITRES,230.0,230.0
2025-10-10,114.0,Kadoma,KADOMA USD DIESEL,95.0,140.6
2025-10-10,114.0,Kadoma,KADOMA USD PETROL,92.07947,137.8642
2025-10-10,121.0,Gweru,DIESEL LITRES,313.0,313.0
2025-10-10,121.0,Gweru,GWERU BULK DIESEL USD,410.958904,600.0
2025-10-10,121.0,Gweru,GWERU USD DIESEL,590.43919,872.8111
2025-10-10,121.0,Gweru,GWERU USD PETROL,13.333333,19.3333
2025-10-10,123.0,Fife Street,DIESEL LITRES,131.21,131.21
2025-10-10,123.0,Fife Street,FIFE USD DIESEL,775.319417,1137.42
2025-10-10,123.0,Fife Street,FIFE USD PETROL,221.72114,335.17
2025-10-10,125.0,Fort Street,FORT USD DIESEL,1630.035438,2405.33
2025-10-10,125.0,Fort Street,FORT USD PETROL,530.164474,805.85
2025-10-10,127.0,Mpopoma,MPOPOMA BULK DIESEL USD,476.190476,700.0
2025-10-10,127.0,Mpopoma,MPOPOMA USD DIESEL,234.408163,338.364
2025-10-10,127.0,Mpopoma,MPOPOMA USD PETROL,190.966888,283.3859
2025-10-10,129.0,Khami,KHAMI USD DIESEL,1418.292471,2086.4078
2025-10-10,129.0,Khami,KHAMI USD PETROL,158.874172,239.9
2025-10-10,131.0,R Mugabe,DIESEL LITRES,30.0,30.0
2025-10-10,131.0,R Mugabe,R MUGABE USD DIESEL,238.333333,357.5
2025-10-10,131.0,R Mugabe,R MUGABE USD PETROL,125.197369,190.3
2025-10-10,135.0,Cripps,CRIPPS BULK DIESEL USD,413.793103,600.0
2025-10-10,135.0,Cripps,CRIPPS DIESEL USD,1360.321918,1963.0424
2025-10-10,135.0,Cripps,CRIPPS PETROL USD,1027.020271,1514.9224
2025-10-10,135.0,Cripps,DIESEL LITRES,665.34,665.34
2025-10-10,135.0,Cripps,PETROL LITRES,72.16,72.16
2025-10-10,140.0,Mutare Second Street,MUTARE SECOND USD BULK DIESEL,2634.556338,3741.07
2025-10-10,140.0,Mutare Second Street,MUTARE SECOND USD PETROL,13.439189,19.89
2025-10-10,141.0,Troutbeck,TROUTBECK USD DIESEL,163.0,238.85
2025-10-10,145.0,Sunway City,DIESEL LITRES,31.9,31.9
2025-10-10,145.0,Sunway City,PETROL LITRES,54.64,54.64
2025-10-10,145.0,Sunway City,SUNWAY USD DIESEL,240.0,358.2
2025-10-10,145.0,Sunway City,SUNWAY USD PETROL,94.657894,143.3866
2025-10-10,146.0,Banket,BANKET BULK DIESEL USD,897.959184,1314.0
2025-10-10,146.0,Banket,BANKET USD DIESEL,53.333333,77.3333
2025-10-10,147.0,Chinhoyi Main,CHINHOYI BULK DIESEL USD,500.0,735.0
2025-10-10,147.0,Chinhoyi Main,CHINHOYI MAIN USD DIESEL,529.046358,796.0
2025-10-10,147.0,Chinhoyi Main,CHINHOYI MAIN USD PETROL,132.20915,202.28
2025-10-10,147.0,Chinhoyi Main,DIESEL LITRES,102.0,102.0
2025-10-10,148.0,Chegutu,CHEGUTU BULK DIESEL USD,100.0,147.0
2025-10-10,148.0,Chegutu,CHEGUTU USD DIESEL,154.362416,230.0
2025-10-10,148.0,Chegutu,DIESEL LITRES,45.0,45.0
2025-10-10,149.0,Turnpike,DIESEL LITRES,1154.55,1154.55
2025-10-10,149.0,Turnpike,TURNPIKE USD DIESEL,171.473333,257.21
2025-10-10,150.0,Mutare One Stop,DIESEL LITRES,461.34,461.34
2025-10-10,150.0,Mutare One Stop,MUTARE ONE STOP DIESEL,168.438356,245.92
2025-10-10,150.0,Mutare One Stop,MUTARE ONE STOP PETROL,51.182432,75.75
2025-10-10,159.0,Gwanda ,GWANDA USD DIESEL,57.0,87.78
2025-10-10,167.0,Munch & Move,MUNCH & MOVE - SALES,143.32,143.32
2025-10-10,170.0,Turnpike M&M,MUNCH & MOVE -TURNPIKE  - SALES,1.5,1.5
2025-10-11,,,,,15221.95
2025-10-11,82.0,Runiville,DIESEL LITRES,210.97,210.97
2025-10-11,82.0,Runiville,PETROL LITRES,49.99,49.99
2025-10-11,82.0,Runiville,RUNIVILLE BULK DIESEL USD,550.405405,814.6
2025-10-11,82.0,Runiville,RUNIVILLE USD DIESEL,941.664429,1381.4136
2025-10-11,82.0,Runiville,RUNIVILLE USD PETROL,655.506577,995.6437
2025-10-11,84.0,Avondale,AVONDALE USD DIESEL,1145.067564,1684.6915
2025-10-11,84.0,Avondale,AVONDALE USD PETROL,950.388156,1437.6035
2025-10-11,84.0,Avondale,DIESEL LITRES,488.06,488.06
2025-10-11,84.0,Avondale,PETROL LITRES,127.11,127.11
2025-10-11,86.0,Charter,CHARTER USD DIESEL,321.452703,474.75
2025-10-11,86.0,Charter,CHARTER USD PETROL,189.907894,287.0153
2025-10-11,86.0,Charter,DIESEL LITRES,85.0,85.0
2025-10-11,88.0,Seke,SEKE USD DIESEL,40.54054,60.0
2025-10-11,88.0,Seke,SEKE USD PETROL,300.293334,442.8519
2025-10-11,92.0,Msasa,DIESEL LITRES,511.28,511.28
2025-10-11,92.0,Msasa,MSASA USD DIESEL,995.329033,1542.76
2025-10-11,92.0,Msasa,MSASA USD PETROL,354.625809,549.67
2025-10-11,92.0,Msasa,PETROL LITRES,189.55,189.55
2025-10-11,96.0,Samora,DIESEL LITRES,30.0,30.0
2025-10-11,96.0,Samora,SAMORA USD DIESEL,299.119205,450.0144
2025-10-11,96.0,Samora,SAMORA USD PETROL,204.460526,308.5662
2025-10-11,98.0,Roadport,DIESEL LITRES,50.68,50.68
2025-10-11,98.0,Roadport,PETROL LITRES,128.0,128.0
2025-10-11,98.0,Roadport,ROADPORT USD DIESEL,991.25658,1501.1527
2025-10-11,98.0,Roadport,ROAPORT USD PETROL,329.090908,504.3
2025-10-11,102.0,Kirkman,DIESEL LITRES,2061.0,2061.0
2025-10-11,102.0,Kirkman,KIRKMAN USD DIESEL,274.872482,404.1304
2025-10-11,102.0,Kirkman,KIRKMAN USD PETROL,132.598684,200.8921
2025-10-11,102.0,Kirkman,PETROL LITRES,30.0,30.0
2025-10-11,110.0,Mutare Green Market,MUTARE GREEN MARKET BULK DIESEL,240.0,340.8
2025-10-11,110.0,Mutare Green Market,MUTARE GREENMARKET USD DIESEL,29.006849,42.35
2025-10-11,110.0,Mutare Green Market,MUTARE GREENMARKET USD PETROL,47.006757,69.57
2025-10-11,110.0,Mutare Green Market,PETROL LITRES,20.0,20.0
2025-10-11,112.0,Marondera,DIESEL LITRES,302.58,302.58
2025-10-11,112.0,Marondera,MARONDERA USD DIESEL,201.047619,293.0686
2025-10-11,112.0,Marondera,MARONDERA USD PETROL,42.516556,62.8026
2025-10-11,112.0,Marondera,PETROL LITRES,30.54,30.54
2025-10-11,114.0,Kadoma,DIESEL LITRES,160.0,160.0
2025-10-11,121.0,Gweru,DIESEL LITRES,500.0,500.0
2025-10-11,121.0,Gweru,GWERU USD DIESEL,242.027028,357.5243
2025-10-11,121.0,Gweru,GWERU USD PETROL,83.615893,125.3328
2025-10-11,123.0,Fife Street,DIESEL LITRES,13.0,13.0
2025-10-11,123.0,Fife Street,FIFE USD DIESEL,920.445947,1362.26
2025-10-11,123.0,Fife Street,FIFE USD PETROL,324.973683,493.96
2025-10-11,125.0,Fort Street,DIESEL LITRES,18.66,18.66
2025-10-11,125.0,Fort Street,FORT USD DIESEL,403.614865,597.35
2025-10-11,125.0,Fort Street,FORT USD PETROL,36.940789,56.15
2025-10-11,127.0,Mpopoma,MPOPOMA USD DIESEL,191.202703,277.244
2025-10-11,127.0,Mpopoma,MPOPOMA USD PETROL,410.072848,609.944
2025-10-11,129.0,Khami,KHAMI USD DIESEL,532.891892,780.58
2025-10-11,129.0,Khami,KHAMI USD PETROL,26.622517,40.2
2025-10-11,131.0,R Mugabe,DIESEL LITRES,160.0,160.0
2025-10-11,131.0,R Mugabe,R MUGABE USD DIESEL,385.273334,577.91
2025-10-11,131.0,R Mugabe,R MUGABE USD PETROL,67.460527,102.54
2025-10-11,135.0,Cripps,CRIPPS BULK DIESEL USD,162.068966,235.0
2025-10-11,135.0,Cripps,CRIPPS DIESEL USD,329.547944,474.5024
2025-10-11,135.0,Cripps,CRIPPS PETROL USD,458.358109,676.9947
2025-10-11,135.0,Cripps,DIESEL LITRES,640.0,640.0
2025-10-11,140.0,Mutare Second Street,DIESEL LITRES,80.0,80.0
2025-10-11,140.0,Mutare Second Street,MUTARE SECOND USD BULK DIESEL,1775.211268,2520.8
2025-10-11,140.0,Mutare Second Street,MUTARE SECOND USD DIESEL,140.410959,205.0
2025-10-11,140.0,Mutare Second Street,MUTARE SECOND USD PETROL,17.567568,26.0
2025-10-11,141.0,Troutbeck,TROUTBECK USD DIESEL,650.0,942.5
2025-10-11,141.0,Troutbeck,TROUTBECK USD PETROL,25.974026,40.0
2025-10-11,144.0,Bessemer,BESSEMER USD PETROL,34.482759,48.2759
2025-10-11,145.0,Sunway City,DIESEL LITRES,205.0,205.0
2025-10-11,145.0,Sunway City,SUNWAY USD DIESEL,184.440001,274.7267
2025-10-11,145.0,Sunway City,SUNWAY USD PETROL,79.822368,121.33
2025-10-11,146.0,Banket,BANKET BULK DIESEL USD,1200.0,1764.0
2025-10-11,146.0,Banket,BANKET USD DIESEL,66.666667,100.0
2025-10-11,147.0,Chinhoyi Main,CHINHOYI BULK DIESEL USD,600.0,894.0
2025-10-11,147.0,Chinhoyi Main,CHINHOYI MAIN USD DIESEL,40.0,60.4
2025-10-11,147.0,Chinhoyi Main,CHINHOYI MAIN USD PETROL,55.555556,85.0
2025-10-11,148.0,Chegutu,CHEGUTU USD DIESEL,134.563758,195.2819
2025-10-11,148.0,Chegutu,CHEGUTU USD PETROL,137.164473,208.49
2025-10-11,149.0,Turnpike,DIESEL LITRES,685.0,685.0
2025-10-11,149.0,Turnpike,PETROL LITRES,35.0,35.0
2025-10-11,149.0,Turnpike,TURNPIKE USD DIESEL,96.666667,143.5
2025-10-11,149.0,Turnpike,TURNPIKE USD PETROL,96.973685,147.4
2025-10-11,150.0,Mutare One Stop,MUTARE ONE STOP PETROL,27.027027,39.1892
2025-10-11,167.0,Munch & Move,MUNCH & MOVE - SALES,2.7,2.7
2025-10-12,,,,,17469.0
2025-10-12,82.0,Runiville,DIESEL LITRES,40.0,40.0
2025-10-12,82.0,Runiville,PETROL LITRES,32.54,32.54
2025-10-12,82.0,Runiville,RUNIVILLE BULK DIESEL USD,120.0,177.6
2025-10-12,82.0,Runiville,RUNIVILLE USD DIESEL,430.724832,637.1099
2025-10-12,82.0,Runiville,RUNIVILLE USD PETROL,550.230263,834.7046
2025-10-12,84.0,Avondale,AVONDALE USD DIESEL,907.587838,1328.6898
2025-10-12,84.0,Avondale,AVONDALE USD PETROL,788.967107,1183.4185
2025-10-12,84.0,Avondale,DIESEL LITRES,613.92,613.92
2025-10-12,84.0,Avondale,PETROL LITRES,189.98,189.98
2025-10-12,86.0,Charter,CHARTER USD DIESEL,154.547297,226.9824
2025-10-12,86.0,Charter,CHARTER USD PETROL,88.868422,135.08
2025-10-12,86.0,Charter,DIESEL LITRES,127.0,127.0
2025-10-12,88.0,Seke,SEKE USD DIESEL,203.337838,298.3272
2025-10-12,88.0,Seke,SEKE USD PETROL,87.866666,129.8
2025-10-12,92.0,Msasa,DIESEL LITRES,163.6,163.6
2025-10-12,92.0,Msasa,MSASA BULK DIESEL,400.0,600.0
2025-10-12,92.0,Msasa,MSASA USD DIESEL,65.141935,100.97
2025-10-12,92.0,Msasa,MSASA USD PETROL,143.148388,221.88
2025-10-12,92.0,Msasa,PETROL LITRES,32.4,32.4
2025-10-12,96.0,Samora,DIESEL LITRES,60.0,60.0
2025-10-12,96.0,Samora,PETROL LITRES,35.0,35.0
2025-10-12,96.0,Samora,SAMORA USD DIESEL,125.350994,189.28
2025-10-12,96.0,Samora,SAMORA USD PETROL,196.342106,294.2295
2025-10-12,98.0,Roadport,DIESEL LITRES,22.3,22.3
2025-10-12,98.0,Roadport,PETROL LITRES,50.0,50.0
2025-10-12,98.0,Roadport,ROADPORT USD DIESEL,296.078946,445.9683
2025-10-12,98.0,Roadport,ROAPORT USD PETROL,264.402595,407.18
2025-10-12,102.0,Kirkman,DIESEL LITRES,1012.0,1012.0
2025-10-12,102.0,Kirkman,KIRKMAN USD DIESEL,233.751678,346.4175
2025-10-12,102.0,Kirkman,KIRKMAN USD PETROL,275.355265,415.5485
2025-10-12,110.0,Mutare Green Market,MUTARE GREEN MARKET BULK DIESEL,100.0,142.0
2025-10-12,110.0,Mutare Green Market,MUTARE GREENMARKET USD DIESEL,120.958904,176.6
2025-10-12,110.0,Mutare Green Market,MUTARE GREENMARKET USD PETROL,87.837838,130.0
2025-10-12,112.0,Marondera,DIESEL LITRES,25.0,25.0
2025-10-12,112.0,Marondera,MARONDERA USD DIESEL,155.10204,228.0
2025-10-12,112.0,Marondera,MARONDERA USD PETROL,14.966887,21.8517
2025-10-12,114.0,Kadoma,DIESEL LITRES,100.0,100.0
2025-10-12,121.0,Gweru,DIESEL LITRES,2077.65,2077.65
2025-10-12,121.0,Gweru,GWERU USD DIESEL,378.162162,559.68
2025-10-12,121.0,Gweru,GWERU USD PETROL,68.609272,103.6
2025-10-12,123.0,Fife Street,DIESEL LITRES,37.0,37.0
2025-10-12,123.0,Fife Street,FIFE USD DIESEL,249.45946,369.2
2025-10-12,123.0,Fife Street,FIFE USD PETROL,177.565789,269.9
2025-10-12,123.0,Fife Street,PETROL LITRES,20.0,20.0
2025-10-12,125.0,Fort Street,FORT USD DIESEL,339.054054,500.1108
2025-10-12,125.0,Fort Street,FORT USD PETROL,163.552632,246.3812
2025-10-12,127.0,Mpopoma,MPOPOMA USD DIESEL,140.047298,203.0686
2025-10-12,127.0,Mpopoma,MPOPOMA USD PETROL,465.450333,690.5136
2025-10-12,129.0,Khami,DIESEL LITRES,30.0,30.0
2025-10-12,129.0,Khami,KHAMI USD DIESEL,13.0,19.24
2025-10-12,131.0,R Mugabe,R MUGABE USD DIESEL,250.0,375.0
2025-10-12,131.0,R Mugabe,R MUGABE USD PETROL,39.736842,60.4
2025-10-12,135.0,Cripps,CRIPPS DIESEL USD,382.486302,558.43
2025-10-12,135.0,Cripps,CRIPPS PETROL USD,253.45946,375.12
2025-10-12,135.0,Cripps,DIESEL LITRES,74.85,74.85
2025-10-12,140.0,Mutare Second Street,DIESEL LITRES,41.0,41.0
2025-10-12,140.0,Mutare Second Street,MUTARE SECOND USD BULK DIESEL,1785.0,2534.7
2025-10-12,144.0,Bessemer,BESSEMER USD DIESEL,66.901408,95.0
2025-10-12,144.0,Bessemer,BESSEMER USD PETROL,20.689655,30.0
2025-10-12,145.0,Sunway City,PETROL LITRES,20.0,20.0
2025-10-12,145.0,Sunway City,SUNWAY USD DIESEL,210.0,313.8
2025-10-12,145.0,Sunway City,SUNWAY USD PETROL,136.842105,208.0
2025-10-12,146.0,Banket,DIESEL LITRES,70.0,70.0
2025-10-12,147.0,Chinhoyi Main,CHINHOYI BULK DIESEL USD,799.328859,1191.0
2025-10-12,147.0,Chinhoyi Main,CHINHOYI MAIN USD DIESEL,207.880795,313.9
2025-10-12,147.0,Chinhoyi Main,CHINHOYI MAIN USD PETROL,50.267973,76.91
2025-10-12,147.0,Chinhoyi Main,DIESEL LITRES,66.91,66.91
2025-10-12,148.0,Chegutu,CHEGUTU BULK DIESEL USD,142.857143,210.0
2025-10-12,148.0,Chegutu,CHEGUTU USD DIESEL,50.33557,75.0
2025-10-12,149.0,Turnpike,DIESEL LITRES,591.52,591.52
2025-10-12,149.0,Turnpike,TURNPIKE USD DIESEL,92.646667,138.97
2025-10-12,149.0,Turnpike,TURNPIKE USD PETROL,19.736842,29.0132
2025-10-12,150.0,Mutare One Stop,DIESEL LITRES,93.0,93.0
2025-10-12,150.0,Mutare One Stop,MUTARE ONE STOP PETROL,89.189189,132.0
2025-10-12,167.0,Munch & Move,MUNCH & MOVE - SALES,5.0,5.0
2025-10-13,,,,,127784.97
2025-10-13,82.0,Runiville,DIESEL LITRES,706.17,706.17
2025-10-13,82.0,Runiville,PETROL LITRES,503.86,503.86
2025-10-13,82.0,Runiville,RUNIVILLE BULK DIESEL USD,655.344595,969.91
2025-10-13,82.0,Runiville,RUNIVILLE USD DIESEL,1546.57718,2269.2606
2025-10-13,82.0,Runiville,RUNIVILLE USD PETROL,1103.434211,1671.9587
2025-10-13,84.0,Avondale,AVONDALE USD DIESEL,1371.155408,2016.584
2025-10-13,84.0,Avondale,AVONDALE USD PETROL,1417.177629,2146.0782
2025-10-13,84.0,Avondale,DIESEL LITRES,161.9,161.9
2025-10-13,84.0,Avondale,PETROL LITRES,110.0,110.0
2025-10-13,86.0,Charter,CHARTER USD DIESEL,515.885135,760.6346
2025-10-13,86.0,Charter,CHARTER USD PETROL,533.401314,808.8621
2025-10-13,86.0,Charter,PETROL LITRES,20.0,20.0
2025-10-13,88.0,Seke,SEKE USD DIESEL,56.891892,83.0
2025-10-13,88.0,Seke,SEKE USD PETROL,298.88,446.1968
2025-10-13,92.0,Msasa,DIESEL LITRES,1725.62,1725.62
2025-10-13,92.0,Msasa,MSASA BULK DIESEL,112.013333,168.02
2025-10-13,92.0,Msasa,MSASA USD DIESEL,1069.593549,1656.01
2025-10-13,92.0,Msasa,MSASA USD PETROL,1468.574196,2274.54
2025-10-13,92.0,Msasa,PETROL LITRES,452.07,452.07
2025-10-13,96.0,Samora,SAMORA USD DIESEL,234.331127,350.2569
2025-10-13,96.0,Samora,SAMORA USD PETROL,866.644737,1310.5145
2025-10-13,98.0,Roadport,DIESEL LITRES,908.1,908.1
2025-10-13,98.0,Roadport,PETROL LITRES,191.86,191.86
2025-10-13,98.0,Roadport,ROADPORT USD DIESEL,1037.151318,1567.9142
2025-10-13,98.0,Roadport,ROADPORT USD DIESEL BUS,42.425676,62.79
2025-10-13,98.0,Roadport,ROAPORT USD PETROL,854.746752,1313.6532
2025-10-13,102.0,Kirkman,DIESEL LITRES,915.97,915.97
2025-10-13,102.0,Kirkman,KIRKMAN USD DIESEL,119.328859,177.8
2025-10-13,102.0,Kirkman,KIRKMAN USD PETROL,396.480264,601.0053
2025-10-13,110.0,Mutare Green Market,DIESEL LITRES,220.0,220.0
2025-10-13,110.0,Mutare Green Market,MUTARE GREEN MARKET BULK DIESEL,816.84507,1159.92
2025-10-13,110.0,Mutare Green Market,MUTARE GREENMARKET USD DIESEL,284.054795,414.72
2025-10-13,110.0,Mutare Green Market,MUTARE GREENMARKET USD PETROL,53.716216,78.9932
2025-10-13,112.0,Marondera,DIESEL LITRES,108.35,108.35
2025-10-13,112.0,Marondera,MARONDERA USD DIESEL,149.659864,220.0
2025-10-13,112.0,Marondera,MARONDERA USD PETROL,108.834437,164.34
2025-10-13,114.0,Kadoma,KADOMA USD DIESEL,90.0,133.2
2025-10-13,114.0,Kadoma,KADOMA USD PETROL,43.046358,65.0
2025-10-13,121.0,Gweru,DIESEL LITRES,1000.0,1000.0
2025-10-13,121.0,Gweru,GWERU BULK DIESEL USD,400.0,588.0
2025-10-13,121.0,Gweru,GWERU USD DIESEL,455.945946,674.8
2025-10-13,123.0,Fife Street,DIESEL LITRES,59.77,59.77
2025-10-13,123.0,Fife Street,FIFE USD DIESEL,529.364864,771.6555
2025-10-13,123.0,Fife Street,FIFE USD PETROL,480.105261,729.76
2025-10-13,125.0,Fort Street,DIESEL LITRES,280.0,280.0
2025-10-13,125.0,Fort Street,FORT USD DIESEL,484.202703,716.62
2025-10-13,125.0,Fort Street,FORT USD PETROL,179.605264,272.0
2025-10-13,127.0,Mpopoma,MPOPOMA USD DIESEL,251.932433,367.8226
2025-10-13,127.0,Mpopoma,MPOPOMA USD PETROL,382.721854,566.4283
2025-10-13,129.0,Khami,KHAMI USD DIESEL,657.027027,963.4
2025-10-13,129.0,Khami,KHAMI USD PETROL,151.662251,229.01
2025-10-13,131.0,R Mugabe,R MUGABE USD DIESEL,83.66,125.49
2025-10-13,131.0,R Mugabe,R MUGABE USD PETROL,51.81579,78.76
2025-10-13,135.0,Cripps,CRIPPS BULK DIESEL USD,200.0,290.0
2025-10-13,135.0,Cripps,CRIPPS DIESEL USD,1251.417808,1825.7001
2025-10-13,135.0,Cripps,CRIPPS PETROL USD,1386.547297,2049.8255
2025-10-13,135.0,Cripps,DIESEL LITRES,380.0,380.0
2025-10-13,135.0,Cripps,PETROL LITRES,188.6,188.6
2025-10-13,140.0,Mutare Second Street,MUTARE SECOND USD BULK DIESEL,2909.211267,4131.08
2025-10-13,140.0,Mutare Second Street,MUTARE SECOND USD DIESEL,162.945205,237.9
2025-10-13,140.0,Mutare Second Street,MUTARE SECOND USD PETROL,30.405405,45.0
2025-10-13,141.0,Troutbeck,DIESEL LITRES,4800.0,4800.0
2025-10-13,141.0,Troutbeck,PETROL LITRES,200.0,200.0
2025-10-13,141.0,Troutbeck,TROUTBECK USD DIESEL,1059.0,1538.15
2025-10-13,141.0,Troutbeck,TROUTBECK USD PETROL,10.38961,16.0
2025-10-13,144.0,Bessemer,BESSEMER USD DIESEL,17.605634,25.0
2025-10-13,145.0,Sunway City,DIESEL LITRES,65.0,65.0
2025-10-13,145.0,Sunway City,PETROL LITRES,30.0,30.0
2025-10-13,145.0,Sunway City,SUNWAY USD DIESEL,268.106667,402.16
2025-10-13,145.0,Sunway City,SUNWAY USD PETROL,39.473684,60.0
2025-10-13,146.0,Banket,BANKET BULK DIESEL USD,1260.0,1852.2
2025-10-13,146.0,Banket,BANKET USD DIESEL,72.933333,109.4
2025-10-13,146.0,Banket,BANKET USD PETROL,45.751634,70.0
2025-10-13,147.0,Chinhoyi Main,CHINHOYI BULK DIESEL USD,750.0,1117.5
2025-10-13,147.0,Chinhoyi Main,CHINHOYI MAIN USD DIESEL,234.993378,352.6877
2025-10-13,147.0,Chinhoyi Main,CHINHOYI MAIN USD PETROL,50.0,76.5
2025-10-13,148.0,Chegutu,CHEGUTU USD PETROL,36.842105,56.0
2025-10-13,149.0,Turnpike,DIESEL LITRES,1725.0,1725.0
2025-10-13,149.0,Turnpike,TURNPIKE USD DIESEL,78.333333,117.5
2025-10-13,149.0,Turnpike,TURNPIKE USD PETROL,50.032895,76.05
2025-10-13,150.0,Mutare One Stop,DIESEL LITRES,50.0,50.0
2025-10-13,150.0,Mutare One Stop,MUTARE ONE STOP DIESEL,210.273972,307.0
2025-10-13,150.0,Mutare One Stop,MUTARE ONE STOP PETROL,20.27027,30.0
2025-10-13,167.0,Munch & Move,MUNCH & MOVE - SALES,122.31,122.31
2025-10-14,,,,,84810.43
2025-10-14,82.0,Runiville,DIESEL LITRES,150.0,150.0
2025-10-14,82.0,Runiville,PETROL LITRES,245.0,245.0
2025-10-14,82.0,Runiville,RUNIVILLE BULK DIESEL USD,732.804054,1084.55
2025-10-14,82.0,Runiville,RUNIVILLE USD DIESEL,927.080539,1362.4781
2025-10-14,82.0,Runiville,RUNIVILLE USD PETROL,872.644735,1324.7
2025-10-14,84.0,Avondale,AVONDALE USD DIESEL,2210.006755,3256.9498
2025-10-14,84.0,Avondale,AVONDALE USD PETROL,1364.68421,2068.2689
2025-10-14,84.0,Avondale,DIESEL LITRES,263.97,263.97
2025-10-14,84.0,Avondale,PETROL LITRES,42.0,42.0
2025-10-14,86.0,Charter,CHARTER USD DIESEL,706.290537,1045.31
2025-10-14,86.0,Charter,CHARTER USD PETROL,417.717105,633.5159
2025-10-14,88.0,Seke,DIESEL LITRES,40.0,40.0
2025-10-14,88.0,Seke,SEKE USD DIESEL,47.027027,68.6
2025-10-14,88.0,Seke,SEKE USD PETROL,236.886667,348.4534
2025-10-14,92.0,Msasa,DIESEL LITRES,1052.76,1052.76
2025-10-14,92.0,Msasa,MSASA BULK DIESEL,547.719999,821.58
2025-10-14,92.0,Msasa,MSASA USD DIESEL,1372.690323,2124.4429
2025-10-14,92.0,Msasa,MSASA USD PETROL,655.387097,1014.2762
2025-10-14,92.0,Msasa,PETROL LITRES,282.81,282.81
2025-10-14,96.0,Samora,DIESEL LITRES,93.0,93.0
2025-10-14,96.0,Samora,PETROL LITRES,20.0,20.0
2025-10-14,96.0,Samora,SAMORA USD DIESEL,123.178807,183.5166
2025-10-14,96.0,Samora,SAMORA USD PETROL,311.973685,471.1342
2025-10-14,98.0,Roadport,DIESEL LITRES,44.73,44.73
2025-10-14,98.0,Roadport,PETROL LITRES,75.21,75.21
2025-10-14,98.0,Roadport,ROADPORT USD DIESEL,1116.519738,1696.4189
2025-10-14,98.0,Roadport,ROADPORT USD DIESEL BUS,400.0,592.0
2025-10-14,98.0,Roadport,ROAPORT USD PETROL,670.902595,1025.2614
2025-10-14,102.0,Kirkman,DIESEL LITRES,2504.38,2504.38
2025-10-14,102.0,Kirkman,KIRKMAN USD DIESEL,211.577182,315.25
2025-10-14,102.0,Kirkman,KIRKMAN USD PETROL,277.631579,420.9474
2025-10-14,102.0,Kirkman,PETROL LITRES,72.0,72.0
2025-10-14,110.0,Mutare Green Market,DIESEL LITRES,60.0,60.0
2025-10-14,110.0,Mutare Green Market,MUTARE GREEN MARKET BULK DIESEL,500.0,710.0
2025-10-14,110.0,Mutare Green Market,MUTARE GREENMARKET USD DIESEL,114.246575,166.8
2025-10-14,110.0,Mutare Green Market,MUTARE GREENMARKET USD PETROL,13.513514,20.0
2025-10-14,112.0,Marondera,MARONDERA USD DIESEL,112.40467,165.82
2025-10-14,112.0,Marondera,MARONDERA USD PETROL,118.808208,180.41
2025-10-14,114.0,Kadoma,KADOMA USD DIESEL,32.432432,48.0
2025-10-14,121.0,Gweru,DIESEL LITRES,860.0,860.0
2025-10-14,121.0,Gweru,GWERU BULK DIESEL USD,400.0,588.0
2025-10-14,121.0,Gweru,GWERU USD DIESEL,191.891893,284.0
2025-10-14,121.0,Gweru,GWERU USD PETROL,106.324504,159.5566
2025-10-14,123.0,Fife Street,DIESEL LITRES,396.71,396.71
2025-10-14,123.0,Fife Street,FIFE USD DIESEL,661.601352,979.17
2025-10-14,123.0,Fife Street,FIFE USD PETROL,296.072368,449.4511
2025-10-14,123.0,Fife Street,PETROL LITRES,20.0,20.0
2025-10-14,125.0,Fort Street,DIESEL LITRES,61.0,61.0
2025-10-14,125.0,Fort Street,FORT USD DIESEL,921.013515,1363.1
2025-10-14,125.0,Fort Street,FORT USD PETROL,160.657895,244.2
2025-10-14,127.0,Mpopoma,MPOPOMA BULK DIESEL USD,380.0,558.6
2025-10-14,127.0,Mpopoma,MPOPOMA USD DIESEL,259.675676,378.646
2025-10-14,127.0,Mpopoma,MPOPOMA USD PETROL,308.456955,456.8143
2025-10-14,129.0,Khami,KHAMI USD DIESEL,415.0,607.6
2025-10-14,129.0,Khami,KHAMI USD PETROL,64.834437,97.9
2025-10-14,131.0,R Mugabe,R MUGABE USD DIESEL,140.793332,211.19
2025-10-14,131.0,R Mugabe,R MUGABE USD PETROL,61.486842,93.46
2025-10-14,135.0,Cripps,CRIPPS BULK DIESEL USD,728.275862,1056.0
2025-10-14,135.0,Cripps,CRIPPS DIESEL USD,903.773972,1316.5475
2025-10-14,135.0,Cripps,CRIPPS PETROL USD,955.283785,1413.82
2025-10-14,135.0,Cripps,DIESEL LITRES,1174.98,1174.98
2025-10-14,135.0,Cripps,PETROL LITRES,571.71,571.71
2025-10-14,140.0,Mutare Second Street,MUTARE SECOND USD BULK DIESEL,1570.0,2229.4
2025-10-14,140.0,Mutare Second Street,MUTARE SECOND USD DIESEL,68.493151,100.0
2025-10-14,140.0,Mutare Second Street,PETROL LITRES,36.06,36.06
2025-10-14,141.0,Troutbeck,DIESEL LITRES,111.0,111.0
2025-10-14,141.0,Troutbeck,TROUTBECK USD DIESEL,290.0,440.8
2025-10-14,141.0,Troutbeck,TROUTBECK USD PETROL,115.0,177.1
2025-10-14,145.0,Sunway City,PETROL LITRES,77.62,77.62
2025-10-14,145.0,Sunway City,SUNWAY USD DIESEL,691.133333,1035.2333
2025-10-14,145.0,Sunway City,SUNWAY USD PETROL,148.598685,225.87
2025-10-14,146.0,,,,630.0
2025-10-14,146.0,Banket,BANKET BULK DIESEL USD,420.0,617.4
2025-10-14,146.0,Banket,BANKET USD DIESEL,446.38,669.57
2025-10-14,146.0,Banket,DIESEL LITRES,60.0,60.0
2025-10-14,147.0,Chinhoyi Main,CHINHOYI BULK DIESEL USD,846.979866,1262.0
2025-10-14,147.0,Chinhoyi Main,CHINHOYI MAIN USD DIESEL,246.205297,371.77
2025-10-14,147.0,Chinhoyi Main,CHINHOYI MAIN USD PETROL,24.803922,37.95
2025-10-14,147.0,Chinhoyi Main,DIESEL LITRES,24.0,24.0
2025-10-14,148.0,Chegutu,CHEGUTU USD DIESEL,87.114094,129.8
2025-10-14,148.0,Chegutu,CHEGUTU USD PETROL,83.157895,126.4
2025-10-14,149.0,,,,5.0
2025-10-14,149.0,Turnpike,DIESEL LITRES,120.0,120.0
2025-10-14,149.0,Turnpike,TURNPIKE USD DIESEL,10.053333,15.08
2025-10-14,149.0,Turnpike,TURNPIKE USD PETROL,13.157895,20.0
2025-10-14,150.0,Mutare One Stop,DIESEL LITRES,108.0,108.0
2025-10-14,150.0,Mutare One Stop,MUTARE ONE STOP DIESEL,100.0,146.0
2025-10-14,167.0,Munch & Move,MUNCH & MOVE - SALES,512.54,512.54
2025-10-15,,,,,96909.85
2025-10-15,82.0,Runiville,DIESEL LITRES,227.47,227.47
2025-10-15,82.0,Runiville,PETROL LITRES,116.69,116.69
2025-10-15,82.0,Runiville,RUNIVILLE BULK DIESEL USD,666.101352,985.83
2025-10-15,82.0,Runiville,RUNIVILLE USD DIESEL,1634.161074,2402.9838
2025-10-15,82.0,Runiville,RUNIVILLE USD PETROL,1059.256579,1609.07
2025-10-15,84.0,Avondale,AVONDALE USD DIESEL,1725.195945,2544.7977
2025-10-15,84.0,Avondale,AVONDALE USD PETROL,1456.243421,2201.7088
2025-10-15,84.0,Avondale,DIESEL LITRES,261.12,261.12
2025-10-15,84.0,Avondale,PETROL LITRES,131.31,131.31
2025-10-15,86.0,Charter,CHARTER USD DIESEL,1069.527025,1582.9
2025-10-15,86.0,Charter,CHARTER USD PETROL,302.210527,459.36
2025-10-15,86.0,Charter,DIESEL LITRES,67.85,67.85
2025-10-15,88.0,Seke,DIESEL LITRES,30.0,30.0
2025-10-15,88.0,Seke,PETROL LITRES,15.0,15.0
2025-10-15,88.0,Seke,SEKE USD DIESEL,363.0,527.7
2025-10-15,88.0,Seke,SEKE USD PETROL,215.233333,317.9249
2025-10-15,92.0,Msasa,DIESEL LITRES,193.69,193.69
2025-10-15,92.0,Msasa,MSASA BULK DIESEL,573.333334,860.0
2025-10-15,92.0,Msasa,MSASA USD DIESEL,713.083871,1105.28
2025-10-15,92.0,Msasa,MSASA USD PETROL,781.535483,1211.38
2025-10-15,92.0,Msasa,PETROL LITRES,55.0,55.0
2025-10-15,96.0,Samora,PETROL LITRES,68.53,68.53
2025-10-15,96.0,Samora,SAMORA USD DIESEL,231.576159,347.68
2025-10-15,96.0,Samora,SAMORA USD PETROL,516.671054,782.3137
2025-10-15,98.0,Roadport,DIESEL LITRES,363.32,363.32
2025-10-15,98.0,Roadport,PETROL LITRES,97.0,97.0
2025-10-15,98.0,Roadport,ROADPORT USD DIESEL,957.82237,1455.89
2025-10-15,98.0,Roadport,ROADPORT USD DIESEL BUS,236.486486,350.0
2025-10-15,98.0,Roadport,ROAPORT USD PETROL,718.720777,1106.83
2025-10-15,102.0,Kirkman,DIESEL LITRES,564.36,564.36
2025-10-15,102.0,Kirkman,KIRKMAN USD DIESEL,165.134228,241.1155
2025-10-15,102.0,Kirkman,KIRKMAN USD PETROL,338.315789,509.4973
2025-10-15,110.0,Mutare Green Market,DIESEL LITRES,540.0,540.0
2025-10-15,110.0,Mutare Green Market,MUTARE GREENMARKET USD DIESEL,30.0,43.8
2025-10-15,110.0,Mutare Green Market,MUTARE GREENMARKET USD PETROL,73.918919,109.4
2025-10-15,112.0,Marondera,MARONDERA USD DIESEL,206.081081,305.0
2025-10-15,112.0,Marondera,PETROL LITRES,53.78,53.78
2025-10-15,114.0,Kadoma,KADOMA USD DIESEL,185.0,270.8
2025-10-15,121.0,Gweru,DIESEL LITRES,245.0,245.0
2025-10-15,121.0,Gweru,GWERU USD DIESEL,543.64865,803.1
2025-10-15,121.0,Gweru,GWERU USD PETROL,172.582781,258.5139
2025-10-15,123.0,Fife Street,FIFE USD DIESEL,672.925676,993.43
2025-10-15,123.0,Fife Street,FIFE USD PETROL,546.776316,831.1
2025-10-15,125.0,Fort Street,DIESEL LITRES,40.0,40.0
2025-10-15,125.0,Fort Street,FORT USD DIESEL,950.959462,1407.42
2025-10-15,125.0,Fort Street,FORT USD PETROL,169.769737,258.05
2025-10-15,125.0,Fort Street,PETROL LITRES,5.0,5.0
2025-10-15,127.0,Mpopoma,MPOPOMA BULK DIESEL USD,600.0,882.0
2025-10-15,127.0,Mpopoma,MPOPOMA USD DIESEL,279.439189,406.8085
2025-10-15,127.0,Mpopoma,MPOPOMA USD PETROL,230.986755,344.6224
2025-10-15,129.0,Khami,KHAMI USD DIESEL,125.0,182.0
2025-10-15,129.0,Khami,KHAMI USD PETROL,123.112583,185.9
2025-10-15,131.0,R Mugabe,R MUGABE USD DIESEL,166.426667,248.9733
2025-10-15,135.0,Cripps,CRIPPS BULK DIESEL USD,500.0,725.0
2025-10-15,135.0,Cripps,CRIPPS DIESEL USD,790.479452,1147.7781
2025-10-15,135.0,Cripps,CRIPPS PETROL USD,978.648647,1448.4
2025-10-15,135.0,Cripps,DIESEL LITRES,514.71,514.71
2025-10-15,135.0,Cripps,PETROL LITRES,20.0,20.0
2025-10-15,140.0,Mutare Second Street,MUTARE SECOND USD BULK DIESEL,5567.0,7905.14
2025-10-15,140.0,Mutare Second Street,MUTARE SECOND USD DIESEL,99.315068,145.0
2025-10-15,141.0,Troutbeck,DIESEL LITRES,187.0,187.0
2025-10-15,141.0,Troutbeck,PETROL LITRES,82.0,82.0
2025-10-15,141.0,Troutbeck,TROUTBECK USD DIESEL,110.315789,165.48
2025-10-15,145.0,Sunway City,PETROL LITRES,15.0,15.0
2025-10-15,145.0,Sunway City,SUNWAY USD DIESEL,324.400001,481.7367
2025-10-15,145.0,Sunway City,SUNWAY USD PETROL,88.815789,132.3684
2025-10-15,146.0,Banket,BANKET BULK DIESEL USD,2520.0,3704.4
2025-10-15,146.0,Banket,BANKET USD DIESEL,136.666667,205.0
2025-10-15,147.0,Chinhoyi Main,CHINHOYI BULK DIESEL USD,466.778524,695.5
2025-10-15,147.0,Chinhoyi Main,CHINHOYI MAIN USD DIESEL,243.430464,367.58
2025-10-15,147.0,Chinhoyi Main,CHINHOYI MAIN USD PETROL,65.398694,100.06
2025-10-15,147.0,Chinhoyi Main,DIESEL LITRES,40.0,40.0
2025-10-15,148.0,Chegutu,CHEGUTU USD DIESEL,33.557047,50.0
2025-10-15,148.0,Chegutu,DIESEL LITRES,40.0,40.0
2025-10-15,149.0,Turnpike,DIESEL LITRES,430.0,430.0
2025-10-15,149.0,Turnpike,TURNPIKE USD DIESEL,50.666667,76.0
2025-10-15,149.0,Turnpike,TURNPIKE USD PETROL,19.736842,30.0
2025-10-15,150.0,Mutare One Stop,DIESEL LITRES,433.0,433.0
2025-10-15,150.0,Mutare One Stop,MUTARE ONE STOP DIESEL,135.945205,198.48
2025-10-15,167.0,Munch & Move,MUNCH & MOVE - SALES,273.29,273.29
2025-10-16,,,,,198263.59
2025-10-16,82.0,Runiville,DIESEL LITRES,378.03,378.03
2025-10-16,82.0,Runiville,PETROL LITRES,324.73,324.73
2025-10-16,82.0,Runiville,RUNIVILLE BULK DIESEL USD,475.405405,703.6
2025-10-16,82.0,Runiville,RUNIVILLE USD DIESEL,1222.248322,1786.7137
2025-10-16,82.0,Runiville,RUNIVILLE USD PETROL,880.822367,1336.7342
2025-10-16,84.0,Avondale,AVONDALE USD DIESEL,1895.162161,2794.4747
2025-10-16,84.0,Avondale,AVONDALE USD PETROL,1326.585526,2008.6264
2025-10-16,84.0,Avondale,DIESEL LITRES,495.0,495.0
2025-10-16,84.0,Avondale,PETROL LITRES,109.99,109.99
2025-10-16,86.0,Charter,CHARTER USD DIESEL,459.189188,675.2216
2025-10-16,86.0,Charter,CHARTER USD PETROL,287.618419,436.18
2025-10-16,86.0,Charter,DIESEL LITRES,40.0,40.0
2025-10-16,88.0,Seke,SEKE USD DIESEL,76.736487,112.97
2025-10-16,88.0,Seke,SEKE USD PETROL,73.333333,109.0
2025-10-16,92.0,Msasa,DIESEL LITRES,445.43,445.43
2025-10-16,92.0,Msasa,MSASA BULK DIESEL,821.466667,1232.2
2025-10-16,92.0,Msasa,MSASA USD DIESEL,1277.761291,1980.53
2025-10-16,92.0,Msasa,MSASA USD PETROL,438.238712,678.6813
2025-10-16,92.0,Msasa,PETROL LITRES,257.0,257.0
2025-10-16,96.0,Samora,DIESEL LITRES,60.0,60.0
2025-10-16,96.0,Samora,SAMORA USD DIESEL,287.172186,433.63
2025-10-16,96.0,Samora,SAMORA USD PETROL,290.210524,439.9647
2025-10-16,98.0,Roadport,DIESEL LITRES,803.55,803.55
2025-10-16,98.0,Roadport,PETROL LITRES,197.63,197.63
2025-10-16,98.0,Roadport,ROADPORT USD DIESEL,1157.644738,1754.1055
2025-10-16,98.0,Roadport,ROAPORT USD PETROL,733.694803,1124.7212
2025-10-16,102.0,Kirkman,DIESEL LITRES,1185.0,1185.0
2025-10-16,102.0,Kirkman,KIRKMAN USD DIESEL,162.577181,238.6158
2025-10-16,102.0,Kirkman,KIRKMAN USD PETROL,335.848684,510.49
2025-10-16,110.0,Mutare Green Market,MUTARE GREEN MARKET BULK DIESEL,340.0,482.8
2025-10-16,110.0,Mutare Green Market,MUTARE GREENMARKET USD DIESEL,166.575342,243.2
2025-10-16,112.0,Marondera,DIESEL LITRES,323.55,323.55
2025-10-16,112.0,Marondera,MARONDERA USD DIESEL,419.540541,620.92
2025-10-16,112.0,Marondera,MARONDERA USD PETROL,167.631579,254.8
2025-10-16,114.0,Kadoma,DIESEL LITRES,96.0,96.0
2025-10-16,114.0,Kadoma,KADOMA USD DIESEL,35.0,51.8
2025-10-16,121.0,Gweru,DIESEL LITRES,820.0,820.0
2025-10-16,121.0,Gweru,GWERU BULK DIESEL USD,646.258503,950.0
2025-10-16,121.0,Gweru,GWERU USD DIESEL,302.094594,446.6169
2025-10-16,121.0,Gweru,GWERU USD PETROL,24.662252,37.24
2025-10-16,123.0,Fife Street,DIESEL LITRES,58.39,58.39
2025-10-16,123.0,Fife Street,FIFE USD DIESEL,876.945948,1290.1719
2025-10-16,123.0,Fife Street,FIFE USD PETROL,368.289473,558.4243
2025-10-16,125.0,Fort Street,DIESEL LITRES,300.0,300.0
2025-10-16,125.0,Fort Street,FORT USD DIESEL,494.52027,731.89
2025-10-16,125.0,Fort Street,FORT USD PETROL,143.684211,218.4
2025-10-16,127.0,Mpopoma,MPOPOMA USD DIESEL,205.993244,301.3618
2025-10-16,127.0,Mpopoma,MPOPOMA USD PETROL,527.768211,781.395
2025-10-16,129.0,Khami,KHAMI USD DIESEL,525.27027,763.3
2025-10-16,129.0,Khami,KHAMI USD PETROL,94.966888,143.4
2025-10-16,131.0,R Mugabe,DIESEL LITRES,43.19,43.19
2025-10-16,131.0,R Mugabe,PETROL LITRES,15.0,15.0
2025-10-16,131.0,R Mugabe,R MUGABE USD DIESEL,393.573334,590.36
2025-10-16,131.0,R Mugabe,R MUGABE USD PETROL,49.881579,75.82
2025-10-16,135.0,Cripps,CRIPPS BULK DIESEL USD,223.103448,323.5
2025-10-16,135.0,Cripps,CRIPPS DIESEL USD,990.760273,1446.51
2025-10-16,135.0,Cripps,CRIPPS PETROL USD,649.520271,961.29
2025-10-16,135.0,Cripps,PETROL LITRES,668.97,668.97
2025-10-16,140.0,Mutare Second Street,DIESEL LITRES,62.0,62.0
2025-10-16,140.0,Mutare Second Street,MUTARE SECOND USD BULK DIESEL,210.0,298.2
2025-10-16,140.0,Mutare Second Street,MUTARE SECOND USD DIESEL,193.232877,282.12
2025-10-16,141.0,Troutbeck,TROUTBECK USD DIESEL,92.631579,138.8
2025-10-16,144.0,Bessemer,BESSEMER USD DIESEL,47.887324,67.3944
2025-10-16,145.0,Sunway City,PETROL LITRES,68.0,68.0
2025-10-16,145.0,Sunway City,SUNWAY USD DIESEL,218.313333,327.47
2025-10-16,145.0,Sunway City,SUNWAY USD PETROL,128.289473,195.0
2025-10-16,146.0,Banket,BANKET BULK DIESEL USD,420.0,617.4
2025-10-16,146.0,Banket,BANKET USD DIESEL,70.0,105.0
2025-10-16,146.0,Banket,BANKET USD PETROL,13.084967,20.02
2025-10-16,147.0,Chinhoyi Main,CHINHOYI BULK DIESEL USD,698.657718,1041.0
2025-10-16,147.0,Chinhoyi Main,CHINHOYI MAIN USD DIESEL,366.490066,553.4
2025-10-16,147.0,Chinhoyi Main,CHINHOYI MAIN USD PETROL,71.784313,109.83
2025-10-16,147.0,Chinhoyi Main,DIESEL LITRES,125.32,125.32
2025-10-16,148.0,Chegutu,CHEGUTU USD DIESEL,67.281879,100.25
2025-10-16,148.0,Chegutu,DIESEL LITRES,50.0,50.0
2025-10-16,149.0,Turnpike,DIESEL LITRES,475.0,475.0
2025-10-16,149.0,Turnpike,TURNPIKE USD DIESEL,88.333333,132.5
2025-10-16,149.0,Turnpike,TURNPIKE USD PETROL,10.0,15.2
2025-10-16,150.0,Mutare One Stop,DIESEL LITRES,16.0,16.0
2025-10-16,150.0,Mutare One Stop,MUTARE ONE STOP DIESEL,335.479452,489.8
2025-10-16,167.0,Munch & Move,MUNCH & MOVE - SALES,330.4,330.4
2025-10-17,,,,,87457.11
2025-10-17,82.0,Runiville,DIESEL LITRES,381.9,381.9
2025-10-17,82.0,Runiville,PETROL LITRES,550.0,550.0
2025-10-17,82.0,Runiville,RUN-RUBIA SX SAE40 500ML,1.0,3.0
2025-10-17,82.0,Runiville,RUNIVILLE BULK DIESEL USD,1538.621623,2277.16
2025-10-17,82.0,Runiville,RUNIVILLE USD DIESEL,845.885906,1231.37
2025-10-17,82.0,Runiville,RUNIVILLE USD PETROL,734.065791,1105.4405
2025-10-17,84.0,Avondale,AVONDALE USD DIESEL,2060.574329,3015.0051
2025-10-17,84.0,Avondale,AVONDALE USD PETROL,1628.019736,2451.4087
2025-10-17,84.0,Avondale,DIESEL LITRES,345.89,345.89
2025-10-17,84.0,Avondale,PETROL LITRES,136.94,136.94
2025-10-17,86.0,Charter,CHARTER USD DIESEL,1550.493243,2284.9002
2025-10-17,86.0,Charter,CHARTER USD PETROL,1030.184212,1556.8339
2025-10-17,86.0,Charter,DIESEL LITRES,210.0,210.0
2025-10-17,86.0,Charter,PETROL LITRES,36.71,36.71
2025-10-17,88.0,Seke,SEKE USD DIESEL,199.722974,289.489
2025-10-17,88.0,Seke,SEKE USD PETROL,299.999999,442.6833
2025-10-17,92.0,Msasa,DIESEL LITRES,223.74,223.74
2025-10-17,92.0,Msasa,MSASA BULK DIESEL,685.333333,1028.0
2025-10-17,92.0,Msasa,MSASA USD DIESEL,763.006454,1182.66
2025-10-17,92.0,Msasa,MSASA USD PETROL,610.509679,946.29
2025-10-17,92.0,Msasa,PETROL LITRES,404.14,404.14
2025-10-17,96.0,Samora,DIESEL LITRES,70.0,70.0
2025-10-17,96.0,Samora,PETROL LITRES,36.0,36.0
2025-10-17,96.0,Samora,SAMORA USD DIESEL,214.000001,319.6301
2025-10-17,96.0,Samora,SAMORA USD PETROL,720.50658,1084.4342
2025-10-17,98.0,,,,148.0
2025-10-17,98.0,Roadport,DIESEL LITRES,281.82,281.82
2025-10-17,98.0,Roadport,PETROL LITRES,129.3,129.3
2025-10-17,98.0,Roadport,ROADPORT USD DIESEL,1484.684213,2248.7345
2025-10-17,98.0,Roadport,ROADPORT USD DIESEL BUS,235.135135,348.0
2025-10-17,98.0,Roadport,ROAPORT USD PETROL,1098.915583,1677.8064
2025-10-17,102.0,Kirkman,DIESEL LITRES,840.0,840.0
2025-10-17,102.0,Kirkman,KIRKMAN USD DIESEL,342.597316,504.7653
2025-10-17,102.0,Kirkman,KIRKMAN USD PETROL,225.940787,338.946
2025-10-17,102.0,Kirkman,PETROL LITRES,10.0,10.0
2025-10-17,110.0,Mutare Green Market,DIESEL LITRES,99.04,99.04
2025-10-17,110.0,Mutare Green Market,MUTARE GREENMARKET USD DIESEL,537.260274,782.9959
2025-10-17,110.0,Mutare Green Market,MUTARE GREENMARKET USD PETROL,80.405406,119.0
2025-10-17,112.0,Marondera,DIESEL LITRES,55.11,55.11
2025-10-17,112.0,Marondera,MARONDERA USD DIESEL,657.310811,970.793
2025-10-17,112.0,Marondera,MARONDERA USD PETROL,292.815789,441.6893
2025-10-17,112.0,Marondera,PETROL LITRES,33.15,33.15
2025-10-17,114.0,Kadoma,KADOMA USD DIESEL,178.182432,262.71
2025-10-17,114.0,Kadoma,KADOMA USD PETROL,40.0,60.4
2025-10-17,121.0,Gweru,DIESEL LITRES,410.0,410.0
2025-10-17,121.0,Gweru,GWERU USD DIESEL,775.851352,1148.26
2025-10-17,121.0,Gweru,GWERU USD PETROL,112.192053,167.3938
2025-10-17,123.0,Fife Street,DIESEL LITRES,103.97,103.97
2025-10-17,123.0,Fife Street,FIFE USD DIESEL,1173.912161,1730.1646
2025-10-17,123.0,Fife Street,FIFE USD PETROL,448.651315,680.5191
2025-10-17,123.0,Fife Street,PETROL LITRES,20.0,20.0
2025-10-17,125.0,Fort Street,DIESEL LITRES,420.0,420.0
2025-10-17,125.0,Fort Street,FORT USD DIESEL,672.891892,995.88
2025-10-17,125.0,Fort Street,FORT USD PETROL,208.486842,316.9
2025-10-17,127.0,Mpopoma,MPOPOMA BULK DIESEL USD,400.0,588.0
2025-10-17,127.0,Mpopoma,MPOPOMA USD DIESEL,965.533785,1404.2321
2025-10-17,127.0,Mpopoma,MPOPOMA USD PETROL,529.31788,785.4367
2025-10-17,129.0,Khami,KHAMI USD DIESEL,354.324324,515.4
2025-10-17,129.0,Khami,KHAMI USD PETROL,46.523179,70.25
2025-10-17,131.0,R Mugabe,R MUGABE USD DIESEL,142.446666,213.67
2025-10-17,131.0,R Mugabe,R MUGABE USD PETROL,217.197369,328.3525
2025-10-17,135.0,Cripps,CRIPPS BULK DIESEL USD,362.068966,525.0
2025-10-17,135.0,Cripps,CRIPPS DIESEL USD,796.363014,1153.9221
2025-10-17,135.0,Cripps,CRIPPS PETROL USD,1044.317565,1544.093
2025-10-17,135.0,Cripps,DIESEL LITRES,664.7,664.7
2025-10-17,135.0,Cripps,PETROL LITRES,165.0,165.0
2025-10-17,140.0,Mutare Second Street,MUTARE SECOND USD BULK DIESEL,2279.795775,3237.31
2025-10-17,144.0,Bessemer,BESSEMER USD DIESEL,20.0,28.4
2025-10-17,144.0,Bessemer,BESSEMER USD PETROL,48.275862,70.0
2025-10-17,145.0,Sunway City,SUNWAY USD DIESEL,697.32,1038.6744
2025-10-17,145.0,Sunway City,SUNWAY USD PETROL,482.565788,718.3191
2025-10-17,146.0,Banket,BANKET BULK DIESEL USD,1932.789116,2841.2
2025-10-17,146.0,Banket,BANKET USD DIESEL,126.0,189.0
2025-10-17,146.0,Banket,BANKET USD PETROL,19.607843,30.0
2025-10-17,147.0,Chinhoyi Main,CHINHOYI BULK DIESEL USD,2450.0,3650.5
2025-10-17,147.0,Chinhoyi Main,CHINHOYI MAIN USD DIESEL,129.7351,195.4033
2025-10-17,147.0,Chinhoyi Main,CHINHOYI MAIN USD PETROL,216.084968,325.1525
2025-10-17,148.0,Chegutu,CHEGUTU USD DIESEL,342.281879,510.0
2025-10-17,148.0,Chegutu,CHEGUTU USD PETROL,107.894737,162.7368
2025-10-17,148.0,Chegutu,DIESEL LITRES,120.0,120.0
2025-10-17,149.0,Turnpike,DIESEL LITRES,290.0,290.0
2025-10-17,149.0,Turnpike,TURNPIKE USD DIESEL,126.293334,187.8587
2025-10-17,149.0,Turnpike,TURNPIKE USD PETROL,49.342105,75.0
2025-10-17,150.0,Mutare One Stop,DIESEL LITRES,152.0,152.0
2025-10-17,150.0,Mutare One Stop,MUTARE ONE STOP DIESEL,684.869862,999.91
2025-10-17,150.0,Mutare One Stop,MUTARE ONE STOP PETROL,19.621622,29.04
2025-10-17,150.0,Mutare One Stop,PETROL LITRES,40.0,40.0
2025-10-17,167.0,Munch & Move,MUNCH & MOVE - SALES,23.11,23.11
2025-10-18,,,,,23933.49
2025-10-18,82.0,Runiville,DIESEL LITRES,140.05,140.05
2025-10-18,82.0,Runiville,PETROL LITRES,24.0,24.0
2025-10-18,82.0,Runiville,RUNIVILLE BULK DIESEL USD,259.77027,384.46
2025-10-18,82.0,Runiville,RUNIVILLE USD DIESEL,898.187922,1325.859
2025-10-18,82.0,Runiville,RUNIVILLE USD PETROL,190.43421,289.46
2025-10-18,84.0,Avondale,AVONDALE USD DIESEL,1020.641895,1498.3604
2025-10-18,84.0,Avondale,AVONDALE USD PETROL,1132.526313,1702.9668
2025-10-18,84.0,Avondale,DIESEL LITRES,186.49,186.49
2025-10-18,84.0,Avondale,PETROL LITRES,102.83,102.83
2025-10-18,86.0,Charter,CHARTER USD DIESEL,190.135136,279.2986
2025-10-18,86.0,Charter,CHARTER USD PETROL,188.44079,284.1274
2025-10-18,86.0,Charter,DIESEL LITRES,495.0,495.0
2025-10-18,86.0,Charter,PETROL LITRES,47.89,47.89
2025-10-18,88.0,Seke,SEKE USD DIESEL,491.425676,710.0346
2025-10-18,88.0,Seke,SEKE USD PETROL,443.580001,654.9034
2025-10-18,92.0,Msasa,DIESEL LITRES,50.0,50.0
2025-10-18,92.0,Msasa,MSASA BULK DIESEL,800.0,1200.0
2025-10-18,92.0,Msasa,MSASA USD DIESEL,678.819355,1043.5273
2025-10-18,92.0,Msasa,MSASA USD PETROL,335.038712,517.0842
2025-10-18,92.0,Msasa,PETROL LITRES,251.5,251.5
2025-10-18,96.0,Samora,SAMORA USD DIESEL,138.344371,205.294
2025-10-18,96.0,Samora,SAMORA USD PETROL,573.348684,865.7022
2025-10-18,98.0,Roadport,DIESEL LITRES,215.82,215.82
2025-10-18,98.0,Roadport,PETROL LITRES,8.0,8.0
2025-10-18,98.0,Roadport,ROADPORT USD DIESEL,2055.342108,3114.2384
2025-10-18,98.0,Roadport,ROAPORT USD PETROL,358.110389,545.8728
2025-10-18,102.0,Kirkman,DIESEL LITRES,1597.0,1597.0
2025-10-18,102.0,Kirkman,KIRKMAN USD DIESEL,339.120805,494.7098
2025-10-18,102.0,Kirkman,KIRKMAN USD PETROL,170.519737,259.19
2025-10-18,102.0,Kirkman,PETROL LITRES,30.0,30.0
2025-10-18,110.0,Mutare Green Market,DIESEL LITRES,17.0,17.0
2025-10-18,110.0,Mutare Green Market,MUTARE GREENMARKET USD DIESEL,269.602739,393.62
2025-10-18,112.0,Marondera,DIESEL LITRES,63.0,63.0
2025-10-18,112.0,Marondera,MARONDERA USD DIESEL,335.932432,491.8834
2025-10-18,112.0,Marondera,MARONDERA USD PETROL,162.822369,246.6742
2025-10-18,114.0,Kadoma,DIESEL LITRES,200.0,200.0
2025-10-18,114.0,Kadoma,KADOMA USD PETROL,30.0,45.3
2025-10-18,121.0,Gweru,DIESEL LITRES,307.31,307.31
2025-10-18,121.0,Gweru,GWERU USD DIESEL,1109.831081,1642.55
2025-10-18,121.0,Gweru,GWERU USD PETROL,26.490066,38.6755
2025-10-18,123.0,Fife Street,DIESEL LITRES,44.0,44.0
2025-10-18,123.0,Fife Street,FIFE USD DIESEL,640.216216,943.4879
2025-10-18,123.0,Fife Street,FIFE USD PETROL,267.453947,404.4445
2025-10-18,125.0,Fort Street,DIESEL LITRES,270.0,270.0
2025-10-18,125.0,Fort Street,FORT USD DIESEL,460.87838,682.1
2025-10-18,125.0,Fort Street,FORT USD PETROL,115.953947,176.25
2025-10-18,127.0,Mpopoma,MPOPOMA USD DIESEL,30.27027,44.8
2025-10-18,127.0,Mpopoma,MPOPOMA USD PETROL,35.099338,53.0
2025-10-18,129.0,Khami,KHAMI USD DIESEL,420.675675,608.4608
2025-10-18,129.0,Khami,KHAMI USD PETROL,36.556291,55.2
2025-10-18,131.0,R Mugabe,PETROL LITRES,20.0,20.0
2025-10-18,131.0,R Mugabe,R MUGABE USD DIESEL,470.806667,706.21
2025-10-18,131.0,R Mugabe,R MUGABE USD PETROL,225.644736,342.98
2025-10-18,135.0,Cripps,CRIPPS DIESEL USD,787.527397,1140.5242
2025-10-18,135.0,Cripps,CRIPPS PETROL USD,350.912162,516.2081
2025-10-18,135.0,Cripps,DIESEL LITRES,369.61,369.61
2025-10-18,140.0,Mutare Second Street,MUTARE SECOND USD BULK DIESEL,560.0,795.2
2025-10-18,140.0,Mutare Second Street,MUTARE SECOND USD DIESEL,36.30137,53.0
2025-10-18,145.0,Sunway City,DIESEL LITRES,60.0,60.0
2025-10-18,145.0,Sunway City,PETROL LITRES,31.0,31.0
2025-10-18,145.0,Sunway City,SUNWAY USD DIESEL,343.666667,508.65
2025-10-18,145.0,Sunway City,SUNWAY USD PETROL,161.18421,238.5856
2025-10-18,146.0,Banket,BANKET BULK DIESEL USD,600.0,882.0
2025-10-18,146.0,Banket,DIESEL LITRES,70.0,70.0
2025-10-18,147.0,Chinhoyi Main,CHINHOYI BULK DIESEL USD,1100.0,1639.0
2025-10-18,147.0,Chinhoyi Main,CHINHOYI MAIN USD DIESEL,148.344371,224.0
2025-10-18,147.0,Chinhoyi Main,CHINHOYI MAIN USD PETROL,33.986928,52.0
2025-10-18,148.0,Chegutu,CHEGUTU USD DIESEL,96.644295,142.3221
2025-10-18,148.0,Chegutu,CHEGUTU USD PETROL,42.513158,64.62
2025-10-18,148.0,Chegutu,DIESEL LITRES,40.0,40.0
2025-10-18,149.0,Turnpike,DIESEL LITRES,140.0,140.0
2025-10-18,149.0,Turnpike,TURNPIKE USD DIESEL,146.666667,220.0
2025-10-18,149.0,Turnpike,TURNPIKE USD PETROL,36.18421,55.0
2025-10-18,167.0,Munch & Move,MUNCH & MOVE - SALES,28.9,28.9
2025-10-19,,,,,10499.72
2025-10-19,82.0,Runiville,PETROL LITRES,107.01,107.01
2025-10-19,82.0,Runiville,RUNIVILLE BULK DIESEL USD,513.243243,759.6
2025-10-19,82.0,Runiville,RUNIVILLE USD DIESEL,516.543625,754.968
2025-10-19,82.0,Runiville,RUNIVILLE USD PETROL,374.348684,565.2656
2025-10-19,84.0,Avondale,AVONDALE USD DIESEL,706.695946,1034.4384
2025-10-19,84.0,Avondale,AVONDALE USD PETROL,853.657893,1280.3689
2025-10-19,84.0,Avondale,DIESEL LITRES,61.65,61.65
2025-10-19,84.0,Avondale,PETROL LITRES,199.45,199.45
2025-10-19,86.0,Charter,CHARTER USD DIESEL,482.743244,693.8654
2025-10-19,86.0,Charter,CHARTER USD PETROL,260.789473,394.6625
2025-10-19,88.0,Seke,SEKE USD DIESEL,20.27027,28.9865
2025-10-19,88.0,Seke,SEKE USD PETROL,66.666667,98.6667
2025-10-19,92.0,Msasa,DIESEL LITRES,638.02,638.02
2025-10-19,92.0,Msasa,MSASA BULK DIESEL,372.0,558.0
2025-10-19,92.0,Msasa,MSASA USD DIESEL,230.735484,353.2661
2025-10-19,92.0,Msasa,MSASA USD PETROL,152.322581,230.4735
2025-10-19,92.0,Msasa,PETROL LITRES,95.0,95.0
2025-10-19,96.0,Samora,PETROL LITRES,40.0,40.0
2025-10-19,96.0,Samora,SAMORA USD DIESEL,218.509934,324.8347
2025-10-19,96.0,Samora,SAMORA USD PETROL,211.019738,318.0407
2025-10-19,98.0,Roadport,DIESEL LITRES,90.0,90.0
2025-10-19,98.0,Roadport,PETROL LITRES,30.0,30.0
2025-10-19,98.0,Roadport,ROADPORT USD DIESEL,759.690789,1143.6484
2025-10-19,98.0,Roadport,ROAPORT USD PETROL,375.753245,577.0305
2025-10-19,102.0,Kirkman,DIESEL LITRES,510.5,510.5
2025-10-19,102.0,Kirkman,KIRKMAN USD DIESEL,40.503356,59.6
2025-10-19,102.0,Kirkman,KIRKMAN USD PETROL,143.585527,217.5921
2025-10-19,102.0,Kirkman,PETROL LITRES,10.0,10.0
2025-10-19,110.0,Mutare Green Market,DIESEL LITRES,560.0,560.0
2025-10-19,112.0,Marondera,DIESEL LITRES,100.0,100.0
2025-10-19,112.0,Marondera,MARONDERA USD DIESEL,141.216216,207.0068
2025-10-19,112.0,Marondera,MARONDERA USD PETROL,70.151316,105.7349
2025-10-19,112.0,Marondera,PETROL LITRES,37.0,37.0
2025-10-19,114.0,Kadoma,DIESEL LITRES,181.89,181.89
2025-10-19,121.0,Gweru,DIESEL LITRES,2465.0,2465.0
2025-10-19,121.0,Gweru,GWERU USD DIESEL,691.621622,1021.573
2025-10-19,121.0,Gweru,GWERU USD PETROL,13.245033,19.3377
2025-10-19,123.0,Fife Street,DIESEL LITRES,187.59,187.59
2025-10-19,123.0,Fife Street,FIFE USD DIESEL,226.25,331.8095
2025-10-19,123.0,Fife Street,FIFE USD PETROL,256.427631,389.77
2025-10-19,123.0,Fife Street,PETROL LITRES,33.85,33.85
2025-10-19,125.0,Fort Street,DIESEL LITRES,100.0,100.0
2025-10-19,125.0,Fort Street,FORT USD DIESEL,99.358108,147.05
2025-10-19,125.0,Fort Street,FORT USD PETROL,67.105263,102.0
2025-10-19,125.0,Fort Street,PETROL LITRES,20.0,20.0
2025-10-19,127.0,Mpopoma,MPOPOMA USD DIESEL,279.074325,404.6578
2025-10-19,127.0,Mpopoma,MPOPOMA USD PETROL,452.10596,669.1168
2025-10-19,129.0,Khami,KHAMI USD DIESEL,64.864865,96.0
2025-10-19,129.0,Khami,KHAMI USD PETROL,36.556292,55.2
2025-10-19,131.0,R Mugabe,PETROL LITRES,31.74,31.74
2025-10-19,131.0,R Mugabe,R MUGABE USD DIESEL,48.666667,73.0
2025-10-19,131.0,R Mugabe,R MUGABE USD PETROL,115.657895,173.8
2025-10-19,135.0,Cripps,CRIPPS DIESEL USD,80.630137,113.6885
2025-10-19,135.0,Cripps,CRIPPS PETROL USD,111.006757,160.0174
2025-10-19,140.0,Mutare Second Street,MUTARE SECOND USD BULK DIESEL,3040.0,4316.8
2025-10-19,140.0,Mutare Second Street,MUTARE SECOND USD PETROL,53.378378,79.0
2025-10-19,141.0,Troutbeck,DIESEL LITRES,395.0,395.0
2025-10-19,141.0,Troutbeck,TROUTBECK USD DIESEL,85.006579,126.9597
2025-10-19,141.0,Troutbeck,TROUTBECK USD PETROL,25.974026,40.0
2025-10-19,144.0,Bessemer,BESSEMER USD DIESEL,21.126761,30.0
2025-10-19,145.0,Sunway City,PETROL LITRES,20.0,20.0
2025-10-19,145.0,Sunway City,SUNWAY USD DIESEL,124.953334,187.03
2025-10-19,145.0,Sunway City,SUNWAY USD PETROL,193.289474,292.0566
2025-10-19,146.0,Banket,BANKET BULK DIESEL USD,1680.0,2469.6
2025-10-19,146.0,Banket,BANKET USD DIESEL,13.22,19.169
2025-10-19,146.0,Banket,BANKET USD PETROL,35.947712,53.2026
2025-10-19,147.0,Chinhoyi Main,CHINHOYI BULK DIESEL USD,500.33557,745.5
2025-10-19,147.0,Chinhoyi Main,CHINHOYI MAIN USD DIESEL,33.112583,50.0
2025-10-19,147.0,Chinhoyi Main,CHINHOYI MAIN USD PETROL,54.647059,83.61
2025-10-19,147.0,Chinhoyi Main,PETROL LITRES,37.75,37.75
2025-10-19,148.0,Chegutu,CHEGUTU USD DIESEL,13.422819,20.0
2025-10-19,148.0,Chegutu,CHEGUTU USD PETROL,79.052632,120.16
2025-10-19,148.0,Chegutu,DIESEL LITRES,103.79,103.79
2025-10-19,149.0,Turnpike,DIESEL LITRES,107.92,107.92
2025-10-19,149.0,Turnpike,TURNPIKE USD PETROL,86.842106,132.0
2025-10-19,150.0,Mutare One Stop,DIESEL LITRES,220.0,220.0
2025-10-19,150.0,Mutare One Stop,MUTARE ONE STOP DIESEL,369.863014,540.0
2025-10-19,150.0,Mutare One Stop,MUTARE ONE STOP PETROL,138.972973,205.68
2025-10-19,167.0,Munch & Move,MUNCH & MOVE - SALES,3.4,3.4
2025-10-20,,,,,126209.25
2025-10-20,82.0,Runiville,DIESEL LITRES,32.0,32.0
2025-10-20,82.0,Runiville,PETROL LITRES,396.0,396.0
2025-10-20,82.0,Runiville,RUNIVILLE BULK DIESEL USD,351.77027,520.62
2025-10-20,82.0,Runiville,RUNIVILLE USD DIESEL,1601.402683,2343.8142
2025-10-20,82.0,Runiville,RUNIVILLE USD PETROL,1206.171053,1830.2721
2025-10-20,84.0,Avondale,AVONDALE USD DIESEL,2048.141894,2998.9362
2025-10-20,84.0,Avondale,AVONDALE USD PETROL,1649.947371,2496.1464
2025-10-20,84.0,Avondale,DIESEL LITRES,130.17,130.17
2025-10-20,84.0,Avondale,PETROL LITRES,52.82,52.82
2025-10-20,86.0,Charter,CHARTER USD DIESEL,935.770269,1381.0143
2025-10-20,86.0,Charter,CHARTER USD PETROL,893.07237,1353.2726
2025-10-20,86.0,Charter,PETROL LITRES,49.34,49.34
2025-10-20,88.0,Seke,SEKE USD DIESEL,164.081081,242.84
2025-10-20,88.0,Seke,SEKE USD PETROL,196.24,293.0267
2025-10-20,92.0,Msasa,DIESEL LITRES,1015.7,1015.7
2025-10-20,92.0,Msasa,MSASA BULK DIESEL,303.133333,454.7
2025-10-20,92.0,Msasa,MSASA USD DIESEL,1187.709678,1838.4468
2025-10-20,92.0,Msasa,MSASA USD PETROL,1156.625809,1788.651
2025-10-20,92.0,Msasa,PETROL LITRES,398.4,398.4
2025-10-20,96.0,Samora,PETROL LITRES,50.0,50.0
2025-10-20,96.0,Samora,SAMORA USD DIESEL,344.708608,518.6948
2025-10-20,96.0,Samora,SAMORA USD PETROL,310.743422,466.6434
2025-10-20,98.0,Roadport,DIESEL LITRES,686.3,686.3
2025-10-20,98.0,Roadport,PETROL LITRES,185.09,185.09
2025-10-20,98.0,Roadport,ROADPORT USD DIESEL,1200.881578,1812.7275
2025-10-20,98.0,Roadport,ROAPORT USD PETROL,731.954543,1121.4272
2025-10-20,102.0,Kirkman,DIESEL LITRES,957.0,957.0
2025-10-20,102.0,Kirkman,KIRKMAN USD DIESEL,333.557048,492.2618
2025-10-20,102.0,Kirkman,KIRKMAN USD PETROL,339.177631,515.55
2025-10-20,110.0,Mutare Green Market,DIESEL LITRES,80.0,80.0
2025-10-20,110.0,Mutare Green Market,MUTARE GREEN MARKET BULK DIESEL,180.0,255.6
2025-10-20,110.0,Mutare Green Market,MUTARE GREENMARKET USD DIESEL,188.630137,275.4
2025-10-20,110.0,Mutare Green Market,MUTARE GREENMARKET USD PETROL,15.0,22.2
2025-10-20,112.0,Marondera,MARONDERA USD DIESEL,206.475379,302.3
2025-10-20,112.0,Marondera,MARONDERA USD PETROL,52.763158,79.6
2025-10-20,114.0,Kadoma,KADOMA USD DIESEL,55.006757,81.41
2025-10-20,114.0,Kadoma,KADOMA USD PETROL,120.794702,182.4
2025-10-20,121.0,Gweru,DIESEL LITRES,1310.0,1310.0
2025-10-20,121.0,Gweru,GWERU BULK DIESEL USD,400.0,588.0
2025-10-20,121.0,Gweru,GWERU USD DIESEL,925.155406,1367.23
2025-10-20,121.0,Gweru,GWERU USD PETROL,20.0,30.2
2025-10-20,123.0,Fife Street,DIESEL LITRES,68.0,68.0
2025-10-20,123.0,Fife Street,FIFE USD DIESEL,1187.337839,1740.7951
2025-10-20,123.0,Fife Street,FIFE USD PETROL,315.361842,479.35
2025-10-20,125.0,Fort Street,FORT USD DIESEL,1137.020272,1682.79
2025-10-20,125.0,Fort Street,FORT USD PETROL,207.467105,315.35
2025-10-20,127.0,Mpopoma,MPOPOMA USD DIESEL,250.358108,363.5665
2025-10-20,127.0,Mpopoma,MPOPOMA USD PETROL,80.112583,119.6126
2025-10-20,129.0,Khami,KHAMI USD DIESEL,545.0,794.9
2025-10-20,129.0,Khami,KHAMI USD PETROL,113.576159,171.5
2025-10-20,131.0,R Mugabe,DIESEL LITRES,55.4,55.4
2025-10-20,131.0,R Mugabe,R MUGABE USD DIESEL,67.153333,100.73
2025-10-20,131.0,R Mugabe,R MUGABE USD PETROL,96.914473,147.31
2025-10-20,135.0,Cripps,CRIPPS BULK DIESEL USD,300.0,435.0
2025-10-20,135.0,Cripps,CRIPPS DIESEL USD,2173.59589,3156.7347
2025-10-20,135.0,Cripps,CRIPPS PETROL USD,1202.7027,1780.0
2025-10-20,135.0,Cripps,DIESEL LITRES,100.0,100.0
2025-10-20,135.0,Cripps,PETROL LITRES,199.16,199.16
2025-10-20,140.0,Mutare Second Street,MUTARE SECOND USD BULK DIESEL,1440.0,2044.8
2025-10-20,140.0,Mutare Second Street,MUTARE SECOND USD DIESEL,178.773973,258.8525
2025-10-20,140.0,Mutare Second Street,MUTARE SECOND USD PETROL,30.405405,45.0
2025-10-20,141.0,Troutbeck,DIESEL LITRES,1200.0,1200.0
2025-10-20,141.0,Troutbeck,PETROL LITRES,670.0,670.0
2025-10-20,141.0,Troutbeck,TROUTBECK USD DIESEL,129.0,191.63
2025-10-20,141.0,Troutbeck,TROUTBECK USD PETROL,440.25974,658.0
2025-10-20,144.0,Bessemer,BESSEMER USD DIESEL,28.169014,39.4366
2025-10-20,144.0,Bessemer,BESSEMER USD PETROL,34.482759,50.0
2025-10-20,145.0,Sunway City,PETROL LITRES,40.0,40.0
2025-10-20,145.0,Sunway City,SUNWAY USD DIESEL,858.0,1284.0
2025-10-20,145.0,Sunway City,SUNWAY USD PETROL,117.36842,178.4
2025-10-20,146.0,Banket,BANKET USD DIESEL,100.0,150.0
2025-10-20,146.0,Banket,BANKET USD PETROL,13.071895,20.0
2025-10-20,147.0,Chinhoyi Main,CHINHOYI BULK DIESEL USD,3752.657718,5591.46
2025-10-20,147.0,Chinhoyi Main,CHINHOYI MAIN USD DIESEL,153.642384,232.0
2025-10-20,147.0,Chinhoyi Main,CHINHOYI MAIN USD PETROL,79.48366,121.61
2025-10-20,148.0,Chegutu,CHEGUTU USD DIESEL,16.778523,25.0
2025-10-20,148.0,Chegutu,CHEGUTU USD PETROL,119.5,181.64
2025-10-20,149.0,Turnpike,DIESEL LITRES,540.0,540.0
2025-10-20,149.0,Turnpike,TURNPIKE USD DIESEL,104.666667,157.0
2025-10-20,149.0,Turnpike,TURNPIKE USD PETROL,46.052632,69.3421
2025-10-20,150.0,Mutare One Stop,DIESEL LITRES,65.0,65.0
2025-10-20,150.0,Mutare One Stop,MUTARE ONE STOP DIESEL,136.883561,199.85
2025-10-20,150.0,Mutare One Stop,MUTARE ONE STOP PETROL,54.729729,81.0
2025-10-20,150.0,Mutare One Stop,PETROL LITRES,36.0,36.0
2025-10-21,,,,,61880.06
2025-10-21,82.0,Runiville,DIESEL LITRES,216.47,216.47
2025-10-21,82.0,Runiville,PETROL LITRES,196.59,196.59
2025-10-21,82.0,Runiville,RUNIVILLE BULK DIESEL USD,736.614865,1090.19
2025-10-21,82.0,Runiville,RUNIVILLE USD DIESEL,708.711409,1052.4279
2025-10-21,82.0,Runiville,RUNIVILLE USD PETROL,738.907896,1114.34
2025-10-21,84.0,Avondale,AVONDALE USD DIESEL,2493.047298,3654.9308
2025-10-21,84.0,Avondale,AVONDALE USD PETROL,1296.144737,1959.7121
2025-10-21,84.0,Avondale,DIESEL LITRES,718.52,718.52
2025-10-21,84.0,Avondale,PETROL LITRES,223.53,223.53
2025-10-21,86.0,Charter,CHARTER USD DIESEL,593.756756,871.8424
2025-10-21,86.0,Charter,CHARTER USD PETROL,459.217104,698.01
2025-10-21,86.0,Charter,DIESEL LITRES,35.0,35.0
2025-10-21,86.0,Charter,PETROL LITRES,20.0,20.0
2025-10-21,88.0,Seke,PETROL LITRES,45.0,45.0
2025-10-21,88.0,Seke,SEKE USD DIESEL,542.013514,789.102
2025-10-21,88.0,Seke,SEKE USD PETROL,166.16,247.372
2025-10-21,92.0,Msasa,DIESEL LITRES,1343.26,1343.26
2025-10-21,92.0,Msasa,MSASA BULK DIESEL,1023.3,1534.95
2025-10-21,92.0,Msasa,MSASA USD DIESEL,571.529035,885.87
2025-10-21,92.0,Msasa,MSASA USD PETROL,755.929034,1171.69
2025-10-21,92.0,Msasa,PETROL LITRES,121.0,121.0
2025-10-21,96.0,Samora,SAMORA USD DIESEL,369.556293,546.6286
2025-10-21,96.0,Samora,SAMORA USD PETROL,435.967107,653.9936
2025-10-21,98.0,Roadport,DIESEL LITRES,220.66,220.66
2025-10-21,98.0,Roadport,PETROL LITRES,10.0,10.0
2025-10-21,98.0,Roadport,ROADPORT USD DIESEL,769.684213,1162.4753
2025-10-21,98.0,Roadport,ROAPORT USD PETROL,863.194801,1321.8762
2025-10-21,102.0,Kirkman,DIESEL LITRES,1321.0,1321.0
2025-10-21,102.0,Kirkman,KIRKMAN USD DIESEL,429.744966,635.4543
2025-10-21,102.0,Kirkman,KIRKMAN USD PETROL,124.605263,188.7421
2025-10-21,102.0,Kirkman,PETROL LITRES,46.13,46.13
2025-10-21,110.0,Mutare Green Market,DIESEL LITRES,855.0,855.0
2025-10-21,110.0,Mutare Green Market,MUTARE GREENMARKET USD DIESEL,70.0,102.2
2025-10-21,110.0,Mutare Green Market,MUTARE GREENMARKET USD PETROL,30.108108,44.56
2025-10-21,112.0,Marondera,DIESEL LITRES,88.0,88.0
2025-10-21,112.0,Marondera,MARONDERA USD DIESEL,154.472602,225.53
2025-10-21,112.0,Marondera,MARONDERA USD PETROL,36.666667,55.0
2025-10-21,114.0,Kadoma,DIESEL LITRES,300.0,300.0
2025-10-21,114.0,Kadoma,KADOMA USD DIESEL,220.0,323.6
2025-10-21,114.0,Kadoma,KADOMA USD PETROL,17.218543,26.0
2025-10-21,121.0,Gweru,DIESEL LITRES,793.0,793.0
2025-10-21,121.0,Gweru,GWERU USD DIESEL,1286.540541,1902.1
2025-10-21,121.0,Gweru,GWERU USD PETROL,150.291391,226.94
2025-10-21,123.0,Fife Street,DIESEL LITRES,50.0,50.0
2025-10-21,123.0,Fife Street,FIFE USD DIESEL,480.540541,708.4973
2025-10-21,123.0,Fife Street,FIFE USD PETROL,343.098684,521.51
2025-10-21,125.0,Fort Street,DIESEL LITRES,440.0,440.0
2025-10-21,125.0,Fort Street,FORT USD DIESEL,1045.472973,1547.3
2025-10-21,125.0,Fort Street,FORT USD PETROL,322.078948,488.2245
2025-10-21,127.0,Mpopoma,MPOPOMA USD DIESEL,200.743243,291.8886
2025-10-21,127.0,Mpopoma,MPOPOMA USD PETROL,332.423842,492.5873
2025-10-21,129.0,Khami,KHAMI USD DIESEL,285.0,415.8
2025-10-21,129.0,Khami,KHAMI USD PETROL,113.046358,170.7
2025-10-21,131.0,R Mugabe,R MUGABE USD DIESEL,28.0,42.0
2025-10-21,131.0,R Mugabe,R MUGABE USD PETROL,199.598685,302.2644
2025-10-21,135.0,Cripps,CRIPPS DIESEL USD,1453.013697,2113.7156
2025-10-21,135.0,Cripps,CRIPPS PETROL USD,836.756757,1236.6486
2025-10-21,135.0,Cripps,DIESEL LITRES,1345.0,1345.0
2025-10-21,135.0,Cripps,PETROL LITRES,717.77,717.77
2025-10-21,140.0,Mutare Second Street,DIESEL LITRES,77.53,77.53
2025-10-21,140.0,Mutare Second Street,MUTARE SECOND USD BULK DIESEL,1061.0,1506.62
2025-10-21,140.0,Mutare Second Street,MUTARE SECOND USD DIESEL,190.821918,278.6
2025-10-21,140.0,Mutare Second Street,MUTARE SECOND USD PETROL,19.594595,29.0
2025-10-21,141.0,Troutbeck,DIESEL LITRES,500.0,500.0
2025-10-21,141.0,Troutbeck,PETROL LITRES,40.0,40.0
2025-10-21,141.0,Troutbeck,TROUTBECK USD DIESEL,52.631579,80.0
2025-10-21,144.0,Bessemer,BESSEMER USD DIESEL,40.0,56.8
2025-10-21,144.0,Bessemer,BESSEMER USD PETROL,34.482759,50.0
2025-10-21,145.0,Sunway City,SUNWAY USD DIESEL,489.679999,729.7313
2025-10-21,145.0,Sunway City,SUNWAY USD PETROL,183.664473,278.1832
2025-10-21,146.0,Banket,BANKET BULK DIESEL USD,600.0,882.0
2025-10-21,146.0,Banket,BANKET USD DIESEL,80.0,120.0
2025-10-21,146.0,Banket,BANKET USD PETROL,54.470588,83.34
2025-10-21,147.0,Chinhoyi Main,CHINHOYI BULK DIESEL USD,950.0,1415.5
2025-10-21,147.0,Chinhoyi Main,CHINHOYI MAIN USD DIESEL,420.847681,634.4535
2025-10-21,147.0,Chinhoyi Main,CHINHOYI MAIN USD PETROL,117.575164,178.9096
2025-10-21,148.0,Chegutu,CHEGUTU USD DIESEL,336.241611,501.0
2025-10-21,148.0,Chegutu,CHEGUTU USD PETROL,76.06579,115.62
2025-10-21,148.0,Chegutu,DIESEL LITRES,69.0,69.0
2025-10-21,149.0,Turnpike,DIESEL LITRES,155.0,155.0
2025-10-21,149.0,Turnpike,TURNPIKE USD DIESEL,242.113334,361.8367
2025-10-21,149.0,Turnpike,TURNPIKE USD PETROL,80.263158,122.0
2025-10-21,150.0,Mutare One Stop,DIESEL LITRES,135.0,135.0
2025-10-21,150.0,Mutare One Stop,MUTARE ONE STOP DIESEL,482.10274,703.87
2025-10-21,150.0,Mutare One Stop,MUTARE ONE STOP PETROL,44.594595,66.0
2025-10-21,168.0,Avondale M&M,AVONDALE M&M,12.9,12.9
2025-10-22,,,,,87039.19
2025-10-22,82.0,Runiville,DIESEL LITRES,415.0,415.0
2025-10-22,82.0,Runiville,PETROL LITRES,222.0,222.0
2025-10-22,82.0,Runiville,RUNIVILLE BULK DIESEL USD,273.452703,404.71
2025-10-22,82.0,Runiville,RUNIVILLE USD DIESEL,1613.026847,2379.705
2025-10-22,82.0,Runiville,RUNIVILLE USD PETROL,469.927633,714.29
2025-10-22,84.0,Avondale,AVONDALE USD DIESEL,1591.263514,2336.0397
2025-10-22,84.0,Avondale,AVONDALE USD PETROL,1497.88158,2259.8797
2025-10-22,84.0,Avondale,DIESEL LITRES,120.0,120.0
2025-10-22,84.0,Avondale,PETROL LITRES,84.39,84.39
2025-10-22,86.0,Charter,CHARTER USD DIESEL,1684.155403,2492.55
2025-10-22,86.0,Charter,CHARTER USD PETROL,172.480264,262.17
2025-10-22,86.0,Charter,DIESEL LITRES,140.73,140.73
2025-10-22,88.0,Seke,SEKE USD DIESEL,78.783784,116.6
2025-10-22,88.0,Seke,SEKE USD PETROL,174.253333,258.98
2025-10-22,92.0,Msasa,DIESEL LITRES,40.0,40.0
2025-10-22,92.0,Msasa,MSASA BULK DIESEL,899.78,1349.67
2025-10-22,92.0,Msasa,MSASA USD DIESEL,667.858063,1033.421
2025-10-22,92.0,Msasa,MSASA USD PETROL,526.483872,815.25
2025-10-22,92.0,Msasa,PETROL LITRES,140.0,140.0
2025-10-22,96.0,Samora,PETROL LITRES,77.97,77.97
2025-10-22,96.0,Samora,SAMORA USD DIESEL,350.695365,520.9886
2025-10-22,96.0,Samora,SAMORA USD PETROL,502.473685,759.6948
2025-10-22,98.0,Roadport,DIESEL LITRES,348.88,348.88
2025-10-22,98.0,Roadport,PETROL LITRES,40.0,40.0
2025-10-22,98.0,Roadport,ROADPORT USD DIESEL,980.059213,1488.7032
2025-10-22,98.0,Roadport,ROADPORT USD DIESEL BUS,236.486486,350.0
2025-10-22,98.0,Roadport,ROAPORT USD PETROL,710.012984,1091.9265
2025-10-22,102.0,Kirkman,DIESEL LITRES,745.0,745.0
2025-10-22,102.0,Kirkman,KIRKMAN USD DIESEL,438.557047,639.6094
2025-10-22,102.0,Kirkman,KIRKMAN USD PETROL,129.881578,195.9661
2025-10-22,102.0,Kirkman,PETROL LITRES,10.0,10.0
2025-10-22,110.0,Mutare Green Market,DIESEL LITRES,40.0,40.0
2025-10-22,110.0,Mutare Green Market,MUTARE GREEN MARKET BULK DIESEL,600.0,852.0
2025-10-22,110.0,Mutare Green Market,MUTARE GREENMARKET USD DIESEL,40.0,58.4
2025-10-22,112.0,Marondera,MARONDERA USD DIESEL,485.205479,707.8178
2025-10-22,112.0,Marondera,MARONDERA USD PETROL,28.333333,42.5
2025-10-22,112.0,Marondera,PETROL LITRES,36.46,36.46
2025-10-22,114.0,Kadoma,DIESEL LITRES,40.0,40.0
2025-10-22,114.0,Kadoma,KADOMA USD DIESEL,90.0,133.2
2025-10-22,114.0,Kadoma,KADOMA USD PETROL,31.423841,46.95
2025-10-22,121.0,Gweru,DIESEL LITRES,160.0,160.0
2025-10-22,121.0,Gweru,GWERU USD DIESEL,682.047298,1007.93
2025-10-22,121.0,Gweru,GWERU USD PETROL,19.86755,29.0066
2025-10-22,123.0,Fife Street,DIESEL LITRES,222.0,222.0
2025-10-22,123.0,Fife Street,FIFE USD DIESEL,922.641892,1358.006
2025-10-22,123.0,Fife Street,FIFE USD PETROL,282.31579,429.12
2025-10-22,123.0,Fife Street,PETROL LITRES,52.28,52.28
2025-10-22,125.0,Fort Street,FORT USD DIESEL,579.256757,857.3
2025-10-22,125.0,Fort Street,FORT USD PETROL,89.243422,135.65
2025-10-22,127.0,Mpopoma,MPOPOMA BULK DIESEL USD,300.272109,441.4
2025-10-22,127.0,Mpopoma,MPOPOMA USD DIESEL,691.891891,1012.4501
2025-10-22,127.0,Mpopoma,MPOPOMA USD PETROL,743.675497,1102.1676
2025-10-22,129.0,Khami,KHAMI USD DIESEL,235.0,340.9
2025-10-22,129.0,Khami,KHAMI USD PETROL,56.423841,85.2
2025-10-22,131.0,R Mugabe,R MUGABE USD DIESEL,170.133333,255.2
2025-10-22,131.0,R Mugabe,R MUGABE USD PETROL,14.921053,22.68
2025-10-22,135.0,Cripps,CRIPPS DIESEL USD,1084.965753,1584.05
2025-10-22,135.0,Cripps,CRIPPS PETROL USD,813.797298,1202.593
2025-10-22,135.0,Cripps,DIESEL LITRES,824.06,824.06
2025-10-22,135.0,Cripps,PETROL LITRES,83.05,83.05
2025-10-22,140.0,Mutare Second Street,MUTARE SECOND USD BULK DIESEL,235.0,333.7
2025-10-22,140.0,Mutare Second Street,MUTARE SECOND USD DIESEL,95.856165,139.95
2025-10-22,140.0,Mutare Second Street,MUTARE SECOND USD PETROL,82.432432,122.0
2025-10-22,140.0,Mutare Second Street,PETROL LITRES,15.0,15.0
2025-10-22,141.0,Troutbeck,TROUTBECK USD DIESEL,100.0,147.0
2025-10-22,145.0,Sunway City,DIESEL LITRES,60.0,60.0
2025-10-22,145.0,Sunway City,PETROL LITRES,30.0,30.0
2025-10-22,145.0,Sunway City,SUNWAY USD DIESEL,189.866666,280.6733
2025-10-22,145.0,Sunway City,SUNWAY USD PETROL,167.980262,252.8846
2025-10-22,147.0,Chinhoyi Main,CHINHOYI BULK DIESEL USD,1700.33557,2533.5
2025-10-22,147.0,Chinhoyi Main,CHINHOYI MAIN USD DIESEL,404.456954,610.73
2025-10-22,147.0,Chinhoyi Main,CHINHOYI MAIN USD PETROL,33.986928,52.0
2025-10-22,147.0,Chinhoyi Main,DIESEL LITRES,95.0,95.0
2025-10-22,148.0,Chegutu,CHEGUTU USD DIESEL,63.758389,95.0
2025-10-22,148.0,Chegutu,CHEGUTU USD PETROL,80.921052,122.0526
2025-10-22,149.0,Turnpike,DIESEL LITRES,545.0,545.0
2025-10-22,149.0,Turnpike,TURNPIKE USD DIESEL,86.666667,130.0
2025-10-22,149.0,Turnpike,TURNPIKE USD PETROL,90.13158,137.0
2025-10-22,150.0,Mutare One Stop,DIESEL LITRES,186.0,186.0
2025-10-22,150.0,Mutare One Stop,MUTARE ONE STOP DIESEL,75.157534,109.73
2025-10-23,,,,,122341.55
2025-10-23,82.0,Runiville,DIESEL LITRES,40.0,40.0
2025-10-23,82.0,Runiville,PETROL LITRES,20.0,20.0
2025-10-23,82.0,Runiville,RUNIVILLE BULK DIESEL USD,1394.554054,2063.94
2025-10-23,82.0,Runiville,RUNIVILLE USD DIESEL,927.986577,1368.0141
2025-10-23,82.0,Runiville,RUNIVILLE USD PETROL,800.072369,1215.8468
2025-10-23,84.0,Avondale,AVONDALE USD DIESEL,1674.256756,2455.3125
2025-10-23,84.0,Avondale,AVONDALE USD PETROL,2044.499995,3064.3507
2025-10-23,84.0,Avondale,DIESEL LITRES,696.12,696.12
2025-10-23,84.0,Avondale,PETROL LITRES,211.61,211.61
2025-10-23,86.0,Charter,CHARTER USD DIESEL,678.810808,998.791
2025-10-23,86.0,Charter,CHARTER USD PETROL,248.421052,376.1198
2025-10-23,86.0,Charter,DIESEL LITRES,150.18,150.18
2025-10-23,86.0,Charter,PETROL LITRES,33.0,33.0
2025-10-23,88.0,Seke,SEKE USD DIESEL,288.777027,419.3348
2025-10-23,88.0,Seke,SEKE USD PETROL,188.04,280.25
2025-10-23,92.0,Msasa,DIESEL LITRES,585.31,585.31
2025-10-23,92.0,Msasa,MSASA BULK DIESEL,1321.533333,1982.3
2025-10-23,92.0,Msasa,MSASA USD DIESEL,979.39355,1515.0923
2025-10-23,92.0,Msasa,MSASA USD PETROL,408.941935,633.2148
2025-10-23,92.0,Msasa,PETROL LITRES,182.33,182.33
2025-10-23,96.0,Samora,DIESEL LITRES,40.0,40.0
2025-10-23,96.0,Samora,PETROL LITRES,31.0,31.0
2025-10-23,96.0,Samora,SAMORA USD DIESEL,191.245033,288.1177
2025-10-23,96.0,Samora,SAMORA USD PETROL,271.072369,409.9276
2025-10-23,98.0,Roadport,DIESEL LITRES,564.78,564.78
2025-10-23,98.0,Roadport,PETROL LITRES,179.17,179.17
2025-10-23,98.0,Roadport,ROADPORT USD DIESEL,741.197371,1118.6176
2025-10-23,98.0,Roadport,ROAPORT USD PETROL,683.220778,1052.16
2025-10-23,102.0,Kirkman,DIESEL LITRES,1313.47,1313.47
2025-10-23,102.0,Kirkman,KIRKMAN USD DIESEL,726.275167,1078.4523
2025-10-23,102.0,Kirkman,KIRKMAN USD PETROL,345.888159,520.6138
2025-10-23,110.0,Mutare Green Market,DIESEL LITRES,115.0,115.0
2025-10-23,110.0,Mutare Green Market,MUTARE GREENMARKET USD DIESEL,58.493151,85.4
2025-10-23,110.0,Mutare Green Market,MUTARE GREENMARKET USD PETROL,20.0,29.6
2025-10-23,112.0,Marondera,MARONDERA USD DIESEL,445.273972,649.426
2025-10-23,112.0,Marondera,MARONDERA USD PETROL,6.666667,10.0
2025-10-23,114.0,Kadoma,DIESEL LITRES,320.0,320.0
2025-10-23,114.0,Kadoma,KADOMA USD DIESEL,74.297297,109.96
2025-10-23,114.0,Kadoma,KADOMA USD PETROL,17.218543,26.0
2025-10-23,121.0,Gweru,DIESEL LITRES,220.0,220.0
2025-10-23,121.0,Gweru,GWERU BULK DIESEL USD,570.020408,837.93
2025-10-23,121.0,Gweru,GWERU USD DIESEL,356.905406,528.22
2025-10-23,121.0,Gweru,GWERU USD PETROL,82.119206,123.6689
2025-10-23,123.0,Fife Street,FIFE USD DIESEL,420.695946,622.63
2025-10-23,125.0,Fort Street,DIESEL LITRES,290.0,290.0
2025-10-23,125.0,Fort Street,FORT USD DIESEL,904.162162,1338.16
2025-10-23,125.0,Fort Street,FORT USD PETROL,214.743421,325.0942
2025-10-23,125.0,Fort Street,PETROL LITRES,57.69,57.69
2025-10-23,127.0,Mpopoma,MPOPOMA BULK DIESEL USD,1730.0,2543.1
2025-10-23,127.0,Mpopoma,MPOPOMA USD DIESEL,87.837838,130.0
2025-10-23,127.0,Mpopoma,MPOPOMA USD PETROL,72.880795,110.05
2025-10-23,129.0,Khami,KHAMI USD DIESEL,300.0,435.9
2025-10-23,129.0,Khami,KHAMI USD PETROL,153.966888,232.49
2025-10-23,131.0,R Mugabe,R MUGABE USD DIESEL,134.053333,197.137
2025-10-23,131.0,R Mugabe,R MUGABE USD PETROL,90.921052,138.2
2025-10-23,135.0,Cripps,CRIPPS BULK DIESEL USD,168.524138,244.36
2025-10-23,135.0,Cripps,CRIPPS DIESEL USD,759.993151,1102.8711
2025-10-23,135.0,Cripps,CRIPPS PETROL USD,238.932432,353.62
2025-10-23,135.0,Cripps,DIESEL LITRES,20.0,20.0
2025-10-23,135.0,Cripps,PETROL LITRES,111.75,111.75
2025-10-23,140.0,Mutare Second Street,MUTARE SECOND USD BULK DIESEL,445.0,631.9
2025-10-23,140.0,Mutare Second Street,MUTARE SECOND USD DIESEL,58.219178,85.0
2025-10-23,140.0,Mutare Second Street,MUTARE SECOND USD PETROL,40.540541,60.0
2025-10-23,141.0,Troutbeck,TROUTBECK USD DIESEL,10.0,15.2
2025-10-23,144.0,Bessemer,BESSEMER USD DIESEL,52.816901,75.0
2025-10-23,145.0,Sunway City,PETROL LITRES,48.0,48.0
2025-10-23,145.0,Sunway City,SUNWAY USD DIESEL,802.733333,1203.3933
2025-10-23,145.0,Sunway City,SUNWAY USD PETROL,126.973684,193.0
2025-10-23,146.0,Banket,BANKET USD DIESEL,90.0,135.0
2025-10-23,147.0,Chinhoyi Main,CHINHOYI BULK DIESEL USD,584.33557,870.66
2025-10-23,147.0,Chinhoyi Main,CHINHOYI MAIN USD DIESEL,219.271524,331.1
2025-10-23,147.0,Chinhoyi Main,CHINHOYI MAIN USD PETROL,84.640523,129.5
2025-10-23,147.0,Chinhoyi Main,DIESEL LITRES,70.0,70.0
2025-10-23,148.0,Chegutu,CHEGUTU USD DIESEL,30.0,44.7
2025-10-23,148.0,Chegutu,CHEGUTU USD PETROL,6.578947,10.0
2025-10-23,149.0,Turnpike,DIESEL LITRES,418.0,418.0
2025-10-23,149.0,Turnpike,TURNPIKE USD DIESEL,72.666667,109.0
2025-10-23,149.0,Turnpike,TURNPIKE USD PETROL,164.368421,249.84
2025-10-23,150.0,Mutare One Stop,DIESEL LITRES,146.03,146.03
2025-10-23,150.0,Mutare One Stop,MUTARE ONE STOP DIESEL,355.890412,519.6
2025-10-23,150.0,Mutare One Stop,MUTARE ONE STOP PETROL,64.594595,95.6
2025-10-23,167.0,Munch & Move,MUNCH & MOVE - SALES,73.44,73.44
2025-10-23,168.0,Avondale M&M,AVONDALE M&M,37.3,37.3
2025-10-24,,,,,73675.4
2025-10-24,82.0,Runiville,DIESEL LITRES,233.81,233.81
2025-10-24,82.0,Runiville,PETROL LITRES,752.03,752.03
2025-10-24,82.0,Runiville,RUNIVILLE BULK DIESEL USD,441.216216,653.0
2025-10-24,82.0,Runiville,RUNIVILLE USD DIESEL,1104.322147,1629.6363
2025-10-24,82.0,Runiville,RUNIVILLE USD PETROL,884.980262,1338.2456
2025-10-24,84.0,Avondale,AVONDALE USD DIESEL,2056.689189,3030.5426
2025-10-24,84.0,Avondale,AVONDALE USD PETROL,1346.177632,2032.1468
2025-10-24,84.0,Avondale,DIESEL LITRES,290.09,290.09
2025-10-24,84.0,Avondale,PETROL LITRES,184.89,184.89
2025-10-24,86.0,Charter,CHARTER USD DIESEL,340.675675,504.2
2025-10-24,86.0,Charter,CHARTER USD PETROL,535.967795,804.5348
2025-10-24,86.0,Charter,PETROL LITRES,20.0,20.0
2025-10-24,88.0,Seke,SEKE USD DIESEL,209.533785,305.2307
2025-10-24,88.0,Seke,SEKE USD PETROL,66.893333,97.3286
2025-10-24,92.0,Msasa,DIESEL LITRES,627.53,627.53
2025-10-24,92.0,Msasa,MSASA BULK DIESEL,1122.666666,1684.0
2025-10-24,92.0,Msasa,MSASA USD DIESEL,878.483871,1361.65
2025-10-24,92.0,Msasa,MSASA USD PETROL,598.929032,925.3055
2025-10-24,92.0,Msasa,PETROL LITRES,412.06,412.06
2025-10-24,96.0,Samora,DIESEL LITRES,88.31,88.31
2025-10-24,96.0,Samora,PETROL LITRES,130.0,130.0
2025-10-24,96.0,Samora,SAMORA USD DIESEL,301.331125,450.9834
2025-10-24,96.0,Samora,SAMORA USD PETROL,407.901315,617.1163
2025-10-24,98.0,Roadport,DIESEL LITRES,333.57,333.57
2025-10-24,98.0,Roadport,PETROL LITRES,45.0,45.0
2025-10-24,98.0,Roadport,ROADPORT USD DIESEL,1103.269739,1669.549
2025-10-24,98.0,Roadport,ROAPORT USD PETROL,615.318181,945.9666
2025-10-24,102.0,Kirkman,DIESEL LITRES,900.0,900.0
2025-10-24,102.0,Kirkman,KIRKMAN USD DIESEL,496.375839,735.5732
2025-10-24,102.0,Kirkman,KIRKMAN USD PETROL,292.315788,435.6213
2025-10-24,102.0,Kirkman,PETROL LITRES,30.0,30.0
2025-10-24,110.0,Mutare Green Market,DIESEL LITRES,40.0,40.0
2025-10-24,110.0,Mutare Green Market,MUTARE GREENMARKET USD DIESEL,80.821918,118.0
2025-10-24,110.0,Mutare Green Market,MUTARE GREENMARKET USD PETROL,10.0,14.8
2025-10-24,112.0,Marondera,DIESEL LITRES,109.85,109.85
2025-10-24,112.0,Marondera,MARONDERA USD PETROL,126.666667,187.2
2025-10-24,112.0,Marondera,PETROL LITRES,29.48,29.48
2025-10-24,114.0,Kadoma,DIESEL LITRES,550.0,550.0
2025-10-24,114.0,Kadoma,KADOMA USD DIESEL,85.993243,127.27
2025-10-24,114.0,Kadoma,KADOMA USD PETROL,20.0,30.2
2025-10-24,121.0,Gweru,DIESEL LITRES,581.0,581.0
2025-10-24,121.0,Gweru,GWERU USD DIESEL,773.655407,1140.0928
2025-10-24,123.0,Fife Street,DIESEL LITRES,127.5,127.5
2025-10-24,123.0,Fife Street,FIFE USD DIESEL,1031.060811,1525.97
2025-10-24,123.0,Fife Street,FIFE USD PETROL,634.539474,960.8473
2025-10-24,123.0,Fife Street,PETROL LITRES,34.03,34.03
2025-10-24,125.0,Fort Street,DIESEL LITRES,278.0,278.0
2025-10-24,125.0,Fort Street,FORT USD DIESEL,1456.331081,2155.37
2025-10-24,125.0,Fort Street,FORT USD PETROL,157.565789,239.5
2025-10-24,127.0,Mpopoma,DIESEL LITRES,100.0,100.0
2025-10-24,127.0,Mpopoma,MPOPOMA USD DIESEL,403.472973,586.2522
2025-10-24,127.0,Mpopoma,MPOPOMA USD PETROL,116.688742,172.6993
2025-10-24,129.0,Khami,KHAMI USD DIESEL,356.506756,521.18
2025-10-24,129.0,Khami,KHAMI USD PETROL,56.953642,86.0
2025-10-24,131.0,R Mugabe,R MUGABE USD DIESEL,155.586667,233.38
2025-10-24,131.0,R Mugabe,R MUGABE USD PETROL,143.763158,218.52
2025-10-24,135.0,Cripps,CRIPPS DIESEL USD,1241.09589,1796.9449
2025-10-24,135.0,Cripps,CRIPPS PETROL USD,1043.425676,1543.0021
2025-10-24,135.0,Cripps,DIESEL LITRES,475.18,475.18
2025-10-24,135.0,Cripps,PETROL LITRES,153.47,153.47
2025-10-24,140.0,Mutare Second Street,MUTARE SECOND USD BULK DIESEL,40.0,57.6
2025-10-24,140.0,Mutare Second Street,MUTARE SECOND USD DIESEL,102.054794,149.0
2025-10-24,140.0,Mutare Second Street,MUTARE SECOND USD PETROL,144.722973,208.7789
2025-10-24,141.0,Troutbeck,PETROL LITRES,29.93,29.93
2025-10-24,141.0,Troutbeck,TROUTBECK USD DIESEL,747.236842,1103.8
2025-10-24,144.0,Bessemer,BESSEMER USD PETROL,37.931034,55.0
2025-10-24,145.0,Sunway City,PETROL LITRES,30.0,30.0
2025-10-24,145.0,Sunway City,SUNWAY USD DIESEL,360.96,541.44
2025-10-24,145.0,Sunway City,SUNWAY USD PETROL,184.69079,277.9668
2025-10-24,146.0,Banket,BANKET USD DIESEL,110.0,165.0
2025-10-24,146.0,Banket,BANKET USD PETROL,53.594771,82.0
2025-10-24,147.0,Chinhoyi Main,CHINHOYI BULK DIESEL USD,550.33557,820.0
2025-10-24,147.0,Chinhoyi Main,CHINHOYI MAIN USD DIESEL,381.264901,575.71
2025-10-24,147.0,Chinhoyi Main,CHINHOYI MAIN USD PETROL,58.169933,87.9216
2025-10-24,148.0,Chegutu,CHEGUTU BULK DIESEL USD,102.040816,150.0
2025-10-24,148.0,Chegutu,CHEGUTU USD DIESEL,134.09396,198.1221
2025-10-24,148.0,Chegutu,CHEGUTU USD PETROL,78.026316,117.6803
2025-10-24,148.0,Chegutu,DIESEL LITRES,155.0,155.0
2025-10-24,149.0,Turnpike,DIESEL LITRES,135.0,135.0
2025-10-24,149.0,Turnpike,PETROL LITRES,20.0,20.0
2025-10-24,149.0,Turnpike,TURNPIKE USD DIESEL,73.0,107.8333
2025-10-24,149.0,Turnpike,TURNPIKE USD PETROL,58.217105,88.49
2025-10-24,150.0,Mutare One Stop,DIESEL LITRES,90.0,90.0
2025-10-24,150.0,Mutare One Stop,MUTARE ONE STOP DIESEL,216.438356,306.4452
2025-10-24,150.0,Mutare One Stop,MUTARE ONE STOP PETROL,29.729729,44.0
2025-10-24,167.0,Munch & Move,MUNCH & MOVE - SALES,97.9,97.9
2025-10-25,,,,,16888.83
2025-10-25,82.0,Runiville,DIESEL LITRES,167.82,167.82
2025-10-25,82.0,Runiville,RUNIVILLE BULK DIESEL USD,592.999999,877.64
2025-10-25,82.0,Runiville,RUNIVILLE USD DIESEL,973.140939,1418.4756
2025-10-25,82.0,Runiville,RUNIVILLE USD PETROL,744.815789,1126.92
2025-10-25,84.0,Avondale,AVONDALE USD DIESEL,1028.074324,1503.4523
2025-10-25,84.0,Avondale,AVONDALE USD PETROL,823.039475,1236.6353
2025-10-25,84.0,Avondale,DIESEL LITRES,224.49,224.49
2025-10-25,84.0,Avondale,PETROL LITRES,107.77,107.77
2025-10-25,86.0,Charter,CHARTER USD DIESEL,293.243244,429.5794
2025-10-25,86.0,Charter,CHARTER USD PETROL,132.54902,201.8
2025-10-25,88.0,Seke,DIESEL LITRES,60.0,60.0
2025-10-25,88.0,Seke,SEKE USD DIESEL,230.912162,333.7186
2025-10-25,88.0,Seke,SEKE USD PETROL,53.333333,78.3333
2025-10-25,92.0,Msasa,DIESEL LITRES,125.0,125.0
2025-10-25,92.0,Msasa,MSASA BULK DIESEL,1027.799999,1541.7
2025-10-25,92.0,Msasa,MSASA USD DIESEL,404.077419,625.3523
2025-10-25,92.0,Msasa,MSASA USD PETROL,354.154841,546.5771
2025-10-25,92.0,Msasa,PETROL LITRES,160.01,160.01
2025-10-25,96.0,Samora,PETROL LITRES,22.0,22.0
2025-10-25,96.0,Samora,SAMORA USD DIESEL,228.417218,341.7759
2025-10-25,96.0,Samora,SAMORA USD PETROL,153.980263,230.5961
2025-10-25,98.0,Roadport,DIESEL LITRES,317.9,317.9
2025-10-25,98.0,Roadport,PETROL LITRES,20.7,20.7
2025-10-25,98.0,Roadport,ROADPORT USD DIESEL,584.789474,884.8612
2025-10-25,98.0,Roadport,ROADPORT USD DIESEL BUS,135.135135,200.0
2025-10-25,98.0,Roadport,ROAPORT USD PETROL,331.402597,508.9805
2025-10-25,102.0,Kirkman,DIESEL LITRES,754.24,754.24
2025-10-25,102.0,Kirkman,KIRKMAN USD DIESEL,1444.973154,2144.6164
2025-10-25,102.0,Kirkman,KIRKMAN USD PETROL,253.184209,381.8029
2025-10-25,110.0,Mutare Green Market,DIESEL LITRES,40.0,40.0
2025-10-25,110.0,Mutare Green Market,MUTARE GREENMARKET USD DIESEL,34.246575,50.0
2025-10-25,112.0,Marondera,DIESEL LITRES,45.0,45.0
2025-10-25,112.0,Marondera,MARONDERA USD DIESEL,238.69863,347.0445
2025-10-25,112.0,Marondera,MARONDERA USD PETROL,48.106667,72.16
2025-10-25,114.0,Kadoma,KADOMA USD DIESEL,10.0,14.8
2025-10-25,114.0,Kadoma,KADOMA USD PETROL,23.84106,36.0
2025-10-25,121.0,Gweru,DIESEL LITRES,490.0,490.0
2025-10-25,121.0,Gweru,GWERU USD DIESEL,462.027027,683.8
2025-10-25,121.0,Gweru,GWERU USD PETROL,192.364239,288.3177
2025-10-25,123.0,Fife Street,DIESEL LITRES,283.7,283.7
2025-10-25,123.0,Fife Street,FIFE USD DIESEL,470.270271,688.973
2025-10-25,123.0,Fife Street,FIFE USD PETROL,189.24342,284.2734
2025-10-25,125.0,Fort Street,FORT USD DIESEL,90.540541,130.9595
2025-10-25,125.0,Fort Street,FORT USD PETROL,95.921053,145.8
2025-10-25,127.0,Mpopoma,MPOPOMA USD DIESEL,188.47973,273.4429
2025-10-25,127.0,Mpopoma,MPOPOMA USD PETROL,521.74342,777.3976
2025-10-25,129.0,Khami,KHAMI USD DIESEL,553.378378,818.4
2025-10-25,129.0,Khami,KHAMI USD PETROL,20.0,30.4
2025-10-25,131.0,R Mugabe,R MUGABE USD DIESEL,32.54,48.81
2025-10-25,131.0,R Mugabe,R MUGABE USD PETROL,171.375,259.99
2025-10-25,135.0,Cripps,CRIPPS DIESEL USD,260.965753,380.01
2025-10-25,135.0,Cripps,CRIPPS PETROL USD,423.804055,627.23
2025-10-25,135.0,Cripps,DIESEL LITRES,661.84,661.84
2025-10-25,135.0,Cripps,PETROL LITRES,540.27,540.27
2025-10-25,140.0,Mutare Second Street,DIESEL LITRES,110.05,110.05
2025-10-25,140.0,Mutare Second Street,MUTARE SECOND USD BULK DIESEL,40.0,57.6
2025-10-25,140.0,Mutare Second Street,MUTARE SECOND USD DIESEL,65.226027,95.23
2025-10-25,141.0,Troutbeck,DIESEL LITRES,22.0,22.0
2025-10-25,141.0,Troutbeck,TROUTBECK USD DIESEL,146.072368,216.33
2025-10-25,145.0,Sunway City,DIESEL LITRES,45.0,45.0
2025-10-25,145.0,Sunway City,PETROL LITRES,35.21,35.21
2025-10-25,145.0,Sunway City,SUNWAY BULK DIESEL USD,885.135135,1310.0
2025-10-25,145.0,Sunway City,SUNWAY USD DIESEL,101.853333,150.854
2025-10-25,145.0,Sunway City,SUNWAY USD PETROL,151.703948,228.6265
2025-10-25,146.0,Banket,BANKET BULK DIESEL USD,600.0,882.0
2025-10-25,146.0,Banket,BANKET USD DIESEL,33.346667,50.02
2025-10-25,146.0,Banket,BANKET USD PETROL,6.493506,10.0
2025-10-25,146.0,Banket,DIESEL LITRES,40.0,40.0
2025-10-25,147.0,Chinhoyi Main,CHINHOYI BULK DIESEL USD,1400.0,2086.0
2025-10-25,147.0,Chinhoyi Main,CHINHOYI MAIN USD DIESEL,179.178808,270.56
2025-10-25,147.0,Chinhoyi Main,CHINHOYI MAIN USD PETROL,108.137255,165.45
2025-10-25,147.0,Chinhoyi Main,DIESEL LITRES,11.95,11.95
2025-10-25,148.0,Chegutu,CHEGUTU BULK DIESEL USD,122.44898,180.0
2025-10-25,148.0,Chegutu,CHEGUTU USD DIESEL,109.147651,162.63
2025-10-25,149.0,Turnpike,DIESEL LITRES,287.0,287.0
2025-10-25,149.0,Turnpike,TURNPIKE USD DIESEL,147.953333,221.93
2025-10-25,150.0,Mutare One Stop,DIESEL LITRES,150.0,150.0
2025-10-25,150.0,Mutare One Stop,MUTARE ONE STOP DIESEL,401.369863,586.0
2025-10-25,150.0,Mutare One Stop,MUTARE ONE STOP PETROL,10.135135,15.0
2025-10-25,168.0,Avondale M&M,AVONDALE M&M,4.5,4.5
2025-10-26,,,,,13334.03
2025-10-26,82.0,Runiville,DIESEL LITRES,25.0,25.0
2025-10-26,82.0,Runiville,RUNIVILLE BULK DIESEL USD,319.972973,473.56
2025-10-26,82.0,Runiville,RUNIVILLE USD DIESEL,514.140939,750.57
2025-10-26,82.0,Runiville,RUNIVILLE USD PETROL,607.138158,918.2687
2025-10-26,84.0,Avondale,AVONDALE USD DIESEL,1411.452706,2061.4602
2025-10-26,84.0,Avondale,AVONDALE USD PETROL,710.578946,1073.0835
2025-10-26,84.0,Avondale,DIESEL LITRES,186.56,186.56
2025-10-26,84.0,Avondale,PETROL LITRES,38.16,38.16
2025-10-26,86.0,Charter,CHARTER USD DIESEL,89.189189,129.9054
2025-10-26,86.0,Charter,CHARTER USD PETROL,85.0,128.2304
2025-10-26,88.0,Seke,SEKE USD DIESEL,150.067568,220.8801
2025-10-26,88.0,Seke,SEKE USD PETROL,30.0,45.0
2025-10-26,92.0,Msasa,DIESEL LITRES,50.0,50.0
2025-10-26,92.0,Msasa,MSASA BULK DIESEL,172.0,258.0
2025-10-26,92.0,Msasa,MSASA USD PETROL,111.980645,173.57
2025-10-26,92.0,Msasa,PETROL LITRES,97.72,97.72
2025-10-26,96.0,Samora,DIESEL LITRES,13.0,13.0
2025-10-26,96.0,Samora,SAMORA USD DIESEL,89.523179,135.18
2025-10-26,96.0,Samora,SAMORA USD PETROL,283.421052,429.1553
2025-10-26,98.0,Roadport,DIESEL LITRES,53.0,53.0
2025-10-26,98.0,Roadport,PETROL LITRES,30.0,30.0
2025-10-26,98.0,Roadport,ROADPORT USD DIESEL,337.131579,510.44
2025-10-26,98.0,Roadport,ROAPORT USD PETROL,372.590909,572.816
2025-10-26,102.0,Kirkman,DIESEL LITRES,489.56,489.56
2025-10-26,102.0,Kirkman,KIRKMAN USD DIESEL,600.704697,868.2563
2025-10-26,102.0,Kirkman,KIRKMAN USD PETROL,157.526315,238.6176
2025-10-26,110.0,Mutare Green Market,MUTARE GREENMARKET USD DIESEL,40.0,58.4
2025-10-26,112.0,Marondera,MARONDERA USD DIESEL,68.157534,96.1021
2025-10-26,112.0,Marondera,MARONDERA USD PETROL,88.44,130.74
2025-10-26,121.0,Gweru,DIESEL LITRES,343.15,343.15
2025-10-26,121.0,Gweru,GWERU USD DIESEL,27.027027,38.6486
2025-10-26,121.0,Gweru,GWERU USD PETROL,63.099337,94.2535
2025-10-26,123.0,Fife Street,DIESEL LITRES,35.78,35.78
2025-10-26,123.0,Fife Street,FIFE USD DIESEL,599.581082,887.38
2025-10-26,123.0,Fife Street,FIFE USD PETROL,48.585527,72.0786
2025-10-26,125.0,Fort Street,FORT USD DIESEL,101.351352,150.0
2025-10-26,125.0,Fort Street,FORT USD PETROL,55.690789,84.65
2025-10-26,127.0,Mpopoma,MPOPOMA USD DIESEL,65.0,94.25
2025-10-26,127.0,Mpopoma,MPOPOMA USD PETROL,476.81579,710.7517
2025-10-26,129.0,Khami,KHAMI USD DIESEL,33.790541,50.01
2025-10-26,129.0,Khami,KHAMI USD PETROL,20.0,30.4
2025-10-26,131.0,R Mugabe,R MUGABE USD DIESEL,90.493334,135.74
2025-10-26,131.0,R Mugabe,R MUGABE USD PETROL,101.875,154.85
2025-10-26,135.0,Cripps,CRIPPS BULK DIESEL USD,200.0,290.0
2025-10-26,135.0,Cripps,CRIPPS DIESEL USD,345.664383,496.4508
2025-10-26,135.0,Cripps,CRIPPS PETROL USD,389.067567,574.8416
2025-10-26,140.0,Mutare Second Street,DIESEL LITRES,54.79,54.79
2025-10-26,140.0,Mutare Second Street,PETROL LITRES,31.08,31.08
2025-10-26,145.0,Sunway City,PETROL LITRES,105.19,105.19
2025-10-26,145.0,Sunway City,SUNWAY USD DIESEL,674.44,1011.66
2025-10-26,145.0,Sunway City,SUNWAY USD PETROL,72.598684,108.2003
2025-10-26,147.0,Chinhoyi Main,CHINHOYI MAIN USD DIESEL,99.271523,147.5821
2025-10-26,147.0,Chinhoyi Main,CHINHOYI MAIN USD PETROL,66.052287,98.8685
2025-10-26,147.0,Chinhoyi Main,DIESEL LITRES,130.01,130.01
2025-10-26,148.0,Chegutu,CHEGUTU BULK DIESEL USD,100.0,147.0
2025-10-26,148.0,Chegutu,CHEGUTU USD DIESEL,20.0,29.8
2025-10-26,148.0,Chegutu,CHEGUTU USD PETROL,36.960526,56.18
2025-10-26,149.0,Turnpike,PETROL LITRES,37.33,37.33
2025-10-26,149.0,Turnpike,TURNPIKE USD PETROL,30.388158,46.19
2025-10-27,,,,,164147.83
2025-10-27,82.0,Runiville,DIESEL LITRES,330.0,330.0
2025-10-27,82.0,Runiville,PETROL LITRES,361.72,361.72
2025-10-27,82.0,Runiville,RUN-QUARTZ 9000 SAE 5W40 5L,1.0,30.0
2025-10-27,82.0,Runiville,RUNIVILLE BULK DIESEL USD,844.324324,1249.6
2025-10-27,82.0,Runiville,RUNIVILLE USD DIESEL,1349.597316,1991.4014
2025-10-27,82.0,Runiville,RUNIVILLE USD PETROL,1065.190789,1616.8683
2025-10-27,84.0,Avondale,AVONDALE USD DIESEL,1513.635139,2221.229
2025-10-27,84.0,Avondale,AVONDALE USD PETROL,1393.43421,2108.395
2025-10-27,84.0,Avondale,DIESEL LITRES,382.5,382.5
2025-10-27,84.0,Avondale,PETROL LITRES,146.0,146.0
2025-10-27,86.0,Charter,CHARTER USD DIESEL,627.047297,925.054
2025-10-27,86.0,Charter,CHARTER USD PETROL,472.52941,722.97
2025-10-27,86.0,Charter,DIESEL LITRES,84.38,84.38
2025-10-27,86.0,Charter,PETROL LITRES,243.46,243.46
2025-10-27,88.0,Seke,SEKE USD DIESEL,62.297297,91.1865
2025-10-27,88.0,Seke,SEKE USD PETROL,135.373333,199.3933
2025-10-27,92.0,,,,347.18
2025-10-27,92.0,Msasa,DIESEL LITRES,1318.05,1318.05
2025-10-27,92.0,Msasa,MSASA BULK DIESEL,940.613334,1410.92
2025-10-27,92.0,Msasa,MSASA USD DIESEL,1052.922579,1628.2565
2025-10-27,92.0,Msasa,MSASA USD PETROL,1130.335488,1748.6403
2025-10-27,92.0,Msasa,PETROL LITRES,448.32,448.32
2025-10-27,96.0,Samora,DIESEL LITRES,39.21,39.21
2025-10-27,96.0,Samora,PETROL LITRES,30.0,30.0
2025-10-27,96.0,Samora,SAMORA USD DIESEL,205.993377,309.7255
2025-10-27,96.0,Samora,SAMORA USD PETROL,434.74342,657.0271
2025-10-27,98.0,Roadport,DIESEL LITRES,635.89,635.89
2025-10-27,98.0,Roadport,PETROL LITRES,348.12,348.12
2025-10-27,98.0,Roadport,ROADPORT USD DIESEL,1049.282893,1589.1863
2025-10-27,98.0,Roadport,ROAPORT USD PETROL,777.772726,1197.77
2025-10-27,102.0,Kirkman,DIESEL LITRES,1314.19,1314.19
2025-10-27,102.0,Kirkman,KIRKMAN USD DIESEL,1489.09396,2213.6809
2025-10-27,102.0,Kirkman,KIRKMAN USD PETROL,361.907895,547.725
2025-10-27,110.0,Mutare Green Market,DIESEL LITRES,440.0,440.0
2025-10-27,110.0,Mutare Green Market,MUTARE GREEN MARKET BULK DIESEL,590.0,849.6
2025-10-27,110.0,Mutare Green Market,MUTARE GREENMARKET USD DIESEL,143.636986,209.21
2025-10-27,110.0,Mutare Green Market,MUTARE GREENMARKET USD PETROL,25.0,37.0
2025-10-27,112.0,Marondera,DIESEL LITRES,65.55,65.55
2025-10-27,112.0,Marondera,MARONDERA USD DIESEL,523.561643,764.4
2025-10-27,112.0,Marondera,MARONDERA USD PETROL,60.0,90.0
2025-10-27,114.0,Kadoma,DIESEL LITRES,360.0,360.0
2025-10-27,114.0,Kadoma,KADOMA USD BULK DIESEL ,100.0,147.0
2025-10-27,114.0,Kadoma,KADOMA USD DIESEL,164.054054,242.8
2025-10-27,114.0,Kadoma,KADOMA USD PETROL,78.940397,119.2
2025-10-27,121.0,Gweru,DIESEL LITRES,610.0,610.0
2025-10-27,121.0,Gweru,GWERU BULK DIESEL USD,1118.367347,1644.0
2025-10-27,121.0,Gweru,GWERU USD DIESEL,179.533784,265.71
2025-10-27,121.0,Gweru,GWERU USD PETROL,52.980132,80.0
2025-10-27,123.0,Fife Street,DIESEL LITRES,210.0,210.0
2025-10-27,123.0,Fife Street,FIFE USD DIESEL,1045.621623,1540.0111
2025-10-27,123.0,Fife Street,FIFE USD PETROL,391.302633,592.53
2025-10-27,123.0,Fife Street,PETROL LITRES,20.0,20.0
2025-10-27,125.0,Fort Street,DIESEL LITRES,90.0,90.0
2025-10-27,125.0,Fort Street,FORT USD DIESEL,1332.135135,1969.783
2025-10-27,125.0,Fort Street,FORT USD PETROL,449.078947,682.6
2025-10-27,125.0,Fort Street,PETROL LITRES,50.0,50.0
2025-10-27,127.0,Mpopoma,MPOPOMA USD DIESEL,156.614866,228.5105
2025-10-27,127.0,Mpopoma,MPOPOMA USD PETROL,219.342105,328.9
2025-10-27,129.0,Khami,KHAMI USD DIESEL,392.027027,572.4
2025-10-27,129.0,Khami,KHAMI USD PETROL,176.907895,268.9
2025-10-27,131.0,R Mugabe,DIESEL LITRES,205.3,205.3
2025-10-27,131.0,R Mugabe,PETROL LITRES,15.0,15.0
2025-10-27,131.0,R Mugabe,R MUGABE USD DIESEL,64.186667,96.28
2025-10-27,131.0,R Mugabe,R MUGABE USD PETROL,188.486842,286.5
2025-10-27,135.0,Cripps,CRIPPS DIESEL USD,1469.054795,2124.6115
2025-10-27,135.0,Cripps,CRIPPS PETROL USD,1391.128377,2058.87
2025-10-27,135.0,Cripps,DIESEL LITRES,80.0,80.0
2025-10-27,135.0,Cripps,PETROL LITRES,191.53,191.53
2025-10-27,140.0,Mutare Second Street,MUTARE SECOND USD DIESEL,60.0,87.6
2025-10-27,140.0,Mutare Second Street,MUTARE SECOND USD PETROL,30.405405,45.0
2025-10-27,140.0,Mutare Second Street,PETROL LITRES,38.0,38.0
2025-10-27,141.0,Troutbeck,TROUTBECK USD DIESEL,145.657895,221.4
2025-10-27,145.0,Sunway City,DIESEL LITRES,30.0,30.0
2025-10-27,145.0,Sunway City,SUNWAY USD DIESEL,623.013334,933.32
2025-10-27,145.0,Sunway City,SUNWAY USD PETROL,112.473684,170.96
2025-10-27,146.0,Banket,BANKET BULK DIESEL USD,600.0,882.0
2025-10-27,146.0,Banket,BANKET USD DIESEL,76.666667,115.0
2025-10-27,146.0,Banket,BANKET USD PETROL,70.77922,107.3766
2025-10-27,147.0,Chinhoyi Main,CHINHOYI BULK DIESEL USD,897.986577,1338.0
2025-10-27,147.0,Chinhoyi Main,CHINHOYI MAIN USD DIESEL,219.602649,331.6
2025-10-27,147.0,Chinhoyi Main,CHINHOYI MAIN USD PETROL,37.254901,56.0196
2025-10-27,148.0,Chegutu,CHEGUTU BULK DIESEL USD,200.0,294.0
2025-10-27,148.0,Chegutu,CHEGUTU USD DIESEL,124.630872,185.7
2025-10-27,149.0,Turnpike,DIESEL LITRES,516.0,516.0
2025-10-27,149.0,Turnpike,PETROL LITRES,20.0,20.0
2025-10-27,149.0,Turnpike,TURNPIKE USD DIESEL,181.333333,269.4333
2025-10-27,149.0,Turnpike,TURNPIKE USD PETROL,5.0,7.6
2025-10-27,150.0,Mutare One Stop,DIESEL LITRES,143.0,143.0
2025-10-27,150.0,Mutare One Stop,MUTARE ONE STOP DIESEL,285.547946,416.9
2025-10-27,150.0,Mutare One Stop,PETROL LITRES,22.39,22.39
2025-10-27,167.0,Munch & Move,MUNCH & MOVE - SALES,58.33,58.33
2025-10-28,,,,,78582.99
2025-10-28,82.0,Runiville,DIESEL LITRES,378.46,378.46
2025-10-28,82.0,Runiville,PETROL LITRES,249.98,249.98
2025-10-28,82.0,Runiville,RUNIVILLE USD DIESEL,1360.899328,2014.1521
2025-10-28,82.0,Runiville,RUNIVILLE USD PETROL,665.04605,1009.2259
2025-10-28,84.0,Avondale,AVONDALE USD DIESEL,1877.702703,2744.5493
2025-10-28,84.0,Avondale,AVONDALE USD PETROL,1299.49342,1961.5932
2025-10-28,84.0,Avondale,DIESEL LITRES,421.13,421.13
2025-10-28,84.0,Avondale,PETROL LITRES,244.0,244.0
2025-10-28,86.0,Charter,CHARTER USD DIESEL,689.932432,1007.823
2025-10-28,86.0,Charter,CHARTER USD PETROL,262.85621,402.17
2025-10-28,86.0,Charter,DIESEL LITRES,58.39,58.39
2025-10-28,88.0,Seke,PETROL LITRES,41.62,41.62
2025-10-28,88.0,Seke,SEKE USD DIESEL,157.567568,230.9865
2025-10-28,88.0,Seke,SEKE USD PETROL,160.133334,236.3227
2025-10-28,92.0,Msasa,DIESEL LITRES,246.0,246.0
2025-10-28,92.0,Msasa,MSASA BULK DIESEL,133.333333,200.0
2025-10-28,92.0,Msasa,MSASA USD DIESEL,1012.200002,1566.91
2025-10-28,92.0,Msasa,MSASA USD PETROL,802.232261,1243.46
2025-10-28,92.0,Msasa,PETROL LITRES,76.45,76.45
2025-10-28,96.0,Samora,DIESEL LITRES,44.22,44.22
2025-10-28,96.0,Samora,PETROL LITRES,76.0,76.0
2025-10-28,96.0,Samora,SAMORA USD DIESEL,256.668874,387.57
2025-10-28,96.0,Samora,SAMORA USD PETROL,334.467105,505.6439
2025-10-28,98.0,,,,70.0
2025-10-28,98.0,Roadport,DIESEL LITRES,299.02,299.02
2025-10-28,98.0,Roadport,PETROL LITRES,83.0,83.0
2025-10-28,98.0,Roadport,ROADPORT USD DIESEL,1273.526318,1931.7468
2025-10-28,98.0,Roadport,ROADPORT USD DIESEL BUS,202.702703,300.0
2025-10-28,98.0,Roadport,ROAPORT USD PETROL,423.707792,647.547
2025-10-28,102.0,Kirkman,DIESEL LITRES,1310.0,1310.0
2025-10-28,102.0,Kirkman,KIRKMAN USD DIESEL,285.100671,415.5114
2025-10-28,102.0,Kirkman,KIRKMAN USD PETROL,161.289473,243.3324
2025-10-28,102.0,Kirkman,PETROL LITRES,136.01,136.01
2025-10-28,110.0,Mutare Green Market,MUTARE GREEN MARKET BULK DIESEL,400.0,576.0
2025-10-28,110.0,Mutare Green Market,MUTARE GREENMARKET USD DIESEL,132.328767,193.2
2025-10-28,110.0,Mutare Green Market,MUTARE GREENMARKET USD PETROL,54.554054,80.74
2025-10-28,112.0,Marondera,MARONDERA USD DIESEL,156.541096,228.55
2025-10-28,112.0,Marondera,MARONDERA USD PETROL,68.886667,103.33
2025-10-28,112.0,Marondera,PETROL LITRES,68.1,68.1
2025-10-28,114.0,Kadoma,DIESEL LITRES,50.0,50.0
2025-10-28,114.0,Kadoma,KADOMA USD DIESEL,405.54054,597.8351
2025-10-28,114.0,Kadoma,KADOMA USD PETROL,32.377483,48.89
2025-10-28,121.0,Gweru,DIESEL LITRES,470.0,470.0
2025-10-28,121.0,Gweru,GWERU BULK DIESEL USD,906.122449,1332.0
2025-10-28,121.0,Gweru,GWERU USD DIESEL,275.317568,405.5196
2025-10-28,121.0,Gweru,GWERU USD PETROL,148.503311,221.0175
2025-10-28,123.0,Fife Street,FIFE USD DIESEL,707.831081,1043.59
2025-10-28,123.0,Fife Street,FIFE USD PETROL,440.30921,669.27
2025-10-28,123.0,Fife Street,PETROL LITRES,20.0,20.0
2025-10-28,125.0,Fort Street,DIESEL LITRES,18.93,18.93
2025-10-28,125.0,Fort Street,FORT USD DIESEL,1316.486488,1946.373
2025-10-28,125.0,Fort Street,FORT USD PETROL,274.789474,417.68
2025-10-28,127.0,Mpopoma,MPOPOMA BULK DIESEL USD,130.612245,192.0
2025-10-28,127.0,Mpopoma,MPOPOMA USD DIESEL,565.385135,826.822
2025-10-28,127.0,Mpopoma,MPOPOMA USD PETROL,303.06579,451.6864
2025-10-28,129.0,Khami,KHAMI USD DIESEL,485.0,705.95
2025-10-28,129.0,Khami,KHAMI USD PETROL,40.0,60.8
2025-10-28,131.0,R Mugabe,R MUGABE USD DIESEL,65.786667,98.68
2025-10-28,131.0,R Mugabe,R MUGABE USD PETROL,63.921053,97.16
2025-10-28,135.0,Cripps,CRIPPS DIESEL USD,1101.041096,1600.2773
2025-10-28,135.0,Cripps,CRIPPS PETROL USD,800.898648,1182.8395
2025-10-28,135.0,Cripps,DIESEL LITRES,710.0,710.0
2025-10-28,135.0,Cripps,PETROL LITRES,936.26,936.26
2025-10-28,140.0,Mutare Second Street,MUTARE SECOND USD DIESEL,138.219178,201.8
2025-10-28,141.0,Troutbeck,DIESEL LITRES,237.73,237.73
2025-10-28,141.0,Troutbeck,TROUTBECK USD DIESEL,300.0,448.5
2025-10-28,141.0,Troutbeck,TROUTBECK USD PETROL,40.0,61.6
2025-10-28,144.0,Bessemer,BESSEMER USD DIESEL,57.746479,82.0
2025-10-28,144.0,Bessemer,BESSEMER USD PETROL,38.241379,55.45
2025-10-28,145.0,Sunway City,DIESEL LITRES,50.0,50.0
2025-10-28,145.0,Sunway City,SUNWAY USD DIESEL,558.433334,837.65
2025-10-28,145.0,Sunway City,SUNWAY USD PETROL,163.421052,248.4
2025-10-28,146.0,Banket,BANKET USD DIESEL,138.0,207.0
2025-10-28,147.0,Chinhoyi Main,CHINHOYI BULK DIESEL USD,649.328859,967.5
2025-10-28,147.0,Chinhoyi Main,CHINHOYI MAIN USD DIESEL,214.423841,323.28
2025-10-28,147.0,Chinhoyi Main,CHINHOYI MAIN USD PETROL,54.183007,82.9
2025-10-28,148.0,Chegutu,CHEGUTU BULK DIESEL USD,401.360544,590.0
2025-10-28,148.0,Chegutu,CHEGUTU USD DIESEL,84.42953,125.8
2025-10-28,148.0,Chegutu,DIESEL LITRES,180.0,180.0
2025-10-28,149.0,Turnpike,DIESEL LITRES,964.44,964.44
2025-10-28,149.0,Turnpike,PETROL LITRES,10.0,10.0
2025-10-28,149.0,Turnpike,TURNPIKE USD DIESEL,168.786667,249.4073
2025-10-28,149.0,Turnpike,TURNPIKE USD PETROL,6.578947,9.6711
2025-10-28,150.0,Mutare One Stop,DIESEL LITRES,620.0,620.0
2025-10-28,150.0,Mutare One Stop,MUTARE ONE STOP DIESEL,159.589041,233.0
2025-10-28,168.0,Avondale M&M,AVONDALE M&M,21.7,21.7
2025-10-29,,,,,119309.23
2025-10-29,82.0,Runiville,DIESEL LITRES,450.0,450.0
2025-10-29,82.0,Runiville,PETROL LITRES,321.48,321.48
2025-10-29,82.0,Runiville,RUN-QUARTZ 9000 SAE 5W40 500ML,3.0,15.0
2025-10-29,82.0,Runiville,RUNIVILLE BULK DIESEL USD,745.135135,1102.8
2025-10-29,82.0,Runiville,RUNIVILLE USD DIESEL,1951.999999,2875.6352
2025-10-29,82.0,Runiville,RUNIVILLE USD PETROL,774.138156,1173.7519
2025-10-29,84.0,Avondale,AVONDALE USD DIESEL,1878.729731,2756.4036
2025-10-29,84.0,Avondale,AVONDALE USD PETROL,1590.75658,2403.002
2025-10-29,84.0,Avondale,DIESEL LITRES,413.13,413.13
2025-10-29,84.0,Avondale,PETROL LITRES,264.0,264.0
2025-10-29,86.0,Charter,CHARTER USD DIESEL,351.351351,517.1622
2025-10-29,86.0,Charter,CHARTER USD PETROL,415.326797,633.1624
2025-10-29,86.0,Charter,DIESEL LITRES,22.02,22.02
2025-10-29,88.0,Seke,SEKE USD DIESEL,75.297297,109.1954
2025-10-29,88.0,Seke,SEKE USD PETROL,208.58,309.83
2025-10-29,92.0,Msasa,DIESEL LITRES,275.71,275.71
2025-10-29,92.0,Msasa,MSASA BULK DIESEL,780.666667,1171.0
2025-10-29,92.0,Msasa,MSASA USD DIESEL,1064.096777,1643.1058
2025-10-29,92.0,Msasa,MSASA USD PETROL,668.580646,1034.9126
2025-10-29,92.0,Msasa,PETROL LITRES,124.27,124.27
2025-10-29,96.0,Samora,DIESEL LITRES,65.0,65.0
2025-10-29,96.0,Samora,PETROL LITRES,139.6,139.6
2025-10-29,96.0,Samora,SAMORA USD DIESEL,247.695363,366.0061
2025-10-29,96.0,Samora,SAMORA USD PETROL,419.243422,635.6842
2025-10-29,98.0,Roadport,DIESEL LITRES,135.2,135.2
2025-10-29,98.0,Roadport,PETROL LITRES,10.0,10.0
2025-10-29,98.0,Roadport,ROADPORT USD DIESEL,1023.078951,1551.7905
2025-10-29,98.0,Roadport,ROADPORT USD DIESEL BUS,523.648649,775.0
2025-10-29,98.0,Roadport,ROAPORT USD PETROL,428.772726,657.86
2025-10-29,102.0,Kirkman,DIESEL LITRES,2120.0,2120.0
2025-10-29,102.0,Kirkman,KIRKMAN USD DIESEL,1065.120806,1582.9025
2025-10-29,102.0,Kirkman,KIRKMAN USD PETROL,211.269738,320.4721
2025-10-29,102.0,Kirkman,PETROL LITRES,30.0,30.0
2025-10-29,110.0,Mutare Green Market,DIESEL LITRES,200.0,200.0
2025-10-29,110.0,Mutare Green Market,MUTARE GREENMARKET USD DIESEL,80.821918,118.0
2025-10-29,112.0,Marondera,DIESEL LITRES,131.3,131.3
2025-10-29,112.0,Marondera,MARONDERA USD DIESEL,30.0,43.8
2025-10-29,112.0,Marondera,MARONDERA USD PETROL,87.333334,131.0
2025-10-29,114.0,Kadoma,DIESEL LITRES,480.0,480.0
2025-10-29,114.0,Kadoma,KADOMA USD DIESEL,97.567568,144.4
2025-10-29,114.0,Kadoma,KADOMA USD PETROL,26.490066,40.0
2025-10-29,121.0,Gweru,DIESEL LITRES,690.0,690.0
2025-10-29,121.0,Gweru,GWERU BULK DIESEL USD,306.122449,450.0
2025-10-29,121.0,Gweru,GWERU USD DIESEL,644.560811,953.95
2025-10-29,121.0,Gweru,GWERU USD PETROL,158.225166,234.3454
2025-10-29,123.0,Fife Street,DIESEL LITRES,90.81,90.81
2025-10-29,123.0,Fife Street,FIFE USD DIESEL,1042.16892,1532.5557
2025-10-29,123.0,Fife Street,FIFE USD PETROL,270.934211,410.4845
2025-10-29,123.0,Fife Street,PETROL LITRES,50.0,50.0
2025-10-29,125.0,,,,85.84
2025-10-29,125.0,Fort Street,DIESEL LITRES,173.78,173.78
2025-10-29,125.0,Fort Street,FORT USD DIESEL,469.45946,694.8
2025-10-29,125.0,Fort Street,FORT USD PETROL,239.657896,364.28
2025-10-29,127.0,Mpopoma,DIESEL LITRES,58.0,58.0
2025-10-29,127.0,Mpopoma,MPOPOMA BULK DIESEL USD,493.877551,726.0
2025-10-29,127.0,Mpopoma,MPOPOMA USD DIESEL,189.087839,276.6098
2025-10-29,127.0,Mpopoma,MPOPOMA USD PETROL,226.006579,337.3419
2025-10-29,127.0,Mpopoma,PETROL LITRES,300.0,300.0
2025-10-29,129.0,Khami,KHAMI USD DIESEL,385.006757,563.2098
2025-10-29,129.0,Khami,KHAMI USD PETROL,24.736842,37.6
2025-10-29,131.0,R Mugabe,PETROL LITRES,61.0,61.0
2025-10-29,131.0,R Mugabe,R MUGABE USD DIESEL,504.626667,756.94
2025-10-29,131.0,R Mugabe,R MUGABE USD PETROL,23.684211,35.5789
2025-10-29,135.0,Cripps,CRIPPS BULK DIESEL USD,119.634483,173.47
2025-10-29,135.0,Cripps,CRIPPS DIESEL USD,693.335615,1012.27
2025-10-29,135.0,Cripps,CRIPPS PETROL USD,1362.027028,2015.8
2025-10-29,135.0,Cripps,DIESEL LITRES,871.88,871.88
2025-10-29,135.0,Cripps,PETROL LITRES,120.48,120.48
2025-10-29,140.0,Mutare Second Street,MUTARE SECOND USD DIESEL,71.232877,104.0
2025-10-29,141.0,Troutbeck,TROUTBECK USD DIESEL,17.302632,25.4349
2025-10-29,141.0,Troutbeck,TROUTBECK USD PETROL,20.0,30.8
2025-10-29,145.0,Sunway City,SUNWAY USD DIESEL,1075.866667,1610.0067
2025-10-29,145.0,Sunway City,SUNWAY USD PETROL,30.263158,46.0
2025-10-29,146.0,Banket,BANKET BULK DIESEL USD,663.0,974.61
2025-10-29,146.0,Banket,BANKET USD DIESEL,70.666667,106.0
2025-10-29,146.0,Banket,BANKET USD PETROL,70.0,107.8
2025-10-29,147.0,Chinhoyi Main,CHI-RUBIA SX SAE40 500ML,2.0,6.0
2025-10-29,147.0,Chinhoyi Main,CHINHOYI BULK DIESEL USD,748.322147,1115.0
2025-10-29,147.0,Chinhoyi Main,CHINHOYI MAIN USD DIESEL,148.013245,223.5
2025-10-29,147.0,Chinhoyi Main,CHINHOYI MAIN USD PETROL,38.300654,58.6
2025-10-29,147.0,Chinhoyi Main,DIESEL LITRES,80.0,80.0
2025-10-29,148.0,Chegutu,CHEGUTU USD DIESEL,30.0,44.2
2025-10-29,148.0,Chegutu,CHEGUTU USD PETROL,32.894737,50.0
2025-10-29,148.0,Chegutu,DIESEL LITRES,55.7,55.7
2025-10-29,149.0,Turnpike,DIESEL LITRES,354.82,354.82
2025-10-29,149.0,Turnpike,TURNPIKE USD DIESEL,42.013333,63.02
2025-10-29,149.0,Turnpike,TURNPIKE USD PETROL,30.526316,46.4
2025-10-29,150.0,Mutare One Stop,DIESEL LITRES,571.0,571.0
2025-10-29,150.0,Mutare One Stop,MUTARE ONE STOP DIESEL,61.643835,88.9726
2025-10-29,150.0,Mutare One Stop,PETROL LITRES,20.0,20.0
2025-10-29,167.0,Munch & Move,MUNCH & MOVE - SALES,7.0,7.0
2025-10-29,168.0,Avondale M&M,AVONDALE M&M,50.0,50.0
2025-10-30,,,,,134995.4
2025-10-30,82.0,Runiville,DIESEL LITRES,344.0,344.0
2025-10-30,82.0,Runiville,PETROL LITRES,171.87,171.87
2025-10-30,82.0,Runiville,RUN-QUARTZ 9000 SAE 5W40 500ML,1.0,5.0
2025-10-30,82.0,Runiville,RUNIVILLE BULK DIESEL USD,1379.513513,2041.68
2025-10-30,82.0,Runiville,RUNIVILLE USD DIESEL,1580.557049,2308.5414
2025-10-30,82.0,Runiville,RUNIVILLE USD PETROL,806.67763,1221.2391
2025-10-30,84.0,Avondale,AVONDALE USD DIESEL,1112.472973,1633.2533
2025-10-30,84.0,Avondale,AVONDALE USD PETROL,926.624998,1402.2538
2025-10-30,84.0,Avondale,DIESEL LITRES,215.28,215.28
2025-10-30,84.0,Avondale,PETROL LITRES,92.73,92.73
2025-10-30,86.0,Charter,CHARTER USD DIESEL,796.614863,1176.3819
2025-10-30,86.0,Charter,CHARTER USD PETROL,151.666667,232.05
2025-10-30,86.0,Charter,DIESEL LITRES,30.0,30.0
2025-10-30,86.0,Charter,PETROL LITRES,173.03,173.03
2025-10-30,88.0,Seke,PETROL LITRES,10.0,10.0
2025-10-30,88.0,Seke,SEKE USD DIESEL,356.945946,519.7
2025-10-30,88.0,Seke,SEKE USD PETROL,115.593333,172.39
2025-10-30,92.0,Msasa,DIESEL LITRES,460.85,460.85
2025-10-30,92.0,Msasa,MSASA BULK DIESEL,476.0,714.0
2025-10-30,92.0,Msasa,MSASA USD DIESEL,886.593547,1370.7781
2025-10-30,92.0,Msasa,MSASA USD PETROL,498.090324,772.04
2025-10-30,92.0,Msasa,PETROL LITRES,174.81,174.81
2025-10-30,96.0,Samora,DIESEL LITRES,40.0,40.0
2025-10-30,96.0,Samora,PETROL LITRES,10.0,10.0
2025-10-30,96.0,Samora,SAMORA USD DIESEL,360.847684,539.88
2025-10-30,96.0,Samora,SAMORA USD PETROL,475.434213,714.4656
2025-10-30,98.0,Roadport,DIESEL LITRES,437.25,437.25
2025-10-30,98.0,Roadport,PETROL LITRES,72.67,72.67
2025-10-30,98.0,Roadport,ROADPORT USD DIESEL,1253.138161,1901.8095
2025-10-30,98.0,Roadport,ROAPORT USD PETROL,654.422078,1004.8704
2025-10-30,102.0,Kirkman,DIESEL LITRES,3190.0,3190.0
2025-10-30,102.0,Kirkman,KIRKMAN USD DIESEL,600.161074,893.8514
2025-10-30,102.0,Kirkman,KIRKMAN USD PETROL,412.342105,626.1021
2025-10-30,110.0,Mutare Green Market,DIESEL LITRES,270.0,270.0
2025-10-30,110.0,Mutare Green Market,MUTARE GREEN MARKET BULK DIESEL,200.0,288.0
2025-10-30,110.0,Mutare Green Market,MUTARE GREENMARKET USD DIESEL,135.547945,197.9
2025-10-30,110.0,Mutare Green Market,MUTARE GREENMARKET USD PETROL,29.0,42.92
2025-10-30,112.0,Marondera,MARONDERA USD DIESEL,255.20548,372.6
2025-10-30,112.0,Marondera,MARONDERA USD PETROL,56.666666,82.1666
2025-10-30,112.0,Marondera,PETROL LITRES,49.95,49.95
2025-10-30,114.0,Kadoma,DIESEL LITRES,550.0,550.0
2025-10-30,114.0,Kadoma,KADOMA USD DIESEL,45.0,66.6
2025-10-30,114.0,Kadoma,KADOMA USD PETROL,47.529801,71.77
2025-10-30,121.0,Gweru,DIESEL LITRES,611.0,611.0
2025-10-30,121.0,Gweru,GWERU USD DIESEL,494.567568,731.96
2025-10-30,121.0,Gweru,GWERU USD PETROL,40.0,60.4
2025-10-30,123.0,Fife Street,DIESEL LITRES,41.74,41.74
2025-10-30,123.0,Fife Street,FIFE USD DIESEL,673.243244,996.4
2025-10-30,123.0,Fife Street,FIFE USD PETROL,544.223682,827.22
2025-10-30,123.0,Fife Street,PETROL LITRES,70.0,70.0
2025-10-30,125.0,Fort Street,DIESEL LITRES,36.48,36.48
2025-10-30,125.0,Fort Street,FORT USD DIESEL,754.243243,1116.28
2025-10-30,125.0,Fort Street,FORT USD PETROL,116.052631,176.4
2025-10-30,127.0,Mpopoma,MPOPOMA USD DIESEL,250.445947,364.1601
2025-10-30,127.0,Mpopoma,MPOPOMA USD PETROL,366.671053,546.6359
2025-10-30,129.0,Khami,KHAMI USD DIESEL,265.0,384.4
2025-10-30,129.0,Khami,KHAMI USD PETROL,32.5,49.4
2025-10-30,131.0,R Mugabe,R MUGABE USD DIESEL,101.013334,151.52
2025-10-30,131.0,R Mugabe,R MUGABE USD PETROL,40.0,60.8
2025-10-30,135.0,Cripps,CRIPPS DIESEL USD,701.999999,1015.2926
2025-10-30,135.0,Cripps,CRIPPS PETROL USD,506.290541,747.9586
2025-10-30,135.0,Cripps,DIESEL LITRES,523.12,523.12
2025-10-30,135.0,Cripps,PETROL LITRES,185.77,185.77
2025-10-30,140.0,Mutare Second Street,DIESEL LITRES,43.0,43.0
2025-10-30,140.0,Mutare Second Street,MUTARE SECOND USD DIESEL,116.438356,170.0
2025-10-30,141.0,Troutbeck,TROUTBECK USD PETROL,20.0,30.8
2025-10-30,144.0,Bessemer,BESSEMER USD DIESEL,55.633803,79.0
2025-10-30,144.0,Bessemer,BESSEMER USD PETROL,41.37931,60.0
2025-10-30,145.0,Sunway City,PETROL LITRES,55.0,55.0
2025-10-30,145.0,Sunway City,SUNWAY USD DIESEL,2590.986666,3886.48
2025-10-30,145.0,Sunway City,SUNWAY USD PETROL,51.973684,77.8816
2025-10-30,147.0,Chinhoyi Main,CHINHOYI BULK DIESEL USD,745.973154,1111.5
2025-10-30,147.0,Chinhoyi Main,CHINHOYI MAIN USD DIESEL,262.947021,396.7189
2025-10-30,147.0,Chinhoyi Main,CHINHOYI MAIN USD PETROL,98.006535,147.6837
2025-10-30,147.0,Chinhoyi Main,DIESEL LITRES,73.52,73.52
2025-10-30,148.0,Chegutu,CHEGUTU BULK DIESEL USD,204.081633,300.0
2025-10-30,148.0,Chegutu,CHEGUTU USD DIESEL,20.0,29.8
2025-10-30,148.0,Chegutu,CHEGUTU USD PETROL,23.026316,35.0
2025-10-30,148.0,Chegutu,DIESEL LITRES,29.0,29.0
2025-10-30,149.0,Turnpike,DIESEL LITRES,266.32,266.32
2025-10-30,149.0,Turnpike,TURNPIKE USD DIESEL,137.333333,206.0
2025-10-30,149.0,Turnpike,TURNPIKE USD PETROL,39.473684,59.6711
2025-10-30,150.0,Mutare One Stop,DIESEL LITRES,24.66,24.66
2025-10-30,150.0,Mutare One Stop,MUTARE ONE STOP DIESEL,102.739726,150.0
2025-10-30,150.0,Mutare One Stop,MUTARE ONE STOP PETROL,68.668918,101.63
2025-10-31,,,,,145991.55
2025-10-31,82.0,Runiville,DIESEL LITRES,393.71,393.71
2025-10-31,82.0,Runiville,PETROL LITRES,415.0,415.0
2025-10-31,82.0,Runiville,RUNIVILLE BULK DIESEL USD,944.945946,1398.52
2025-10-31,82.0,Runiville,RUNIVILLE USD DIESEL,1653.395973,2427.1137
2025-10-31,82.0,Runiville,RUNIVILLE USD PETROL,995.874998,1508.2057
2025-10-31,84.0,Avondale,AVONDALE USD DIESEL,1618.610332,2381.8169
2025-10-31,84.0,Avondale,AVONDALE USD PETROL,1493.236839,2253.8001
2025-10-31,84.0,Avondale,DIESEL LITRES,299.47,299.47
2025-10-31,84.0,Avondale,PETROL LITRES,266.64,266.64
2025-10-31,86.0,Charter,CHARTER USD DIESEL,921.466214,1350.5406
2025-10-31,86.0,Charter,CHARTER USD PETROL,378.372549,570.7267
2025-10-31,86.0,Charter,DIESEL LITRES,40.0,40.0
2025-10-31,88.0,Seke,PETROL LITRES,15.0,15.0
2025-10-31,88.0,Seke,SEKE USD DIESEL,102.324324,150.0336
2025-10-31,88.0,Seke,SEKE USD PETROL,124.106666,184.0933
2025-10-31,92.0,Msasa,DIESEL LITRES,246.53,246.53
2025-10-31,92.0,Msasa,MSASA BULK DIESEL,401.2,601.8
2025-10-31,92.0,Msasa,MSASA USD DIESEL,1061.619356,1640.9187
2025-10-31,92.0,Msasa,MSASA USD PETROL,619.483872,956.8629
2025-10-31,92.0,Msasa,PETROL LITRES,391.0,391.0
2025-10-31,96.0,Samora,DIESEL LITRES,55.29,55.29
2025-10-31,96.0,Samora,SAMORA USD DIESEL,334.741723,497.2709
2025-10-31,96.0,Samora,SAMORA USD PETROL,725.638158,1096.4085
2025-10-31,98.0,Roadport,DIESEL LITRES,124.01,124.01
2025-10-31,98.0,Roadport,PETROL LITRES,155.01,155.01
2025-10-31,98.0,Roadport,ROADPORT USD DIESEL,1020.421827,1546.2849
2025-10-31,98.0,Roadport,ROADPORT USD DIESEL BUS,202.702703,300.0
2025-10-31,98.0,Roadport,ROAPORT USD PETROL,615.753793,950.6906
2025-10-31,102.0,Kirkman,DIESEL LITRES,1749.0,1749.0
2025-10-31,102.0,Kirkman,KIRKMAN USD DIESEL,261.275168,387.8
2025-10-31,102.0,Kirkman,KIRKMAN USD PETROL,149.282896,225.1008
2025-10-31,110.0,Mutare Green Market,DIESEL LITRES,500.0,500.0
2025-10-31,110.0,Mutare Green Market,MUTARE GREEN MARKET BULK DIESEL,400.0,576.0
2025-10-31,110.0,Mutare Green Market,MUTARE GREENMARKET USD DIESEL,205.369863,299.84
2025-10-31,110.0,Mutare Green Market,MUTARE GREENMARKET USD PETROL,40.540541,60.0
2025-10-31,112.0,Marondera,DIESEL LITRES,76.81,76.81
2025-10-31,112.0,Marondera,MARONDERA USD DIESEL,460.910958,672.93
2025-10-31,112.0,Marondera,MARONDERA USD PETROL,198.653333,296.9567
2025-10-31,114.0,Kadoma,DIESEL LITRES,100.0,100.0
2025-10-31,114.0,Kadoma,KADOMA USD PETROL,61.536424,92.4233
2025-10-31,121.0,Gweru,DIESEL LITRES,453.32,453.32
2025-10-31,121.0,Gweru,GWERU USD DIESEL,776.432659,1150.5187
2025-10-31,121.0,Gweru,GWERU USD PETROL,128.830428,194.4977
2025-10-31,123.0,Fife Street,DIESEL LITRES,98.62,98.62
2025-10-31,123.0,Fife Street,FIFE USD DIESEL,543.891892,797.4114
2025-10-31,123.0,Fife Street,FIFE USD PETROL,576.506579,873.3806
2025-10-31,123.0,Fife Street,PETROL LITRES,30.0,30.0
2025-10-31,125.0,Fort Street,FORT USD DIESEL,879.770272,1302.06
2025-10-31,125.0,Fort Street,FORT USD PETROL,156.782896,238.31
2025-10-31,125.0,Fort Street,PETROL LITRES,7.14,7.14
2025-10-31,127.0,Mpopoma,MPOPOMA USD DIESEL,182.520271,268.4196
2025-10-31,127.0,Mpopoma,MPOPOMA USD PETROL,486.296052,725.1732
2025-10-31,127.0,Mpopoma,PETROL LITRES,141.44,141.44
2025-10-31,129.0,Khami,KHAMI USD DIESEL,275.0,399.8
2025-10-31,129.0,Khami,KHAMI USD PETROL,54.868421,83.4
2025-10-31,131.0,R Mugabe,R MUGABE USD DIESEL,237.546666,356.32
2025-10-31,135.0,Cripps,CRIPPS DIESEL USD,1383.424658,1992.269
2025-10-31,135.0,Cripps,CRIPPS PETROL USD,872.925676,1291.93
2025-10-31,135.0,Cripps,DIESEL LITRES,873.89,873.89
2025-10-31,135.0,Cripps,PETROL LITRES,60.0,60.0
2025-10-31,140.0,Mutare Second Street,MUTARE SECOND USD BULK DIESEL,98.611111,142.0
2025-10-31,140.0,Mutare Second Street,MUTARE SECOND USD DIESEL,20.547945,30.0
2025-10-31,140.0,Mutare Second Street,MUTARE SECOND USD PETROL,45.945946,68.0
2025-10-31,141.0,Troutbeck,DIESEL LITRES,1237.28,1237.28
2025-10-31,141.0,Troutbeck,TROUTBECK USD DIESEL,139.0,208.33
2025-10-31,145.0,Sunway City,DIESEL LITRES,96.66,96.66
2025-10-31,145.0,Sunway City,SUNWAY USD DIESEL,615.346667,919.626
2025-10-31,145.0,Sunway City,SUNWAY USD PETROL,283.342103,428.28
2025-10-31,146.0,Banket,BANKET BULK DIESEL USD,1300.0,1911.0
2025-10-31,146.0,Banket,BANKET USD DIESEL,225.333333,338.0
2025-10-31,146.0,Banket,BANKET USD PETROL,60.051948,92.48
2025-10-31,146.0,Banket,DIESEL LITRES,60.0,60.0
2025-10-31,146.0,Banket,PETROL LITRES,20.0,20.0
2025-10-31,147.0,Chinhoyi Main,CHINHOYI BULK DIESEL USD,2000.0,2980.0
2025-10-31,147.0,Chinhoyi Main,CHINHOYI MAIN USD DIESEL,622.92053,937.5275
2025-10-31,147.0,Chinhoyi Main,CHINHOYI MAIN USD PETROL,73.20915,112.01
2025-10-31,148.0,Chegutu,CHEGUTU USD DIESEL,249.154363,364.138
2025-10-31,148.0,Chegutu,CHEGUTU USD PETROL,45.848684,68.3145
2025-10-31,148.0,Chegutu,DIESEL LITRES,150.0,150.0
2025-10-31,149.0,Turnpike,DIESEL LITRES,532.93,532.93
2025-10-31,149.0,Turnpike,TURNPIKE USD DIESEL,39.977925,60.3
2025-10-31,149.0,Turnpike,TURNPIKE USD PETROL,13.071895,20.0
2025-10-31,150.0,Mutare One Stop,MUTARE ONE STOP DIESEL,117.294521,171.25
2025-11-01,,,,,42652.09
2025-11-01,82.0,Runiville,DIESEL LITRES,49.0,49.0
2025-11-01,82.0,Runiville,RUNIVILLE BULK DIESEL USD,757.472973,1121.06
2025-11-01,82.0,Runiville,RUNIVILLE USD DIESEL,1822.563758,2665.3385
2025-11-01,82.0,Runiville,RUNIVILLE USD PETROL,562.756577,845.3129
2025-11-01,84.0,Avondale,AVONDALE USD DIESEL,1098.946305,1630.5268
2025-11-01,84.0,Avondale,AVONDALE USD PETROL,1345.68421,2018.6496
2025-11-01,84.0,Avondale,DIESEL LITRES,314.38,314.38
2025-11-01,84.0,Avondale,PETROL LITRES,211.0,211.0
2025-11-01,86.0,Charter,CHARTER BULK/TAXI DIESEL ,150.684931,212.4658
2025-11-01,86.0,Charter,CHARTER USD DIESEL,281.412163,406.8113
2025-11-01,86.0,Charter,CHARTER USD PETROL,256.346406,385.7884
2025-11-01,86.0,Charter,DIESEL LITRES,91.94,91.94
2025-11-01,86.0,Charter,PETROL LITRES,74.0,74.0
2025-11-01,88.0,Seke,SEKE USD DIESEL,232.547298,337.6933
2025-11-01,88.0,Seke,SEKE USD PETROL,29.126667,43.69
2025-11-01,92.0,Msasa,DIESEL LITRES,145.01,145.01
2025-11-01,92.0,Msasa,MSASA BULK DIESEL,1203.9,1805.85
2025-11-01,92.0,Msasa,MSASA USD DIESEL,693.329034,1071.3948
2025-11-01,92.0,Msasa,MSASA USD PETROL,788.419356,1220.1145
2025-11-01,92.0,Msasa,PETROL LITRES,475.37,475.37
2025-11-01,96.0,Samora,PETROL LITRES,30.0,30.0
2025-11-01,96.0,Samora,SAMORA USD DIESEL,216.728476,323.6143
2025-11-01,96.0,Samora,SAMORA USD PETROL,525.05921,791.2792
2025-11-01,98.0,Roadport,DIESEL LITRES,100.0,100.0
2025-11-01,98.0,Roadport,PETROL LITRES,10.0,10.0
2025-11-01,98.0,Roadport,ROADPORT USD DIESEL,658.149348,1013.55
2025-11-01,98.0,Roadport,ROAPORT USD PETROL,531.387097,823.0048
2025-11-01,102.0,Kirkman,DIESEL LITRES,787.0,787.0
2025-11-01,102.0,Kirkman,KIRKMAN USD DIESEL,1568.449663,2319.6055
2025-11-01,102.0,Kirkman,KIRKMAN USD PETROL,286.131576,431.2318
2025-11-01,102.0,Kirkman,PETROL LITRES,30.0,30.0
2025-11-01,110.0,Mutare Green Market,MUTARE GREEN MARKET BULK DIESEL,157.638889,227.0
2025-11-01,110.0,Mutare Green Market,PETROL LITRES,55.0,55.0
2025-11-01,112.0,Marondera,DIESEL LITRES,125.5,125.5
2025-11-01,112.0,Marondera,MARONDERA USD DIESEL,507.547945,733.8293
2025-11-01,112.0,Marondera,MARONDERA USD PETROL,122.100001,183.15
2025-11-01,114.0,Kadoma,DIESEL LITRES,290.0,290.0
2025-11-01,114.0,Kadoma,KADOMA USD DIESEL,45.0,65.6
2025-11-01,114.0,Kadoma,KADOMA USD PETROL,26.490066,40.0
2025-11-01,121.0,Gweru,DIESEL LITRES,354.94,354.94
2025-11-01,121.0,Gweru,GWERU USD DIESEL,373.825504,557.0
2025-11-01,121.0,Gweru,GWERU USD PETROL,79.414474,118.9171
2025-11-01,123.0,Fife Street,DIESEL LITRES,172.73,172.73
2025-11-01,123.0,Fife Street,FIFE USD DIESEL,537.628378,795.69
2025-11-01,123.0,Fife Street,FIFE USD PETROL,206.664473,314.13
2025-11-01,125.0,Fort Street,FORT USD DIESEL,240.54054,356.0
2025-11-01,125.0,Fort Street,FORT USD PETROL,408.68421,621.2
2025-11-01,125.0,Fort Street,PETROL LITRES,30.0,30.0
2025-11-01,127.0,Mpopoma,MPOPOMA USD DIESEL,516.168919,751.3233
2025-11-01,127.0,Mpopoma,MPOPOMA USD PETROL,758.651315,1130.9826
2025-11-01,129.0,Khami,KHAMI USD DIESEL,185.0,268.85
2025-11-01,129.0,Khami,KHAMI USD PETROL,57.894737,88.0
2025-11-01,131.0,R Mugabe,R MUGABE USD DIESEL,140.240001,205.6934
2025-11-01,135.0,Cripps,CRIPPS DIESEL USD,215.150685,313.0926
2025-11-01,135.0,Cripps,CRIPPS PETROL USD,421.222974,622.082
2025-11-01,135.0,Cripps,DIESEL LITRES,375.0,375.0
2025-11-01,135.0,Cripps,PETROL LITRES,19.0,19.0
2025-11-01,140.0,Mutare Second Street,MUTARE SECOND USD BULK DIESEL,130.0,187.2
2025-11-01,140.0,Mutare Second Street,MUTARE SECOND USD DIESEL,28.493151,41.6
2025-11-01,140.0,Mutare Second Street,PETROL LITRES,40.0,40.0
2025-11-01,141.0,Troutbeck,DIESEL LITRES,2000.0,2000.0
2025-11-01,144.0,Bessemer,BESSEMER USD PETROL,27.586207,40.0
2025-11-01,145.0,Sunway City,PETROL LITRES,121.54,121.54
2025-11-01,145.0,Sunway City,SUNWAY USD DIESEL,2397.680001,3594.8867
2025-11-01,145.0,Sunway City,SUNWAY USD PETROL,263.394738,396.9685
2025-11-01,146.0,Banket,BANKET BULK DIESEL USD,400.0,588.0
2025-11-01,146.0,Banket,BANKET USD DIESEL,40.0,60.0
2025-11-01,146.0,Banket,BANKET USD PETROL,55.714285,85.8
2025-11-01,146.0,Banket,DIESEL LITRES,692.0,692.0
2025-11-01,147.0,Chinhoyi Main,CHINHOYI BULK DIESEL USD,150.33557,224.0
2025-11-01,147.0,Chinhoyi Main,CHINHOYI MAIN USD DIESEL,26.490066,40.0
2025-11-01,147.0,Chinhoyi Main,CHINHOYI MAIN USD PETROL,78.647059,120.33
2025-11-01,148.0,Chegutu,CHEGUTU USD DIESEL,80.765101,119.04
2025-11-01,148.0,Chegutu,CHEGUTU USD PETROL,33.552632,51.0
2025-11-01,149.0,Turnpike,DIESEL LITRES,40.0,40.0
2025-11-01,149.0,Turnpike,TURNPIKE USD DIESEL,144.370861,216.6755
2025-11-01,149.0,Turnpike,TURNPIKE USD PETROL,113.725491,171.9739
2025-11-01,150.0,Mutare One Stop,DIESEL LITRES,20.0,20.0
2025-11-01,150.0,Mutare One Stop,MUTARE ONE STOP DIESEL,323.972603,473.0
2025-11-01,150.0,Mutare One Stop,MUTARE ONE STOP PETROL,15.189189,21.7205
2025-11-02,,,,,4854.44
2025-11-02,82.0,Runiville,DIESEL LITRES,238.29,238.29
2025-11-02,82.0,Runiville,PETROL LITRES,30.0,30.0
2025-11-02,82.0,Runiville,RUNIVILLE BULK DIESEL USD,432.702703,640.4
2025-11-02,82.0,Runiville,RUNIVILLE USD DIESEL,777.691274,1152.5798
2025-11-02,82.0,Runiville,RUNIVILLE USD PETROL,402.164472,607.6857
2025-11-02,84.0,Avondale,AVONDALE USD DIESEL,1264.885907,1871.4652
2025-11-02,84.0,Avondale,AVONDALE USD PETROL,964.059211,1456.7161
2025-11-02,84.0,Avondale,DIESEL LITRES,155.0,155.0
2025-11-02,84.0,Avondale,PETROL LITRES,273.91,273.91
2025-11-02,86.0,Charter,CHARTER USD DIESEL,249.594595,369.4
2025-11-02,86.0,Charter,CHARTER USD PETROL,122.705883,185.5674
2025-11-02,86.0,Charter,DIESEL LITRES,50.0,50.0
2025-11-02,88.0,Seke,PETROL LITRES,15.0,15.0
2025-11-02,88.0,Seke,SEKE USD DIESEL,77.351351,114.48
2025-11-02,88.0,Seke,SEKE USD PETROL,236.760001,355.14
2025-11-02,92.0,Msasa,DIESEL LITRES,467.67,467.67
2025-11-02,92.0,Msasa,MSASA USD DIESEL,269.283871,415.9709
2025-11-02,92.0,Msasa,MSASA USD PETROL,174.987098,267.8187
2025-11-02,92.0,Msasa,PETROL LITRES,15.0,15.0
2025-11-02,96.0,Samora,PETROL LITRES,43.69,43.69
2025-11-02,96.0,Samora,SAMORA USD DIESEL,66.099338,97.4921
2025-11-02,96.0,Samora,SAMORA USD PETROL,450.210527,671.1671
2025-11-02,98.0,Roadport,DIESEL LITRES,51.0,51.0
2025-11-02,98.0,Roadport,PETROL LITRES,48.0,48.0
2025-11-02,98.0,Roadport,ROADPORT USD DIESEL,308.292207,474.77
2025-11-02,98.0,Roadport,ROAPORT USD PETROL,81.290323,124.7097
2025-11-02,102.0,Kirkman,DIESEL LITRES,814.0,814.0
2025-11-02,102.0,Kirkman,KIRKMAN USD DIESEL,113.107383,168.53
2025-11-02,102.0,Kirkman,KIRKMAN USD PETROL,251.605263,378.4715
2025-11-02,110.0,Mutare Green Market,DIESEL LITRES,20.0,20.0
2025-11-02,112.0,Marondera,MARONDERA USD DIESEL,243.164383,351.9378
2025-11-02,112.0,Marondera,MARONDERA USD PETROL,25.58,37.591
2025-11-02,112.0,Marondera,PETROL LITRES,109.95,109.95
2025-11-02,121.0,Gweru,GWERU USD DIESEL,124.09396,184.9
2025-11-02,121.0,Gweru,GWERU USD PETROL,49.999999,75.1579
2025-11-02,123.0,Fife Street,DIESEL LITRES,398.61,398.61
2025-11-02,123.0,Fife Street,FIFE USD DIESEL,518.108108,763.4757
2025-11-02,123.0,Fife Street,FIFE USD PETROL,102.552632,155.88
2025-11-02,123.0,Fife Street,PETROL LITRES,83.34,83.34
2025-11-02,125.0,Fort Street,DIESEL LITRES,245.0,245.0
2025-11-02,125.0,Fort Street,FORT USD DIESEL,340.675676,504.2
2025-11-02,125.0,Fort Street,FORT USD PETROL,134.769736,204.85
2025-11-02,125.0,Fort Street,PETROL LITRES,14.0,14.0
2025-11-02,127.0,Mpopoma,MPOPOMA USD DIESEL,175.783784,254.8865
2025-11-02,127.0,Mpopoma,MPOPOMA USD PETROL,288.973685,432.2625
2025-11-02,129.0,Khami,KHAMI USD DIESEL,10.0,14.5
2025-11-02,129.0,Khami,KHAMI USD PETROL,35.0,53.2
2025-11-02,131.0,R Mugabe,PETROL LITRES,20.0,20.0
2025-11-02,131.0,R Mugabe,R MUGABE USD DIESEL,54.52,81.78
2025-11-02,131.0,R Mugabe,R MUGABE USD PETROL,148.974025,229.42
2025-11-02,135.0,Cripps,CRIPPS DIESEL USD,54.794521,77.2603
2025-11-02,135.0,Cripps,CRIPPS PETROL USD,457.547297,676.0534
2025-11-02,140.0,Mutare Second Street,MUTARE SECOND USD DIESEL,123.287671,176.0274
2025-11-02,141.0,Troutbeck,TROUTBECK USD DIESEL,110.473684,164.37
2025-11-02,144.0,Bessemer,DIESEL LITRES,40.0,40.0
2025-11-02,145.0,Sunway City,DIESEL LITRES,45.0,45.0
2025-11-02,145.0,Sunway City,SUNWAY USD DIESEL,1720.0,2580.0
2025-11-02,145.0,Sunway City,SUNWAY USD PETROL,28.960526,42.572
2025-11-02,146.0,Banket,BANKET BULK DIESEL USD,600.0,882.0
2025-11-02,146.0,Banket,BANKET USD DIESEL,42.0,63.0
2025-11-02,147.0,Chinhoyi Main,CHINHOYI BULK DIESEL USD,499.328859,744.0
2025-11-02,147.0,Chinhoyi Main,CHINHOYI MAIN USD DIESEL,100.927152,152.4
2025-11-02,147.0,Chinhoyi Main,CHINHOYI MAIN USD PETROL,19.607843,30.0
2025-11-02,148.0,Chegutu,CHEGUTU USD DIESEL,184.020135,274.19
2025-11-02,148.0,Chegutu,CHEGUTU USD PETROL,87.651316,131.0658
2025-11-02,148.0,Chegutu,DIESEL LITRES,68.0,68.0
2025-11-02,148.0,Chegutu,PETROL LITRES,34.0,34.0
2025-11-02,149.0,Turnpike,TURNPIKE USD DIESEL,35.192053,51.3804
2025-11-02,149.0,Turnpike,TURNPIKE USD PETROL,110.366013,166.2783
2025-11-02,150.0,Mutare One Stop,DIESEL LITRES,341.0,341.0
2025-11-02,150.0,Mutare One Stop,MUTARE ONE STOP DIESEL,19.178082,27.0411
2025-11-02,150.0,Mutare One Stop,MUTARE ONE STOP PETROL,14.864865,21.2568
2025-11-03,,,,,214340.21
2025-11-03,82.0,Runiville,DIESEL LITRES,153.98,153.98
2025-11-03,82.0,Runiville,PETROL LITRES,450.0,450.0
2025-11-03,82.0,Runiville,RUN-RUBIA SX SAE40 500ML,1.0,3.0
2025-11-03,82.0,Runiville,RUNIVILLE BULK DIESEL USD,400.574325,592.85
2025-11-03,82.0,Runiville,RUNIVILLE USD DIESEL,1338.161073,1967.717
2025-11-03,82.0,Runiville,RUNIVILLE USD PETROL,1038.828949,1572.3305
2025-11-03,84.0,Avondale,AVONDALE USD DIESEL,2178.946308,3220.6426
2025-11-03,84.0,Avondale,AVONDALE USD PETROL,1828.065787,2761.6042
2025-11-03,84.0,Avondale,DIESEL LITRES,281.76,281.76
2025-11-03,84.0,Avondale,PETROL LITRES,147.56,147.56
2025-11-03,86.0,Charter,CHARTER USD DIESEL,680.533784,1004.3289
2025-11-03,86.0,Charter,CHARTER USD PETROL,716.653594,1094.5656
2025-11-03,86.0,Charter,DIESEL LITRES,50.0,50.0
2025-11-03,86.0,Charter,PETROL LITRES,34.26,34.26
2025-11-03,88.0,Seke,DIESEL LITRES,29.9,29.9
2025-11-03,88.0,Seke,SEKE USD DIESEL,459.472973,677.1484
2025-11-03,88.0,Seke,SEKE USD PETROL,229.773333,344.66
2025-11-03,92.0,Msasa,DIESEL LITRES,1784.23,1784.23
2025-11-03,92.0,Msasa,MSASA BULK DIESEL,233.333333,350.0
2025-11-03,92.0,Msasa,MSASA USD DIESEL,999.464516,1543.6538
2025-11-03,92.0,Msasa,MSASA USD PETROL,1165.767746,1806.94
2025-11-03,92.0,Msasa,PETROL LITRES,456.2,456.2
2025-11-03,96.0,Samora,DIESEL LITRES,45.0,45.0
2025-11-03,96.0,Samora,PETROL LITRES,41.23,41.23
2025-11-03,96.0,Samora,SAMORA USD DIESEL,489.483445,726.4707
2025-11-03,96.0,Samora,SAMORA USD PETROL,693.796051,1051.2164
2025-11-03,98.0,Roadport,DIESEL LITRES,733.55,733.55
2025-11-03,98.0,Roadport,PETROL LITRES,246.86,246.86
2025-11-03,98.0,Roadport,ROADPORT USD DIESEL,1121.116883,1720.295
2025-11-03,98.0,Roadport,ROAPORT USD PETROL,1142.025807,1766.1493
2025-11-03,102.0,Kirkman,DIESEL LITRES,120.0,120.0
2025-11-03,102.0,Kirkman,KIRKMAN USD DIESEL,205.0,301.5909
2025-11-03,102.0,Kirkman,KIRKMAN USD PETROL,470.13158,713.6
2025-11-03,102.0,Kirkman,PETROL LITRES,50.0,50.0
2025-11-03,110.0,Mutare Green Market,MUTARE GREEN MARKET BULK DIESEL,138.194444,199.0
2025-11-03,110.0,Mutare Green Market,MUTARE GREENMARKET USD DIESEL,169.69863,247.76
2025-11-03,110.0,Mutare Green Market,MUTARE GREENMARKET USD PETROL,145.405405,215.2
2025-11-03,112.0,Marondera,DIESEL LITRES,88.66,88.66
2025-11-03,112.0,Marondera,MARONDERA USD DIESEL,678.99315,987.7502
2025-11-03,112.0,Marondera,MARONDERA USD PETROL,13.333333,20.0
2025-11-03,114.0,Kadoma,KADOMA USD DIESEL,20.0,29.6
2025-11-03,114.0,Kadoma,KADOMA USD PETROL,139.78808,210.68
2025-11-03,121.0,Gweru,DIESEL LITRES,396.0,396.0
2025-11-03,121.0,Gweru,GWERU BULK DIESEL USD,168.0,246.96
2025-11-03,121.0,Gweru,GWERU USD DIESEL,350.302012,520.5698
2025-11-03,121.0,Gweru,GWERU USD PETROL,85.717105,127.0606
2025-11-03,123.0,Fife Street,DIESEL LITRES,86.25,86.25
2025-11-03,123.0,Fife Street,FIFE USD DIESEL,1172.52027,1717.257
2025-11-03,123.0,Fife Street,FIFE USD PETROL,624.046052,947.2753
2025-11-03,125.0,Fort Street,DIESEL LITRES,20.0,20.0
2025-11-03,125.0,Fort Street,FORT USD DIESEL,1483.648649,2195.8
2025-11-03,125.0,Fort Street,FORT USD PETROL,321.677631,488.95
2025-11-03,127.0,Mpopoma,MPOPOMA USD DIESEL,212.966217,309.2065
2025-11-03,127.0,Mpopoma,MPOPOMA USD PETROL,264.506579,394.1148
2025-11-03,129.0,Khami,KHAMI BULK DIESEL USD,5.0,7.35
2025-11-03,129.0,Khami,KHAMI USD DIESEL,341.391892,500.46
2025-11-03,129.0,Khami,KHAMI USD PETROL,130.131579,197.8
2025-11-03,131.0,R Mugabe,R MUGABE USD DIESEL,101.613333,152.42
2025-11-03,131.0,R Mugabe,R MUGABE USD PETROL,103.162338,158.87
2025-11-03,135.0,Cripps,CRIPPS DIESEL USD,1952.64963,2858.45
2025-11-03,135.0,Cripps,CRIPPS PETROL USD,1626.084054,2423.7243
2025-11-03,135.0,Cripps,DIESEL LITRES,160.04,160.04
2025-11-03,135.0,Cripps,PETROL LITRES,1418.78,1418.78
2025-11-03,140.0,Mutare Second Street,DIESEL LITRES,40.0,40.0
2025-11-03,140.0,Mutare Second Street,MUTARE SECOND USD DIESEL,160.020548,233.63
2025-11-03,140.0,Mutare Second Street,MUTARE SECOND USD PETROL,64.189189,95.0
2025-11-03,141.0,Troutbeck,TROUTBECK USD DIESEL,168.421053,251.0
2025-11-03,145.0,Sunway City,SUNWAY USD DIESEL,565.92,848.4448
2025-11-03,145.0,Sunway City,SUNWAY USD PETROL,788.802632,1198.98
2025-11-03,147.0,Chinhoyi Main,CHINHOYI BULK DIESEL USD,450.33557,671.0
2025-11-03,147.0,Chinhoyi Main,CHINHOYI MAIN USD DIESEL,670.562914,1011.2255
2025-11-03,147.0,Chinhoyi Main,CHINHOYI MAIN USD PETROL,94.771241,145.0
2025-11-03,147.0,Chinhoyi Main,DIESEL LITRES,71.0,71.0
2025-11-03,148.0,Chegutu,CHEGUTU USD DIESEL,20.0,30.0
2025-11-03,149.0,Turnpike,DIESEL LITRES,1289.97,1289.97
2025-11-03,149.0,Turnpike,TURNPIKE USD DIESEL,145.423841,217.4506
2025-11-03,149.0,Turnpike,TURNPIKE USD PETROL,109.803921,168.0
2025-11-03,150.0,Mutare One Stop,DIESEL LITRES,304.0,304.0
2025-11-03,150.0,Mutare One Stop,MUTARE ONE STOP DIESEL,781.780823,1141.4
2025-11-03,167.0,Munch & Move,MUNCH & MOVE - SALES,331.84,331.84
2025-11-03,168.0,Avondale M&M,AVONDALE M&M,38.31,38.31
2025-11-04,,,,,140728.3
2025-11-04,82.0,Runiville,DIESEL LITRES,72.17,72.17
2025-11-04,82.0,Runiville,PETROL LITRES,201.54,201.54
2025-11-04,82.0,Runiville,RUNIVILLE BULK DIESEL USD,598.385136,885.61
2025-11-04,82.0,Runiville,RUNIVILLE USD DIESEL,2040.442954,2992.0414
2025-11-04,82.0,Runiville,RUNIVILLE USD PETROL,1212.657894,1837.6604
2025-11-04,84.0,Avondale,AVONDALE USD DIESEL,1960.026847,2899.3184
2025-11-04,84.0,Avondale,AVONDALE USD PETROL,1698.414476,2570.2636
2025-11-04,84.0,Avondale,DIESEL LITRES,289.61,289.61
2025-11-04,84.0,Avondale,PETROL LITRES,165.0,165.0
2025-11-04,86.0,Charter,CHARTER USD DIESEL,1198.006756,1760.5838
2025-11-04,86.0,Charter,CHARTER USD PETROL,432.954247,660.67
2025-11-04,86.0,Charter,PETROL LITRES,37.1,37.1
2025-11-04,88.0,Seke,SEKE USD DIESEL,272.689189,397.2943
2025-11-04,88.0,Seke,SEKE USD PETROL,171.98,254.77
2025-11-04,92.0,Msasa,DIESEL LITRES,289.6,289.6
2025-11-04,92.0,Msasa,MSASA BULK DIESEL,538.933334,808.4
2025-11-04,92.0,Msasa,MSASA USD DIESEL,726.522581,1121.1126
2025-11-04,92.0,Msasa,MSASA USD PETROL,885.303228,1372.22
2025-11-04,92.0,Msasa,PETROL LITRES,54.0,54.0
2025-11-04,96.0,Samora,SAMORA USD DIESEL,139.834438,210.4877
2025-11-04,96.0,Samora,SAMORA USD PETROL,751.973683,1131.7004
2025-11-04,98.0,Roadport,DIESEL LITRES,164.58,164.58
2025-11-04,98.0,Roadport,PETROL LITRES,40.0,40.0
2025-11-04,98.0,Roadport,ROADPORT USD DIESEL,884.616882,1361.1581
2025-11-04,98.0,Roadport,ROAPORT USD PETROL,777.748387,1205.51
2025-11-04,102.0,Kirkman,DIESEL LITRES,2288.0,2288.0
2025-11-04,102.0,Kirkman,KIRKMAN USD DIESEL,2796.114094,4159.8341
2025-11-04,102.0,Kirkman,KIRKMAN USD PETROL,409.447367,618.3953
2025-11-04,102.0,Kirkman,PETROL LITRES,10.0,10.0
2025-11-04,110.0,Mutare Green Market,DIESEL LITRES,450.0,450.0
2025-11-04,110.0,Mutare Green Market,MUTARE GREENMARKET USD DIESEL,118.767123,173.4
2025-11-04,110.0,Mutare Green Market,MUTARE GREENMARKET USD PETROL,39.594595,58.6
2025-11-04,112.0,Marondera,DIESEL LITRES,30.89,30.89
2025-11-04,112.0,Marondera,MARONDERA USD DIESEL,44.253425,64.61
2025-11-04,114.0,Kadoma,KADOMA USD DIESEL,110.27027,163.2
2025-11-04,114.0,Kadoma,KADOMA USD PETROL,165.033113,241.9483
2025-11-04,121.0,Gweru,DIESEL LITRES,303.0,303.0
2025-11-04,121.0,Gweru,GWERU BULK DIESEL USD,456.122449,670.5
2025-11-04,121.0,Gweru,GWERU USD DIESEL,352.14094,524.69
2025-11-04,121.0,Gweru,GWERU USD PETROL,111.315789,168.1145
2025-11-04,123.0,Fife Street,FIFE USD DIESEL,415.202703,614.5
2025-11-04,123.0,Fife Street,FIFE USD PETROL,402.763158,610.82
2025-11-04,123.0,Fife Street,PETROL LITRES,33.79,33.79
2025-11-04,125.0,Fort Street,DIESEL LITRES,135.0,135.0
2025-11-04,125.0,Fort Street,FORT USD DIESEL,850.716218,1256.3573
2025-11-04,125.0,Fort Street,FORT USD PETROL,174.848685,265.77
2025-11-04,127.0,Mpopoma,MPOPOMA BULK DIESEL USD,1292.517007,1900.0
2025-11-04,127.0,Mpopoma,MPOPOMA USD DIESEL,321.527027,471.6142
2025-11-04,127.0,Mpopoma,MPOPOMA USD PETROL,121.506579,181.0448
2025-11-04,127.0,Mpopoma,PETROL LITRES,36.18,36.18
2025-11-04,129.0,Khami,KHAMI USD DIESEL,235.0,340.9
2025-11-04,129.0,Khami,KHAMI USD PETROL,179.671053,273.1
2025-11-04,131.0,R Mugabe,PETROL LITRES,20.0,20.0
2025-11-04,131.0,R Mugabe,R MUGABE USD DIESEL,152.666667,229.0
2025-11-04,131.0,R Mugabe,R MUGABE USD PETROL,91.480519,139.0836
2025-11-04,135.0,Cripps,CRIPPS BULK DIESEL USD,400.0,584.0
2025-11-04,135.0,Cripps,CRIPPS DIESEL USD,985.0,1462.9044
2025-11-04,135.0,Cripps,CRIPPS PETROL USD,734.286666,1101.43
2025-11-04,135.0,Cripps,DIESEL LITRES,206.84,206.84
2025-11-04,135.0,Cripps,PETROL LITRES,190.89,190.89
2025-11-04,140.0,Mutare Second Street,MUTARE SECOND USD DIESEL,41.09589,60.0
2025-11-04,140.0,Mutare Second Street,MUTARE SECOND USD PETROL,33.108108,49.0
2025-11-04,141.0,Troutbeck,DIESEL LITRES,380.0,380.0
2025-11-04,141.0,Troutbeck,PETROL LITRES,104.67,104.67
2025-11-04,144.0,Bessemer,BESSEMER USD DIESEL,50.0,71.0
2025-11-04,144.0,Bessemer,DIESEL LITRES,63.38,63.38
2025-11-04,145.0,Sunway City,DIESEL LITRES,90.0,90.0
2025-11-04,145.0,Sunway City,SUNWAY USD DIESEL,1942.359999,2913.04
2025-11-04,145.0,Sunway City,SUNWAY USD PETROL,165.296053,249.0615
2025-11-04,146.0,Banket,BANKET BULK DIESEL USD,1080.0,1587.6
2025-11-04,146.0,Banket,BANKET USD DIESEL,60.0,90.0
2025-11-04,146.0,Banket,BANKET USD PETROL,25.324675,39.0
2025-11-04,146.0,Banket,DIESEL LITRES,60.0,60.0
2025-11-04,147.0,Chinhoyi Main,CHINHOYI BULK DIESEL USD,650.33557,969.0
2025-11-04,147.0,Chinhoyi Main,CHINHOYI MAIN USD DIESEL,261.549669,394.94
2025-11-04,147.0,Chinhoyi Main,CHINHOYI MAIN USD PETROL,131.437908,201.1
2025-11-04,148.0,Chegutu,CHEGUTU USD PETROL,39.217105,59.61
2025-11-04,149.0,Turnpike,DIESEL LITRES,556.41,556.41
2025-11-04,149.0,Turnpike,PETROL LITRES,15.0,15.0
2025-11-04,149.0,Turnpike,TURNPIKE USD DIESEL,54.966888,83.0
2025-11-04,150.0,Mutare One Stop,DIESEL LITRES,246.5,246.5
2025-11-04,150.0,Mutare One Stop,MUTARE ONE STOP DIESEL,82.191781,120.0
2025-11-04,150.0,Mutare One Stop,MUTARE ONE STOP PETROL,39.189189,58.0
2025-11-04,150.0,Mutare One Stop,PETROL LITRES,22.0,22.0
2025-11-04,167.0,Munch & Move,MUNCH & MOVE - SALES,467.41,467.41
2025-11-04,168.0,Avondale M&M,AVONDALE M&M,7.0,7.0
2025-11-05,,,,,95637.55
2025-11-05,82.0,Runiville,DIESEL LITRES,10.0,10.0
2025-11-05,82.0,Runiville,PETROL LITRES,253.14,253.14
2025-11-05,82.0,Runiville,RUNIVILLE BULK DIESEL USD,381.054054,563.96
2025-11-05,82.0,Runiville,RUNIVILLE USD DIESEL,1285.100673,1888.8197
2025-11-05,82.0,Runiville,RUNIVILLE USD PETROL,1297.578946,1967.4821
2025-11-05,84.0,Avondale,AVONDALE USD DIESEL,1394.348991,2065.3025
2025-11-05,84.0,Avondale,AVONDALE USD PETROL,1811.00658,2732.4855
2025-11-05,84.0,Avondale,DIESEL LITRES,93.06,93.06
2025-11-05,84.0,Avondale,PETROL LITRES,169.89,169.89
2025-11-05,86.0,Charter,CHARTER BULK/TAXI DIESEL ,308.219178,450.0
2025-11-05,86.0,Charter,CHARTER USD DIESEL,483.628377,712.5875
2025-11-05,86.0,Charter,CHARTER USD PETROL,264.72549,404.3764
2025-11-05,86.0,Charter,DIESEL LITRES,92.1,92.1
2025-11-05,86.0,Charter,PETROL LITRES,31.78,31.78
2025-11-05,88.0,Seke,PETROL LITRES,10.0,10.0
2025-11-05,88.0,Seke,SEKE USD DIESEL,268.472973,392.94
2025-11-05,88.0,Seke,SEKE USD PETROL,258.96,381.0491
2025-11-05,92.0,Msasa,DIESEL LITRES,226.79,226.79
2025-11-05,92.0,Msasa,MSASA BULK DIESEL,830.633333,1245.95
2025-11-05,92.0,Msasa,MSASA USD DIESEL,1163.632259,1803.63
2025-11-05,92.0,Msasa,MSASA USD PETROL,629.412901,975.59
2025-11-05,92.0,Msasa,PETROL LITRES,224.45,224.45
2025-11-05,96.0,Samora,DIESEL LITRES,77.0,77.0
2025-11-05,96.0,Samora,PETROL LITRES,20.0,20.0
2025-11-05,96.0,Samora,SAMORA USD DIESEL,226.112583,338.5787
2025-11-05,96.0,Samora,SAMORA USD PETROL,628.822367,954.2442
2025-11-05,98.0,Roadport,DIESEL LITRES,473.2,473.2
2025-11-05,98.0,Roadport,PETROL LITRES,20.0,20.0
2025-11-05,98.0,Roadport,ROADPORT USD DIESEL,907.253242,1391.6574
2025-11-05,98.0,Roadport,ROADPORT USD DIESEL BUS,335.57047,500.0
2025-11-05,98.0,Roadport,ROAPORT USD PETROL,655.154842,1015.49
2025-11-05,102.0,Kirkman,DIESEL LITRES,800.0,800.0
2025-11-05,102.0,Kirkman,KIRKMAN USD DIESEL,498.72483,731.5398
2025-11-05,102.0,Kirkman,KIRKMAN USD PETROL,226.828946,344.78
2025-11-05,110.0,Mutare Green Market,MUTARE GREEN MARKET BULK DIESEL,350.0,504.0
2025-11-05,110.0,Mutare Green Market,MUTARE GREENMARKET USD DIESEL,43.69863,63.8
2025-11-05,112.0,Marondera,MARONDERA USD DIESEL,173.541096,253.37
2025-11-05,112.0,Marondera,MARONDERA USD PETROL,128.2,192.3
2025-11-05,114.0,Kadoma,KADOMA USD DIESEL,30.27027,44.8
2025-11-05,114.0,Kadoma,KADOMA USD PETROL,33.112583,50.0
2025-11-05,121.0,Gweru,DIESEL LITRES,775.0,775.0
2025-11-05,121.0,Gweru,GWERU USD DIESEL,1094.463089,1630.75
2025-11-05,123.0,Fife Street,FIFE USD DIESEL,827.966215,1213.2395
2025-11-05,123.0,Fife Street,FIFE USD PETROL,271.197368,411.7858
2025-11-05,123.0,Fife Street,PETROL LITRES,40.0,40.0
2025-11-05,125.0,Fort Street,DIESEL LITRES,400.0,400.0
2025-11-05,125.0,Fort Street,FORT USD DIESEL,574.83784,850.76
2025-11-05,125.0,Fort Street,FORT USD PETROL,283.223685,430.5
2025-11-05,127.0,Mpopoma,MPOPOMA USD DIESEL,338.006758,493.4828
2025-11-05,127.0,Mpopoma,MPOPOMA USD PETROL,309.052631,463.1609
2025-11-05,129.0,Khami,DIESEL LITRES,30.0,30.0
2025-11-05,129.0,Khami,KHAMI USD DIESEL,550.716216,803.0385
2025-11-05,129.0,Khami,KHAMI USD PETROL,78.68421,119.6
2025-11-05,131.0,R Mugabe,R MUGABE USD DIESEL,266.666667,400.0
2025-11-05,131.0,R Mugabe,R MUGABE USD PETROL,150.62987,231.97
2025-11-05,135.0,Cripps,CRIPPS DIESEL USD,1570.469797,2319.3203
2025-11-05,135.0,Cripps,CRIPPS PETROL USD,683.593334,1018.7233
2025-11-05,135.0,Cripps,DIESEL LITRES,1032.43,1032.43
2025-11-05,135.0,Cripps,PETROL LITRES,28.43,28.43
2025-11-05,140.0,Mutare Second Street,DIESEL LITRES,25.34,25.34
2025-11-05,140.0,Mutare Second Street,MUTARE SECOND USD DIESEL,128.082192,187.0
2025-11-05,141.0,Troutbeck,TROUTBECK USD DIESEL,270.0,406.9
2025-11-05,141.0,Troutbeck,TROUTBECK USD PETROL,85.0,130.9
2025-11-05,145.0,Sunway City,PETROL LITRES,30.0,30.0
2025-11-05,145.0,Sunway City,SUNWAY USD DIESEL,741.686666,1107.8633
2025-11-05,145.0,Sunway City,SUNWAY USD PETROL,83.947368,127.6
2025-11-05,146.0,Banket,BANKET BULK DIESEL USD,1300.0,1911.0
2025-11-05,146.0,Banket,BANKET USD DIESEL,126.666667,190.0
2025-11-05,147.0,Chinhoyi Main,CHINHOYI BULK DIESEL USD,600.0,894.0
2025-11-05,147.0,Chinhoyi Main,CHINHOYI MAIN USD DIESEL,304.609272,459.2977
2025-11-05,147.0,Chinhoyi Main,CHINHOYI MAIN USD PETROL,30.189542,45.7652
2025-11-05,148.0,Chegutu,CHEGUTU USD DIESEL,151.333334,227.0
2025-11-05,148.0,Chegutu,DIESEL LITRES,18.0,18.0
2025-11-05,149.0,Turnpike,DIESEL LITRES,260.0,260.0
2025-11-05,149.0,Turnpike,TURNPIKE USD DIESEL,39.86755,59.2066
2025-11-05,149.0,Turnpike,TURNPIKE USD PETROL,70.006536,107.11
2025-11-05,150.0,Mutare One Stop,DIESEL LITRES,458.01,458.01
2025-11-05,150.0,Mutare One Stop,MUTARE ONE STOP DIESEL,567.671233,828.8
2025-11-05,167.0,Munch & Move,MUNCH & MOVE - SALES,362.94,362.94
2025-11-05,168.0,Avondale M&M,AVONDALE M&M,46.15,46.15
2025-11-06,,,,,75268.68
2025-11-06,82.0,Runiville,DIESEL LITRES,55.52,55.52
2025-11-06,82.0,Runiville,PETROL LITRES,178.96,178.96
2025-11-06,82.0,Runiville,RUNIVILLE BULK DIESEL USD,465.0,688.2
2025-11-06,82.0,Runiville,RUNIVILLE USD DIESEL,1091.315435,1609.8616
2025-11-06,82.0,Runiville,RUNIVILLE USD PETROL,715.578947,1083.4609
2025-11-06,84.0,Avondale,AVONDALE USD DIESEL,1057.033557,1568.1622
2025-11-06,84.0,Avondale,AVONDALE USD PETROL,1273.605262,1933.5219
2025-11-06,84.0,Avondale,DIESEL LITRES,533.78,533.78
2025-11-06,84.0,Avondale,PETROL LITRES,97.33,97.33
2025-11-06,86.0,Charter,CHARTER USD DIESEL,743.905404,1098.4604
2025-11-06,86.0,Charter,CHARTER USD PETROL,87.5817,134.0
2025-11-06,86.0,Charter,DIESEL LITRES,30.0,30.0
2025-11-06,88.0,Seke,PETROL LITRES,46.0,46.0
2025-11-06,88.0,Seke,SEKE USD DIESEL,208.763514,308.97
2025-11-06,88.0,Seke,SEKE USD PETROL,366.42,539.3236
2025-11-06,92.0,,,,120.0
2025-11-06,92.0,Msasa,DIESEL LITRES,264.35,264.35
2025-11-06,92.0,Msasa,MSASA BULK DIESEL,738.5,1107.75
2025-11-06,92.0,Msasa,MSASA USD DIESEL,900.477419,1395.74
2025-11-06,92.0,Msasa,MSASA USD PETROL,866.538372,1335.0026
2025-11-06,92.0,Msasa,PETROL LITRES,160.0,160.0
2025-11-06,96.0,Samora,DIESEL LITRES,44.15,44.15
2025-11-06,96.0,Samora,PETROL LITRES,30.0,30.0
2025-11-06,96.0,Samora,SAMORA USD DIESEL,76.165563,114.3477
2025-11-06,96.0,Samora,SAMORA USD PETROL,423.552631,640.4188
2025-11-06,98.0,Roadport,DIESEL LITRES,230.97,230.97
2025-11-06,98.0,Roadport,PETROL LITRES,123.19,123.19
2025-11-06,98.0,Roadport,ROADPORT USD DIESEL,569.915584,877.67
2025-11-06,98.0,Roadport,ROAPORT USD PETROL,877.407161,1347.9061
2025-11-06,102.0,Kirkman,DIESEL LITRES,777.0,777.0
2025-11-06,102.0,Kirkman,KIRKMAN USD DIESEL,1211.946309,1805.1289
2025-11-06,102.0,Kirkman,KIRKMAN USD PETROL,420.381579,636.1586
2025-11-06,102.0,Kirkman,PETROL LITRES,36.28,36.28
2025-11-06,110.0,Mutare Green Market,MUTARE GREENMARKET USD DIESEL,192.424657,280.94
2025-11-06,110.0,Mutare Green Market,MUTARE GREENMARKET USD PETROL,65.0,96.2
2025-11-06,112.0,Marondera,MARONDERA USD DIESEL,413.356165,600.6815
2025-11-06,112.0,Marondera,MARONDERA USD PETROL,13.333333,20.0
2025-11-06,114.0,Kadoma,DIESEL LITRES,100.0,100.0
2025-11-06,114.0,Kadoma,KADOMA USD DIESEL,118.243243,175.0
2025-11-06,114.0,Kadoma,KADOMA USD PETROL,13.245033,20.0
2025-11-06,121.0,Gweru,DIESEL LITRES,190.0,190.0
2025-11-06,121.0,Gweru,GWE-FLUIDMATIC DIII MV 500ML,1.0,3.0
2025-11-06,121.0,Gweru,GWERU USD DIESEL,1209.308726,1800.67
2025-11-06,121.0,Gweru,GWERU USD PETROL,70.125,104.7989
2025-11-06,123.0,Fife Street,DIESEL LITRES,30.0,30.0
2025-11-06,123.0,Fife Street,FIFE USD DIESEL,1220.932432,1802.7243
2025-11-06,123.0,Fife Street,FIFE USD PETROL,186.348683,282.4605
2025-11-06,123.0,Fife Street,PETROL LITRES,36.14,36.14
2025-11-06,125.0,Fort Street,DIESEL LITRES,333.0,333.0
2025-11-06,125.0,Fort Street,FORT USD DIESEL,258.918919,383.2
2025-11-06,125.0,Fort Street,FORT USD PETROL,83.815789,127.4
2025-11-06,127.0,Mpopoma,MPOPOMA USD DIESEL,193.47973,282.0091
2025-11-06,127.0,Mpopoma,MPOPOMA USD PETROL,315.0,472.0253
2025-11-06,129.0,Khami,DIESEL LITRES,250.0,250.0
2025-11-06,129.0,Khami,KHAMI USD DIESEL,335.0,485.9
2025-11-06,129.0,Khami,KHAMI USD PETROL,80.0,121.6
2025-11-06,131.0,R Mugabe,R MUGABE USD DIESEL,180.28,270.42
2025-11-06,131.0,R Mugabe,R MUGABE USD PETROL,297.928571,457.4553
2025-11-06,135.0,Cripps,CRIPPS DIESEL USD,1948.979864,2872.5152
2025-11-06,135.0,Cripps,CRIPPS PETROL USD,341.566667,512.35
2025-11-06,135.0,Cripps,DIESEL LITRES,658.59,658.59
2025-11-06,135.0,Cripps,PETROL LITRES,141.67,141.67
2025-11-06,139.0,Head Office,DIESEL,0.006173,0.01
2025-11-06,140.0,Mutare Second Street,DIESEL LITRES,61.0,61.0
2025-11-06,140.0,Mutare Second Street,MUTARE SECOND USD DIESEL,81.506849,119.0
2025-11-06,141.0,Troutbeck,TROUTBECK USD DIESEL,1426.315789,2098.0
2025-11-06,144.0,Bessemer,BESSEMER USD DIESEL,35.211268,50.0
2025-11-06,145.0,Sunway City,DIESEL LITRES,60.0,60.0
2025-11-06,145.0,Sunway City,SUNWAY USD DIESEL,865.233334,1297.85
2025-11-06,145.0,Sunway City,SUNWAY USD PETROL,84.638158,128.65
2025-11-06,146.0,Banket,BANKET BULK DIESEL USD,300.0,441.0
2025-11-06,146.0,Banket,BANKET USD DIESEL,40.0,60.0
2025-11-06,147.0,Chinhoyi Main,CHINHOYI BULK DIESEL USD,1500.0,2235.0
2025-11-06,147.0,Chinhoyi Main,CHINHOYI MAIN USD DIESEL,243.072848,367.04
2025-11-06,147.0,Chinhoyi Main,CHINHOYI MAIN USD PETROL,69.294117,106.02
2025-11-06,147.0,Chinhoyi Main,DIESEL LITRES,34.48,34.48
2025-11-06,148.0,Chegutu,CHEGUTU USD PETROL,13.157895,20.0
2025-11-06,148.0,Chegutu,DIESEL LITRES,148.01,148.01
2025-11-06,149.0,Turnpike,DIESEL LITRES,560.0,560.0
2025-11-06,149.0,Turnpike,TURNPIKE BULK DIESEL USD,90.33557,134.6
2025-11-06,149.0,Turnpike,TURNPIKE USD DIESEL,53.112583,79.5377
2025-11-06,149.0,Turnpike,TURNPIKE USD PETROL,77.254902,118.2
2025-11-06,150.0,Mutare One Stop,MUTARE ONE STOP DIESEL,231.506849,338.0
2025-11-06,150.0,Mutare One Stop,MUTARE ONE STOP PETROL,81.878379,121.18
2025-11-06,167.0,Munch & Move,MUNCH & MOVE - SALES,5.0,5.0
2025-11-07,,,,,93031.66
2025-11-07,82.0,Runiville,DIESEL LITRES,436.06,436.06
2025-11-07,82.0,Runiville,PETROL LITRES,548.17,548.17
2025-11-07,82.0,Runiville,RUN-RUBIA SX SAE40 500ML,1.0,3.0
2025-11-07,82.0,Runiville,RUNIVILLE BULK DIESEL USD,587.162162,869.0
2025-11-07,82.0,Runiville,RUNIVILLE USD DIESEL,1611.033557,2359.6044
2025-11-07,82.0,Runiville,RUNIVILLE USD PETROL,652.611841,989.3059
2025-11-07,84.0,Avondale,AVONDALE USD DIESEL,1135.630871,1670.4761
2025-11-07,84.0,Avondale,AVONDALE USD PETROL,1645.22368,2488.3381
2025-11-07,84.0,Avondale,DIESEL LITRES,340.64,340.64
2025-11-07,84.0,Avondale,PETROL LITRES,148.0,148.0
2025-11-07,86.0,Charter,CHARTER USD DIESEL,654.993242,965.0052
2025-11-07,86.0,Charter,CHARTER USD PETROL,311.5817,476.72
2025-11-07,86.0,Charter,DIESEL LITRES,61.0,61.0
2025-11-07,86.0,Charter,PETROL LITRES,30.82,30.82
2025-11-07,88.0,Seke,SEKE USD DIESEL,246.351352,362.4
2025-11-07,88.0,Seke,SEKE USD PETROL,153.500001,228.9167
2025-11-07,92.0,Msasa,DIESEL LITRES,1146.6,1146.6
2025-11-07,92.0,Msasa,MSASA BULK DIESEL,216.4,324.6
2025-11-07,92.0,Msasa,MSASA USD DIESEL,1734.799999,2688.94
2025-11-07,92.0,Msasa,MSASA USD PETROL,818.766231,1260.9
2025-11-07,92.0,Msasa,PETROL LITRES,390.54,390.54
2025-11-07,96.0,Samora,DIESEL LITRES,51.0,51.0
2025-11-07,96.0,Samora,PETROL LITRES,40.0,40.0
2025-11-07,96.0,Samora,SAMORA USD DIESEL,163.377485,245.6503
2025-11-07,96.0,Samora,SAMORA USD PETROL,615.223684,932.5785
2025-11-07,98.0,Roadport,DIESEL LITRES,307.08,307.08
2025-11-07,98.0,Roadport,PETROL LITRES,10.0,10.0
2025-11-07,98.0,Roadport,ROADPORT USD DIESEL,766.337658,1179.8353
2025-11-07,98.0,Roadport,ROAPORT USD PETROL,920.441558,1414.5001
2025-11-07,102.0,Kirkman,DIESEL LITRES,990.0,990.0
2025-11-07,102.0,Kirkman,KIRKMAN USD DIESEL,151.026846,222.5129
2025-11-07,102.0,Kirkman,KIRKMAN USD PETROL,380.322369,575.8522
2025-11-07,102.0,Kirkman,PETROL LITRES,95.76,95.76
2025-11-07,110.0,Mutare Green Market,DIESEL LITRES,446.1,446.1
2025-11-07,110.0,Mutare Green Market,MUTARE GREENMARKET USD PETROL,50.0,74.0
2025-11-07,112.0,Marondera,MARONDERA USD DIESEL,591.09589,857.6575
2025-11-07,112.0,Marondera,MARONDERA USD PETROL,215.166667,321.9917
2025-11-07,114.0,Kadoma,KADOMA USD DIESEL,164.594595,243.6
2025-11-07,114.0,Kadoma,KADOMA USD PETROL,73.642385,111.2
2025-11-07,121.0,Gweru,DIESEL LITRES,443.01,443.01
2025-11-07,121.0,Gweru,GWERU BULK DIESEL USD,1210.884354,1780.0
2025-11-07,121.0,Gweru,GWERU USD DIESEL,602.14765,895.3309
2025-11-07,121.0,Gweru,GWERU USD PETROL,132.822368,201.89
2025-11-07,123.0,Fife Street,DIESEL LITRES,53.43,53.43
2025-11-07,123.0,Fife Street,FIFE USD DIESEL,889.520273,1311.0858
2025-11-07,123.0,Fife Street,FIFE USD PETROL,271.546052,411.4342
2025-11-07,125.0,Fort Street,DIESEL LITRES,240.0,240.0
2025-11-07,125.0,Fort Street,FORT USD DIESEL,645.472972,955.3
2025-11-07,125.0,Fort Street,FORT USD PETROL,217.710527,330.92
2025-11-07,129.0,Khami,KHAMI USD DIESEL,363.581081,531.2
2025-11-07,129.0,Khami,KHAMI USD PETROL,124.44079,189.15
2025-11-07,131.0,R Mugabe,PETROL LITRES,20.0,20.0
2025-11-07,131.0,R Mugabe,R MUGABE USD DIESEL,319.746667,479.62
2025-11-07,131.0,R Mugabe,R MUGABE USD PETROL,117.467532,180.9
2025-11-07,135.0,Cripps,CRIPPS BULK DIESEL USD,108.90411,159.0
2025-11-07,135.0,Cripps,CRIPPS DIESEL USD,935.208053,1391.4466
2025-11-07,135.0,Cripps,CRIPPS PETROL USD,1135.439999,1703.16
2025-11-07,135.0,Cripps,DIESEL LITRES,557.41,557.41
2025-11-07,135.0,Cripps,PETROL LITRES,172.04,172.04
2025-11-07,140.0,Mutare Second Street,DIESEL LITRES,40.0,40.0
2025-11-07,140.0,Mutare Second Street,MUTARE SECOND USD DIESEL,116.294521,169.79
2025-11-07,141.0,Troutbeck,DIESEL LITRES,1359.0,1359.0
2025-11-07,141.0,Troutbeck,PETROL LITRES,409.0,409.0
2025-11-07,141.0,Troutbeck,TROUTBECK USD DIESEL,800.0,1176.0
2025-11-07,144.0,Bessemer,BESSEMER USD DIESEL,48.965517,71.0
2025-11-07,144.0,Bessemer,BESSEMER USD PETROL,65.517241,95.0
2025-11-07,145.0,Sunway City,PETROL LITRES,82.38,82.38
2025-11-07,145.0,Sunway City,SUNWAY USD DIESEL,885.18,1321.8534
2025-11-07,145.0,Sunway City,SUNWAY USD PETROL,136.842105,208.0
2025-11-07,146.0,Banket,BANKET BULK DIESEL USD,200.0,294.0
2025-11-07,146.0,Banket,BANKET USD DIESEL,78.666667,118.0
2025-11-07,146.0,Banket,BANKET USD PETROL,120.649351,185.8
2025-11-07,147.0,Chinhoyi Main,CHINHOYI BULK DIESEL USD,1120.33557,1669.3
2025-11-07,147.0,Chinhoyi Main,CHINHOYI MAIN USD DIESEL,313.198676,472.93
2025-11-07,147.0,Chinhoyi Main,CHINHOYI MAIN USD PETROL,104.176471,159.39
2025-11-07,147.0,Chinhoyi Main,DIESEL LITRES,90.0,90.0
2025-11-07,148.0,Chegutu,CHEGUTU USD DIESEL,602.0,903.0
2025-11-07,148.0,Chegutu,CHEGUTU USD PETROL,89.473684,136.0
2025-11-07,149.0,Turnpike,DIESEL LITRES,675.0,675.0
2025-11-07,149.0,Turnpike,TURNPIKE USD DIESEL,97.350994,145.2781
2025-11-07,149.0,Turnpike,TURNPIKE USD PETROL,53.411765,81.72
2025-11-07,150.0,Mutare One Stop,DIESEL LITRES,550.0,550.0
2025-11-07,150.0,Mutare One Stop,MUTARE ONE STOP DIESEL,599.808218,875.72
2025-11-07,150.0,Mutare One Stop,MUTARE ONE STOP PETROL,53.648649,79.4
2025-11-07,150.0,Mutare One Stop,PETROL LITRES,40.0,40.0
2025-11-07,167.0,Munch & Move,MUNCH & MOVE - SALES,50.8,50.8
2025-11-07,168.0,Avondale M&M,AVONDALE M&M,10.3,10.3
2025-11-08,,,,,21351.54
2025-11-08,82.0,Runiville,PETROL LITRES,133.64,133.64
2025-11-08,82.0,Runiville,RUNIVILLE BULK DIESEL USD,268.648649,397.6
2025-11-08,82.0,Runiville,RUNIVILLE USD DIESEL,1639.0,2382.1291
2025-11-08,82.0,Runiville,RUNIVILLE USD PETROL,598.999999,905.2218
2025-11-08,84.0,Avondale,AVONDALE USD DIESEL,1415.38255,2089.559
2025-11-08,84.0,Avondale,AVONDALE USD PETROL,1214.631578,1839.2731
2025-11-08,84.0,Avondale,DIESEL LITRES,415.42,415.42
2025-11-08,84.0,Avondale,PETROL LITRES,97.0,97.0
2025-11-08,86.0,Charter,CHARTER BULK/TAXI DIESEL ,171.232877,250.0
2025-11-08,86.0,Charter,CHARTER USD DIESEL,352.621623,520.008
2025-11-08,86.0,Charter,CHARTER USD PETROL,213.973856,325.0816
2025-11-08,86.0,Charter,DIESEL LITRES,110.0,110.0
2025-11-08,86.0,Charter,PETROL LITRES,62.8,62.8
2025-11-08,88.0,Seke,DIESEL LITRES,50.0,50.0
2025-11-08,88.0,Seke,SEKE USD DIESEL,180.587839,264.0268
2025-11-08,88.0,Seke,SEKE USD PETROL,95.846667,143.77
2025-11-08,92.0,Msasa,DIESEL LITRES,220.0,220.0
2025-11-08,92.0,Msasa,MSASA BULK DIESEL,1295.333333,1928.0
2025-11-08,92.0,Msasa,MSASA USD DIESEL,528.419355,812.7081
2025-11-08,92.0,Msasa,MSASA USD PETROL,356.376622,545.2031
2025-11-08,92.0,Msasa,PETROL LITRES,133.12,133.12
2025-11-08,96.0,Samora,PETROL LITRES,24.03,24.03
2025-11-08,96.0,Samora,SAMORA USD DIESEL,133.013245,199.8566
2025-11-08,96.0,Samora,SAMORA USD PETROL,242.355263,362.0189
2025-11-08,98.0,Roadport,DIESEL LITRES,105.11,105.11
2025-11-08,98.0,Roadport,PETROL LITRES,105.0,105.0
2025-11-08,98.0,Roadport,ROADPORT USD DIESEL,731.83766,1123.4066
2025-11-08,98.0,Roadport,ROAPORT USD PETROL,304.337662,466.6313
2025-11-08,102.0,Kirkman,DIESEL LITRES,3485.0,3485.0
2025-11-08,102.0,Kirkman,KIRKMAN USD DIESEL,1357.61745,2019.9222
2025-11-08,102.0,Kirkman,KIRKMAN USD PETROL,394.730264,592.8936
2025-11-08,110.0,Mutare Green Market,DIESEL LITRES,300.0,300.0
2025-11-08,110.0,Mutare Green Market,MUTARE GREENMARKET USD DIESEL,79.315068,115.8
2025-11-08,110.0,Mutare Green Market,MUTARE GREENMARKET USD PETROL,4.054054,6.0
2025-11-08,112.0,Marondera,DIESEL LITRES,110.0,110.0
2025-11-08,112.0,Marondera,MARONDERA USD DIESEL,304.383561,443.9
2025-11-08,112.0,Marondera,MARONDERA USD PETROL,92.7,139.05
2025-11-08,112.0,Marondera,PETROL LITRES,30.0,30.0
2025-11-08,114.0,Kadoma,KADOMA USD DIESEL,120.081081,174.4524
2025-11-08,114.0,Kadoma,KADOMA USD PETROL,35.331126,53.35
2025-11-08,121.0,Gweru,DIESEL LITRES,436.02,436.02
2025-11-08,121.0,Gweru,GWERU USD DIESEL,428.859061,639.0
2025-11-08,121.0,Gweru,GWERU USD PETROL,87.723683,133.0111
2025-11-08,121.0,Gweru,PETROL LITRES,25.0,25.0
2025-11-08,123.0,Fife Street,DIESEL LITRES,31.25,31.25
2025-11-08,123.0,Fife Street,FIFE USD DIESEL,368.945945,537.3238
2025-11-08,123.0,Fife Street,FIFE USD PETROL,216.171052,326.5093
2025-11-08,125.0,Fort Street,DIESEL LITRES,160.0,160.0
2025-11-08,125.0,Fort Street,FORT USD DIESEL,112.047297,165.83
2025-11-08,125.0,Fort Street,FORT USD PETROL,111.282894,168.8211
2025-11-08,127.0,Mpopoma,MPOPOMA USD DIESEL,397.783783,579.0081
2025-11-08,127.0,Mpopoma,MPOPOMA USD PETROL,1038.776316,1547.7769
2025-11-08,129.0,Khami,KHAMI USD DIESEL,50.27027,73.5
2025-11-08,129.0,Khami,KHAMI USD PETROL,26.315789,40.0
2025-11-08,131.0,R Mugabe,R MUGABE USD DIESEL,466.666667,698.6
2025-11-08,131.0,R Mugabe,R MUGABE USD PETROL,97.811688,150.63
2025-11-08,135.0,Cripps,CRIPPS DIESEL USD,724.422818,1065.7664
2025-11-08,135.0,Cripps,CRIPPS PETROL USD,540.046668,808.671
2025-11-08,135.0,Cripps,DIESEL LITRES,700.14,700.14
2025-11-08,135.0,Cripps,PETROL LITRES,100.01,100.01
2025-11-08,140.0,Mutare Second Street,MUTARE SECOND USD DIESEL,85.616438,125.0
2025-11-08,140.0,Mutare Second Street,PETROL LITRES,25.0,25.0
2025-11-08,141.0,Troutbeck,TROUTBECK USD DIESEL,850.0,1249.5
2025-11-08,141.0,Troutbeck,TROUTBECK USD PETROL,29.87013,44.5065
2025-11-08,144.0,Bessemer,BESSEMER USD DIESEL,41.37931,60.0
2025-11-08,145.0,Sunway City,DIESEL LITRES,60.0,60.0
2025-11-08,145.0,Sunway City,PETROL LITRES,38.36,38.36
2025-11-08,145.0,Sunway City,SUNWAY USD DIESEL,2928.333333,4391.8333
2025-11-08,145.0,Sunway City,SUNWAY USD PETROL,257.565788,391.5
2025-11-08,146.0,Banket,BANKET BULK DIESEL USD,400.0,588.0
2025-11-08,146.0,Banket,BANKET USD DIESEL,68.0,102.0
2025-11-08,146.0,Banket,BANKET USD PETROL,125.85065,191.5762
2025-11-08,147.0,Chinhoyi Main,CHINHOYI BULK DIESEL USD,400.0,596.0
2025-11-08,147.0,Chinhoyi Main,CHINHOYI MAIN USD DIESEL,152.350993,230.05
2025-11-08,147.0,Chinhoyi Main,CHINHOYI MAIN USD PETROL,109.843137,168.06
2025-11-08,148.0,Chegutu,CHEGUTU USD DIESEL,20.0,30.0
2025-11-08,149.0,Turnpike,TURNPIKE USD DIESEL,53.013245,80.05
2025-11-08,149.0,Turnpike,TURNPIKE USD PETROL,74.058823,113.31
2025-11-08,150.0,Mutare One Stop,MUTARE ONE STOP PETROL,64.628378,95.65
2025-11-08,168.0,Avondale M&M,AVONDALE M&M,67.5,67.5
2025-11-09,,,,,15673.0
2025-11-09,82.0,Runiville,DIESEL LITRES,35.0,35.0
2025-11-09,82.0,Runiville,PETROL LITRES,31.87,31.87
2025-11-09,82.0,Runiville,RUNIVILLE BULK DIESEL USD,130.0,192.4
2025-11-09,82.0,Runiville,RUNIVILLE USD DIESEL,536.543624,795.2721
2025-11-09,82.0,Runiville,RUNIVILLE USD PETROL,332.046052,504.71
2025-11-09,84.0,Avondale,AVONDALE USD DIESEL,1086.10067,1606.0736
2025-11-09,84.0,Avondale,AVONDALE USD PETROL,802.23684,1212.7322
2025-11-09,84.0,Avondale,DIESEL LITRES,179.0,179.0
2025-11-09,84.0,Avondale,PETROL LITRES,163.96,163.96
2025-11-09,86.0,Charter,CHARTER USD DIESEL,345.094594,497.1613
2025-11-09,86.0,Charter,CHARTER USD PETROL,116.660131,178.49
2025-11-09,88.0,Seke,PETROL LITRES,30.0,30.0
2025-11-09,88.0,Seke,SEKE USD DIESEL,175.344595,257.1009
2025-11-09,88.0,Seke,SEKE USD PETROL,89.06,133.09
2025-11-09,92.0,Msasa,DIESEL LITRES,180.0,180.0
2025-11-09,92.0,Msasa,MSASA BULK DIESEL,227.333333,341.0
2025-11-09,92.0,Msasa,MSASA USD DIESEL,283.348388,435.8474
2025-11-09,92.0,Msasa,MSASA USD PETROL,174.597402,268.0358
2025-11-09,92.0,Msasa,PETROL LITRES,30.0,30.0
2025-11-09,96.0,Samora,DIESEL LITRES,75.0,75.0
2025-11-09,96.0,Samora,SAMORA USD DIESEL,194.682119,292.6455
2025-11-09,96.0,Samora,SAMORA USD PETROL,658.480263,1000.2933
2025-11-09,98.0,Roadport,DIESEL LITRES,40.0,40.0
2025-11-09,98.0,Roadport,PETROL LITRES,71.77,71.77
2025-11-09,98.0,Roadport,ROADPORT USD DIESEL,1237.311687,1901.5395
2025-11-09,98.0,Roadport,ROAPORT USD PETROL,317.214285,487.6853
2025-11-09,102.0,Kirkman,DIESEL LITRES,775.0,775.0
2025-11-09,102.0,Kirkman,KIRKMAN USD DIESEL,214.624161,315.7501
2025-11-09,102.0,Kirkman,KIRKMAN USD PETROL,172.598685,260.1582
2025-11-09,102.0,Kirkman,PETROL LITRES,55.64,55.64
2025-11-09,110.0,Mutare Green Market,MUTARE GREEN MARKET BULK DIESEL,243.055556,350.0
2025-11-09,110.0,Mutare Green Market,MUTARE GREENMARKET USD DIESEL,142.465754,208.0
2025-11-09,110.0,Mutare Green Market,MUTARE GREENMARKET USD PETROL,26.891892,39.8
2025-11-09,112.0,Marondera,MARONDERA USD DIESEL,82.191781,120.0
2025-11-09,112.0,Marondera,MARONDERA USD PETROL,81.58,121.499
2025-11-09,112.0,Marondera,PETROL LITRES,107.6,107.6
2025-11-09,114.0,Kadoma,DIESEL LITRES,100.0,100.0
2025-11-09,114.0,Kadoma,KADOMA USD DIESEL,30.0,44.4
2025-11-09,121.0,Gweru,DIESEL LITRES,316.0,316.0
2025-11-09,121.0,Gweru,GWERU BULK DIESEL USD,931.972789,1370.0
2025-11-09,121.0,Gweru,GWERU USD DIESEL,69.167785,102.7244
2025-11-09,121.0,Gweru,GWERU USD PETROL,210.657894,318.0711
2025-11-09,123.0,Fife Street,DIESEL LITRES,370.34,370.34
2025-11-09,123.0,Fife Street,FIFE USD DIESEL,636.216217,941.6
2025-11-09,123.0,Fife Street,FIFE USD PETROL,236.052632,358.8
2025-11-09,123.0,Fife Street,PETROL LITRES,20.0,20.0
2025-11-09,125.0,Fort Street,DIESEL LITRES,80.0,80.0
2025-11-09,125.0,Fort Street,FORT USD DIESEL,226.756757,335.6
2025-11-09,125.0,Fort Street,FORT USD PETROL,43.75,66.5
2025-11-09,127.0,Mpopoma,MPOPOMA USD DIESEL,232.081082,337.0446
2025-11-09,127.0,Mpopoma,MPOPOMA USD PETROL,243.43421,362.7169
2025-11-09,131.0,R Mugabe,R MUGABE USD DIESEL,84.093334,126.14
2025-11-09,131.0,R Mugabe,R MUGABE USD PETROL,28.577922,44.01
2025-11-09,135.0,Cripps,CRIPPS DIESEL USD,302.684564,450.5973
2025-11-09,135.0,Cripps,CRIPPS PETROL USD,315.0,472.5
2025-11-09,140.0,Mutare Second Street,MUTARE SECOND USD DIESEL,117.828767,172.03
2025-11-09,141.0,Troutbeck,DIESEL LITRES,90.0,90.0
2025-11-09,141.0,Troutbeck,TROUTBECK USD DIESEL,114.0,167.58
2025-11-09,145.0,Sunway City,SUNWAY USD DIESEL,104.666667,153.3667
2025-11-09,145.0,Sunway City,SUNWAY USD PETROL,161.401315,245.33
2025-11-09,146.0,Banket,BANKET USD DIESEL,63.333333,95.0
2025-11-09,147.0,Chinhoyi Main,CHINHOYI MAIN USD DIESEL,82.980132,124.6377
2025-11-09,147.0,Chinhoyi Main,CHINHOYI MAIN USD PETROL,81.712418,125.02
2025-11-09,147.0,Chinhoyi Main,DIESEL LITRES,80.0,80.0
2025-11-09,148.0,Chegutu,CHEGUTU USD DIESEL,30.0,45.0
2025-11-09,148.0,Chegutu,CHEGUTU USD PETROL,78.513158,117.6295
2025-11-09,148.0,Chegutu,DIESEL LITRES,140.0,140.0
2025-11-09,149.0,Turnpike,DIESEL LITRES,15.0,15.0
2025-11-09,149.0,Turnpike,PETROL LITRES,20.0,20.0
2025-11-09,149.0,Turnpike,TURNPIKE USD DIESEL,94.86755,140.25
2025-11-09,150.0,Mutare One Stop,MUTARE ONE STOP DIESEL,168.684932,246.28
2025-11-09,150.0,Mutare One Stop,MUTARE ONE STOP PETROL,102.858108,152.23
2025-11-09,168.0,Avondale M&M,AVONDALE M&M,9.31,9.31
2025-11-10,,,,,111414.72
2025-11-10,82.0,Runiville,DIESEL LITRES,610.73,610.73
2025-11-10,82.0,Runiville,PETROL LITRES,510.0,510.0
2025-11-10,82.0,Runiville,RUNIVILLE BULK DIESEL USD,647.898649,958.89
2025-11-10,82.0,Runiville,RUNIVILLE USD DIESEL,1978.644296,2894.3658
2025-11-10,82.0,Runiville,RUNIVILLE USD PETROL,958.973683,1451.5328
2025-11-10,84.0,Avondale,AVONDALE USD DIESEL,1233.161073,1829.8608
2025-11-10,84.0,Avondale,AVONDALE USD PETROL,1146.414473,1736.7778
2025-11-10,84.0,Avondale,DIESEL LITRES,691.22,691.22
2025-11-10,84.0,Avondale,PETROL LITRES,311.7,311.7
2025-11-10,86.0,Charter,CHARTER USD DIESEL,589.999999,873.2
2025-11-10,86.0,Charter,CHARTER USD PETROL,334.339869,509.3766
2025-11-10,86.0,Charter,DIESEL LITRES,66.35,66.35
2025-11-10,88.0,Seke,PETROL LITRES,30.29,30.29
2025-11-10,88.0,Seke,SEKE USD DIESEL,101.351352,150.0
2025-11-10,88.0,Seke,SEKE USD PETROL,116.873334,174.1353
2025-11-10,92.0,,,,6.06
2025-11-10,92.0,Msasa,DIESEL LITRES,233.76,233.76
2025-11-10,92.0,Msasa,MSASA BULK DIESEL,566.666667,850.0
2025-11-10,92.0,Msasa,MSASA USD DIESEL,843.63871,1307.64
2025-11-10,92.0,Msasa,MSASA USD PETROL,1360.662334,2093.6392
2025-11-10,92.0,Msasa,PETROL LITRES,440.86,440.86
2025-11-10,96.0,Samora,DIESEL LITRES,116.6,116.6
2025-11-10,96.0,Samora,PETROL LITRES,55.0,55.0
2025-11-10,96.0,Samora,SAMORA USD DIESEL,345.099339,516.4642
2025-11-10,96.0,Samora,SAMORA USD PETROL,440.703946,669.62
2025-11-10,98.0,Roadport,DIESEL LITRES,534.74,534.74
2025-11-10,98.0,Roadport,PETROL LITRES,378.58,378.58
2025-11-10,98.0,Roadport,ROADPORT USD DIESEL,716.279219,1103.07
2025-11-10,98.0,Roadport,ROADPORT USD DIESEL BUS,240.0,357.6
2025-11-10,98.0,Roadport,ROAPORT USD PETROL,794.935061,1221.6698
2025-11-10,102.0,Kirkman,DIESEL LITRES,690.0,690.0
2025-11-10,102.0,Kirkman,KIRKMAN USD DIESEL,83.892617,125.0
2025-11-10,102.0,Kirkman,KIRKMAN USD PETROL,411.756578,625.2121
2025-11-10,110.0,Mutare Green Market,DIESEL LITRES,30.0,30.0
2025-11-10,110.0,Mutare Green Market,MUTARE GREENMARKET USD DIESEL,140.0,204.4
2025-11-10,110.0,Mutare Green Market,MUTARE GREENMARKET USD PETROL,70.405405,104.2
2025-11-10,112.0,Marondera,DIESEL LITRES,43.26,43.26
2025-11-10,112.0,Marondera,MARONDERA USD DIESEL,544.369863,793.6101
2025-11-10,112.0,Marondera,MARONDERA USD PETROL,48.773334,73.16
2025-11-10,114.0,Kadoma,DIESEL LITRES,40.0,40.0
2025-11-10,114.0,Kadoma,KADOMA USD DIESEL,226.885135,335.79
2025-11-10,114.0,Kadoma,KADOMA USD PETROL,67.582782,102.05
2025-11-10,121.0,Gweru,DIESEL LITRES,242.0,242.0
2025-11-10,121.0,Gweru,GWERU BULK DIESEL USD,270.0,396.9
2025-11-10,121.0,Gweru,GWERU USD DIESEL,340.671141,507.6
2025-11-10,121.0,Gweru,GWERU USD PETROL,44.210526,65.8711
2025-11-10,123.0,Fife Street,DIESEL LITRES,32.44,32.44
2025-11-10,123.0,Fife Street,FIFE USD DIESEL,752.594596,1113.84
2025-11-10,123.0,Fife Street,FIFE USD PETROL,168.256579,255.75
2025-11-10,123.0,Fife Street,PETROL LITRES,18.0,18.0
2025-11-10,125.0,Fort Street,DIESEL LITRES,40.0,40.0
2025-11-10,125.0,Fort Street,FORT USD DIESEL,740.824323,1096.42
2025-11-10,125.0,Fort Street,FORT USD PETROL,206.381578,313.3711
2025-11-10,127.0,Mpopoma,MPOPOMA USD DIESEL,200.70946,292.2449
2025-11-10,127.0,Mpopoma,MPOPOMA USD PETROL,127.822368,191.16
2025-11-10,129.0,Khami,KHAMI USD DIESEL,135.0,198.9
2025-11-10,129.0,Khami,KHAMI USD PETROL,119.736842,182.0
2025-11-10,131.0,R Mugabe,PETROL LITRES,10.0,10.0
2025-11-10,131.0,R Mugabe,R MUGABE USD DIESEL,94.453333,141.68
2025-11-10,131.0,R Mugabe,R MUGABE USD PETROL,243.720779,375.33
2025-11-10,135.0,Cripps,CRIPPS DIESEL USD,1300.993287,1933.3085
2025-11-10,135.0,Cripps,CRIPPS PETROL USD,1574.339999,2359.6407
2025-11-10,135.0,Cripps,DIESEL LITRES,60.0,60.0
2025-11-10,135.0,Cripps,PETROL LITRES,69.2,69.2
2025-11-10,139.0,Head Office,DIESEL LITRES,0.11,0.11
2025-11-10,139.0,Head Office,PETROL LITRES,0.01,0.01
2025-11-10,140.0,Mutare Second Street,DIESEL LITRES,40.0,40.0
2025-11-10,140.0,Mutare Second Street,MUTARE SECOND USD DIESEL,110.821918,161.8
2025-11-10,140.0,Mutare Second Street,MUTARE SECOND USD PETROL,30.405405,45.0
2025-11-10,141.0,Troutbeck,DIESEL LITRES,325.0,325.0
2025-11-10,141.0,Troutbeck,PETROL LITRES,80.0,80.0
2025-11-10,141.0,Troutbeck,TROUTBECK USD DIESEL,80.0,117.6
2025-11-10,141.0,Troutbeck,TROUTBECK USD PETROL,10.38961,16.0
2025-11-10,144.0,Bessemer,BESSEMER USD PETROL,53.793104,78.0
2025-11-10,145.0,Sunway City,DIESEL LITRES,54.0,54.0
2025-11-10,145.0,Sunway City,PETROL LITRES,30.0,30.0
2025-11-10,145.0,Sunway City,SUNWAY USD DIESEL,997.786665,1496.68
2025-11-10,145.0,Sunway City,SUNWAY USD PETROL,246.776316,371.5279
2025-11-10,146.0,Banket,BANKET BULK DIESEL USD,190.292517,279.73
2025-11-10,146.0,Banket,BANKET USD DIESEL,120.0,180.0
2025-11-10,147.0,Chinhoyi Main,CHINHOYI BULK DIESEL USD,400.0,596.0
2025-11-10,147.0,Chinhoyi Main,CHINHOYI MAIN USD DIESEL,302.403974,456.63
2025-11-10,147.0,Chinhoyi Main,CHINHOYI MAIN USD PETROL,52.875817,80.9
2025-11-10,148.0,Chegutu,CHEGUTU BULK DIESEL USD,200.0,296.0
2025-11-10,148.0,Chegutu,CHEGUTU USD DIESEL,33.033333,49.55
2025-11-10,148.0,Chegutu,CHEGUTU USD PETROL,20.394737,31.0
2025-11-10,148.0,Chegutu,DIESEL LITRES,258.0,258.0
2025-11-10,148.0,Chegutu,PETROL LITRES,11.7,11.7
2025-11-10,149.0,Turnpike,DIESEL LITRES,1164.0,1164.0
2025-11-10,149.0,Turnpike,TURNPIKE USD DIESEL,86.854305,131.15
2025-11-10,149.0,Turnpike,TURNPIKE USD PETROL,63.137254,96.6
2025-11-10,150.0,Mutare One Stop,DIESEL LITRES,212.0,212.0
2025-11-10,150.0,Mutare One Stop,MUTARE ONE STOP DIESEL,51.369863,75.0
2025-11-10,167.0,Munch & Move,MUNCH & MOVE - SALES,189.6,189.6
2025-11-10,168.0,Avondale M&M,AVONDALE M&M,4.91,4.91
2025-11-11,,,,,106523.87
2025-11-11,82.0,Runiville,DIESEL LITRES,121.18,121.18
2025-11-11,82.0,Runiville,PETROL LITRES,212.0,212.0
2025-11-11,82.0,Runiville,RUNIVILLE BULK DIESEL USD,165.790541,245.37
2025-11-11,82.0,Runiville,RUNIVILLE USD DIESEL,1009.536912,1492.4872
2025-11-11,82.0,Runiville,RUNIVILLE USD PETROL,756.677632,1148.3497
2025-11-11,84.0,Avondale,AVONDALE USD DIESEL,1699.818793,2525.1583
2025-11-11,84.0,Avondale,AVONDALE USD PETROL,1383.25658,2091.8796
2025-11-11,84.0,Avondale,DIESEL LITRES,345.14,345.14
2025-11-11,84.0,Avondale,PETROL LITRES,226.97,226.97
2025-11-11,86.0,Charter,CHARTER USD DIESEL,971.290538,1434.4701
2025-11-11,86.0,Charter,CHARTER USD PETROL,382.058822,583.8964
2025-11-11,86.0,Charter,DIESEL LITRES,45.0,45.0
2025-11-11,86.0,Charter,PETROL LITRES,20.0,20.0
2025-11-11,88.0,Seke,PETROL LITRES,8.0,8.0
2025-11-11,88.0,Seke,SEKE USD DIESEL,401.783784,583.2
2025-11-11,88.0,Seke,SEKE USD PETROL,476.36,699.39
2025-11-11,92.0,,,,150.0
2025-11-11,92.0,Msasa,DIESEL LITRES,350.0,350.0
2025-11-11,92.0,Msasa,MSASA BULK DIESEL,627.966667,941.95
2025-11-11,92.0,Msasa,MSASA USD DIESEL,903.812905,1397.9997
2025-11-11,92.0,Msasa,MSASA USD PETROL,809.064935,1245.3029
2025-11-11,92.0,Msasa,PETROL LITRES,106.0,106.0
2025-11-11,96.0,Samora,SAMORA USD DIESEL,455.92053,683.44
2025-11-11,96.0,Samora,SAMORA USD PETROL,451.210527,682.9265
2025-11-11,98.0,Roadport,DIESEL LITRES,553.14,553.14
2025-11-11,98.0,Roadport,PETROL LITRES,51.0,51.0
2025-11-11,98.0,Roadport,ROADPORT USD DIESEL,989.233763,1521.42
2025-11-11,98.0,Roadport,ROAPORT USD PETROL,566.798698,872.87
2025-11-11,102.0,Kirkman,DIESEL LITRES,315.0,315.0
2025-11-11,102.0,Kirkman,KIRKMAN USD DIESEL,58.785235,85.3219
2025-11-11,102.0,Kirkman,KIRKMAN USD PETROL,228.078947,346.1866
2025-11-11,102.0,Kirkman,PETROL LITRES,35.04,35.04
2025-11-11,110.0,Mutare Green Market,DIESEL LITRES,510.0,510.0
2025-11-11,110.0,Mutare Green Market,MUTARE GREENMARKET USD DIESEL,181.547945,265.06
2025-11-11,110.0,Mutare Green Market,MUTARE GREENMARKET USD PETROL,45.27027,67.0
2025-11-11,112.0,Marondera,MARONDERA USD DIESEL,548.575343,800.92
2025-11-11,112.0,Marondera,MARONDERA USD PETROL,76.986667,115.48
2025-11-11,112.0,Marondera,PETROL LITRES,42.66,42.66
2025-11-11,114.0,,,,44.4
2025-11-11,114.0,Kadoma,DIESEL LITRES,398.0,398.0
2025-11-11,114.0,Kadoma,KADOMA USD DIESEL,83.513514,123.6
2025-11-11,114.0,Kadoma,KADOMA USD PETROL,13.245033,20.0
2025-11-11,121.0,Gweru,DIESEL LITRES,155.0,155.0
2025-11-11,121.0,Gweru,GWERU BULK DIESEL USD,200.0,294.0
2025-11-11,121.0,Gweru,GWERU USD DIESEL,661.879195,982.7232
2025-11-11,121.0,Gweru,GWERU USD PETROL,117.381579,176.92
2025-11-11,123.0,Fife Street,DIESEL LITRES,130.42,130.42
2025-11-11,123.0,Fife Street,FIFE USD DIESEL,852.804055,1250.5622
2025-11-11,123.0,Fife Street,FIFE USD PETROL,224.769736,341.65
2025-11-11,123.0,Fife Street,PETROL LITRES,36.18,36.18
2025-11-11,125.0,Fort Street,DIESEL LITRES,270.0,270.0
2025-11-11,125.0,Fort Street,FORT USD DIESEL,847.702703,1254.6
2025-11-11,125.0,Fort Street,FORT USD PETROL,293.947368,446.8
2025-11-11,127.0,Mpopoma,MPOPOMA BULK DIESEL USD,200.0,294.0
2025-11-11,127.0,Mpopoma,MPOPOMA USD DIESEL,154.891891,227.9236
2025-11-11,127.0,Mpopoma,MPOPOMA USD PETROL,54.736842,82.15
2025-11-11,129.0,Khami,KHAMI USD DIESEL,495.0,724.2
2025-11-11,129.0,Khami,KHAMI USD PETROL,57.894737,88.0
2025-11-11,131.0,R Mugabe,R MUGABE USD DIESEL,17.266666,25.9
2025-11-11,131.0,R Mugabe,R MUGABE USD PETROL,105.779221,161.3169
2025-11-11,135.0,Cripps,CRIPPS BULK DIESEL USD,127.39726,186.0
2025-11-11,135.0,Cripps,CRIPPS DIESEL USD,1321.999998,1963.1421
2025-11-11,135.0,Cripps,CRIPPS PETROL USD,756.873333,1132.56
2025-11-11,135.0,Cripps,DIESEL LITRES,892.04,892.04
2025-11-11,135.0,Cripps,PETROL LITRES,1266.65,1266.65
2025-11-11,140.0,Mutare Second Street,DIESEL LITRES,87.0,87.0
2025-11-11,140.0,Mutare Second Street,MUTARE SECOND USD DIESEL,343.493151,501.5
2025-11-11,140.0,Mutare Second Street,MUTARE SECOND USD PETROL,10.135135,15.0
2025-11-11,141.0,Troutbeck,TROUTBECK USD DIESEL,167.5,252.725
2025-11-11,141.0,Troutbeck,TROUTBECK USD PETROL,40.0,61.6
2025-11-11,144.0,Bessemer,BESSEMER USD PETROL,27.586207,40.0
2025-11-11,145.0,Sunway City,DIESEL LITRES,12.23,12.23
2025-11-11,145.0,Sunway City,SUNWAY USD DIESEL,2597.0,3895.5
2025-11-11,145.0,Sunway City,SUNWAY USD PETROL,97.368421,148.0
2025-11-11,146.0,Banket,BANKET BULK DIESEL USD,400.0,588.0
2025-11-11,146.0,Banket,BANKET USD DIESEL,76.666667,115.0
2025-11-11,146.0,Banket,DIESEL LITRES,474.55,474.55
2025-11-11,147.0,Chinhoyi Main,CHINHOYI BULK DIESEL USD,150.0,223.5
2025-11-11,147.0,Chinhoyi Main,CHINHOYI MAIN USD DIESEL,213.317881,322.11
2025-11-11,147.0,Chinhoyi Main,CHINHOYI MAIN USD PETROL,64.379085,98.5
2025-11-11,147.0,Chinhoyi Main,DIESEL LITRES,80.0,80.0
2025-11-11,148.0,Chegutu,CHEGUTU USD DIESEL,63.333333,95.0
2025-11-11,148.0,Chegutu,CHEGUTU USD PETROL,58.0,88.16
2025-11-11,148.0,Chegutu,DIESEL LITRES,313.0,313.0
2025-11-11,149.0,Turnpike,DIESEL LITRES,940.0,940.0
2025-11-11,149.0,Turnpike,TURNPIKE USD DIESEL,31.622517,47.75
2025-11-11,149.0,Turnpike,TURNPIKE USD PETROL,20.0,30.6
2025-11-11,150.0,Mutare One Stop,MUTARE ONE STOP PETROL,198.986486,294.5
2025-11-11,167.0,Munch & Move,MUNCH & MOVE - SALES,48.02,48.02
2025-11-12,,,,,124535.8
2025-11-12,82.0,Runiville,DIESEL LITRES,136.07,136.07
2025-11-12,82.0,Runiville,PETROL LITRES,157.0,157.0
2025-11-12,82.0,Runiville,RUNIVILLE BULK DIESEL USD,451.756757,668.6
2025-11-12,82.0,Runiville,RUNIVILLE USD DIESEL,1855.348991,2719.8408
2025-11-12,82.0,Runiville,RUNIVILLE USD PETROL,821.927631,1244.4376
2025-11-12,84.0,Avondale,AVONDALE USD DIESEL,938.630875,1385.4461
2025-11-12,84.0,Avondale,AVONDALE USD PETROL,1452.927632,2190.4629
2025-11-12,84.0,Avondale,DIESEL LITRES,106.56,106.56
2025-11-12,84.0,Avondale,PETROL LITRES,192.42,192.42
2025-11-12,86.0,Charter,CHARTER USD DIESEL,851.499999,1252.2511
2025-11-12,86.0,Charter,CHARTER USD PETROL,345.980393,528.8598
2025-11-12,86.0,Charter,DIESEL LITRES,116.59,116.59
2025-11-12,86.0,Charter,PETROL LITRES,53.66,53.66
2025-11-12,88.0,Seke,DIESEL LITRES,240.0,240.0
2025-11-12,88.0,Seke,SEKE USD DIESEL,73.135135,108.24
2025-11-12,88.0,Seke,SEKE USD PETROL,108.846666,162.2646
2025-11-12,92.0,Msasa,DIESEL LITRES,433.65,433.65
2025-11-12,92.0,Msasa,MSASA BULK DIESEL,547.666667,821.5
2025-11-12,92.0,Msasa,MSASA USD DIESEL,1111.632259,1717.23
2025-11-12,92.0,Msasa,MSASA USD PETROL,623.331167,959.93
2025-11-12,92.0,Msasa,PETROL LITRES,111.0,111.0
2025-11-12,96.0,Samora,DIESEL LITRES,55.0,55.0
2025-11-12,96.0,Samora,PETROL LITRES,40.0,40.0
2025-11-12,96.0,Samora,SAMORA USD DIESEL,412.245033,620.8343
2025-11-12,96.0,Samora,SAMORA USD PETROL,575.098685,869.2776
2025-11-12,98.0,Roadport,DIESEL LITRES,215.65,215.65
2025-11-12,98.0,Roadport,PETROL LITRES,88.76,88.76
2025-11-12,98.0,Roadport,ROADPORT USD DIESEL,938.188309,1443.836
2025-11-12,98.0,Roadport,ROADPORT USD DIESEL BUS,468.724832,698.4
2025-11-12,98.0,Roadport,ROAPORT USD PETROL,520.409089,795.7784
2025-11-12,102.0,Kirkman,DIESEL LITRES,825.0,825.0
2025-11-12,102.0,Kirkman,KIRKMAN USD DIESEL,1597.845637,2362.2964
2025-11-12,102.0,Kirkman,KIRKMAN USD PETROL,309.506577,468.1204
2025-11-12,102.0,Kirkman,PETROL LITRES,20.0,20.0
2025-11-12,110.0,Mutare Green Market,MUTARE GREEN MARKET BULK DIESEL,450.0,648.0
2025-11-12,110.0,Mutare Green Market,MUTARE GREENMARKET USD DIESEL,130.0,189.8
2025-11-12,110.0,Mutare Green Market,MUTARE GREENMARKET USD PETROL,78.317567,115.91
2025-11-12,112.0,Marondera,DIESEL LITRES,27.0,27.0
2025-11-12,112.0,Marondera,MARONDERA USD DIESEL,94.421768,138.8
2025-11-12,114.0,Kadoma,DIESEL LITRES,120.86,120.86
2025-11-12,114.0,Kadoma,KADOMA USD DIESEL,154.765101,230.6
2025-11-12,121.0,Gweru,DIESEL LITRES,810.0,810.0
2025-11-12,121.0,Gweru,GWERU BULK DIESEL USD,857.0,1259.79
2025-11-12,121.0,Gweru,GWERU USD DIESEL,537.966443,801.0666
2025-11-12,121.0,Gweru,GWERU USD PETROL,56.822368,85.2845
2025-11-12,123.0,Fife Street,DIESEL LITRES,36.82,36.82
2025-11-12,123.0,Fife Street,FIFE USD DIESEL,666.864866,986.96
2025-11-12,123.0,Fife Street,FIFE USD PETROL,301.907896,458.9
2025-11-12,125.0,Fort Street,DIESEL LITRES,170.0,170.0
2025-11-12,125.0,Fort Street,FORT USD DIESEL,456.574325,675.73
2025-11-12,125.0,Fort Street,FORT USD PETROL,169.447368,257.56
2025-11-12,127.0,Mpopoma,MPOPOMA USD DIESEL,204.364865,296.6291
2025-11-12,127.0,Mpopoma,MPOPOMA USD PETROL,441.717105,659.248
2025-11-12,129.0,Khami,KHAMI USD DIESEL,295.0,429.1
2025-11-12,129.0,Khami,KHAMI USD PETROL,105.789474,160.8
2025-11-12,131.0,R Mugabe,DIESEL LITRES,27.16,27.16
2025-11-12,131.0,R Mugabe,PETROL LITRES,30.0,30.0
2025-11-12,131.0,R Mugabe,R MUGABE USD DIESEL,375.921053,568.1105
2025-11-12,131.0,R Mugabe,R MUGABE USD PETROL,381.467531,587.46
2025-11-12,135.0,Cripps,CRIPPS DIESEL USD,1396.832214,2060.8717
2025-11-12,135.0,Cripps,CRIPPS PETROL USD,695.799999,1041.7347
2025-11-12,135.0,Cripps,DIESEL LITRES,761.3,761.3
2025-11-12,135.0,Cripps,PETROL LITRES,30.0,30.0
2025-11-12,140.0,Mutare Second Street,DIESEL LITRES,28.0,28.0
2025-11-12,140.0,Mutare Second Street,MUTARE SECOND USD BULK DIESEL,140.0,201.6
2025-11-12,140.0,Mutare Second Street,MUTARE SECOND USD DIESEL,104.828767,150.7195
2025-11-12,144.0,Bessemer,BESSEMER USD DIESEL,64.717241,93.84
2025-11-12,145.0,Sunway City,DIESEL LITRES,180.0,180.0
2025-11-12,145.0,Sunway City,PETROL LITRES,10.0,10.0
2025-11-12,145.0,Sunway City,SUNWAY USD DIESEL,500.0,750.0
2025-11-12,145.0,Sunway City,SUNWAY USD PETROL,140.789473,214.0
2025-11-12,146.0,Banket,BANKET USD DIESEL,40.0,60.0
2025-11-12,146.0,Banket,BANKET USD PETROL,15.0,23.1
2025-11-12,146.0,Banket,DIESEL LITRES,100.0,100.0
2025-11-12,147.0,Chinhoyi Main,CHINHOYI BULK DIESEL USD,100.0,149.0
2025-11-12,147.0,Chinhoyi Main,CHINHOYI MAIN USD DIESEL,297.409506,451.58
2025-11-12,147.0,Chinhoyi Main,CHINHOYI MAIN USD PETROL,113.071428,174.13
2025-11-12,148.0,Chegutu,CHEGUTU USD DIESEL,104.666667,157.0
2025-11-12,148.0,Chegutu,CHEGUTU USD PETROL,2.0,3.04
2025-11-12,149.0,Turnpike,DIESEL LITRES,940.0,940.0
2025-11-12,149.0,Turnpike,TURNPIKE USD DIESEL,123.357616,185.9389
2025-11-12,149.0,Turnpike,TURNPIKE USD PETROL,99.266233,150.6323
2025-11-12,150.0,Mutare One Stop,DIESEL LITRES,500.0,500.0
2025-11-12,150.0,Mutare One Stop,MUTARE ONE STOP DIESEL,491.095891,717.0
2025-11-12,167.0,Munch & Move,MUNCH & MOVE - SALES,5.0,5.0
2025-11-12,168.0,Avondale M&M,AVONDALE M&M,103.17,103.17
2025-11-13,,,,,50112.05
2025-11-13,82.0,Runiville,DIESEL LITRES,250.62,250.62
2025-11-13,82.0,Runiville,PETROL LITRES,205.0,205.0
2025-11-13,82.0,Runiville,RUN-RUBIA SX SAE40 500ML,1.0,3.0
2025-11-13,82.0,Runiville,RUNIVILLE BULK DIESEL USD,386.858108,572.55
2025-11-13,82.0,Runiville,RUNIVILLE USD DIESEL,1001.170967,1516.0986
2025-11-13,82.0,Runiville,RUNIVILLE USD PETROL,896.013498,1374.7395
2025-11-13,84.0,Avondale,AVONDALE USD DIESEL,1515.32681,2275.5687
2025-11-13,84.0,Avondale,AVONDALE USD PETROL,990.746068,1509.4425
2025-11-13,84.0,Avondale,DIESEL LITRES,241.24,241.24
2025-11-13,84.0,Avondale,PETROL LITRES,57.96,57.96
2025-11-13,86.0,Charter,CHARTER USD DIESEL,767.216565,1151.7
2025-11-13,86.0,Charter,CHARTER USD PETROL,457.939266,704.33
2025-11-13,86.0,Charter,PETROL LITRES,35.0,35.0
2025-11-13,88.0,Seke,PETROL LITRES,14.6,14.6
2025-11-13,88.0,Seke,SEKE USD DIESEL,54.285714,82.4
2025-11-13,88.0,Seke,SEKE USD PETROL,224.813852,341.9906
2025-11-13,92.0,Msasa,DIESEL LITRES,2358.01,2358.01
2025-11-13,92.0,Msasa,MSASA BULK DIESEL,570.27027,848.0
2025-11-13,92.0,Msasa,MSASA USD DIESEL,1203.20955,1855.67
2025-11-13,92.0,Msasa,MSASA USD PETROL,325.05844,500.2653
2025-11-13,92.0,Msasa,PETROL LITRES,58.0,58.0
2025-11-13,96.0,Samora,SAMORA USD DIESEL,446.530446,684.0344
2025-11-13,96.0,Samora,SAMORA USD PETROL,369.92652,567.5533
2025-11-13,98.0,Roadport,DIESEL LITRES,308.54,308.54
2025-11-13,98.0,Roadport,PETROL LITRES,104.31,104.31
2025-11-13,98.0,Roadport,ROADPORT USD DIESEL,723.383113,1109.4554
2025-11-13,98.0,Roadport,ROAPORT USD PETROL,687.240259,1058.0253
2025-11-13,102.0,Kirkman,DIESEL LITRES,2224.74,2224.74
2025-11-13,102.0,Kirkman,KIRKMAN USD DIESEL,1086.497951,1669.18
2025-11-13,102.0,Kirkman,KIRKMAN USD PETROL,220.846207,337.1614
2025-11-13,102.0,Kirkman,PETROL LITRES,10.0,10.0
2025-11-13,110.0,Mutare Green Market,DIESEL LITRES,414.0,414.0
2025-11-13,110.0,Mutare Green Market,MUTARE GREEN MARKET BULK DIESEL,100.0,146.0
2025-11-13,110.0,Mutare Green Market,MUTARE GREENMARKET USD DIESEL,250.423917,368.6
2025-11-13,110.0,Mutare Green Market,MUTARE GREENMARKET USD PETROL,57.636937,86.05
2025-11-13,112.0,Marondera,DIESEL LITRES,452.84,452.84
2025-11-13,112.0,Marondera,MARONDERA USD DIESEL,1020.741496,1500.49
2025-11-13,112.0,Marondera,MARONDERA USD PETROL,110.88,166.32
2025-11-13,114.0,Kadoma,KADOMA USD DIESEL,123.590604,184.15
2025-11-13,114.0,Kadoma,KADOMA USD PETROL,62.450331,94.3
2025-11-13,121.0,Gweru,DIESEL LITRES,755.0,755.0
2025-11-13,121.0,Gweru,GWERU BULK DIESEL USD,619.047619,910.0
2025-11-13,121.0,Gweru,GWERU USD DIESEL,349.7651,521.15
2025-11-13,121.0,Gweru,GWERU USD PETROL,96.921053,145.82
2025-11-13,123.0,Fife Street,DIESEL LITRES,102.36,102.36
2025-11-13,123.0,Fife Street,FIFE USD DIESEL,812.604772,1242.1055
2025-11-13,123.0,Fife Street,FIFE USD PETROL,534.005125,817.83
2025-11-13,123.0,Fife Street,PETROL LITRES,10.0,10.0
2025-11-13,125.0,Fort Street,DIESEL LITRES,146.48,146.48
2025-11-13,125.0,Fort Street,FORT USD DIESEL,643.812654,971.41
2025-11-13,125.0,Fort Street,FORT USD PETROL,157.792207,243.0
2025-11-13,127.0,Mpopoma,MPOPOMA USD DIESEL,286.932433,427.4967
2025-11-13,127.0,Mpopoma,MPOPOMA USD PETROL,290.268882,438.0717
2025-11-13,129.0,Khami,KHAMI USD DIESEL,35.0,53.0
2025-11-13,129.0,Khami,KHAMI USD PETROL,118.884142,182.45
2025-11-13,131.0,R Mugabe,DIESEL LITRES,37.0,37.0
2025-11-13,131.0,R Mugabe,PETROL LITRES,30.0,30.0
2025-11-13,131.0,R Mugabe,R MUGABE USD DIESEL,92.3885,140.95
2025-11-13,131.0,R Mugabe,R MUGABE USD PETROL,130.727272,201.32
2025-11-13,135.0,Cripps,CRIPPS BULK DIESEL USD,252.858108,374.23
2025-11-13,135.0,Cripps,CRIPPS DIESEL USD,573.321102,875.7573
2025-11-13,135.0,Cripps,CRIPPS PETROL USD,680.844328,1034.72
2025-11-13,135.0,Cripps,DIESEL LITRES,40.0,40.0
2025-11-13,135.0,Cripps,PETROL LITRES,181.54,181.54
2025-11-13,140.0,Mutare Second Street,MUTARE SECOND USD DIESEL,434.283599,640.0
2025-11-13,140.0,Mutare Second Street,MUTARE SECOND USD PETROL,175.675676,260.0
2025-11-13,141.0,Troutbeck,TROUTBECK USD DIESEL,80.0,118.4
2025-11-13,144.0,Bessemer,BESSEMER USD PETROL,6.896552,10.0
2025-11-13,145.0,Sunway City,DIESEL LITRES,50.0,50.0
2025-11-13,145.0,Sunway City,PETROL LITRES,50.0,50.0
2025-11-13,145.0,Sunway City,SUNWAY USD DIESEL,932.311688,1435.76
2025-11-13,145.0,Sunway City,SUNWAY USD PETROL,53.246753,82.0
2025-11-13,146.0,Banket,BANKET BULK DIESEL USD,730.013605,1074.42
2025-11-13,146.0,Banket,BANKET USD DIESEL,49.342105,75.0
2025-11-13,146.0,Banket,DIESEL LITRES,50.0,50.0
2025-11-13,146.0,Banket,PETROL LITRES,10.0,10.0
2025-11-13,147.0,Chinhoyi Main,CHINHOYI BULK DIESEL USD,642.194631,954.87
2025-11-13,147.0,Chinhoyi Main,CHINHOYI MAIN USD DIESEL,295.789474,449.6
2025-11-13,147.0,Chinhoyi Main,CHINHOYI MAIN USD PETROL,68.01948,104.75
2025-11-13,147.0,Chinhoyi Main,DIESEL LITRES,100.0,100.0
2025-11-13,148.0,Chegutu,CHEGUTU USD DIESEL,48.333333,72.5
2025-11-13,148.0,Chegutu,DIESEL LITRES,145.0,145.0
2025-11-13,149.0,Turnpike,DIESEL LITRES,338.0,338.0
2025-11-13,149.0,Turnpike,TURNPIKE USD DIESEL,94.443279,142.3756
2025-11-13,150.0,Mutare One Stop,DIESEL LITRES,134.52,134.52
2025-11-13,150.0,Mutare One Stop,MUTARE ONE STOP DIESEL,290.249908,427.4
2025-11-13,167.0,Munch & Move,MUNCH & MOVE - SALES,5.0,5.0
2025-11-13,168.0,Avondale M&M,AVONDALE M&M,3.0,3.0
2025-11-14,,,,,139449.95
2025-11-14,82.0,Runiville,DIESEL LITRES,215.12,215.12
2025-11-14,82.0,Runiville,PETROL LITRES,455.0,455.0
2025-11-14,82.0,Runiville,RUNIVILLE BULK DIESEL USD,999.668919,1479.51
2025-11-14,82.0,Runiville,RUNIVILLE USD DIESEL,1548.428572,2343.0812
2025-11-14,82.0,Runiville,RUNIVILLE USD PETROL,1179.006495,1807.1904
2025-11-14,84.0,Avondale,AVONDALE USD DIESEL,2108.233766,3230.2097
2025-11-14,84.0,Avondale,AVONDALE USD PETROL,1601.155842,2446.5159
2025-11-14,84.0,Avondale,DIESEL LITRES,313.23,313.23
2025-11-14,84.0,Avondale,PETROL LITRES,205.86,205.86
2025-11-14,86.0,Charter,CHARTER USD DIESEL,918.707787,1409.6152
2025-11-14,86.0,Charter,CHARTER USD PETROL,268.720778,413.83
2025-11-14,88.0,Seke,SEKE USD DIESEL,249.766233,384.64
2025-11-14,88.0,Seke,SEKE USD PETROL,211.24026,322.7012
2025-11-14,92.0,Msasa,DIESEL LITRES,802.08,802.08
2025-11-14,92.0,Msasa,MSASA BULK DIESEL,408.614865,604.75
2025-11-14,92.0,Msasa,MSASA USD DIESEL,832.512987,1276.1969
2025-11-14,92.0,Msasa,MSASA USD PETROL,1092.324673,1672.1151
2025-11-14,92.0,Msasa,PETROL LITRES,495.86,495.86
2025-11-14,96.0,Samora,DIESEL LITRES,41.77,41.77
2025-11-14,96.0,Samora,PETROL LITRES,120.0,120.0
2025-11-14,96.0,Samora,SAMORA USD DIESEL,490.779219,754.6636
2025-11-14,96.0,Samora,SAMORA USD PETROL,547.363635,834.9939
2025-11-14,98.0,Roadport,DIESEL LITRES,146.54,146.54
2025-11-14,98.0,Roadport,PETROL LITRES,488.7,488.7
2025-11-14,98.0,Roadport,ROADPORT USD DIESEL,1071.870124,1646.4524
2025-11-14,98.0,Roadport,ROAPORT USD PETROL,761.889609,1170.5311
2025-11-14,102.0,Kirkman,DIESEL LITRES,2054.0,2054.0
2025-11-14,102.0,Kirkman,KIRKMAN USD DIESEL,240.12987,369.8
2025-11-14,102.0,Kirkman,KIRKMAN USD PETROL,285.220779,436.5779
2025-11-14,102.0,Kirkman,PETROL LITRES,27.76,27.76
2025-11-14,110.0,Mutare Green Market,DIESEL LITRES,40.0,40.0
2025-11-14,110.0,Mutare Green Market,MUTARE GREENMARKET USD DIESEL,151.756757,224.6
2025-11-14,110.0,Mutare Green Market,MUTARE GREENMARKET USD PETROL,44.0,66.0
2025-11-14,112.0,Marondera,MARONDERA USD DIESEL,282.523809,412.2859
2025-11-14,112.0,Marondera,MARONDERA USD PETROL,27.466666,39.8266
2025-11-14,112.0,Marondera,PETROL LITRES,23.27,23.27
2025-11-14,114.0,Kadoma,DIESEL LITRES,100.0,100.0
2025-11-14,114.0,Kadoma,KADOMA USD DIESEL,57.281879,85.35
2025-11-14,114.0,Kadoma,KADOMA USD PETROL,76.768212,115.92
2025-11-14,121.0,Gweru,DIESEL LITRES,581.0,581.0
2025-11-14,121.0,Gweru,GWERU USD DIESEL,1496.322148,2227.87
2025-11-14,121.0,Gweru,GWERU USD PETROL,40.0,60.8
2025-11-14,121.0,Gweru,PETROL LITRES,10.0,10.0
2025-11-14,123.0,Fife Street,DIESEL LITRES,71.52,71.52
2025-11-14,123.0,Fife Street,FIFE USD DIESEL,1438.129869,2206.4395
2025-11-14,123.0,Fife Street,FIFE USD PETROL,230.435066,353.4706
2025-11-14,125.0,Fort Street,DIESEL LITRES,80.0,80.0
2025-11-14,125.0,Fort Street,FORT USD DIESEL,1832.292206,2821.73
2025-11-14,125.0,Fort Street,FORT USD PETROL,262.448052,404.17
2025-11-14,127.0,Mpopoma,MPOPOMA USD DIESEL,247.474026,375.2442
2025-11-14,127.0,Mpopoma,MPOPOMA USD PETROL,321.37013,485.2689
2025-11-14,129.0,Khami,KHAMI USD DIESEL,271.129871,410.0363
2025-11-14,129.0,Khami,KHAMI USD PETROL,71.883117,110.7
2025-11-14,131.0,R Mugabe,R MUGABE USD DIESEL,66.558442,102.5
2025-11-14,131.0,R Mugabe,R MUGABE USD PETROL,69.51948,105.9484
2025-11-14,135.0,Cripps,CRIPPS DIESEL USD,1315.597401,2026.02
2025-11-14,135.0,Cripps,CRIPPS PETROL USD,556.649349,857.24
2025-11-14,135.0,Cripps,DIESEL LITRES,484.83,484.83
2025-11-14,135.0,Cripps,PETROL LITRES,20.0,20.0
2025-11-14,140.0,Mutare Second Street,DIESEL LITRES,25.0,25.0
2025-11-14,140.0,Mutare Second Street,MUTARE SECOND USD DIESEL,122.972973,182.0
2025-11-14,140.0,Mutare Second Street,PETROL LITRES,30.0,30.0
2025-11-14,141.0,Troutbeck,TROUTBECK USD DIESEL,1179.640522,1752.6
2025-11-14,145.0,Sunway City,SUNWAY USD DIESEL,601.383116,923.8105
2025-11-14,145.0,Sunway City,SUNWAY USD PETROL,159.090909,245.0
2025-11-14,146.0,Banket,BANKET BULK DIESEL USD,600.0,888.0
2025-11-14,146.0,Banket,BANKET USD DIESEL,73.506579,111.73
2025-11-14,146.0,Banket,BANKET USD PETROL,20.0,30.8
2025-11-14,146.0,Banket,DIESEL LITRES,60.0,60.0
2025-11-14,146.0,Banket,PETROL LITRES,15.0,15.0
2025-11-14,147.0,,,,304.0
2025-11-14,147.0,Chinhoyi Main,CHINHOYI BULK DIESEL USD,750.0,1110.0
2025-11-14,147.0,Chinhoyi Main,CHINHOYI MAIN USD DIESEL,412.105263,626.4
2025-11-14,147.0,Chinhoyi Main,CHINHOYI MAIN USD PETROL,36.798701,56.67
2025-11-14,147.0,Chinhoyi Main,DIESEL LITRES,102.74,102.74
2025-11-14,148.0,Chegutu,CHEGUTU USD DIESEL,35.0,52.5
2025-11-14,148.0,Chegutu,DIESEL LITRES,58.0,58.0
2025-11-14,149.0,Turnpike,DIESEL LITRES,885.0,885.0
2025-11-14,149.0,Turnpike,TURNPIKE USD DIESEL,45.324675,69.8
2025-11-14,149.0,Turnpike,TURNPIKE USD PETROL,62.532468,96.3
2025-11-14,150.0,Mutare One Stop,DIESEL LITRES,74.0,74.0
2025-11-14,150.0,Mutare One Stop,MUTARE ONE STOP DIESEL,247.972973,367.0
2025-11-14,150.0,Mutare One Stop,MUTARE ONE STOP PETROL,40.0,60.0
2025-11-14,167.0,Munch & Move,MUNCH & MOVE - SALES,33.42,33.42
2025-11-14,168.0,Avondale M&M,AVONDALE M&M,3.9,3.9
2025-11-15,,,,,19579.19
2025-11-15,82.0,Runiville,PETROL LITRES,38.0,38.0
2025-11-15,82.0,Runiville,RUNIVILLE BULK DIESEL USD,323.391892,478.62
2025-11-15,82.0,Runiville,RUNIVILLE USD DIESEL,1051.928571,1591.9104
2025-11-15,82.0,Runiville,RUNIVILLE USD PETROL,492.344154,754.6516
2025-11-15,84.0,,,,140.5244
2025-11-15,84.0,Avondale,AVONDALE USD DIESEL,1115.753248,1697.025
2025-11-15,84.0,Avondale,AVONDALE USD PETROL,1121.370129,1705.36
2025-11-15,84.0,Avondale,DIESEL LITRES,288.54,288.54
2025-11-15,84.0,Avondale,PETROL LITRES,169.76,169.76
2025-11-15,86.0,Charter,CHARTER USD DIESEL,339.012988,518.4449
2025-11-15,86.0,Charter,CHARTER USD PETROL,279.14935,427.6173
2025-11-15,86.0,Charter,PETROL LITRES,30.0,30.0
2025-11-15,88.0,Seke,SEKE USD DIESEL,97.123376,145.3632
2025-11-15,88.0,Seke,SEKE USD PETROL,226.168831,343.9981
2025-11-15,92.0,Msasa,DIESEL LITRES,524.85,524.85
2025-11-15,92.0,Msasa,MSASA BULK DIESEL,721.621622,1068.0
2025-11-15,92.0,Msasa,MSASA USD DIESEL,468.590907,721.63
2025-11-15,92.0,Msasa,MSASA USD PETROL,570.090909,876.2715
2025-11-15,92.0,Msasa,PETROL LITRES,180.0,180.0
2025-11-15,96.0,Samora,DIESEL LITRES,15.0,15.0
2025-11-15,96.0,Samora,PETROL LITRES,50.0,50.0
2025-11-15,96.0,Samora,SAMORA USD DIESEL,74.701298,115.04
2025-11-15,96.0,Samora,SAMORA USD PETROL,341.811688,526.04
2025-11-15,98.0,Roadport,DIESEL LITRES,184.99,184.99
2025-11-15,98.0,Roadport,PETROL LITRES,210.0,210.0
2025-11-15,98.0,Roadport,ROADPORT USD DIESEL,1449.272725,2217.4293
2025-11-15,98.0,Roadport,ROAPORT USD PETROL,154.512987,237.45
2025-11-15,102.0,Kirkman,DIESEL LITRES,1702.0,1702.0
2025-11-15,102.0,Kirkman,KIRKMAN USD DIESEL,291.948051,439.3857
2025-11-15,102.0,Kirkman,KIRKMAN USD PETROL,259.194805,398.8353
2025-11-15,102.0,Kirkman,PETROL LITRES,98.14,98.14
2025-11-15,110.0,Mutare Green Market,MUTARE GREENMARKET USD DIESEL,30.0,44.4
2025-11-15,110.0,Mutare Green Market,MUTARE GREENMARKET USD PETROL,26.0,39.0
2025-11-15,112.0,Marondera,MARONDERA USD DIESEL,45.578231,67.0
2025-11-15,112.0,Marondera,MARONDERA USD PETROL,66.52,99.056
2025-11-15,112.0,Marondera,PETROL LITRES,27.0,27.0
2025-11-15,114.0,Kadoma,DIESEL LITRES,120.0,120.0
2025-11-15,114.0,Kadoma,KADOMA USD DIESEL,42.966443,64.02
2025-11-15,121.0,Gweru,DIESEL LITRES,373.0,373.0
2025-11-15,121.0,Gweru,GWERU USD DIESEL,882.503356,1314.93
2025-11-15,121.0,Gweru,GWERU USD PETROL,311.210528,469.0989
2025-11-15,123.0,Fife Street,DIESEL LITRES,200.0,200.0
2025-11-15,123.0,Fife Street,FIFE USD DIESEL,479.441558,738.34
2025-11-15,123.0,Fife Street,FIFE USD PETROL,204.616883,315.11
2025-11-15,125.0,Fort Street,DIESEL LITRES,670.0,670.0
2025-11-15,125.0,Fort Street,FORT USD DIESEL,158.214286,243.65
2025-11-15,125.0,Fort Street,FORT USD PETROL,118.766234,180.7896
2025-11-15,127.0,Mpopoma,MPOPOMA USD DIESEL,263.084415,397.163
2025-11-15,127.0,Mpopoma,MPOPOMA USD PETROL,153.090909,233.2906
2025-11-15,129.0,Khami,KHAMI USD DIESEL,260.0,392.6
2025-11-15,129.0,Khami,KHAMI USD PETROL,47.402597,73.0
2025-11-15,131.0,R Mugabe,PETROL LITRES,20.0,20.0
2025-11-15,131.0,R Mugabe,R MUGABE USD DIESEL,9.74026,15.0
2025-11-15,131.0,R Mugabe,R MUGABE USD PETROL,115.64935,178.1
2025-11-15,135.0,Cripps,CRIPPS DIESEL USD,656.077922,995.6311
2025-11-15,135.0,Cripps,CRIPPS PETROL USD,203.798701,313.85
2025-11-15,135.0,Cripps,DIESEL LITRES,20.0,20.0
2025-11-15,140.0,Mutare Second Street,PETROL LITRES,22.0,22.0
2025-11-15,141.0,Troutbeck,DIESEL LITRES,200.0,200.0
2025-11-15,141.0,Troutbeck,TROUTBECK USD DIESEL,79.490196,118.1455
2025-11-15,141.0,Troutbeck,TROUTBECK USD PETROL,12.987013,19.3506
2025-11-15,144.0,Bessemer,BESSEMER USD PETROL,68.965517,96.5517
2025-11-15,145.0,Sunway City,DIESEL LITRES,110.0,110.0
2025-11-15,145.0,Sunway City,PETROL LITRES,15.0,15.0
2025-11-15,145.0,Sunway City,SUNWAY USD DIESEL,226.2987,348.5
2025-11-15,145.0,Sunway City,SUNWAY USD PETROL,197.188312,298.6699
2025-11-15,146.0,Banket,BANKET BULK DIESEL USD,275.0,407.0
2025-11-15,146.0,Banket,BANKET USD PETROL,31.727273,48.86
2025-11-15,146.0,Banket,DIESEL LITRES,50.0,50.0
2025-11-15,146.0,Banket,PETROL LITRES,15.0,15.0
2025-11-15,147.0,Chinhoyi Main,CHINHOYI BULK DIESEL USD,2201.351351,3258.0
2025-11-15,147.0,Chinhoyi Main,CHINHOYI MAIN USD DIESEL,152.842105,231.1687
2025-11-15,147.0,Chinhoyi Main,CHINHOYI MAIN USD PETROL,124.980518,192.47
2025-11-15,148.0,Chegutu,CHEGUTU USD DIESEL,122.666667,184.0
2025-11-15,148.0,Chegutu,CHEGUTU USD PETROL,39.473684,60.0
2025-11-15,148.0,Chegutu,DIESEL LITRES,104.28,104.28
2025-11-15,149.0,Turnpike,DIESEL LITRES,62.0,62.0
2025-11-15,149.0,Turnpike,TURNPIKE USD DIESEL,277.272727,427.0
2025-11-15,149.0,Turnpike,TURNPIKE USD PETROL,79.103896,121.82
2025-11-15,150.0,Mutare One Stop,DIESEL LITRES,57.57,57.57
2025-11-15,150.0,Mutare One Stop,MUTARE ONE STOP PETROL,40.0,60.0
2025-11-16,,,,,11115.12
2025-11-16,82.0,Runiville,DIESEL LITRES,150.43,150.43
2025-11-16,82.0,Runiville,PETROL LITRES,24.97,24.97
2025-11-16,82.0,Runiville,RUNIVILLE BULK DIESEL USD,800.432432,1184.64
2025-11-16,82.0,Runiville,RUNIVILLE USD DIESEL,379.396104,576.1275
2025-11-16,82.0,Runiville,RUNIVILLE USD PETROL,394.045454,604.7521
2025-11-16,84.0,Avondale,AVONDALE USD DIESEL,399.818182,610.9567
2025-11-16,84.0,Avondale,AVONDALE USD PETROL,1048.019479,1608.6938
2025-11-16,84.0,Avondale,DIESEL LITRES,305.69,305.69
2025-11-16,84.0,Avondale,PETROL LITRES,48.86,48.86
2025-11-16,86.0,Charter,CHARTER BULK/TAXI DIESEL ,222.972973,318.8514
2025-11-16,86.0,Charter,CHARTER USD DIESEL,53.162338,79.9911
2025-11-16,86.0,Charter,CHARTER USD PETROL,91.376624,140.72
2025-11-16,86.0,Charter,PETROL LITRES,20.0,20.0
2025-11-16,88.0,Seke,PETROL LITRES,54.63,54.63
2025-11-16,88.0,Seke,SEKE USD DIESEL,55.012987,84.72
2025-11-16,88.0,Seke,SEKE USD PETROL,107.792208,163.5649
2025-11-16,92.0,Msasa,DIESEL LITRES,453.94,453.94
2025-11-16,92.0,Msasa,MSASA BULK DIESEL,202.702703,300.0
2025-11-16,92.0,Msasa,MSASA USD DIESEL,146.331169,225.35
2025-11-16,92.0,Msasa,MSASA USD PETROL,196.25974,302.24
2025-11-16,92.0,Msasa,PETROL LITRES,165.5,165.5
2025-11-16,96.0,Samora,SAMORA USD DIESEL,219.337661,334.93
2025-11-16,96.0,Samora,SAMORA USD PETROL,395.259738,604.4387
2025-11-16,98.0,Roadport,DIESEL LITRES,80.0,80.0
2025-11-16,98.0,Roadport,PETROL LITRES,40.0,40.0
2025-11-16,98.0,Roadport,ROADPORT USD DIESEL,499.610389,766.1623
2025-11-16,98.0,Roadport,ROAPORT USD PETROL,370.53896,563.5193
2025-11-16,102.0,Kirkman,DIESEL LITRES,605.0,605.0
2025-11-16,102.0,Kirkman,KIRKMAN USD DIESEL,781.915583,1192.1582
2025-11-16,102.0,Kirkman,KIRKMAN USD PETROL,294.467531,449.7021
2025-11-16,102.0,Kirkman,PETROL LITRES,20.0,20.0
2025-11-16,110.0,Mutare Green Market,DIESEL LITRES,30.0,30.0
2025-11-16,110.0,Mutare Green Market,MUTARE GREENMARKET USD DIESEL,40.0,59.2
2025-11-16,112.0,Marondera,MARONDERA USD DIESEL,88.707483,129.4
2025-11-16,112.0,Marondera,MARONDERA USD PETROL,16.213333,23.5093
2025-11-16,114.0,Kadoma,DIESEL LITRES,30.21,30.21
2025-11-16,114.0,Kadoma,KADOMA USD DIESEL,67.114094,100.0
2025-11-16,121.0,Gweru,DIESEL LITRES,197.0,197.0
2025-11-16,121.0,Gweru,GWERU USD DIESEL,455.838926,676.8
2025-11-16,121.0,Gweru,GWERU USD PETROL,92.967106,137.9147
2025-11-16,123.0,Fife Street,FIFE USD DIESEL,1219.110388,1861.8843
2025-11-16,123.0,Fife Street,FIFE USD PETROL,232.636364,358.26
2025-11-16,125.0,Fort Street,DIESEL LITRES,10.0,10.0
2025-11-16,125.0,Fort Street,FORT USD DIESEL,56.688312,84.9526
2025-11-16,125.0,Fort Street,FORT USD PETROL,104.318181,159.2588
2025-11-16,127.0,Mpopoma,MPOPOMA BULK DIESEL USD,216.216216,320.0
2025-11-16,127.0,Mpopoma,MPOPOMA USD DIESEL,491.603897,744.9537
2025-11-16,127.0,Mpopoma,MPOPOMA USD PETROL,738.928571,1116.5614
2025-11-16,129.0,Khami,KHAMI USD DIESEL,205.324675,310.4299
2025-11-16,129.0,Khami,KHAMI USD PETROL,85.974026,132.4
2025-11-16,131.0,R Mugabe,R MUGABE USD DIESEL,179.227272,276.01
2025-11-16,131.0,R Mugabe,R MUGABE USD PETROL,21.941558,33.79
2025-11-16,135.0,Cripps,CRIPPS DIESEL USD,360.435065,551.6219
2025-11-16,135.0,Cripps,CRIPPS PETROL USD,176.480519,271.78
2025-11-16,140.0,Mutare Second Street,MUTARE SECOND USD DIESEL,56.756757,84.0
2025-11-16,140.0,Mutare Second Street,PETROL LITRES,20.5,20.5
2025-11-16,141.0,Troutbeck,DIESEL LITRES,293.0,293.0
2025-11-16,141.0,Troutbeck,TROUTBECK USD DIESEL,25.751634,39.4
2025-11-16,144.0,Bessemer,BESSEMER USD DIESEL,68.965517,100.0
2025-11-16,145.0,Sunway City,PETROL LITRES,76.85,76.85
2025-11-16,145.0,Sunway City,SUNWAY USD DIESEL,1061.493507,1628.6351
2025-11-16,145.0,Sunway City,SUNWAY USD PETROL,204.428571,312.4817
2025-11-16,146.0,Banket,BANKET USD DIESEL,47.368421,72.0
2025-11-16,146.0,Banket,DIESEL LITRES,110.0,110.0
2025-11-16,147.0,Chinhoyi Main,CHINHOYI BULK DIESEL USD,500.0,740.0
2025-11-16,147.0,Chinhoyi Main,CHINHOYI MAIN USD DIESEL,106.315789,161.6
2025-11-16,147.0,Chinhoyi Main,CHINHOYI MAIN USD PETROL,152.88961,235.45
2025-11-16,148.0,Chegutu,CHEGUTU USD DIESEL,68.193333,102.29
2025-11-16,148.0,Chegutu,CHEGUTU USD PETROL,35.809211,54.43
2025-11-16,148.0,Chegutu,DIESEL LITRES,10.0,10.0
2025-11-16,148.0,Chegutu,PETROL LITRES,30.0,30.0
2025-11-16,149.0,Turnpike,DIESEL LITRES,390.0,390.0
2025-11-16,149.0,Turnpike,TURNPIKE USD DIESEL,18.116883,27.3565
2025-11-16,149.0,Turnpike,TURNPIKE USD PETROL,37.012987,57.0
2025-11-16,150.0,Mutare One Stop,MUTARE ONE STOP PETROL,16.666667,24.1667
2025-11-16,168.0,Avondale M&M,AVONDALE M&M,4.1,4.1
2025-11-17,,,,,116105.22
2025-11-17,82.0,Runiville,DIESEL LITRES,243.33,243.33
2025-11-17,82.0,Runiville,PETROL LITRES,479.35,479.35
2025-11-17,82.0,Runiville,RUNIVILLE BULK DIESEL USD,319.209459,472.43
2025-11-17,82.0,Runiville,RUNIVILLE USD DIESEL,826.259739,1238.4692
2025-11-17,82.0,Runiville,RUNIVILLE USD PETROL,1046.233764,1603.6029
2025-11-17,84.0,,,,100.9
2025-11-17,84.0,Avondale,AVONDALE USD DIESEL,1578.915583,2404.9304
2025-11-17,84.0,Avondale,AVONDALE USD PETROL,1821.441555,2778.5785
2025-11-17,84.0,Avondale,DIESEL LITRES,248.63,248.63
2025-11-17,84.0,Avondale,PETROL LITRES,70.0,70.0
2025-11-17,86.0,Charter,CHARTER USD DIESEL,1257.012986,1915.3763
2025-11-17,86.0,Charter,CHARTER USD PETROL,548.603894,841.2526
2025-11-17,86.0,Charter,DIESEL LITRES,28.82,28.82
2025-11-17,86.0,Charter,PETROL LITRES,62.92,62.92
2025-11-17,88.0,Seke,PETROL LITRES,58.0,58.0
2025-11-17,88.0,Seke,SEKE USD DIESEL,69.350649,105.8
2025-11-17,88.0,Seke,SEKE USD PETROL,96.376624,146.1369
2025-11-17,92.0,Msasa,DIESEL LITRES,1893.65,1893.65
2025-11-17,92.0,Msasa,MSASA BULK DIESEL,470.945946,697.0
2025-11-17,92.0,Msasa,MSASA USD DIESEL,1076.305192,1657.51
2025-11-17,92.0,Msasa,MSASA USD PETROL,1318.363633,2030.28
2025-11-17,92.0,Msasa,PETROL LITRES,494.65,494.65
2025-11-17,96.0,Samora,DIESEL LITRES,80.0,80.0
2025-11-17,96.0,Samora,SAMORA USD DIESEL,310.805195,476.166
2025-11-17,96.0,Samora,SAMORA USD PETROL,489.870129,748.2789
2025-11-17,98.0,Roadport,DIESEL LITRES,853.0,853.0
2025-11-17,98.0,Roadport,PETROL LITRES,420.48,420.48
2025-11-17,98.0,Roadport,ROADPORT USD DIESEL,1141.383117,1747.1481
2025-11-17,98.0,Roadport,ROAPORT USD PETROL,1219.324669,1862.2276
2025-11-17,102.0,Kirkman,DIESEL LITRES,680.0,680.0
2025-11-17,102.0,Kirkman,KIRKMAN USD DIESEL,353.324674,544.12
2025-11-17,102.0,Kirkman,KIRKMAN USD PETROL,460.45454,705.0415
2025-11-17,110.0,Mutare Green Market,DIESEL LITRES,400.0,400.0
2025-11-17,110.0,Mutare Green Market,MUTARE GREENMARKET USD DIESEL,90.0,133.2
2025-11-17,112.0,Marondera,MARONDERA USD DIESEL,147.387756,216.66
2025-11-17,112.0,Marondera,MARONDERA USD PETROL,348.946667,523.42
2025-11-17,112.0,Marondera,PETROL LITRES,60.91,60.91
2025-11-17,114.0,Kadoma,KADOMA USD DIESEL,185.979865,277.11
2025-11-17,114.0,Kadoma,KADOMA USD PETROL,13.245033,20.0
2025-11-17,121.0,Gweru,DIESEL LITRES,50.0,50.0
2025-11-17,121.0,Gweru,GWERU USD DIESEL,908.402685,1351.52
2025-11-17,123.0,Fife Street,DIESEL LITRES,334.55,334.55
2025-11-17,123.0,Fife Street,FIFE USD DIESEL,819.357142,1257.8165
2025-11-17,123.0,Fife Street,FIFE USD PETROL,272.181818,419.16
2025-11-17,123.0,Fife Street,PETROL LITRES,20.0,20.0
2025-11-17,125.0,Fort Street,FORT USD DIESEL,540.805195,832.84
2025-11-17,125.0,Fort Street,FORT USD PETROL,212.175324,326.75
2025-11-17,127.0,Mpopoma,MPOPOMA BULK DIESEL USD,600.0,888.0
2025-11-17,127.0,Mpopoma,MPOPOMA USD DIESEL,237.123376,360.3939
2025-11-17,127.0,Mpopoma,MPOPOMA USD PETROL,224.902597,340.7269
2025-11-17,129.0,Khami,DIESEL LITRES,25.0,25.0
2025-11-17,129.0,Khami,KHAMI USD DIESEL,845.0,1276.1
2025-11-17,129.0,Khami,KHAMI USD PETROL,219.220779,337.2753
2025-11-17,131.0,R Mugabe,R MUGABE USD DIESEL,196.25974,302.24
2025-11-17,131.0,R Mugabe,R MUGABE USD PETROL,174.935065,266.8026
2025-11-17,135.0,Cripps,CRIPPS DIESEL USD,1354.025973,2084.2
2025-11-17,135.0,Cripps,CRIPPS PETROL USD,1172.94805,1804.7471
2025-11-17,135.0,Cripps,DIESEL LITRES,60.0,60.0
2025-11-17,135.0,Cripps,PETROL LITRES,102.02,102.02
2025-11-17,140.0,Mutare Second Street,MUTARE SECOND USD DIESEL,121.621621,180.0
2025-11-17,140.0,Mutare Second Street,MUTARE SECOND USD PETROL,30.0,45.0
2025-11-17,140.0,Mutare Second Street,PETROL LITRES,40.0,40.0
2025-11-17,141.0,Troutbeck,TROUTBECK USD DIESEL,40.0,61.2
2025-11-17,144.0,Bessemer,BESSEMER USD PETROL,51.724138,75.0
2025-11-17,145.0,Sunway City,DIESEL LITRES,30.0,30.0
2025-11-17,145.0,Sunway City,PETROL LITRES,28.37,28.37
2025-11-17,145.0,Sunway City,SUNWAY USD DIESEL,683.383116,1037.4682
2025-11-17,145.0,Sunway City,SUNWAY USD PETROL,100.922078,155.42
2025-11-17,146.0,Banket,BANKET USD DIESEL,36.184211,55.0
2025-11-17,146.0,Banket,DIESEL LITRES,67.42,67.42
2025-11-17,147.0,Chinhoyi Main,CHINHOYI MAIN USD DIESEL,116.335526,176.83
2025-11-17,147.0,Chinhoyi Main,CHINHOYI MAIN USD PETROL,41.441558,62.82
2025-11-17,147.0,Chinhoyi Main,DIESEL LITRES,66.0,66.0
2025-11-17,148.0,Chegutu,CHEGUTU BULK DIESEL USD,135.135135,200.0
2025-11-17,148.0,Chegutu,CHEGUTU USD PETROL,13.006579,19.77
2025-11-17,149.0,Turnpike,DIESEL LITRES,616.0,616.0
2025-11-17,149.0,Turnpike,TURNPIKE USD DIESEL,45.454545,68.3766
2025-11-17,149.0,Turnpike,TURNPIKE USD PETROL,19.480519,30.0
2025-11-17,150.0,Mutare One Stop,DIESEL LITRES,75.0,75.0
2025-11-17,150.0,Mutare One Stop,MUTARE ONE STOP DIESEL,64.189189,95.0
2025-11-17,150.0,Mutare One Stop,MUTARE ONE STOP PETROL,28.813333,43.22
2025-11-17,167.0,Munch & Move,MUNCH & MOVE - SALES,47.55,47.55
2025-11-17,168.0,Avondale M&M,AVONDALE M&M,49.3,49.3
2025-11-18,,,,,127672.89
2025-11-18,82.0,Runiville,DIESEL LITRES,263.4,263.4
2025-11-18,82.0,Runiville,RUNIVILLE BULK DIESEL USD,569.668919,843.11
2025-11-18,82.0,Runiville,RUNIVILLE USD DIESEL,670.824675,1032.6684
2025-11-18,82.0,Runiville,RUNIVILLE USD PETROL,543.227272,835.07
2025-11-18,84.0,Avondale,AVONDALE USD DIESEL,1644.46753,2511.1933
2025-11-18,84.0,Avondale,AVONDALE USD PETROL,1252.188307,1917.3754
2025-11-18,84.0,Avondale,DIESEL LITRES,259.52,259.52
2025-11-18,84.0,Avondale,PETROL LITRES,122.18,122.18
2025-11-18,86.0,Charter,CHARTER BULK/TAXI DIESEL ,100.0,148.0
2025-11-18,86.0,Charter,CHARTER USD DIESEL,430.240258,662.2453
2025-11-18,86.0,Charter,CHARTER USD PETROL,385.987011,593.7706
2025-11-18,86.0,Charter,DIESEL LITRES,350.0,350.0
2025-11-18,86.0,Charter,PETROL LITRES,15.0,15.0
2025-11-18,88.0,Seke,DIESEL LITRES,509.44,509.44
2025-11-18,88.0,Seke,SEKE USD DIESEL,291.038961,443.6403
2025-11-18,88.0,Seke,SEKE USD PETROL,153.162338,231.9253
2025-11-18,92.0,Msasa,DIESEL LITRES,1686.58,1686.58
2025-11-18,92.0,Msasa,MSA-RUBIA TIR 7400 15W40 500ML,1.333333,4.0
2025-11-18,92.0,Msasa,MSASA BULK DIESEL,1064.831081,1575.95
2025-11-18,92.0,Msasa,MSASA USD DIESEL,966.68831,1485.7779
2025-11-18,92.0,Msasa,MSASA USD PETROL,597.818179,920.64
2025-11-18,92.0,Msasa,PETROL LITRES,116.93,116.93
2025-11-18,96.0,Samora,SAMORA USD PETROL,226.480519,347.6436
2025-11-18,98.0,Roadport,DIESEL LITRES,203.91,203.91
2025-11-18,98.0,Roadport,PETROL LITRES,35.0,35.0
2025-11-18,98.0,Roadport,ROADPORT USD DIESEL,955.980515,1460.8671
2025-11-18,98.0,Roadport,ROAPORT USD PETROL,643.149349,987.2568
2025-11-18,102.0,Kirkman,DIESEL LITRES,1267.0,1267.0
2025-11-18,102.0,Kirkman,KIRKMAN USD DIESEL,102.857143,156.4
2025-11-18,102.0,Kirkman,KIRKMAN USD PETROL,144.116881,220.9355
2025-11-18,102.0,Kirkman,PETROL LITRES,30.0,30.0
2025-11-18,110.0,Mutare Green Market,MUTARE GREENMARKET USD DIESEL,83.918919,124.2
2025-11-18,110.0,Mutare Green Market,MUTARE GREENMARKET USD PETROL,30.0,45.0
2025-11-18,112.0,Marondera,MARONDERA USD DIESEL,115.768708,170.18
2025-11-18,112.0,Marondera,MARONDERA USD PETROL,10.0,15.0
2025-11-18,114.0,Kadoma,KADOMA USD DIESEL,141.610738,211.0
2025-11-18,121.0,Gweru,DIESEL LITRES,130.0,130.0
2025-11-18,121.0,Gweru,GWERU USD DIESEL,826.852348,1224.9004
2025-11-18,121.0,Gweru,GWERU USD PETROL,102.052631,152.1242
2025-11-18,123.0,Fife Street,DIESEL LITRES,35.6,35.6
2025-11-18,123.0,Fife Street,FIFE USD DIESEL,599.87013,917.1623
2025-11-18,123.0,Fife Street,FIFE USD PETROL,225.941557,346.601
2025-11-18,123.0,Fife Street,PETROL LITRES,92.0,92.0
2025-11-18,125.0,Fort Street,FORT USD DIESEL,860.116884,1324.58
2025-11-18,125.0,Fort Street,FORT USD PETROL,350.525974,539.81
2025-11-18,127.0,Mpopoma,MPOPOMA BULK DIESEL USD,135.135135,200.0
2025-11-18,127.0,Mpopoma,MPOPOMA USD DIESEL,279.383116,429.2898
2025-11-18,127.0,Mpopoma,MPOPOMA USD PETROL,45.454545,70.0
2025-11-18,129.0,Khami,DIESEL LITRES,100.0,100.0
2025-11-18,129.0,Khami,KHAMI USD DIESEL,202.993506,306.9098
2025-11-18,129.0,Khami,KHAMI USD PETROL,70.974026,109.3
2025-11-18,131.0,R Mugabe,PETROL LITRES,30.0,30.0
2025-11-18,131.0,R Mugabe,R MUGABE USD DIESEL,234.448051,361.05
2025-11-18,131.0,R Mugabe,R MUGABE USD PETROL,66.233766,102.0
2025-11-18,135.0,Cripps,CRIPPS DIESEL USD,1116.142856,1710.6044
2025-11-18,135.0,Cripps,CRIPPS PETROL USD,578.512986,890.91
2025-11-18,135.0,Cripps,DIESEL LITRES,770.0,770.0
2025-11-18,135.0,Cripps,PETROL LITRES,637.9,637.9
2025-11-18,140.0,Mutare Second Street,MUTARE SECOND USD DIESEL,90.452702,132.219
2025-11-18,140.0,Mutare Second Street,MUTARE SECOND USD PETROL,33.333333,50.0
2025-11-18,141.0,Troutbeck,TROUTBECK USD DIESEL,45.359477,69.4
2025-11-18,141.0,Troutbeck,TROUTBECK USD PETROL,50.649351,78.0
2025-11-18,144.0,Bessemer,BESSEMER USD DIESEL,39.310345,57.0
2025-11-18,144.0,Bessemer,BESSEMER USD PETROL,38.62069,56.0
2025-11-18,145.0,Sunway City,DIESEL LITRES,30.0,30.0
2025-11-18,145.0,Sunway City,SUNWAY USD DIESEL,420.129869,647.0
2025-11-18,145.0,Sunway City,SUNWAY USD PETROL,178.194804,271.6531
2025-11-18,146.0,Banket,BANKET BULK DIESEL USD,1281.108108,1896.04
2025-11-18,146.0,Banket,BANKET USD DIESEL,39.473684,60.0
2025-11-18,146.0,Banket,BANKET USD PETROL,42.857143,66.0
2025-11-18,146.0,Banket,DIESEL LITRES,90.0,90.0
2025-11-18,147.0,Chinhoyi Main,CHINHOYI BULK DIESEL USD,300.0,444.0
2025-11-18,147.0,Chinhoyi Main,CHINHOYI MAIN USD DIESEL,146.0,221.92
2025-11-18,147.0,Chinhoyi Main,CHINHOYI MAIN USD PETROL,118.577921,180.0126
2025-11-18,148.0,Chegutu,CHEGUTU USD DIESEL,139.333333,209.0
2025-11-18,148.0,Chegutu,CHEGUTU USD PETROL,32.236842,49.0
2025-11-18,148.0,Chegutu,DIESEL LITRES,100.0,100.0
2025-11-18,149.0,Turnpike,TURNPIKE USD DIESEL,55.844156,86.0
2025-11-18,149.0,Turnpike,TURNPIKE USD PETROL,29.220779,44.3506
2025-11-18,150.0,Mutare One Stop,MUTARE ONE STOP DIESEL,330.135134,488.6
2025-11-18,150.0,Mutare One Stop,MUTARE ONE STOP PETROL,149.8,224.7
2025-11-18,167.0,Munch & Move,MUNCH & MOVE - SALES,104.0,104.0
2025-11-18,168.0,Avondale M&M,AVONDALE M&M,3.0,3.0
2025-11-19,,,,,60526.89
2025-11-19,82.0,,,,34.78
2025-11-19,82.0,Runiville,DIESEL LITRES,622.93,622.93
2025-11-19,82.0,Runiville,PETROL LITRES,71.28,71.28
2025-11-19,82.0,Runiville,RUNIVILLE BULK DIESEL USD,830.736487,1229.49
2025-11-19,82.0,Runiville,RUNIVILLE USD DIESEL,1376.38961,2092.3363
2025-11-19,82.0,Runiville,RUNIVILLE USD PETROL,1238.91558,1902.7624
2025-11-19,84.0,Avondale,AVO-RACE BRAKEFLUID DOT4+ 500ML,1.25,5.0
2025-11-19,84.0,Avondale,AVONDALE USD DIESEL,1052.2987,1616.7501
2025-11-19,84.0,Avondale,AVONDALE USD PETROL,1122.740258,1718.3558
2025-11-19,84.0,Avondale,DIESEL LITRES,181.82,181.82
2025-11-19,84.0,Avondale,PETROL LITRES,121.06,121.06
2025-11-19,86.0,Charter,CHARTER BULK/TAXI DIESEL ,270.27027,400.0
2025-11-19,86.0,Charter,CHARTER USD DIESEL,593.318182,910.3911
2025-11-19,86.0,Charter,CHARTER USD PETROL,280.207793,430.8706
2025-11-19,86.0,Charter,DIESEL LITRES,70.0,70.0
2025-11-19,86.0,Charter,PETROL LITRES,456.0,456.0
2025-11-19,88.0,Seke,SEKE USD DIESEL,258.0,389.58
2025-11-19,88.0,Seke,SEKE USD PETROL,207.077923,312.0552
2025-11-19,92.0,Msasa,DIESEL LITRES,1630.51,1630.51
2025-11-19,92.0,Msasa,MSASA BULK DIESEL,1532.804053,2258.4149
2025-11-19,92.0,Msasa,MSASA USD DIESEL,987.811688,1515.7839
2025-11-19,92.0,Msasa,MSASA USD PETROL,942.850649,1444.3601
2025-11-19,92.0,Msasa,PETROL LITRES,82.0,82.0
2025-11-19,96.0,Samora,DIESEL LITRES,30.0,30.0
2025-11-19,96.0,Samora,PETROL LITRES,25.0,25.0
2025-11-19,96.0,Samora,SAMORA USD DIESEL,623.084415,949.016
2025-11-19,96.0,Samora,SAMORA USD PETROL,561.103894,847.9084
2025-11-19,98.0,Roadport,DIESEL LITRES,292.22,292.22
2025-11-19,98.0,Roadport,PETROL LITRES,48.07,48.07
2025-11-19,98.0,Roadport,ROADPORT USD DIESEL,1149.13636,1761.9706
2025-11-19,98.0,Roadport,ROADPORT USD DIESEL BUS,555.121622,821.58
2025-11-19,98.0,Roadport,ROAPORT USD PETROL,809.733761,1241.011
2025-11-19,102.0,Kirkman,DIESEL LITRES,1530.0,1530.0
2025-11-19,102.0,Kirkman,KIRKMAN USD DIESEL,1493.051947,2287.6279
2025-11-19,102.0,Kirkman,KIRKMAN USD PETROL,265.551947,408.3006
2025-11-19,110.0,Mutare Green Market,MUTARE GREENMARKET USD DIESEL,27.567568,40.8
2025-11-19,112.0,Marondera,MARONDERA USD DIESEL,76.387756,112.29
2025-11-19,112.0,Marondera,MARONDERA USD PETROL,37.12,53.824
2025-11-19,112.0,Marondera,PETROL LITRES,25.0,25.0
2025-11-19,114.0,Kadoma,DIESEL LITRES,80.92,80.92
2025-11-19,114.0,Kadoma,KADOMA USD DIESEL,25.0,37.25
2025-11-19,114.0,Kadoma,KADOMA USD PETROL,59.602649,90.0
2025-11-19,121.0,Gweru,DIESEL LITRES,360.0,360.0
2025-11-19,121.0,Gweru,GWERU USD DIESEL,1822.315436,2693.4
2025-11-19,121.0,Gweru,GWERU USD PETROL,127.368421,193.1066
2025-11-19,123.0,Fife Street,DIESEL LITRES,89.04,89.04
2025-11-19,123.0,Fife Street,FIFE USD DIESEL,1237.928571,1904.91
2025-11-19,123.0,Fife Street,FIFE USD PETROL,422.577921,650.77
2025-11-19,125.0,Fort Street,DIESEL LITRES,170.0,170.0
2025-11-19,125.0,Fort Street,FORT USD DIESEL,741.324676,1141.64
2025-11-19,125.0,Fort Street,FORT USD PETROL,92.857142,143.0
2025-11-19,127.0,Mpopoma,MPOPOMA BULK DIESEL USD,415.675676,615.2
2025-11-19,127.0,Mpopoma,MPOPOMA USD DIESEL,90.0,135.9
2025-11-19,127.0,Mpopoma,MPOPOMA USD PETROL,349.149351,527.2155
2025-11-19,129.0,Khami,KHAMI USD DIESEL,91.493506,140.9
2025-11-19,129.0,Khami,KHAMI USD PETROL,20.0,30.8
2025-11-19,131.0,R Mugabe,R MUGABE USD PETROL,252.948053,388.8576
2025-11-19,135.0,Cripps,CRIPPS DIESEL USD,1806.948054,2771.4291
2025-11-19,135.0,Cripps,CRIPPS PETROL USD,663.051946,1019.4766
2025-11-19,135.0,Cripps,DIESEL LITRES,672.84,672.84
2025-11-19,135.0,Cripps,PETROL LITRES,116.94,116.94
2025-11-19,140.0,Mutare Second Street,MUTARE SECOND USD DIESEL,138.513514,205.0
2025-11-19,140.0,Mutare Second Street,MUTARE SECOND USD PETROL,10.0,15.0
2025-11-19,141.0,Troutbeck,TROUTBECK USD PETROL,16.233766,25.0
2025-11-19,144.0,Bessemer,BESSEMER USD DIESEL,96.551724,140.0
2025-11-19,145.0,Sunway City,PETROL LITRES,36.0,36.0
2025-11-19,145.0,Sunway City,SUNWAY USD DIESEL,698.181817,1064.8104
2025-11-19,145.0,Sunway City,SUNWAY USD PETROL,233.116882,356.5
2025-11-19,146.0,Banket,DIESEL LITRES,20.0,20.0
2025-11-19,147.0,Chinhoyi Main,CHINHOYI BULK DIESEL USD,700.0,1036.0
2025-11-19,147.0,Chinhoyi Main,CHINHOYI MAIN USD DIESEL,237.631578,361.2
2025-11-19,147.0,Chinhoyi Main,CHINHOYI MAIN USD PETROL,94.272726,145.18
2025-11-19,148.0,Chegutu,CHEGUTU BULK DIESEL USD,100.0,148.0
2025-11-19,148.0,Chegutu,CHEGUTU USD DIESEL,83.346666,125.02
2025-11-19,148.0,Chegutu,DIESEL LITRES,581.0,581.0
2025-11-19,149.0,Turnpike,DIESEL LITRES,280.0,280.0
2025-11-19,149.0,Turnpike,TURNPIKE USD DIESEL,198.727272,306.04
2025-11-19,149.0,Turnpike,TURNPIKE USD PETROL,89.487013,137.81
2025-11-19,150.0,Mutare One Stop,DIESEL LITRES,132.0,132.0
2025-11-19,150.0,Mutare One Stop,MUTARE ONE STOP DIESEL,259.945947,384.72
2025-11-19,150.0,Mutare One Stop,PETROL LITRES,15.0,15.0
2025-11-19,167.0,Munch & Move,MUNCH & MOVE - SALES,3.2,3.2
2025-11-19,168.0,Avondale M&M,AVONDALE M&M,2.5,2.5
2025-11-20,,,,,53835.71
2025-11-20,82.0,Runiville,DIESEL LITRES,221.0,221.0
2025-11-20,82.0,Runiville,PETROL LITRES,205.0,205.0
2025-11-20,82.0,Runiville,RUNIVILLE BULK DIESEL USD,864.297298,1279.16
2025-11-20,82.0,Runiville,RUNIVILLE USD DIESEL,2025.480519,3085.0784
2025-11-20,82.0,Runiville,RUNIVILLE USD PETROL,820.519478,1258.0533
2025-11-20,84.0,Avondale,AVONDALE USD DIESEL,1334.44805,2029.1316
2025-11-20,84.0,Avondale,AVONDALE USD PETROL,1096.168828,1671.7482
2025-11-20,84.0,Avondale,DIESEL LITRES,256.18,256.18
2025-11-20,84.0,Avondale,PETROL LITRES,92.0,92.0
2025-11-20,86.0,Charter,CHARTER USD DIESEL,701.461036,1061.9886
2025-11-20,86.0,Charter,CHARTER USD PETROL,319.461038,491.97
2025-11-20,86.0,Charter,DIESEL LITRES,170.0,170.0
2025-11-20,88.0,Seke,SEKE USD DIESEL,84.415584,127.4026
2025-11-20,88.0,Seke,SEKE USD PETROL,120.136364,183.2564
2025-11-20,92.0,Msasa,DIESEL LITRES,511.0,511.0
2025-11-20,92.0,Msasa,MSASA BULK DIESEL,676.081081,1000.6
2025-11-20,92.0,Msasa,MSASA USD DIESEL,886.88961,1364.6736
2025-11-20,92.0,Msasa,MSASA USD PETROL,878.220779,1350.4681
2025-11-20,92.0,Msasa,PETROL LITRES,106.49,106.49
2025-11-20,96.0,Samora,DIESEL LITRES,37.07,37.07
2025-11-20,96.0,Samora,SAMORA USD DIESEL,370.577922,567.7419
2025-11-20,96.0,Samora,SAMORA USD PETROL,200.03896,305.9793
2025-11-20,98.0,Roadport,DIESEL LITRES,332.49,332.49
2025-11-20,98.0,Roadport,PETROL LITRES,159.84,159.84
2025-11-20,98.0,Roadport,ROADPORT USD DIESEL,713.603893,1097.2292
2025-11-20,98.0,Roadport,ROAPORT USD PETROL,585.129869,899.3545
2025-11-20,102.0,Kirkman,DIESEL LITRES,290.0,290.0
2025-11-20,102.0,Kirkman,KIRKMAN USD DIESEL,218.655843,335.0417
2025-11-20,102.0,Kirkman,KIRKMAN USD PETROL,106.824674,163.6983
2025-11-20,102.0,Kirkman,PETROL LITRES,36.55,36.55
2025-11-20,110.0,Mutare Green Market,DIESEL LITRES,40.0,40.0
2025-11-20,110.0,Mutare Green Market,MUTARE GREEN MARKET BULK DIESEL,876.986301,1280.4
2025-11-20,110.0,Mutare Green Market,MUTARE GREENMARKET USD DIESEL,324.324325,480.0
2025-11-20,110.0,Mutare Green Market,MUTARE GREENMARKET USD PETROL,58.666666,88.0
2025-11-20,112.0,Marondera,DIESEL LITRES,167.5,167.5
2025-11-20,112.0,Marondera,MARONDERA USD DIESEL,125.170068,181.1429
2025-11-20,112.0,Marondera,MARONDERA USD PETROL,23.333333,34.7
2025-11-20,114.0,Kadoma,KADOMA USD DIESEL,23.711409,35.33
2025-11-20,114.0,Kadoma,KADOMA USD PETROL,40.569536,59.2315
2025-11-20,121.0,Gweru,DIESEL LITRES,240.0,240.0
2025-11-20,121.0,Gweru,GWERU USD DIESEL,2456.684564,3606.0748
2025-11-20,121.0,Gweru,GWERU USD PETROL,315.901315,475.8332
2025-11-20,123.0,Fife Street,DIESEL LITRES,113.24,113.24
2025-11-20,123.0,Fife Street,FIFE USD DIESEL,730.506493,1117.767
2025-11-20,123.0,Fife Street,FIFE USD PETROL,71.227273,109.0406
2025-11-20,125.0,Fort Street,DIESEL LITRES,110.0,110.0
2025-11-20,125.0,Fort Street,FORT USD DIESEL,305.324676,470.2
2025-11-20,125.0,Fort Street,FORT USD PETROL,207.272727,319.2
2025-11-20,127.0,Mpopoma,MPOPOMA BULK DIESEL USD,480.000001,710.4
2025-11-20,127.0,Mpopoma,MPOPOMA USD DIESEL,669.993505,1017.6883
2025-11-20,127.0,Mpopoma,MPOPOMA USD PETROL,288.454545,437.4754
2025-11-20,129.0,Khami,KHAMI USD DIESEL,78.246753,119.6
2025-11-20,129.0,Khami,KHAMI USD PETROL,36.850649,56.75
2025-11-20,131.0,R Mugabe,R MUGABE USD DIESEL,170.220779,262.14
2025-11-20,131.0,R Mugabe,R MUGABE USD PETROL,184.207792,283.68
2025-11-20,135.0,Cripps,CRIPPS DIESEL USD,1597.837662,2446.9641
2025-11-20,135.0,Cripps,CRIPPS PETROL USD,538.363636,829.08
2025-11-20,135.0,Cripps,DIESEL LITRES,180.0,180.0
2025-11-20,135.0,Cripps,PETROL LITRES,605.71,605.71
2025-11-20,140.0,Mutare Second Street,MUTARE SECOND USD DIESEL,79.027027,116.96
2025-11-20,140.0,Mutare Second Street,MUTARE SECOND USD PETROL,40.0,60.0
2025-11-20,141.0,Troutbeck,DIESEL LITRES,1200.0,1200.0
2025-11-20,141.0,Troutbeck,TROUTBECK USD DIESEL,249.581699,374.8973
2025-11-20,141.0,Troutbeck,TROUTBECK USD PETROL,20.0,30.8
2025-11-20,144.0,Bessemer,BESSEMER USD PETROL,20.689655,30.0
2025-11-20,145.0,Sunway City,SUNWAY USD DIESEL,1018.175325,1567.2108
2025-11-20,145.0,Sunway City,SUNWAY USD PETROL,356.37013,548.81
2025-11-20,146.0,Banket,BANKET BULK DIESEL USD,620.27027,918.0
2025-11-20,146.0,Banket,BANKET USD DIESEL,260.302632,395.66
2025-11-20,146.0,Banket,BANKET USD PETROL,10.0,15.4
2025-11-20,146.0,Banket,DIESEL LITRES,20.0,20.0
2025-11-20,147.0,Chinhoyi Main,CHINHOYI BULK DIESEL USD,1451.351351,2148.0
2025-11-20,147.0,Chinhoyi Main,CHINHOYI MAIN USD DIESEL,267.927632,404.297
2025-11-20,147.0,Chinhoyi Main,CHINHOYI MAIN USD PETROL,53.38961,80.07
2025-11-20,148.0,Chegutu,CHEGUTU USD DIESEL,81.553333,121.22
2025-11-20,149.0,Turnpike,DIESEL LITRES,643.0,643.0
2025-11-20,149.0,Turnpike,TURNPIKE USD DIESEL,62.207792,94.9883
2025-11-20,150.0,Mutare One Stop,DIESEL LITRES,65.0,65.0
2025-11-20,150.0,Mutare One Stop,MUTARE ONE STOP DIESEL,358.783785,528.973
2025-11-20,150.0,Mutare One Stop,MUTARE ONE STOP PETROL,44.986666,67.48
2025-11-21,,,,,88255.84
2025-11-21,82.0,Runiville,DIESEL LITRES,575.0,575.0
2025-11-21,82.0,Runiville,PETROL LITRES,1050.0,1050.0
2025-11-21,82.0,Runiville,RUNIVILLE BULK DIESEL USD,750.195946,1110.29
2025-11-21,82.0,Runiville,RUNIVILLE USD DIESEL,1349.110389,2042.3084
2025-11-21,82.0,Runiville,RUNIVILLE USD PETROL,849.175324,1302.1855
2025-11-21,84.0,Avondale,AVONDALE USD DIESEL,1218.733766,1859.2779
2025-11-21,84.0,Avondale,AVONDALE USD PETROL,1214.233764,1856.6528
2025-11-21,84.0,Avondale,DIESEL LITRES,572.59,572.59
2025-11-21,84.0,Avondale,PETROL LITRES,249.24,249.24
2025-11-21,86.0,Charter,CHARTER USD DIESEL,442.740257,681.1706
2025-11-21,86.0,Charter,CHARTER USD PETROL,397.854766,608.3159
2025-11-21,86.0,Charter,DIESEL LITRES,40.0,40.0
2025-11-21,88.0,Seke,PETROL LITRES,10.0,10.0
2025-11-21,88.0,Seke,SEKE USD DIESEL,596.324675,906.1392
2025-11-21,88.0,Seke,SEKE USD PETROL,129.229323,193.0846
2025-11-21,92.0,,,,10.0
2025-11-21,92.0,Msasa,DIESEL LITRES,199.0,199.0
2025-11-21,92.0,Msasa,MSASA BULK DIESEL,347.945946,514.96
2025-11-21,92.0,Msasa,MSASA USD DIESEL,913.175322,1397.3705
2025-11-21,92.0,Msasa,MSASA USD PETROL,624.266229,956.1764
2025-11-21,92.0,Msasa,PETROL LITRES,461.32,461.32
2025-11-21,96.0,Samora,SAMORA USD DIESEL,225.64935,340.6299
2025-11-21,96.0,Samora,SAMORA USD PETROL,626.16883,963.0013
2025-11-21,98.0,Roadport,DIESEL LITRES,180.0,180.0
2025-11-21,98.0,Roadport,PETROL LITRES,75.0,75.0
2025-11-21,98.0,Roadport,ROADPORT USD DIESEL,1250.98701,1919.3372
2025-11-21,98.0,Roadport,ROAPORT USD PETROL,763.142856,1170.8919
2025-11-21,102.0,Kirkman,DIESEL LITRES,5985.0,5985.0
2025-11-21,102.0,Kirkman,KIRKMAN USD DIESEL,265.642857,405.2234
2025-11-21,102.0,Kirkman,KIRKMAN USD PETROL,187.474025,284.9856
2025-11-21,110.0,Mutare Green Market,DIESEL LITRES,130.0,130.0
2025-11-21,110.0,Mutare Green Market,MUTARE GREEN MARKET BULK DIESEL,400.0,584.0
2025-11-21,110.0,Mutare Green Market,MUTARE GREENMARKET USD DIESEL,230.675676,341.4
2025-11-21,110.0,Mutare Green Market,MUTARE GREENMARKET USD PETROL,30.0,45.0
2025-11-21,112.0,Marondera,DIESEL LITRES,300.0,300.0
2025-11-21,112.0,Marondera,MARONDERA USD DIESEL,194.89796,286.5
2025-11-21,112.0,Marondera,MARONDERA USD PETROL,50.973333,75.7113
2025-11-21,112.0,Marondera,PETROL LITRES,105.08,105.08
2025-11-21,114.0,Kadoma,DIESEL LITRES,380.0,380.0
2025-11-21,114.0,Kadoma,KADOMA USD DIESEL,221.604026,330.19
2025-11-21,114.0,Kadoma,KADOMA USD PETROL,37.715232,56.95
2025-11-21,121.0,Gweru,DIESEL LITRES,334.0,334.0
2025-11-21,121.0,Gweru,GWERU BULK DIESEL USD,781.632653,1149.0
2025-11-21,121.0,Gweru,GWERU USD DIESEL,1714.382551,2525.9465
2025-11-21,121.0,Gweru,GWERU USD PETROL,89.585527,136.17
2025-11-21,123.0,Fife Street,DIESEL LITRES,107.96,107.96
2025-11-21,123.0,Fife Street,FIFE USD DIESEL,1323.64935,2023.8647
2025-11-21,123.0,Fife Street,FIFE USD PETROL,421.194804,648.64
2025-11-21,125.0,Fort Street,DIESEL LITRES,80.0,80.0
2025-11-21,125.0,Fort Street,FORT USD DIESEL,929.363636,1431.22
2025-11-21,125.0,Fort Street,FORT USD PETROL,228.811687,352.37
2025-11-21,127.0,Mpopoma,MPOPOMA USD DIESEL,246.616883,375.0409
2025-11-21,127.0,Mpopoma,MPOPOMA USD PETROL,618.168831,933.7077
2025-11-21,129.0,Khami,KHAMI USD PETROL,54.415584,83.8
2025-11-21,131.0,R Mugabe,R MUGABE USD DIESEL,199.311688,300.2974
2025-11-21,131.0,R Mugabe,R MUGABE USD PETROL,70.045454,107.87
2025-11-21,135.0,Cripps,CRIPPS BULK DIESEL USD,300.0,444.0
2025-11-21,135.0,Cripps,CRIPPS DIESEL USD,1324.305196,2021.2599
2025-11-21,135.0,Cripps,CRIPPS PETROL USD,441.077922,679.26
2025-11-21,135.0,Cripps,DIESEL LITRES,1128.33,1128.33
2025-11-21,135.0,Cripps,PETROL LITRES,59.07,59.07
2025-11-21,140.0,Mutare Second Street,MUTARE SECOND USD DIESEL,111.79054,165.45
2025-11-21,140.0,Mutare Second Street,MUTARE SECOND USD PETROL,30.0,45.0
2025-11-21,141.0,Troutbeck,TROUTBECK USD DIESEL,40.0,61.2
2025-11-21,141.0,Troutbeck,TROUTBECK USD PETROL,60.0,92.4
2025-11-21,144.0,Bessemer,BESSEMER USD PETROL,31.034483,45.0
2025-11-21,145.0,Sunway City,DIESEL LITRES,330.0,330.0
2025-11-21,145.0,Sunway City,SUNWAY USD DIESEL,390.064934,596.1091
2025-11-21,145.0,Sunway City,SUNWAY USD PETROL,81.168831,125.0
2025-11-21,146.0,Banket,BANKET BULK DIESEL USD,1223.033784,1810.09
2025-11-21,146.0,Banket,BANKET USD DIESEL,66.756579,99.6124
2025-11-21,146.0,Banket,PETROL LITRES,40.0,40.0
2025-11-21,147.0,Chinhoyi Main,CHINHOYI BULK DIESEL USD,1100.0,1628.0
2025-11-21,147.0,Chinhoyi Main,CHINHOYI MAIN USD DIESEL,125.0,190.0
2025-11-21,147.0,Chinhoyi Main,CHINHOYI MAIN USD PETROL,41.149351,63.37
2025-11-21,148.0,Chegutu,CHEGUTU BULK DIESEL USD,528.108108,781.6
2025-11-21,148.0,Chegutu,CHEGUTU USD DIESEL,20.0,30.0
2025-11-21,149.0,Turnpike,DIESEL LITRES,927.0,927.0
2025-11-21,149.0,Turnpike,TURNPIKE USD DIESEL,58.058442,86.5071
2025-11-21,149.0,Turnpike,TURNPIKE USD PETROL,57.12987,87.98
2025-11-21,150.0,Mutare One Stop,MUTARE ONE STOP DIESEL,33.783784,50.0
2025-11-21,150.0,Mutare One Stop,MUTARE ONE STOP PETROL,52.666667,79.0
2025-11-21,167.0,Munch & Move,MUNCH & MOVE - SALES,1.0,1.0
2025-11-21,168.0,Avondale M&M,AVONDALE M&M,3.0,3.0
2025-11-22,,,,,20219.82
2025-11-22,82.0,,,,300.0
2025-11-22,82.0,Runiville,DIESEL LITRES,143.23,143.23
2025-11-22,82.0,Runiville,RUNIVILLE BULK DIESEL USD,370.0,547.6
2025-11-22,82.0,Runiville,RUNIVILLE USD DIESEL,1129.759737,1727.5184
2025-11-22,82.0,Runiville,RUNIVILLE USD PETROL,322.435063,494.9266
2025-11-22,84.0,Avondale,AVONDALE USD DIESEL,1157.83766,1770.7476
2025-11-22,84.0,Avondale,AVONDALE USD PETROL,884.051947,1352.3884
2025-11-22,84.0,Avondale,DIESEL LITRES,164.86,164.86
2025-11-22,84.0,Avondale,PETROL LITRES,206.21,206.21
2025-11-22,86.0,Charter,CHARTER USD DIESEL,169.227272,260.61
2025-11-22,86.0,Charter,CHARTER USD PETROL,194.999999,298.35
2025-11-22,88.0,Seke,SEKE USD DIESEL,249.149351,375.2725
2025-11-22,88.0,Seke,SEKE USD PETROL,54.605263,83.0
2025-11-22,92.0,Msasa,DIESEL LITRES,355.32,355.32
2025-11-22,92.0,Msasa,MSASA BULK DIESEL,704.054054,1042.0
2025-11-22,92.0,Msasa,MSASA USD DIESEL,424.045455,648.8328
2025-11-22,92.0,Msasa,MSASA USD PETROL,490.324675,750.4182
2025-11-22,92.0,Msasa,PETROL LITRES,121.85,121.85
2025-11-22,96.0,Samora,SAMORA USD DIESEL,342.545453,518.8245
2025-11-22,96.0,Samora,SAMORA USD PETROL,365.181818,555.9622
2025-11-22,98.0,Roadport,DIESEL LITRES,202.13,202.13
2025-11-22,98.0,Roadport,PETROL LITRES,32.78,32.78
2025-11-22,98.0,Roadport,ROADPORT USD DIESEL,877.98701,1341.4574
2025-11-22,98.0,Roadport,ROAPORT USD PETROL,406.181819,620.7738
2025-11-22,102.0,Kirkman,DIESEL LITRES,6732.0,6732.0
2025-11-22,102.0,Kirkman,KIRKMAN USD DIESEL,102.727272,156.1805
2025-11-22,102.0,Kirkman,KIRKMAN USD PETROL,249.616882,382.7542
2025-11-22,102.0,Kirkman,PETROL LITRES,30.0,30.0
2025-11-22,110.0,Mutare Green Market,DIESEL LITRES,510.0,510.0
2025-11-22,110.0,Mutare Green Market,MUTARE GREEN MARKET BULK DIESEL,250.0,365.0
2025-11-22,112.0,Marondera,MARONDERA USD DIESEL,225.530612,328.8089
2025-11-22,112.0,Marondera,MARONDERA USD PETROL,106.32,156.9308
2025-11-22,114.0,Kadoma,DIESEL LITRES,100.0,100.0
2025-11-22,114.0,Kadoma,KADOMA USD DIESEL,113.691275,169.4
2025-11-22,121.0,Gweru,DIESEL LITRES,323.0,323.0
2025-11-22,121.0,Gweru,GWERU BULK DIESEL USD,200.0,294.0
2025-11-22,121.0,Gweru,GWERU USD DIESEL,2865.442953,4190.64
2025-11-22,121.0,Gweru,GWERU USD PETROL,119.993421,182.1926
2025-11-22,123.0,Fife Street,DIESEL LITRES,51.41,51.41
2025-11-22,123.0,Fife Street,FIFE USD DIESEL,1062.512986,1627.3461
2025-11-22,123.0,Fife Street,FIFE USD PETROL,134.545454,205.5766
2025-11-22,125.0,Fort Street,FORT USD DIESEL,475.974026,733.0
2025-11-22,125.0,Fort Street,FORT USD PETROL,71.428571,109.3506
2025-11-22,127.0,Mpopoma,MPOPOMA USD DIESEL,444.038961,671.9124
2025-11-22,127.0,Mpopoma,MPOPOMA USD PETROL,657.337663,992.5799
2025-11-22,129.0,Khami,KHAMI USD DIESEL,20.0,30.8
2025-11-22,129.0,Khami,KHAMI USD PETROL,45.0,69.3
2025-11-22,131.0,R Mugabe,DIESEL LITRES,140.0,140.0
2025-11-22,131.0,R Mugabe,R MUGABE USD DIESEL,45.467532,70.02
2025-11-22,131.0,R Mugabe,R MUGABE USD PETROL,109.655844,165.5502
2025-11-22,135.0,Cripps,CRIPPS DIESEL USD,437.740259,663.4028
2025-11-22,135.0,Cripps,CRIPPS PETROL USD,371.81818,570.3299
2025-11-22,135.0,Cripps,DIESEL LITRES,267.16,267.16
2025-11-22,135.0,Cripps,PETROL LITRES,100.0,100.0
2025-11-22,140.0,Mutare Second Street,MUTARE SECOND USD DIESEL,88.594594,131.12
2025-11-22,140.0,Mutare Second Street,MUTARE SECOND USD PETROL,26.666667,40.0
2025-11-22,141.0,Troutbeck,TROUTBECK USD DIESEL,53.72549,82.2
2025-11-22,141.0,Troutbeck,TROUTBECK USD PETROL,17.967532,27.67
2025-11-22,144.0,Bessemer,BESSEMER USD PETROL,77.241379,108.1379
2025-11-22,145.0,Sunway City,DIESEL LITRES,660.0,660.0
2025-11-22,145.0,Sunway City,SUNWAY USD DIESEL,32.467532,50.0
2025-11-22,145.0,Sunway City,SUNWAY USD PETROL,27.025974,41.62
2025-11-22,146.0,Banket,BANKET USD DIESEL,98.684211,150.0
2025-11-22,147.0,Chinhoyi Main,CHINHOYI BULK DIESEL USD,1600.0,2368.0
2025-11-22,147.0,Chinhoyi Main,CHINHOYI MAIN USD DIESEL,223.039474,339.02
2025-11-22,147.0,Chinhoyi Main,CHINHOYI MAIN USD PETROL,89.012986,137.08
2025-11-22,148.0,Chegutu,CHEGUTU USD DIESEL,118.666667,178.0
2025-11-22,148.0,Chegutu,DIESEL LITRES,78.0,78.0
2025-11-22,149.0,Turnpike,DIESEL LITRES,280.0,280.0
2025-11-22,149.0,Turnpike,PETROL LITRES,40.0,40.0
2025-11-22,149.0,Turnpike,TURNPIKE USD DIESEL,172.792208,265.126
2025-11-22,149.0,Turnpike,TURNPIKE USD PETROL,51.298702,79.0
2025-11-22,150.0,Mutare One Stop,DIESEL LITRES,975.0,975.0
2025-11-22,150.0,Mutare One Stop,MUTARE ONE STOP DIESEL,270.270269,400.0
2025-11-22,150.0,Mutare One Stop,MUTARE ONE STOP PETROL,66.666667,100.0
2025-11-22,150.0,Mutare One Stop,PETROL LITRES,40.0,40.0
2025-11-22,168.0,Avondale M&M,AVONDALE M&M,14.3,14.3
2025-11-23,,,,,9013.95
2025-11-23,82.0,Runiville,DIESEL LITRES,30.15,30.15
2025-11-23,82.0,Runiville,RUNIVILLE BULK DIESEL USD,417.702703,618.2
2025-11-23,82.0,Runiville,RUNIVILLE USD DIESEL,1215.850648,1846.6115
2025-11-23,82.0,Runiville,RUNIVILLE USD PETROL,517.53896,794.5051
2025-11-23,84.0,Avondale,AVONDALE USD DIESEL,603.902596,921.9448
2025-11-23,84.0,Avondale,AVONDALE USD PETROL,553.006492,847.9215
2025-11-23,84.0,Avondale,DIESEL LITRES,83.04,83.04
2025-11-23,84.0,Avondale,PETROL LITRES,37.99,37.99
2025-11-23,86.0,Charter,CHARTER USD DIESEL,197.753247,300.9777
2025-11-23,86.0,Charter,CHARTER USD PETROL,72.679739,111.2
2025-11-23,86.0,Charter,DIESEL LITRES,43.47,43.47
2025-11-23,86.0,Charter,PETROL LITRES,15.0,15.0
2025-11-23,88.0,Seke,SEKE USD DIESEL,103.675324,156.5866
2025-11-23,88.0,Seke,SEKE USD PETROL,60.19079,90.2074
2025-11-23,92.0,Msasa,DIESEL LITRES,340.87,340.87
2025-11-23,92.0,Msasa,MSASA BULK DIESEL,100.0,148.0
2025-11-23,92.0,Msasa,MSASA USD DIESEL,384.766233,590.29
2025-11-23,92.0,Msasa,MSASA USD PETROL,202.383117,311.67
2025-11-23,92.0,Msasa,PETROL LITRES,55.0,55.0
2025-11-23,96.0,Samora,SAMORA USD DIESEL,255.402597,385.9395
2025-11-23,96.0,Samora,SAMORA USD PETROL,572.006491,875.3325
2025-11-23,98.0,Roadport,DIESEL LITRES,315.0,315.0
2025-11-23,98.0,Roadport,PETROL LITRES,30.0,30.0
2025-11-23,98.0,Roadport,ROADPORT USD DIESEL,420.922076,645.22
2025-11-23,98.0,Roadport,ROAPORT USD PETROL,302.532468,463.5389
2025-11-23,102.0,Kirkman,DIESEL LITRES,175.0,175.0
2025-11-23,102.0,Kirkman,KIRKMAN USD DIESEL,447.006493,686.7926
2025-11-23,102.0,Kirkman,KIRKMAN USD PETROL,396.240259,603.9577
2025-11-23,102.0,Kirkman,PETROL LITRES,30.0,30.0
2025-11-23,110.0,Mutare Green Market,DIESEL LITRES,30.0,30.0
2025-11-23,110.0,Mutare Green Market,MUTARE GREEN MARKET BULK DIESEL,205.479452,300.0
2025-11-23,110.0,Mutare Green Market,MUTARE GREENMARKET USD DIESEL,33.783784,50.0
2025-11-23,112.0,Marondera,DIESEL LITRES,24.0,24.0
2025-11-23,112.0,Marondera,MARONDERA USD DIESEL,117.142856,169.9211
2025-11-23,112.0,Marondera,MARONDERA USD PETROL,119.593333,173.4103
2025-11-23,121.0,Gweru,DIESEL LITRES,342.0,342.0
2025-11-23,121.0,Gweru,GWERU USD DIESEL,237.651006,348.0107
2025-11-23,121.0,Gweru,GWERU USD PETROL,76.743421,115.4658
2025-11-23,123.0,Fife Street,DIESEL LITRES,140.0,140.0
2025-11-23,123.0,Fife Street,FIFE USD DIESEL,184.318181,280.4068
2025-11-23,123.0,Fife Street,FIFE USD PETROL,131.805194,201.8524
2025-11-23,125.0,Fort Street,FORT USD DIESEL,21.428571,33.0
2025-11-23,125.0,Fort Street,FORT USD PETROL,34.155844,52.6
2025-11-23,127.0,Mpopoma,MPOPOMA USD DIESEL,38.961039,60.0
2025-11-23,127.0,Mpopoma,MPOPOMA USD PETROL,54.837662,84.45
2025-11-23,129.0,Khami,KHAMI USD DIESEL,33.0,50.82
2025-11-23,129.0,Khami,KHAMI USD PETROL,39.480519,60.8
2025-11-23,131.0,R Mugabe,R MUGABE USD DIESEL,222.512987,339.67
2025-11-23,131.0,R Mugabe,R MUGABE USD PETROL,90.233767,138.96
2025-11-23,135.0,Cripps,CRIPPS BULK DIESEL USD,663.952703,982.65
2025-11-23,135.0,Cripps,CRIPPS DIESEL USD,492.720779,755.8678
2025-11-23,135.0,Cripps,CRIPPS PETROL USD,468.590908,718.0787
2025-11-23,135.0,Cripps,DIESEL LITRES,29.0,29.0
2025-11-23,135.0,Cripps,PETROL LITRES,20.0,20.0
2025-11-23,140.0,Mutare Second Street,MUTARE SECOND USD DIESEL,104.72973,155.0
2025-11-23,141.0,Troutbeck,DIESEL LITRES,50.0,50.0
2025-11-23,141.0,Troutbeck,TROUTBECK USD DIESEL,39.215686,60.0
2025-11-23,144.0,Bessemer,DIESEL LITRES,50.0,50.0
2025-11-23,145.0,Sunway City,PETROL LITRES,10.0,10.0
2025-11-23,145.0,Sunway City,SUNWAY USD DIESEL,416.448051,635.2845
2025-11-23,145.0,Sunway City,SUNWAY USD PETROL,94.805195,146.0
2025-11-23,146.0,Banket,BANKET USD DIESEL,36.184211,55.0
2025-11-23,146.0,Banket,DIESEL LITRES,110.0,110.0
2025-11-23,147.0,Chinhoyi Main,CHINHOYI BULK DIESEL USD,750.0,1110.0
2025-11-23,147.0,Chinhoyi Main,CHINHOYI MAIN USD DIESEL,209.217105,315.0824
2025-11-23,147.0,Chinhoyi Main,CHINHOYI MAIN USD PETROL,174.077922,268.08
2025-11-23,147.0,Chinhoyi Main,DIESEL LITRES,40.0,40.0
2025-11-23,148.0,Chegutu,CHEGUTU BULK DIESEL USD,100.0,148.0
2025-11-23,148.0,Chegutu,CHEGUTU USD DIESEL,148.666667,223.0
2025-11-23,148.0,Chegutu,CHEGUTU USD PETROL,76.210526,113.8663
2025-11-23,148.0,Chegutu,DIESEL LITRES,54.0,54.0
2025-11-23,149.0,Turnpike,DIESEL LITRES,345.0,345.0
2025-11-23,149.0,Turnpike,TURNPIKE BULK DIESEL USD,208.108108,308.0
2025-11-23,149.0,Turnpike,TURNPIKE USD DIESEL,328.571428,506.0
2025-11-23,149.0,Turnpike,TURNPIKE USD PETROL,28.571428,43.4805
2025-11-23,150.0,Mutare One Stop,MUTARE ONE STOP DIESEL,100.0,148.0
2025-11-23,168.0,Avondale M&M,AVONDALE M&M,3.9,3.9
2025-11-24,,,,,89300.77
2025-11-24,82.0,Runiville,DIESEL LITRES,90.0,90.0
2025-11-24,82.0,Runiville,PETROL LITRES,125.0,125.0
2025-11-24,82.0,Runiville,RUNIVILLE BULK DIESEL USD,361.081081,534.4
2025-11-24,82.0,Runiville,RUNIVILLE USD DIESEL,1170.610388,1774.9627
2025-11-24,82.0,Runiville,RUNIVILLE USD PETROL,1194.409091,1829.261
2025-11-24,84.0,Avondale,AVONDALE USD DIESEL,2342.259736,3582.8036
2025-11-24,84.0,Avondale,AVONDALE USD PETROL,1600.590907,2449.8538
2025-11-24,84.0,Avondale,DIESEL LITRES,252.92,252.92
2025-11-24,84.0,Avondale,PETROL LITRES,207.09,207.09
2025-11-24,86.0,Charter,CHARTER BULK/TAXI DIESEL ,270.27027,400.0
2025-11-24,86.0,Charter,CHARTER USD DIESEL,1087.785714,1658.787
2025-11-24,86.0,Charter,CHARTER USD PETROL,474.241832,725.59
2025-11-24,86.0,Charter,PETROL LITRES,53.66,53.66
2025-11-24,88.0,Seke,SEKE USD DIESEL,336.266234,509.1504
2025-11-24,88.0,Seke,SEKE USD PETROL,155.605264,234.4503
2025-11-24,92.0,,,,35.72
2025-11-24,92.0,Msasa,DIESEL LITRES,770.78,770.78
2025-11-24,92.0,Msasa,MSASA BULK DIESEL,668.554054,989.46
2025-11-24,92.0,Msasa,MSASA USD DIESEL,1296.857144,1995.3756
2025-11-24,92.0,Msasa,MSASA USD PETROL,1328.220775,2044.2594
2025-11-24,92.0,Msasa,PETROL LITRES,274.65,274.65
2025-11-24,96.0,Samora,PETROL LITRES,60.0,60.0
2025-11-24,96.0,Samora,SAMORA USD DIESEL,462.253246,706.2772
2025-11-24,96.0,Samora,SAMORA USD PETROL,529.149349,805.9407
2025-11-24,98.0,Roadport,DIESEL LITRES,608.28,608.28
2025-11-24,98.0,Roadport,PETROL LITRES,209.59,209.59
2025-11-24,98.0,Roadport,ROADPORT USD DIESEL,616.103895,945.2481
2025-11-24,98.0,Roadport,ROADPORT USD DIESEL BUS,120.0,177.6
2025-11-24,98.0,Roadport,ROAPORT USD PETROL,735.110387,1125.2855
2025-11-24,102.0,Kirkman,DIESEL LITRES,170.0,170.0
2025-11-24,102.0,Kirkman,KIRKMAN USD DIESEL,351.480518,532.831
2025-11-24,102.0,Kirkman,KIRKMAN USD PETROL,327.610386,501.9044
2025-11-24,110.0,Mutare Green Market,DIESEL LITRES,1070.0,1070.0
2025-11-24,110.0,Mutare Green Market,MUTARE GREENMARKET USD DIESEL,130.810811,193.6
2025-11-24,110.0,Mutare Green Market,MUTARE GREENMARKET USD PETROL,15.333333,23.0
2025-11-24,112.0,Marondera,DIESEL LITRES,45.0,45.0
2025-11-24,112.0,Marondera,MARONDERA USD DIESEL,455.748299,669.95
2025-11-24,112.0,Marondera,MARONDERA USD PETROL,260.693333,391.04
2025-11-24,112.0,Marondera,PETROL LITRES,38.0,38.0
2025-11-24,114.0,Kadoma,KADOMA USD DIESEL,113.959732,169.8
2025-11-24,114.0,Kadoma,KADOMA USD PETROL,30.0,45.3
2025-11-24,121.0,Gweru,DIESEL LITRES,1100.0,1100.0
2025-11-24,121.0,Gweru,GWERU BULK DIESEL USD,931.972789,1370.0
2025-11-24,121.0,Gweru,GWERU USD DIESEL,491.67114,730.1
2025-11-24,121.0,Gweru,GWERU USD PETROL,60.855264,90.6908
2025-11-24,123.0,Fife Street,DIESEL LITRES,283.95,283.95
2025-11-24,123.0,Fife Street,FIFE USD DIESEL,950.097402,1459.7409
2025-11-24,123.0,Fife Street,FIFE USD PETROL,365.720779,562.5606
2025-11-24,125.0,Fort Street,FORT USD DIESEL,829.318182,1277.15
2025-11-24,125.0,Fort Street,FORT USD PETROL,118.896104,183.1
2025-11-24,127.0,Mpopoma,MPOPOMA USD DIESEL,300.233765,456.0802
2025-11-24,127.0,Mpopoma,MPOPOMA USD PETROL,158.844156,240.7258
2025-11-24,129.0,Khami,KHAMI USD DIESEL,110.0,169.4
2025-11-24,129.0,Khami,KHAMI USD PETROL,221.331168,340.85
2025-11-24,131.0,R Mugabe,PETROL LITRES,10.0,10.0
2025-11-24,131.0,R Mugabe,R MUGABE USD DIESEL,53.383117,82.21
2025-11-24,131.0,R Mugabe,R MUGABE USD PETROL,150.155844,231.24
2025-11-24,135.0,Cripps,CRIPPS BULK DIESEL USD,467.466216,691.85
2025-11-24,135.0,Cripps,CRIPPS DIESEL USD,1581.116881,2434.92
2025-11-24,135.0,Cripps,CRIPPS PETROL USD,1595.551945,2457.15
2025-11-24,135.0,Cripps,DIESEL LITRES,621.0,621.0
2025-11-24,135.0,Cripps,PETROL LITRES,679.47,679.47
2025-11-24,140.0,Mutare Second Street,MUTARE SECOND USD DIESEL,104.155405,154.15
2025-11-24,140.0,Mutare Second Street,MUTARE SECOND USD PETROL,50.0,75.0
2025-11-24,141.0,Troutbeck,DIESEL LITRES,250.0,250.0
2025-11-24,141.0,Troutbeck,PETROL LITRES,66.23,66.23
2025-11-24,141.0,Troutbeck,TROUTBECK USD PETROL,119.12987,182.26
2025-11-24,144.0,Bessemer,BESSEMER USD DIESEL,64.137931,89.7931
2025-11-24,145.0,Sunway City,DIESEL LITRES,360.0,360.0
2025-11-24,145.0,Sunway City,SUNWAY USD DIESEL,614.31818,941.5695
2025-11-24,145.0,Sunway City,SUNWAY USD PETROL,159.772726,246.05
2025-11-24,146.0,Banket,BANKET USD PETROL,17.532468,27.0
2025-11-24,146.0,Banket,DIESEL LITRES,50.0,50.0
2025-11-24,147.0,Chinhoyi Main,CHINHOYI BULK DIESEL USD,300.0,444.0
2025-11-24,147.0,Chinhoyi Main,CHINHOYI MAIN USD DIESEL,472.861842,718.75
2025-11-24,147.0,Chinhoyi Main,CHINHOYI MAIN USD PETROL,71.025974,109.38
2025-11-24,148.0,Chegutu,CHEGUTU USD DIESEL,91.626667,137.44
2025-11-24,148.0,Chegutu,CHEGUTU USD PETROL,18.421053,28.0
2025-11-24,149.0,Turnpike,DIESEL LITRES,475.0,475.0
2025-11-24,149.0,Turnpike,TURNPIKE USD DIESEL,982.610389,1508.9421
2025-11-24,149.0,Turnpike,TURNPIKE USD PETROL,25.974026,40.0
2025-11-24,150.0,Mutare One Stop,DIESEL LITRES,120.0,120.0
2025-11-24,150.0,Mutare One Stop,MUTARE ONE STOP DIESEL,225.675675,334.0
2025-11-24,150.0,Mutare One Stop,MUTARE ONE STOP PETROL,26.066667,39.1
2025-11-24,167.0,Munch & Move,MUNCH & MOVE - SALES,77.96,77.96
2025-11-25,,,,,102754.63
2025-11-25,82.0,Runiville,DIESEL LITRES,839.88,839.88
2025-11-25,82.0,Runiville,PETROL LITRES,205.0,205.0
2025-11-25,82.0,Runiville,RUN-RUBIA SX SAE40 500ML,1.0,3.0
2025-11-25,82.0,Runiville,RUNIVILLE BULK DIESEL USD,509.398649,753.91
2025-11-25,82.0,Runiville,RUNIVILLE USD DIESEL,1627.162337,2450.0365
2025-11-25,82.0,Runiville,RUNIVILLE USD PETROL,624.298701,960.82
2025-11-25,84.0,Avondale,AVONDALE USD DIESEL,1845.616882,2821.4138
2025-11-25,84.0,Avondale,AVONDALE USD PETROL,1116.259738,1711.9634
2025-11-25,84.0,Avondale,DIESEL LITRES,906.19,906.19
2025-11-25,84.0,Avondale,PETROL LITRES,78.0,78.0
2025-11-25,86.0,Charter,CHARTER USD DIESEL,611.142853,938.2019
2025-11-25,86.0,Charter,CHARTER USD PETROL,259.705882,397.35
2025-11-25,86.0,Charter,DIESEL LITRES,480.0,480.0
2025-11-25,86.0,Charter,PETROL LITRES,120.0,120.0
2025-11-25,88.0,Seke,DIESEL LITRES,20.0,20.0
2025-11-25,88.0,Seke,SEKE USD DIESEL,64.935065,100.0
2025-11-25,88.0,Seke,SEKE USD PETROL,138.111842,207.53
2025-11-25,92.0,Msasa,DIESEL LITRES,384.88,384.88
2025-11-25,92.0,Msasa,MSASA BULK DIESEL,666.925675,987.05
2025-11-25,92.0,Msasa,MSASA USD DIESEL,1459.357139,2244.0194
2025-11-25,92.0,Msasa,MSASA USD PETROL,842.201298,1294.603
2025-11-25,92.0,Msasa,PETROL LITRES,117.02,117.02
2025-11-25,96.0,Samora,DIESEL LITRES,30.0,30.0
2025-11-25,96.0,Samora,PETROL LITRES,263.16,263.16
2025-11-25,96.0,Samora,SAMORA USD DIESEL,282.766233,433.0249
2025-11-25,96.0,Samora,SAMORA USD PETROL,378.857141,579.738
2025-11-25,98.0,Roadport,DIESEL LITRES,410.04,410.04
2025-11-25,98.0,Roadport,PETROL LITRES,40.0,40.0
2025-11-25,98.0,Roadport,ROADPORT USD DIESEL,1111.720777,1710.05
2025-11-25,98.0,Roadport,ROAPORT USD PETROL,423.532467,652.24
2025-11-25,102.0,Kirkman,DIESEL LITRES,1665.0,1665.0
2025-11-25,102.0,Kirkman,KIRKMAN USD DIESEL,248.376623,379.2532
2025-11-25,102.0,Kirkman,KIRKMAN USD PETROL,117.532466,181.0
2025-11-25,102.0,Kirkman,PETROL LITRES,40.0,40.0
2025-11-25,110.0,Mutare Green Market,DIESEL LITRES,35.6,35.6
2025-11-25,110.0,Mutare Green Market,MUTARE GREEN MARKET BULK DIESEL,1100.0,1606.0
2025-11-25,110.0,Mutare Green Market,MUTARE GREENMARKET USD DIESEL,270.0,399.6
2025-11-25,110.0,Mutare Green Market,MUTARE GREENMARKET USD PETROL,25.333333,38.0
2025-11-25,112.0,Marondera,DIESEL LITRES,19.0,19.0
2025-11-25,112.0,Marondera,MARONDERA USD DIESEL,742.0,1090.74
2025-11-25,112.0,Marondera,MARONDERA USD PETROL,66.38,99.57
2025-11-25,114.0,Kadoma,KADOMA USD DIESEL,779.093959,1160.85
2025-11-25,114.0,Kadoma,KADOMA USD PETROL,13.245033,20.0
2025-11-25,121.0,Gweru,DIESEL LITRES,400.0,400.0
2025-11-25,121.0,Gweru,GWERU USD DIESEL,2379.040269,3488.43
2025-11-25,121.0,Gweru,GWERU USD PETROL,110.414474,166.6787
2025-11-25,121.0,Gweru,PETROL LITRES,25.0,25.0
2025-11-25,123.0,Fife Street,FIF-NEPTUNA 2T SUPER SPORT 500ML,1.0,4.0
2025-11-25,123.0,Fife Street,FIFE USD DIESEL,838.675326,1291.56
2025-11-25,123.0,Fife Street,FIFE USD PETROL,299.305194,460.93
2025-11-25,123.0,Fife Street,PETROL LITRES,41.15,41.15
2025-11-25,125.0,,,,80.0
2025-11-25,125.0,Fort Street,DIESEL LITRES,240.0,240.0
2025-11-25,125.0,Fort Street,FORT USD DIESEL,937.279222,1443.41
2025-11-25,125.0,Fort Street,FORT USD PETROL,359.357143,553.41
2025-11-25,127.0,Mpopoma,MPOPOMA USD DIESEL,179.233767,271.0929
2025-11-25,127.0,Mpopoma,MPOPOMA USD PETROL,265.616883,401.0814
2025-11-25,129.0,Khami,KHAMI USD DIESEL,188.461039,286.6762
2025-11-25,129.0,Khami,KHAMI USD PETROL,30.0,46.2
2025-11-25,131.0,R Mugabe,PETROL LITRES,25.0,25.0
2025-11-25,131.0,R Mugabe,R MUGABE USD DIESEL,32.467532,50.0
2025-11-25,131.0,R Mugabe,R MUGABE USD PETROL,190.623376,293.56
2025-11-25,135.0,Cripps,CRIPPS BULK DIESEL USD,339.371622,502.27
2025-11-25,135.0,Cripps,CRIPPS DIESEL USD,1431.805193,2187.4057
2025-11-25,135.0,Cripps,CRIPPS PETROL USD,277.402596,427.2
2025-11-25,135.0,Cripps,DIESEL LITRES,1618.05,1618.05
2025-11-25,135.0,Cripps,PETROL LITRES,125.11,125.11
2025-11-25,140.0,Mutare Second Street,MUTARE SECOND USD DIESEL,87.837837,130.0
2025-11-25,140.0,Mutare Second Street,MUTARE SECOND USD PETROL,102.946666,149.2726
2025-11-25,141.0,Troutbeck,PETROL LITRES,61.03,61.03
2025-11-25,141.0,Troutbeck,TROUTBECK USD DIESEL,67.339869,100.9048
2025-11-25,144.0,Bessemer,BESSEMER USD PETROL,44.827586,65.0
2025-11-25,145.0,Sunway City,DIESEL LITRES,40.0,40.0
2025-11-25,145.0,Sunway City,PETROL LITRES,59.0,59.0
2025-11-25,145.0,Sunway City,SUNWAY USD DIESEL,892.642858,1374.67
2025-11-25,145.0,Sunway City,SUNWAY USD PETROL,144.084414,221.89
2025-11-25,146.0,Banket,BANKET USD DIESEL,39.473684,60.0
2025-11-25,146.0,Banket,DIESEL LITRES,100.0,100.0
2025-11-25,147.0,Chinhoyi Main,CHINHOYI BULK DIESEL USD,450.0,666.0
2025-11-25,147.0,Chinhoyi Main,CHINHOYI MAIN USD DIESEL,270.677631,409.4563
2025-11-25,147.0,Chinhoyi Main,CHINHOYI MAIN USD PETROL,151.558442,233.4
2025-11-25,148.0,Chegutu,CHEGUTU USD DIESEL,13.333333,20.0
2025-11-25,148.0,Chegutu,DIESEL LITRES,200.0,200.0
2025-11-25,149.0,Turnpike,DIESEL LITRES,763.0,763.0
2025-11-25,149.0,Turnpike,TURNPIKE USD DIESEL,109.75974,164.042
2025-11-25,149.0,Turnpike,TURNPIKE USD PETROL,32.467532,50.0
2025-11-25,150.0,Mutare One Stop,DIESEL LITRES,200.0,200.0
2025-11-25,150.0,Mutare One Stop,MUTARE ONE STOP DIESEL,102.702703,152.0
2025-11-25,150.0,Mutare One Stop,MUTARE ONE STOP PETROL,33.333333,50.0
2025-11-25,150.0,Mutare One Stop,PETROL LITRES,23.7,23.7
2025-11-25,167.0,Munch & Move,MUNCH & MOVE - SALES,50.0,50.0
2025-11-26,,,,,159848.55
2025-11-26,82.0,Runiville,DIESEL LITRES,240.09,240.09
2025-11-26,82.0,Runiville,PETROL LITRES,150.0,150.0
2025-11-26,82.0,Runiville,RUNIVILLE BULK DIESEL USD,595.006757,880.61
2025-11-26,82.0,Runiville,RUNIVILLE USD DIESEL,1036.045455,1564.1834
2025-11-26,82.0,Runiville,RUNIVILLE USD PETROL,891.428571,1365.8911
2025-11-26,84.0,Avondale,AVONDALE USD DIESEL,1945.292205,2971.7503
2025-11-26,84.0,Avondale,AVONDALE USD PETROL,1003.084416,1540.8416
2025-11-26,84.0,Avondale,DIESEL LITRES,195.32,195.32
2025-11-26,84.0,Avondale,PETROL LITRES,253.67,253.67
2025-11-26,86.0,Charter,CHARTER USD DIESEL,772.149347,1185.8632
2025-11-26,86.0,Charter,CHARTER USD PETROL,329.777777,504.56
2025-11-26,86.0,Charter,DIESEL LITRES,64.9,64.9
2025-11-26,86.0,Charter,PETROL LITRES,244.0,244.0
2025-11-26,88.0,Seke,PETROL LITRES,108.0,108.0
2025-11-26,88.0,Seke,SEKE USD DIESEL,459.863637,696.0694
2025-11-26,88.0,Seke,SEKE USD PETROL,185.835525,281.8121
2025-11-26,92.0,Msasa,DIESEL LITRES,1105.0,1105.0
2025-11-26,92.0,Msasa,MSASA BULK DIESEL,353.108108,522.6
2025-11-26,92.0,Msasa,MSASA USD DIESEL,899.136362,1382.0726
2025-11-26,92.0,Msasa,MSASA USD PETROL,608.389609,936.92
2025-11-26,92.0,Msasa,PETROL LITRES,228.88,228.88
2025-11-26,96.0,Samora,DIESEL LITRES,53.55,53.55
2025-11-26,96.0,Samora,PETROL LITRES,59.59,59.59
2025-11-26,96.0,Samora,SAMORA USD DIESEL,280.785714,431.436
2025-11-26,96.0,Samora,SAMORA USD PETROL,450.077922,691.9187
2025-11-26,98.0,Roadport,DIESEL LITRES,233.36,233.36
2025-11-26,98.0,Roadport,PETROL LITRES,10.0,10.0
2025-11-26,98.0,Roadport,ROADPORT USD DIESEL,803.746749,1231.8316
2025-11-26,98.0,Roadport,ROADPORT USD DIESEL BUS,248.871621,368.33
2025-11-26,98.0,Roadport,ROAPORT USD PETROL,668.720779,1025.0764
2025-11-26,102.0,Kirkman,DIESEL LITRES,70.0,70.0
2025-11-26,102.0,Kirkman,KIRKMAN USD DIESEL,401.967531,617.4066
2025-11-26,102.0,Kirkman,KIRKMAN USD PETROL,234.746752,360.8606
2025-11-26,110.0,Mutare Green Market,MUTARE GREENMARKET USD DIESEL,97.027027,143.6
2025-11-26,110.0,Mutare Green Market,MUTARE GREENMARKET USD PETROL,15.333333,23.0
2025-11-26,112.0,Marondera,MARONDERA USD DIESEL,580.333333,870.5
2025-11-26,112.0,Marondera,MARONDERA USD PETROL,159.12,236.735
2025-11-26,112.0,Marondera,PETROL LITRES,51.32,51.32
2025-11-26,114.0,Kadoma,KADOMA USD DIESEL,147.651007,212.6174
2025-11-26,121.0,Gweru,GWERU BULK DIESEL USD,312.92517,460.0
2025-11-26,121.0,Gweru,GWERU USD DIESEL,374.060403,557.35
2025-11-26,121.0,Gweru,GWERU USD PETROL,192.281045,291.7786
2025-11-26,123.0,Fife Street,DIESEL LITRES,79.08,79.08
2025-11-26,123.0,Fife Street,FIFE USD DIESEL,863.000001,1320.9603
2025-11-26,123.0,Fife Street,FIFE USD PETROL,222.727272,343.0
2025-11-26,123.0,Fife Street,PETROL LITRES,235.76,235.76
2025-11-26,125.0,Fort Street,DIESEL LITRES,88.96,88.96
2025-11-26,125.0,Fort Street,FORT USD DIESEL,743.292209,1144.67
2025-11-26,125.0,Fort Street,FORT USD PETROL,198.603896,305.85
2025-11-26,127.0,Mpopoma,MPOPOMA USD DIESEL,167.506494,252.9348
2025-11-26,127.0,Mpopoma,MPOPOMA USD PETROL,595.53896,899.2638
2025-11-26,129.0,Khami,KHAMI USD DIESEL,105.0,158.7
2025-11-26,129.0,Khami,KHAMI USD PETROL,107.012987,164.8
2025-11-26,131.0,R Mugabe,R MUGABE USD DIESEL,178.344156,274.65
2025-11-26,135.0,Cripps,CRIPPS BULK DIESEL USD,435.135135,644.0
2025-11-26,135.0,Cripps,CRIPPS DIESEL USD,961.337661,1480.46
2025-11-26,135.0,Cripps,CRIPPS PETROL USD,854.72727,1313.642
2025-11-26,135.0,Cripps,DIESEL LITRES,346.56,346.56
2025-11-26,135.0,Cripps,PETROL LITRES,183.55,183.55
2025-11-26,140.0,Mutare Second Street,DIESEL LITRES,69.42,69.42
2025-11-26,140.0,Mutare Second Street,MUTARE SECOND USD DIESEL,57.432432,85.0
2025-11-26,140.0,Mutare Second Street,MUTARE SECOND USD PETROL,23.426667,34.9687
2025-11-26,141.0,Troutbeck,TROUTBECK USD DIESEL,110.0,168.3
2025-11-26,145.0,Sunway City,SUNWAY USD DIESEL,446.25974,687.24
2025-11-26,145.0,Sunway City,SUNWAY USD PETROL,130.779221,201.4
2025-11-26,146.0,Banket,BANKET USD PETROL,8.441558,13.0
2025-11-26,147.0,Chinhoyi Main,CHINHOYI BULK DIESEL USD,750.0,1110.0
2025-11-26,147.0,Chinhoyi Main,CHINHOYI MAIN USD DIESEL,228.457516,349.54
2025-11-26,147.0,Chinhoyi Main,CHINHOYI MAIN USD PETROL,70.116883,107.98
2025-11-26,147.0,Chinhoyi Main,DIESEL LITRES,63.0,63.0
2025-11-26,148.0,Chegutu,CHEGUTU USD DIESEL,499.573333,749.36
2025-11-26,148.0,Chegutu,CHEGUTU USD PETROL,13.157895,20.0
2025-11-26,148.0,Chegutu,DIESEL LITRES,268.0,268.0
2025-11-26,149.0,Turnpike,DIESEL LITRES,180.0,180.0
2025-11-26,149.0,Turnpike,TURNPIKE USD DIESEL,97.402597,150.0
2025-11-26,149.0,Turnpike,TURNPIKE USD PETROL,85.616882,131.85
2025-11-26,150.0,Mutare One Stop,MUTARE ONE STOP DIESEL,139.189189,206.0
2025-11-26,150.0,Mutare One Stop,MUTARE ONE STOP PETROL,154.766666,232.15
2025-11-26,167.0,Munch & Move,MUNCH & MOVE - SALES,40.1,40.1
2025-11-27,,,,,149593.32
2025-11-27,82.0,Runiville,DIESEL LITRES,486.45,486.45
2025-11-27,82.0,Runiville,PETROL LITRES,300.41,300.41
2025-11-27,82.0,Runiville,RUNIVILLE BULK DIESEL USD,216.216216,320.0
2025-11-27,82.0,Runiville,RUNIVILLE USD DIESEL,1378.948052,2102.6948
2025-11-27,82.0,Runiville,RUNIVILLE USD PETROL,1385.259741,2124.3426
2025-11-27,84.0,Avondale,AVONDALE USD DIESEL,1440.902595,2205.086
2025-11-27,84.0,Avondale,AVONDALE USD PETROL,1209.785714,1858.7047
2025-11-27,84.0,Avondale,DIESEL LITRES,292.16,292.16
2025-11-27,84.0,Avondale,PETROL LITRES,150.41,150.41
2025-11-27,86.0,Charter,CHARTER USD DIESEL,869.136361,1334.234
2025-11-27,86.0,Charter,CHARTER USD PETROL,178.692811,271.766
2025-11-27,88.0,Seke,DIESEL LITRES,10.0,10.0
2025-11-27,88.0,Seke,SEKE USD DIESEL,215.649351,328.3519
2025-11-27,88.0,Seke,SEKE USD PETROL,59.210527,87.6974
2025-11-27,92.0,Msasa,DIESEL LITRES,1413.32,1413.32
2025-11-27,92.0,Msasa,MSASA BULK DIESEL,522.817567,773.77
2025-11-27,92.0,Msasa,MSASA USD DIESEL,791.863636,1219.47
2025-11-27,92.0,Msasa,MSASA USD PETROL,489.266234,752.5999
2025-11-27,92.0,Msasa,PETROL LITRES,154.36,154.36
2025-11-27,96.0,Samora,DIESEL LITRES,110.18,110.18
2025-11-27,96.0,Samora,PETROL LITRES,45.02,45.02
2025-11-27,96.0,Samora,SAMORA USD DIESEL,359.422078,548.794
2025-11-27,96.0,Samora,SAMORA USD PETROL,453.883117,698.98
2025-11-27,98.0,Roadport,DIESEL LITRES,547.88,547.88
2025-11-27,98.0,Roadport,PETROL LITRES,123.62,123.62
2025-11-27,98.0,Roadport,ROADPORT USD DIESEL,835.448049,1279.2672
2025-11-27,98.0,Roadport,ROADPORT USD DIESEL BUS,227.702703,337.0
2025-11-27,98.0,Roadport,ROAPORT USD PETROL,235.324674,360.4519
2025-11-27,102.0,Kirkman,DIESEL LITRES,415.0,415.0
2025-11-27,102.0,Kirkman,KIRKMAN USD DIESEL,12.987013,20.0
2025-11-27,102.0,Kirkman,KIRKMAN USD PETROL,133.084414,202.0526
2025-11-27,110.0,Mutare Green Market,MUTARE GREEN MARKET BULK DIESEL,250.0,365.0
2025-11-27,110.0,Mutare Green Market,MUTARE GREENMARKET USD DIESEL,107.837838,159.6
2025-11-27,110.0,Mutare Green Market,MUTARE GREENMARKET USD PETROL,35.593333,53.39
2025-11-27,112.0,Marondera,MARONDERA USD DIESEL,473.44,707.7267
2025-11-27,112.0,Marondera,MARONDERA USD PETROL,27.533333,41.3
2025-11-27,112.0,Marondera,PETROL LITRES,40.0,40.0
2025-11-27,114.0,Kadoma,DIESEL LITRES,150.0,150.0
2025-11-27,114.0,Kadoma,KADOMA USD DIESEL,106.845638,159.2
2025-11-27,114.0,Kadoma,KADOMA USD PETROL,81.721854,123.4
2025-11-27,121.0,Gweru,DIESEL LITRES,910.0,910.0
2025-11-27,121.0,Gweru,GWERU BULK DIESEL USD,906.122449,1332.0
2025-11-27,121.0,Gweru,GWERU USD DIESEL,4001.342281,5876.1998
2025-11-27,121.0,Gweru,GWERU USD PETROL,81.601308,122.5503
2025-11-27,123.0,Fife Street,FIFE USD DIESEL,714.571429,1100.44
2025-11-27,123.0,Fife Street,FIFE USD PETROL,195.116883,300.48
2025-11-27,123.0,Fife Street,PETROL LITRES,30.0,30.0
2025-11-27,125.0,Fort Street,FORT USD DIESEL,767.55844,1182.04
2025-11-27,125.0,Fort Street,FORT USD PETROL,517.662338,795.6172
2025-11-27,127.0,Mpopoma,MPOPOMA BULK DIESEL USD,445.945946,660.0
2025-11-27,127.0,Mpopoma,MPOPOMA USD DIESEL,122.032467,187.308
2025-11-27,127.0,Mpopoma,MPOPOMA USD PETROL,120.129871,181.922
2025-11-27,129.0,Khami,KHAMI USD DIESEL,115.0,174.1
2025-11-27,129.0,Khami,KHAMI USD PETROL,35.064935,54.0
2025-11-27,131.0,R Mugabe,PETROL LITRES,20.02,20.02
2025-11-27,131.0,R Mugabe,R MUGABE USD DIESEL,208.649351,321.32
2025-11-27,131.0,R Mugabe,R MUGABE USD PETROL,49.999999,77.0
2025-11-27,135.0,Cripps,CRIPPS BULK DIESEL USD,801.0,1185.48
2025-11-27,135.0,Cripps,CRIPPS DIESEL USD,579.818182,892.92
2025-11-27,135.0,Cripps,CRIPPS PETROL USD,289.11039,443.3404
2025-11-27,135.0,Cripps,DIESEL LITRES,251.67,251.67
2025-11-27,135.0,Cripps,PETROL LITRES,704.29,704.29
2025-11-27,140.0,Mutare Second Street,MUTARE SECOND USD DIESEL,217.432432,321.8
2025-11-27,141.0,Troutbeck,PETROL LITRES,100.0,100.0
2025-11-27,141.0,Troutbeck,TROUTBECK USD DIESEL,154.96732,237.1
2025-11-27,141.0,Troutbeck,TROUTBECK USD PETROL,261.551949,391.2384
2025-11-27,145.0,Sunway City,DIESEL LITRES,50.0,50.0
2025-11-27,145.0,Sunway City,PETROL LITRES,30.0,30.0
2025-11-27,145.0,Sunway City,SUNWAY USD DIESEL,307.25974,472.68
2025-11-27,145.0,Sunway City,SUNWAY USD PETROL,55.194805,84.026
2025-11-27,146.0,Banket,BANKET BULK DIESEL USD,1077.445946,1594.62
2025-11-27,146.0,Banket,BANKET USD DIESEL,98.68421,150.0
2025-11-27,146.0,Banket,BANKET USD PETROL,50.0,77.0
2025-11-27,146.0,Banket,DIESEL LITRES,90.0,90.0
2025-11-27,147.0,Chinhoyi Main,CHINHOYI BULK DIESEL USD,150.0,222.0
2025-11-27,147.0,Chinhoyi Main,CHINHOYI MAIN USD DIESEL,314.633988,477.7446
2025-11-27,147.0,Chinhoyi Main,CHINHOYI MAIN USD PETROL,179.090907,275.8
2025-11-27,147.0,Chinhoyi Main,DIESEL LITRES,45.77,45.77
2025-11-27,148.0,Chegutu,CHEGUTU BULK DIESEL USD,221.621622,328.0
2025-11-27,148.0,Chegutu,CHEGUTU USD DIESEL,20.0,30.0
2025-11-27,148.0,Chegutu,DIESEL LITRES,80.0,80.0
2025-11-27,149.0,Turnpike,DIESEL LITRES,745.0,745.0
2025-11-27,149.0,Turnpike,TURNPIKE USD DIESEL,102.662337,158.1
2025-11-27,149.0,Turnpike,TURNPIKE USD PETROL,44.545454,68.6
2025-11-27,150.0,Mutare One Stop,MUTARE ONE STOP DIESEL,173.006757,256.05
2025-11-27,150.0,Mutare One Stop,MUTARE ONE STOP PETROL,59.86,89.79
2025-11-27,167.0,Munch & Move,MUNCH & MOVE - SALES,92.21,92.21
2025-11-27,168.0,Avondale M&M,AVONDALE M&M,30.4,30.4
2025-11-28,,,,,86335.12
2025-11-28,82.0,,,,611.38
2025-11-28,82.0,Runiville,DIESEL LITRES,715.82,715.82
2025-11-28,82.0,Runiville,PETROL LITRES,587.79,587.79
2025-11-28,82.0,Runiville,RUNIVILLE BULK DIESEL USD,726.858108,1082.95
2025-11-28,82.0,Runiville,RUNIVILLE USD DIESEL,2142.980519,3253.9054
2025-11-28,82.0,Runiville,RUNIVILLE USD PETROL,653.253246,1004.56
2025-11-28,84.0,Avondale,AVONDALE USD DIESEL,1623.675325,2481.7923
2025-11-28,84.0,Avondale,AVONDALE USD PETROL,1503.129869,2304.9268
2025-11-28,84.0,Avondale,DIESEL LITRES,335.12,335.12
2025-11-28,84.0,Avondale,PETROL LITRES,213.0,213.0
2025-11-28,86.0,Charter,CHARTER USD DIESEL,569.993505,873.8939
2025-11-28,86.0,Charter,CHARTER USD PETROL,210.254902,321.69
2025-11-28,86.0,Charter,DIESEL LITRES,50.73,50.73
2025-11-28,86.0,Charter,PETROL LITRES,10.0,10.0
2025-11-28,88.0,Seke,SEKE USD DIESEL,220.246752,330.4973
2025-11-28,88.0,Seke,SEKE USD PETROL,111.098684,166.5776
2025-11-28,92.0,Msasa,DIESEL LITRES,317.63,317.63
2025-11-28,92.0,Msasa,MSASA BULK DIESEL,271.993243,405.35
2025-11-28,92.0,Msasa,MSASA USD DIESEL,860.506492,1325.18
2025-11-28,92.0,Msasa,MSASA USD PETROL,756.694803,1159.4558
2025-11-28,92.0,Msasa,PETROL LITRES,261.25,261.25
2025-11-28,96.0,Samora,PETROL LITRES,180.0,180.0
2025-11-28,96.0,Samora,SAMORA USD DIESEL,338.792208,521.74
2025-11-28,96.0,Samora,SAMORA USD PETROL,757.207789,1158.5477
2025-11-28,98.0,Roadport,DIESEL LITRES,329.49,329.49
2025-11-28,98.0,Roadport,PETROL LITRES,89.2,89.2
2025-11-28,98.0,Roadport,ROADPORT USD DIESEL,1068.441557,1627.8623
2025-11-28,98.0,Roadport,ROADPORT USD DIESEL BUS,102.0,153.0
2025-11-28,98.0,Roadport,ROAPORT USD PETROL,650.006492,995.2632
2025-11-28,102.0,Kirkman,DIESEL LITRES,648.63,648.63
2025-11-28,102.0,Kirkman,KIRKMAN USD DIESEL,3989.655841,6142.3817
2025-11-28,102.0,Kirkman,KIRKMAN USD PETROL,174.623376,267.3615
2025-11-28,102.0,Kirkman,PETROL LITRES,30.0,30.0
2025-11-28,110.0,Mutare Green Market,DIESEL LITRES,140.0,140.0
2025-11-28,110.0,Mutare Green Market,MUTARE GREENMARKET USD DIESEL,160.135135,237.0
2025-11-28,110.0,Mutare Green Market,MUTARE GREENMARKET USD PETROL,35.333333,53.0
2025-11-28,112.0,Marondera,DIESEL LITRES,474.0,474.0
2025-11-28,112.0,Marondera,MARONDERA USD DIESEL,256.273333,384.41
2025-11-28,112.0,Marondera,MARONDERA USD PETROL,29.333333,43.0
2025-11-28,112.0,Marondera,PETROL LITRES,25.0,25.0
2025-11-28,114.0,Kadoma,KADOMA USD DIESEL,100.0,149.0
2025-11-28,114.0,Kadoma,KADOMA USD PETROL,20.0,30.2
2025-11-28,121.0,Gweru,DIESEL LITRES,170.0,170.0
2025-11-28,121.0,Gweru,GWERU USD DIESEL,1514.278836,2235.4264
2025-11-28,121.0,Gweru,GWERU USD PETROL,36.535948,55.0
2025-11-28,121.0,Gweru,PETROL LITRES,25.25,25.25
2025-11-28,123.0,Fife Street,DIESEL LITRES,236.27,236.27
2025-11-28,123.0,Fife Street,FIFE USD DIESEL,613.66883,938.2968
2025-11-28,123.0,Fife Street,FIFE USD PETROL,300.448052,461.3751
2025-11-28,123.0,Fife Street,PETROL LITRES,31.0,31.0
2025-11-28,125.0,Fort Street,DIESEL LITRES,100.0,100.0
2025-11-28,125.0,Fort Street,FORT USD DIESEL,194.025974,298.8
2025-11-28,125.0,Fort Street,FORT USD PETROL,156.136363,240.45
2025-11-28,127.0,Mpopoma,MPOPOMA USD DIESEL,220.974027,336.3279
2025-11-28,127.0,Mpopoma,MPOPOMA USD PETROL,358.766233,542.6136
2025-11-28,129.0,Khami,KHAMI USD DIESEL,163.961039,248.9
2025-11-28,129.0,Khami,KHAMI USD PETROL,53.279221,82.05
2025-11-28,131.0,R Mugabe,R MUGABE USD DIESEL,79.38961,122.26
2025-11-28,131.0,R Mugabe,R MUGABE USD PETROL,178.863637,275.45
2025-11-28,135.0,Cripps,CRIPPS DIESEL USD,1584.045452,2425.3781
2025-11-28,135.0,Cripps,CRIPPS PETROL USD,968.707792,1490.31
2025-11-28,135.0,Cripps,DIESEL LITRES,387.69,387.69
2025-11-28,135.0,Cripps,PETROL LITRES,209.0,209.0
2025-11-28,140.0,Mutare Second Street,MUTARE SECOND USD DIESEL,57.432432,85.0
2025-11-28,140.0,Mutare Second Street,MUTARE SECOND USD PETROL,21.686667,32.53
2025-11-28,141.0,Troutbeck,TROUTBECK USD DIESEL,52.679739,79.6
2025-11-28,141.0,Troutbeck,TROUTBECK USD PETROL,300.201299,447.2999
2025-11-28,144.0,Bessemer,BESSEMER USD DIESEL,40.0,58.0
2025-11-28,145.0,Sunway City,DIESEL LITRES,35.0,35.0
2025-11-28,145.0,Sunway City,SUNWAY USD DIESEL,789.571429,1215.69
2025-11-28,145.0,Sunway City,SUNWAY USD PETROL,76.668831,118.07
2025-11-28,146.0,Banket,BANKET BULK DIESEL USD,363.513514,538.0
2025-11-28,146.0,Banket,BANKET USD DIESEL,81.578947,124.0
2025-11-28,146.0,Banket,DIESEL LITRES,90.0,90.0
2025-11-28,147.0,Chinhoyi Main,CHINHOYI BULK DIESEL USD,300.0,450.0
2025-11-28,147.0,Chinhoyi Main,CHINHOYI MAIN USD DIESEL,314.771242,476.1686
2025-11-28,147.0,Chinhoyi Main,CHINHOYI MAIN USD PETROL,32.610389,50.22
2025-11-28,148.0,Chegutu,CHEGUTU USD DIESEL,60.264901,91.0
2025-11-28,148.0,Chegutu,CHEGUTU USD PETROL,5.263158,8.0
2025-11-28,149.0,Turnpike,DIESEL LITRES,280.0,280.0
2025-11-28,149.0,Turnpike,PETROL LITRES,29.75,29.75
2025-11-28,149.0,Turnpike,TURNPIKE USD DIESEL,12.987013,20.0
2025-11-28,149.0,Turnpike,TURNPIKE USD PETROL,54.396103,83.77
2025-11-28,150.0,Mutare One Stop,MUTARE ONE STOP DIESEL,245.27027,363.0
2025-11-28,150.0,Mutare One Stop,MUTARE ONE STOP PETROL,60.486666,90.73
2025-11-28,168.0,Avondale M&M,AVONDALE M&M,11.2,11.2
2025-11-29,,,,,38360.42
2025-11-29,82.0,Runiville,DIESEL LITRES,148.46,148.46
2025-11-29,82.0,Runiville,PETROL LITRES,53.49,53.49
2025-11-29,82.0,Runiville,RUNIVILLE BULK DIESEL USD,405.0,607.5
2025-11-29,82.0,Runiville,RUNIVILLE USD DIESEL,995.357143,1510.614
2025-11-29,82.0,Runiville,RUNIVILLE USD PETROL,476.259739,731.8558
2025-11-29,84.0,Avondale,AVONDALE USD DIESEL,993.279221,1510.8824
2025-11-29,84.0,Avondale,AVONDALE USD PETROL,904.370129,1382.1157
2025-11-29,84.0,Avondale,DIESEL LITRES,295.95,295.95
2025-11-29,84.0,Avondale,PETROL LITRES,260.89,260.89
2025-11-29,86.0,Charter,CHARTER USD DIESEL,361.194804,551.3699
2025-11-29,86.0,Charter,CHARTER USD PETROL,119.59477,182.48
2025-11-29,88.0,Seke,DIESEL LITRES,50.0,50.0
2025-11-29,88.0,Seke,PETROL LITRES,5.0,5.0
2025-11-29,88.0,Seke,SEKE USD DIESEL,259.746753,391.3734
2025-11-29,88.0,Seke,SEKE USD PETROL,49.342105,72.8618
2025-11-29,92.0,Msasa,DIESEL LITRES,489.35,489.35
2025-11-29,92.0,Msasa,MSASA BULK DIESEL,673.333333,1010.0
2025-11-29,92.0,Msasa,MSASA USD DIESEL,891.753247,1369.9883
2025-11-29,92.0,Msasa,MSASA USD PETROL,295.90909,455.7
2025-11-29,92.0,Msasa,PETROL LITRES,244.18,244.18
2025-11-29,96.0,Samora,DIESEL LITRES,125.26,125.26
2025-11-29,96.0,Samora,PETROL LITRES,30.99,30.99
2025-11-29,96.0,Samora,SAMORA USD DIESEL,161.850649,246.5116
2025-11-29,96.0,Samora,SAMORA USD PETROL,195.993507,301.5232
2025-11-29,98.0,Roadport,DIESEL LITRES,334.5,334.5
2025-11-29,98.0,Roadport,ROADPORT USD DIESEL,544.246751,833.5101
2025-11-29,98.0,Roadport,ROAPORT USD PETROL,362.331168,552.9663
2025-11-29,102.0,Kirkman,DIESEL LITRES,3299.0,3299.0
2025-11-29,102.0,Kirkman,KIRKMAN USD DIESEL,719.090909,1101.2181
2025-11-29,102.0,Kirkman,KIRKMAN USD PETROL,244.149351,371.2532
2025-11-29,102.0,Kirkman,PETROL LITRES,153.27,153.27
2025-11-29,110.0,Mutare Green Market,MUTARE GREEN MARKET BULK DIESEL,150.0,219.0
2025-11-29,110.0,Mutare Green Market,MUTARE GREENMARKET USD DIESEL,124.054054,183.6
2025-11-29,112.0,Marondera,DIESEL LITRES,18.0,18.0
2025-11-29,112.0,Marondera,MARONDERA USD DIESEL,271.0,404.998
2025-11-29,112.0,Marondera,MARONDERA USD PETROL,97.333333,146.0
2025-11-29,112.0,Marondera,PETROL LITRES,11.0,11.0
2025-11-29,114.0,Kadoma,DIESEL LITRES,330.0,330.0
2025-11-29,114.0,Kadoma,KADOMA USD DIESEL,5.0,7.45
2025-11-29,114.0,Kadoma,KADOMA USD PETROL,99.337748,150.0
2025-11-29,121.0,Gweru,DIESEL LITRES,204.0,204.0
2025-11-29,121.0,Gweru,GWERU BULK DIESEL USD,200.0,298.0
2025-11-29,121.0,Gweru,GWERU USD DIESEL,2978.533333,4391.694
2025-11-29,121.0,Gweru,GWERU USD PETROL,77.032678,117.2064
2025-11-29,123.0,Fife Street,DIESEL LITRES,60.0,60.0
2025-11-29,123.0,Fife Street,FIFE USD DIESEL,858.0,1306.4356
2025-11-29,123.0,Fife Street,FIFE USD PETROL,324.220778,499.3
2025-11-29,123.0,Fife Street,PETROL LITRES,60.0,60.0
2025-11-29,125.0,Fort Street,FORT USD DIESEL,638.48052,983.26
2025-11-29,125.0,Fort Street,FORT USD PETROL,191.558441,295.0
2025-11-29,127.0,Mpopoma,MPOPOMA USD DIESEL,353.818182,536.6109
2025-11-29,127.0,Mpopoma,MPOPOMA USD PETROL,194.519481,293.7244
2025-11-29,129.0,Khami,KHAMI USD PETROL,55.649351,85.7
2025-11-29,131.0,R Mugabe,PETROL LITRES,60.0,60.0
2025-11-29,131.0,R Mugabe,R MUGABE USD DIESEL,219.727273,338.38
2025-11-29,131.0,R Mugabe,R MUGABE USD PETROL,25.974025,40.0
2025-11-29,135.0,Cripps,CRIPPS DIESEL USD,313.81169,482.3934
2025-11-29,135.0,Cripps,CRIPPS PETROL USD,936.922078,1416.8097
2025-11-29,135.0,Cripps,DIESEL LITRES,62.04,62.04
2025-11-29,135.0,Cripps,PETROL LITRES,125.07,125.07
2025-11-29,140.0,Mutare Second Street,DIESEL LITRES,39.0,39.0
2025-11-29,140.0,Mutare Second Street,MUTARE SECOND USD DIESEL,97.972973,145.0
2025-11-29,141.0,Troutbeck,TROUTBECK USD DIESEL,57.882353,87.46
2025-11-29,145.0,Sunway City,DIESEL LITRES,130.0,130.0
2025-11-29,145.0,Sunway City,PETROL LITRES,30.0,30.0
2025-11-29,145.0,Sunway City,SUNWAY USD DIESEL,515.727272,788.8109
2025-11-29,145.0,Sunway City,SUNWAY USD PETROL,43.506494,66.3506
2025-11-29,146.0,Banket,BANKET BULK DIESEL USD,118.243243,175.0
2025-11-29,146.0,Banket,BANKET USD PETROL,69.480519,107.0
2025-11-29,146.0,Banket,DIESEL LITRES,60.0,60.0
2025-11-29,147.0,Chinhoyi Main,CHINHOYI BULK DIESEL USD,400.0,600.0
2025-11-29,147.0,Chinhoyi Main,CHINHOYI MAIN USD DIESEL,123.66013,189.2
2025-11-29,147.0,Chinhoyi Main,CHINHOYI MAIN USD PETROL,184.350649,283.9
2025-11-29,147.0,Chinhoyi Main,DIESEL LITRES,533.0,533.0
2025-11-29,148.0,Chegutu,CHEGUTU USD DIESEL,90.728477,137.0
2025-11-29,148.0,Chegutu,CHEGUTU USD PETROL,71.118421,108.1
2025-11-29,149.0,Turnpike,DIESEL LITRES,870.0,870.0
2025-11-29,149.0,Turnpike,TURNPIKE USD DIESEL,46.493506,71.6
2025-11-29,149.0,Turnpike,TURNPIKE USD PETROL,36.0,53.64
2025-11-29,150.0,Mutare One Stop,DIESEL LITRES,99.99,99.99
2025-11-29,150.0,Mutare One Stop,MUTARE ONE STOP DIESEL,135.135135,200.0
2025-11-29,150.0,Mutare One Stop,MUTARE ONE STOP PETROL,36.673333,55.01
2025-11-29,168.0,Avondale M&M,AVONDALE M&M,5.0,5.0
2025-11-30,,,,,20784.27
2025-11-30,82.0,Runiville,DIESEL LITRES,469.72,469.72
2025-11-30,82.0,Runiville,PETROL LITRES,40.0,40.0
2025-11-30,82.0,Runiville,RUN-QUARTZ 9000 SAE 5W40 500ML,2.0,10.0
2025-11-30,82.0,Runiville,RUNIVILLE BULK DIESEL USD,537.346666,806.02
2025-11-30,82.0,Runiville,RUNIVILLE USD DIESEL,511.422079,778.0958
2025-11-30,82.0,Runiville,RUNIVILLE USD PETROL,435.233765,666.8246
2025-11-30,84.0,Avondale,AVONDALE USD DIESEL,655.357141,995.513
2025-11-30,84.0,Avondale,AVONDALE USD PETROL,671.012985,1029.2626
2025-11-30,84.0,Avondale,DIESEL LITRES,233.8,233.8
2025-11-30,84.0,Avondale,PETROL LITRES,162.42,162.42
2025-11-30,86.0,Charter,CHARTER USD DIESEL,565.987012,854.346
2025-11-30,86.0,Charter,CHARTER USD PETROL,160.352941,245.34
2025-11-30,86.0,Charter,DIESEL LITRES,30.0,30.0
2025-11-30,88.0,Seke,PETROL LITRES,40.0,40.0
2025-11-30,88.0,Seke,SEKE USD DIESEL,171.662338,261.1921
2025-11-30,88.0,Seke,SEKE USD PETROL,23.684211,36.0
2025-11-30,92.0,Msasa,DIESEL LITRES,70.0,70.0
2025-11-30,92.0,Msasa,MSASA BULK DIESEL,808.0,1212.0
2025-11-30,92.0,Msasa,MSASA USD DIESEL,82.519481,127.08
2025-11-30,92.0,Msasa,MSASA USD PETROL,299.363637,459.1989
2025-11-30,92.0,Msasa,PETROL LITRES,55.0,55.0
2025-11-30,96.0,Samora,DIESEL LITRES,33.0,33.0
2025-11-30,96.0,Samora,PETROL LITRES,71.56,71.56
2025-11-30,96.0,Samora,SAMORA USD DIESEL,51.948051,78.7013
2025-11-30,96.0,Samora,SAMORA USD PETROL,136.363636,208.1818
2025-11-30,98.0,Roadport,DIESEL LITRES,69.83,69.83
2025-11-30,98.0,Roadport,PETROL LITRES,109.75,109.75
2025-11-30,98.0,Roadport,ROADPORT USD DIESEL,638.896103,981.2149
2025-11-30,98.0,Roadport,ROAPORT USD PETROL,139.532466,214.2306
2025-11-30,102.0,Kirkman,DIESEL LITRES,4389.59,4389.59
2025-11-30,102.0,Kirkman,KIRKMAN USD DIESEL,54.675324,83.9403
2025-11-30,102.0,Kirkman,KIRKMAN USD PETROL,231.318179,355.2949
2025-11-30,102.0,Kirkman,PETROL LITRES,68.61,68.61
2025-11-30,110.0,Mutare Green Market,DIESEL LITRES,20.0,20.0
2025-11-30,112.0,Marondera,DIESEL LITRES,108.8,108.8
2025-11-30,112.0,Marondera,MARONDERA USD DIESEL,126.666667,188.6667
2025-11-30,112.0,Marondera,MARONDERA USD PETROL,71.333334,105.7667
2025-11-30,112.0,Marondera,PETROL LITRES,116.75,116.75
2025-11-30,121.0,Gweru,DIESEL LITRES,69.0,69.0
2025-11-30,121.0,Gweru,GWERU USD DIESEL,321.666667,474.7967
2025-11-30,121.0,Gweru,GWERU USD PETROL,63.398693,94.9673
2025-11-30,123.0,Fife Street,FIFE USD DIESEL,364.428571,561.22
2025-11-30,123.0,Fife Street,FIFE USD PETROL,167.097403,257.33
2025-11-30,125.0,Fort Street,DIESEL LITRES,90.0,90.0
2025-11-30,125.0,Fort Street,FORT USD DIESEL,83.27922,128.25
2025-11-30,125.0,Fort Street,FORT USD PETROL,265.422077,408.75
2025-11-30,127.0,Mpopoma,MPOPOMA USD DIESEL,282.006493,428.8442
2025-11-30,127.0,Mpopoma,MPOPOMA USD PETROL,357.805195,541.93
2025-11-30,129.0,Khami,KHAMI USD DIESEL,60.0,90.6
2025-11-30,129.0,Khami,KHAMI USD PETROL,64.448052,99.25
2025-11-30,131.0,R Mugabe,R MUGABE USD DIESEL,194.227272,299.11
2025-11-30,131.0,R Mugabe,R MUGABE USD PETROL,55.967532,86.19
2025-11-30,135.0,Cripps,CRIPPS DIESEL USD,855.305193,1308.3258
2025-11-30,135.0,Cripps,CRIPPS PETROL USD,347.88961,533.2776
2025-11-30,140.0,Mutare Second Street,DIESEL LITRES,40.0,40.0
2025-11-30,141.0,Troutbeck,DIESEL LITRES,1200.0,1200.0
2025-11-30,141.0,Troutbeck,PETROL LITRES,510.0,510.0
2025-11-30,141.0,Troutbeck,TROUTBECK USD DIESEL,20.0,30.6
2025-11-30,145.0,Sunway City,DIESEL LITRES,30.0,30.0
2025-11-30,145.0,Sunway City,SUNWAY USD DIESEL,579.31818,891.03
2025-11-30,145.0,Sunway City,SUNWAY USD PETROL,73.376623,111.2792
2025-11-30,146.0,Banket,BANKET BULK DIESEL USD,600.0,888.0
2025-11-30,146.0,Banket,BANKET USD DIESEL,26.315789,40.0
2025-11-30,146.0,Banket,DIESEL LITRES,90.0,90.0
2025-11-30,147.0,Chinhoyi Main,CHINHOYI BULK DIESEL USD,700.0,1050.0
2025-11-30,147.0,Chinhoyi Main,CHINHOYI MAIN USD DIESEL,13.071895,20.0
2025-11-30,147.0,Chinhoyi Main,CHINHOYI MAIN USD PETROL,129.220779,199.0
2025-11-30,148.0,Chegutu,CHEGUTU USD DIESEL,145.827814,220.2
2025-11-30,149.0,Turnpike,DIESEL LITRES,307.79,307.79
2025-11-30,149.0,Turnpike,TURNPIKE USD DIESEL,284.740259,436.8766
2025-11-30,149.0,Turnpike,TURNPIKE USD PETROL,16.493506,25.4
2025-11-30,150.0,Mutare One Stop,MUTARE ONE STOP PETROL,36.666667,54.1667
2025-11-30,150.0,Mutare One Stop,PETROL LITRES,20.0,20.0
2025-12-01,,,,,259525.63
2025-12-01,82.0,Runiville,DIESEL LITRES,438.0,438.0
2025-12-01,82.0,Runiville,PETROL LITRES,251.8,251.8
2025-12-01,82.0,Runiville,RUNIVILLE BULK DIESEL USD,649.16,973.74
2025-12-01,82.0,Runiville,RUNIVILLE USD DIESEL,928.181815,1411.9987
2025-12-01,82.0,Runiville,RUNIVILLE USD PETROL,1246.597399,1917.56
2025-12-01,84.0,Avondale,AVONDALE USD DIESEL,1801.428568,2742.0754
2025-12-01,84.0,Avondale,AVONDALE USD PETROL,1647.428566,2519.7924
2025-12-01,84.0,Avondale,DIESEL LITRES,529.22,529.22
2025-12-01,84.0,Avondale,PETROL LITRES,214.39,214.39
2025-12-01,86.0,Charter,CHARTER USD DIESEL,483.194806,744.12
2025-12-01,86.0,Charter,CHARTER USD PETROL,476.006537,728.29
2025-12-01,86.0,Charter,PETROL LITRES,88.08,88.08
2025-12-01,88.0,Seke,SEKE USD DIESEL,29.220779,45.0
2025-12-01,88.0,Seke,SEKE USD PETROL,174.999999,266.0
2025-12-01,92.0,Msasa,DIESEL LITRES,805.94,805.94
2025-12-01,92.0,Msasa,MSASA BULK DIESEL,373.7,560.55
2025-12-01,92.0,Msasa,MSASA USD DIESEL,1079.922077,1657.1197
2025-12-01,92.0,Msasa,MSASA USD PETROL,1274.863636,1963.29
2025-12-01,92.0,Msasa,PETROL LITRES,432.04,432.04
2025-12-01,96.0,,,,19.3506
2025-12-01,96.0,Samora,DIESEL LITRES,20.0,20.0
2025-12-01,96.0,Samora,PETROL LITRES,89.63,89.63
2025-12-01,96.0,Samora,SAMORA USD DIESEL,577.051945,883.79
2025-12-01,96.0,Samora,SAMORA USD PETROL,703.993503,1076.9928
2025-12-01,98.0,Roadport,DIESEL LITRES,705.84,705.84
2025-12-01,98.0,Roadport,PETROL LITRES,226.55,226.55
2025-12-01,98.0,Roadport,ROADPORT USD DIESEL,1172.948051,1803.4829
2025-12-01,98.0,Roadport,ROAPORT USD PETROL,810.52597,1242.1873
2025-12-01,102.0,Kirkman,DIESEL LITRES,2865.72,2865.72
2025-12-01,102.0,Kirkman,KIRKMAN USD DIESEL,393.058441,601.8035
2025-12-01,102.0,Kirkman,KIRKMAN USD PETROL,496.876622,760.9873
2025-12-01,102.0,Kirkman,PETROL LITRES,40.0,40.0
2025-12-01,110.0,Mutare Green Market,MUTARE GREEN MARKET BULK DIESEL,222.0,324.12
2025-12-01,110.0,Mutare Green Market,MUTARE GREENMARKET USD DIESEL,164.864865,244.0
2025-12-01,112.0,Marondera,DIESEL LITRES,63.93,63.93
2025-12-01,112.0,Marondera,MARONDERA USD DIESEL,213.333334,320.0
2025-12-01,112.0,Marondera,MARONDERA USD PETROL,75.333333,113.0
2025-12-01,114.0,Kadoma,KADOMA USD DIESEL,70.0,104.3
2025-12-01,114.0,Kadoma,KADOMA USD PETROL,9.933775,15.0
2025-12-01,121.0,Gweru,DIESEL LITRES,260.0,260.0
2025-12-01,121.0,Gweru,GWERU BULK DIESEL USD,200.0,298.0
2025-12-01,121.0,Gweru,GWERU USD DIESEL,376.0,562.7333
2025-12-01,121.0,Gweru,GWERU USD PETROL,11.764706,17.4118
2025-12-01,123.0,Fife Street,DIESEL LITRES,118.21,118.21
2025-12-01,123.0,Fife Street,FIFE USD DIESEL,1074.870129,1647.1
2025-12-01,123.0,Fife Street,FIFE USD PETROL,334.285714,514.8
2025-12-01,125.0,Fort Street,DIESEL LITRES,160.0,160.0
2025-12-01,125.0,Fort Street,FORT USD DIESEL,641.493505,987.9
2025-12-01,125.0,Fort Street,FORT USD PETROL,220.194804,339.1
2025-12-01,127.0,Mpopoma,MPOPOMA BULK DIESEL USD,146.666667,220.0
2025-12-01,127.0,Mpopoma,MPOPOMA USD DIESEL,427.292208,649.3089
2025-12-01,127.0,Mpopoma,MPOPOMA USD PETROL,302.941559,459.8379
2025-12-01,129.0,Khami,KHAMI USD DIESEL,214.480519,327.3
2025-12-01,129.0,Khami,KHAMI USD PETROL,166.753247,256.8
2025-12-01,131.0,R Mugabe,DIESEL LITRES,245.0,245.0
2025-12-01,131.0,R Mugabe,R MUGABE USD DIESEL,165.487012,254.85
2025-12-01,131.0,R Mugabe,R MUGABE USD PETROL,166.311688,256.12
2025-12-01,135.0,Cripps,CRIPPS DIESEL USD,1445.792206,2222.2083
2025-12-01,135.0,Cripps,CRIPPS PETROL USD,1725.889606,2656.5713
2025-12-01,135.0,Cripps,DIESEL LITRES,114.97,114.97
2025-12-01,135.0,Cripps,PETROL LITRES,224.01,224.01
2025-12-01,140.0,Mutare Second Street,DIESEL LITRES,46.0,46.0
2025-12-01,140.0,Mutare Second Street,MUTARE SECOND USD DIESEL,70.945946,105.0
2025-12-01,140.0,Mutare Second Street,MUTARE SECOND USD PETROL,30.0,45.0
2025-12-01,141.0,Troutbeck,TROUTBECK USD DIESEL,121.346405,185.66
2025-12-01,145.0,Sunway City,DIESEL LITRES,50.0,50.0
2025-12-01,145.0,Sunway City,PETROL LITRES,37.78,37.78
2025-12-01,145.0,Sunway City,SUNWAY USD DIESEL,681.844155,1050.04
2025-12-01,145.0,Sunway City,SUNWAY USD PETROL,99.350649,153.0
2025-12-01,146.0,Banket,BANKET BULK DIESEL USD,770.0,1139.6
2025-12-01,146.0,Banket,BANKET USD DIESEL,138.81579,211.0
2025-12-01,146.0,Banket,DIESEL LITRES,100.0,100.0
2025-12-01,147.0,Chinhoyi Main,CHINHOYI BULK DIESEL USD,933.333333,1400.0
2025-12-01,147.0,Chinhoyi Main,CHINHOYI MAIN USD DIESEL,149.666666,228.99
2025-12-01,147.0,Chinhoyi Main,CHINHOYI MAIN USD PETROL,117.922077,181.6
2025-12-01,147.0,Chinhoyi Main,DIESEL LITRES,15.0,15.0
2025-12-01,148.0,Chegutu,CHEGUTU USD DIESEL,20.0,30.2
2025-12-01,148.0,Chegutu,DIESEL LITRES,336.0,336.0
2025-12-01,149.0,Turnpike,DIESEL LITRES,617.0,617.0
2025-12-01,149.0,Turnpike,TURNPIKE USD DIESEL,124.5,186.755
2025-12-01,149.0,Turnpike,TURNPIKE USD PETROL,55.129869,84.9
2025-12-01,150.0,Mutare One Stop,MUTARE ONE STOP DIESEL,806.486486,1193.6
2025-12-01,150.0,Mutare One Stop,MUTARE ONE STOP PETROL,166.0,249.0
2025-12-01,150.0,Mutare One Stop,PETROL LITRES,39.62,39.62
2025-12-01,167.0,Munch & Move,MUNCH & MOVE - SALES,60.0,60.0
2025-12-01,168.0,Avondale M&M,AVONDALE M&M,17.9,17.9
2025-12-02,,,,,146528.8
2025-12-02,82.0,Runiville,DIESEL LITRES,148.25,148.25
2025-12-02,82.0,Runiville,PETROL LITRES,380.93,380.93
2025-12-02,82.0,Runiville,RUNIVILLE BULK DIESEL USD,572.64,858.96
2025-12-02,82.0,Runiville,RUNIVILLE USD DIESEL,1978.058441,3004.4633
2025-12-02,82.0,Runiville,RUNIVILLE USD PETROL,1520.792204,2330.5938
2025-12-02,84.0,Avondale,AVONDALE USD DIESEL,1407.902596,2154.9776
2025-12-02,84.0,Avondale,AVONDALE USD PETROL,1601.071425,2455.2204
2025-12-02,84.0,Avondale,DIESEL LITRES,334.32,334.32
2025-12-02,84.0,Avondale,PETROL LITRES,177.29,177.29
2025-12-02,86.0,Charter,CHARTER USD DIESEL,758.350646,1158.7431
2025-12-02,86.0,Charter,CHARTER USD PETROL,1092.718956,1649.945
2025-12-02,86.0,Charter,PETROL LITRES,35.0,35.0
2025-12-02,88.0,Seke,SEKE USD DIESEL,547.792208,828.6532
2025-12-02,88.0,Seke,SEKE USD PETROL,416.651316,630.3028
2025-12-02,92.0,Msasa,DIESEL LITRES,103.36,103.36
2025-12-02,92.0,Msasa,MSASA BULK DIESEL,445.666667,668.5
2025-12-02,92.0,Msasa,MSASA USD DIESEL,597.441557,920.06
2025-12-02,92.0,Msasa,MSASA USD PETROL,1041.188306,1603.43
2025-12-02,92.0,Msasa,PETROL LITRES,88.0,88.0
2025-12-02,96.0,Samora,DIESEL LITRES,31.9,31.9
2025-12-02,96.0,Samora,SAMORA USD DIESEL,69.220779,106.6
2025-12-02,96.0,Samora,SAMORA USD PETROL,775.337661,1192.5589
2025-12-02,98.0,Roadport,DIESEL LITRES,10.46,10.46
2025-12-02,98.0,Roadport,PETROL LITRES,60.0,60.0
2025-12-02,98.0,Roadport,ROADPORT USD DIESEL,1384.26623,2127.7083
2025-12-02,98.0,Roadport,ROADPORT USD DIESEL BUS,133.333333,200.0
2025-12-02,98.0,Roadport,ROAPORT USD PETROL,632.55844,972.8932
2025-12-02,102.0,Kirkman,DIESEL LITRES,2721.08,2721.08
2025-12-02,102.0,Kirkman,KIRKMAN USD DIESEL,92.012987,140.7
2025-12-02,102.0,Kirkman,KIRKMAN USD PETROL,347.272727,534.2805
2025-12-02,102.0,Kirkman,PETROL LITRES,7.0,7.0
2025-12-02,110.0,Mutare Green Market,DIESEL LITRES,300.0,300.0
2025-12-02,110.0,Mutare Green Market,MUTARE GREENMARKET USD DIESEL,183.783784,272.0
2025-12-02,110.0,Mutare Green Market,MUTARE GREENMARKET USD PETROL,62.666667,94.0
2025-12-02,112.0,Marondera,MARONDERA USD DIESEL,70.0,105.0
2025-12-02,112.0,Marondera,MARONDERA USD PETROL,55.933333,83.9
2025-12-02,114.0,Kadoma,DIESEL LITRES,160.0,160.0
2025-12-02,114.0,Kadoma,KADOMA USD DIESEL,223.228188,332.61
2025-12-02,114.0,Kadoma,KADOMA USD PETROL,171.655629,257.3788
2025-12-02,121.0,Gweru,DIESEL LITRES,200.0,200.0
2025-12-02,121.0,Gweru,GWERU USD DIESEL,2511.006665,3706.4498
2025-12-02,121.0,Gweru,GWERU USD PETROL,135.653595,205.7444
2025-12-02,123.0,Fife Street,DIESEL LITRES,48.41,48.41
2025-12-02,123.0,Fife Street,FIFE USD DIESEL,548.233766,842.3319
2025-12-02,123.0,Fife Street,FIFE USD PETROL,597.064935,915.9976
2025-12-02,125.0,Fort Street,FORT USD DIESEL,1115.454545,1717.8
2025-12-02,125.0,Fort Street,FORT USD PETROL,312.012987,480.5
2025-12-02,127.0,Mpopoma,MPOPOMA BULK DIESEL USD,800.0,1200.0
2025-12-02,127.0,Mpopoma,MPOPOMA USD DIESEL,280.512987,423.5745
2025-12-02,127.0,Mpopoma,MPOPOMA USD PETROL,183.532468,277.134
2025-12-02,129.0,Khami,KHAMI USD DIESEL,403.311688,617.8
2025-12-02,129.0,Khami,KHAMI USD PETROL,156.006494,240.25
2025-12-02,131.0,R Mugabe,R MUGABE USD DIESEL,103.383117,159.21
2025-12-02,131.0,R Mugabe,R MUGABE USD PETROL,227.499999,348.4019
2025-12-02,135.0,Cripps,CRIPPS DIESEL USD,1425.285712,2168.94
2025-12-02,135.0,Cripps,CRIPPS PETROL USD,467.941558,720.63
2025-12-02,135.0,Cripps,DIESEL LITRES,636.52,636.52
2025-12-02,135.0,Cripps,PETROL LITRES,408.71,408.71
2025-12-02,140.0,Mutare Second Street,MUTARE SECOND USD DIESEL,70.405405,104.2
2025-12-02,140.0,Mutare Second Street,MUTARE SECOND USD PETROL,20.533333,30.8
2025-12-02,141.0,Troutbeck,TROUTBECK USD DIESEL,77.660131,117.437
2025-12-02,141.0,Troutbeck,TROUTBECK USD PETROL,60.0,92.4
2025-12-02,144.0,Bessemer,BESSEMER USD DIESEL,68.965517,100.0
2025-12-02,144.0,Bessemer,BESSEMER USD PETROL,48.275862,70.0
2025-12-02,145.0,Sunway City,DIESEL LITRES,10.0,10.0
2025-12-02,145.0,Sunway City,SUNWAY USD DIESEL,807.662336,1242.3
2025-12-02,145.0,Sunway City,SUNWAY USD PETROL,348.610388,536.86
2025-12-02,146.0,Banket,BANKET BULK DIESEL USD,600.0,888.0
2025-12-02,146.0,Banket,BANKET USD DIESEL,35.789474,54.4
2025-12-02,146.0,Banket,BANKET USD PETROL,57.149351,88.01
2025-12-02,146.0,Banket,DIESEL LITRES,126.0,126.0
2025-12-02,147.0,Chinhoyi Main,CHINHOYI BULK DIESEL USD,550.0,825.0
2025-12-02,147.0,Chinhoyi Main,CHINHOYI MAIN USD DIESEL,497.065359,760.51
2025-12-02,147.0,Chinhoyi Main,CHINHOYI MAIN USD PETROL,32.467532,50.0
2025-12-02,148.0,Chegutu,CHEGUTU USD DIESEL,157.205298,237.38
2025-12-02,148.0,Chegutu,CHEGUTU USD PETROL,122.236842,185.8
2025-12-02,148.0,Chegutu,DIESEL LITRES,40.0,40.0
2025-12-02,149.0,Turnpike,DIESEL LITRES,72.0,72.0
2025-12-02,149.0,Turnpike,TURNPIKE USD DIESEL,9.733766,14.99
2025-12-02,149.0,Turnpike,TURNPIKE USD PETROL,9.74026,15.0
2025-12-02,150.0,Mutare One Stop,DIESEL LITRES,274.0,274.0
2025-12-02,150.0,Mutare One Stop,MUTARE ONE STOP DIESEL,1144.189189,1690.0216
2025-12-02,150.0,Mutare One Stop,MUTARE ONE STOP PETROL,53.333333,80.0
2025-12-02,167.0,Munch & Move,MUNCH & MOVE - SALES,396.8,396.8
2025-12-02,168.0,Avondale M&M,AVONDALE M&M,17.25,17.25
2025-12-03,,,,,90461.28
2025-12-03,82.0,Runiville,DIESEL LITRES,200.0,200.0
2025-12-03,82.0,Runiville,PETROL LITRES,480.0,480.0
2025-12-03,82.0,Runiville,RUNIVILLE BULK DIESEL USD,652.793333,979.19
2025-12-03,82.0,Runiville,RUNIVILLE USD DIESEL,2267.961037,3454.4504
2025-12-03,82.0,Runiville,RUNIVILLE USD PETROL,1159.363634,1778.5451
2025-12-03,84.0,Avondale,AVONDALE USD DIESEL,1370.168831,2097.6957
2025-12-03,84.0,Avondale,AVONDALE USD PETROL,1471.584413,2263.2634
2025-12-03,84.0,Avondale,DIESEL LITRES,293.16,293.16
2025-12-03,84.0,Avondale,PETROL LITRES,180.72,180.72
2025-12-03,86.0,Charter,CHARTER USD DIESEL,760.175323,1168.0726
2025-12-03,86.0,Charter,CHARTER USD PETROL,367.274509,561.93
2025-12-03,86.0,Charter,DIESEL LITRES,50.0,50.0
2025-12-03,86.0,Charter,PETROL LITRES,50.0,50.0
2025-12-03,88.0,Seke,SEKE USD DIESEL,207.402597,316.1
2025-12-03,88.0,Seke,SEKE USD PETROL,320.276316,482.8759
2025-12-03,92.0,Msasa,DIESEL LITRES,203.31,203.31
2025-12-03,92.0,Msasa,MSA-QUARTZ 5000 20W50 5L,1.0,22.0
2025-12-03,92.0,Msasa,MSASA BULK DIESEL,1187.406668,1781.11
2025-12-03,92.0,Msasa,MSASA USD DIESEL,899.045453,1374.2053
2025-12-03,92.0,Msasa,MSASA USD PETROL,868.92857,1328.0201
2025-12-03,92.0,Msasa,PETROL LITRES,273.61,273.61
2025-12-03,96.0,Samora,DIESEL LITRES,92.28,92.28
2025-12-03,96.0,Samora,PETROL LITRES,35.0,35.0
2025-12-03,96.0,Samora,SAMORA USD DIESEL,397.87013,612.3304
2025-12-03,96.0,Samora,SAMORA USD PETROL,837.902596,1287.257
2025-12-03,98.0,Roadport,DIESEL LITRES,494.87,494.87
2025-12-03,98.0,Roadport,PETROL LITRES,100.0,100.0
2025-12-03,98.0,Roadport,ROADPORT USD DIESEL,921.571426,1417.72
2025-12-03,98.0,Roadport,ROAPORT USD PETROL,615.493506,944.2551
2025-12-03,102.0,Kirkman,DIESEL LITRES,1377.0,1377.0
2025-12-03,102.0,Kirkman,KIRKMAN USD DIESEL,135.14935,207.156
2025-12-03,102.0,Kirkman,KIRKMAN USD PETROL,261.746751,399.1776
2025-12-03,110.0,Mutare Green Market,MUTARE GREEN MARKET BULK DIESEL,387.0,565.02
2025-12-03,110.0,Mutare Green Market,MUTARE GREENMARKET USD DIESEL,79.567568,117.76
2025-12-03,112.0,Marondera,MARONDERA USD DIESEL,867.48,1301.22
2025-12-03,112.0,Marondera,MARONDERA USD PETROL,200.0,300.0
2025-12-03,114.0,Kadoma,DIESEL LITRES,100.0,100.0
2025-12-03,114.0,Kadoma,KADOMA USD DIESEL,100.0,149.0
2025-12-03,114.0,Kadoma,KADOMA USD PETROL,20.0,30.2
2025-12-03,121.0,Gweru,DIESEL LITRES,160.0,160.0
2025-12-03,121.0,Gweru,GWERU USD DIESEL,2803.000001,4175.55
2025-12-03,121.0,Gweru,GWERU USD PETROL,158.346405,239.5967
2025-12-03,123.0,Fife Street,DIESEL LITRES,150.0,150.0
2025-12-03,123.0,Fife Street,FIFE USD DIESEL,562.584415,863.88
2025-12-03,123.0,Fife Street,FIFE USD PETROL,358.097402,550.3012
2025-12-03,123.0,Fife Street,PETROL LITRES,30.0,30.0
2025-12-03,125.0,Fort Street,DIESEL LITRES,100.0,100.0
2025-12-03,125.0,Fort Street,FORT USD DIESEL,268.766233,413.9
2025-12-03,125.0,Fort Street,FORT USD PETROL,140.714286,216.7
2025-12-03,127.0,Mpopoma,MPOPOMA USD DIESEL,71.688312,110.4
2025-12-03,127.0,Mpopoma,MPOPOMA USD PETROL,337.727274,510.2604
2025-12-03,129.0,Khami,KHAMI USD DIESEL,355.006494,543.11
2025-12-03,131.0,R Mugabe,R MUGABE USD DIESEL,11.831169,18.22
2025-12-03,131.0,R Mugabe,R MUGABE USD PETROL,36.681818,56.49
2025-12-03,135.0,Cripps,CRIPPS BULK DIESEL USD,550.0,814.0
2025-12-03,135.0,Cripps,CRIPPS DIESEL USD,2298.909091,3502.2504
2025-12-03,135.0,Cripps,CRIPPS PETROL USD,1121.045454,1726.41
2025-12-03,135.0,Cripps,DIESEL LITRES,576.0,576.0
2025-12-03,135.0,Cripps,PETROL LITRES,148.8,148.8
2025-12-03,139.0,Head Office,PETROL,0.01282,0.02
2025-12-03,140.0,Mutare Second Street,DIESEL LITRES,20.0,20.0
2025-12-03,140.0,Mutare Second Street,MUTARE SECOND USD DIESEL,57.432432,85.0
2025-12-03,144.0,Bessemer,BESSEMER USD PETROL,51.724138,75.0
2025-12-03,145.0,Sunway City,DIESEL LITRES,20.0,20.0
2025-12-03,145.0,Sunway City,PETROL LITRES,35.0,35.0
2025-12-03,145.0,Sunway City,SUNWAY USD DIESEL,269.999999,415.8
2025-12-03,145.0,Sunway City,SUNWAY USD PETROL,481.902594,739.3154
2025-12-03,146.0,Banket,BANKET BULK DIESEL USD,451.304054,667.93
2025-12-03,146.0,Banket,BANKET USD DIESEL,159.210527,242.0
2025-12-03,146.0,Banket,DIESEL LITRES,50.0,50.0
2025-12-03,147.0,Chinhoyi Main,CHINHOYI BULK DIESEL USD,149.333333,224.0
2025-12-03,147.0,Chinhoyi Main,CHINHOYI MAIN USD DIESEL,289.026144,439.2959
2025-12-03,147.0,Chinhoyi Main,CHINHOYI MAIN USD PETROL,175.123376,269.69
2025-12-03,147.0,Chinhoyi Main,DIESEL LITRES,83.01,83.01
2025-12-03,148.0,Chegutu,CHEGUTU BULK DIESEL USD,516.778523,770.0
2025-12-03,148.0,Chegutu,CHEGUTU USD DIESEL,55.013245,83.07
2025-12-03,148.0,Chegutu,CHEGUTU USD PETROL,4.486842,6.82
2025-12-03,149.0,Turnpike,DIESEL LITRES,810.0,810.0
2025-12-03,149.0,Turnpike,TURNPIKE USD DIESEL,214.935065,331.0
2025-12-03,149.0,Turnpike,TURNPIKE USD PETROL,104.883117,159.5697
2025-12-03,150.0,Mutare One Stop,DIESEL LITRES,490.55,490.55
2025-12-03,150.0,Mutare One Stop,MUTARE ONE STOP DIESEL,336.081081,497.4
2025-12-03,167.0,Munch & Move,MUNCH & MOVE - SALES,1091.3,1091.3
2025-12-03,168.0,Avondale M&M,AVONDALE M&M,17.1,17.1
2025-12-04,,,,,101014.23
2025-12-04,82.0,Runiville,DIESEL LITRES,358.98,358.98
2025-12-04,82.0,Runiville,PETROL LITRES,157.06,157.06
2025-12-04,82.0,Runiville,RUNIVILLE BULK DIESEL USD,696.7,1045.05
2025-12-04,82.0,Runiville,RUNIVILLE USD DIESEL,1456.876623,2209.0338
2025-12-04,82.0,Runiville,RUNIVILLE USD PETROL,978.941556,1493.4655
2025-12-04,84.0,Avondale,AVONDALE USD DIESEL,1763.525973,2694.4352
2025-12-04,84.0,Avondale,AVONDALE USD PETROL,1484.889606,2270.6248
2025-12-04,84.0,Avondale,DIESEL LITRES,175.01,175.01
2025-12-04,84.0,Avondale,PETROL LITRES,113.24,113.24
2025-12-04,86.0,Charter,CHARTER USD DIESEL,1147.92857,1734.6306
2025-12-04,86.0,Charter,CHARTER USD PETROL,500.104576,765.16
2025-12-04,86.0,Charter,DIESEL LITRES,80.0,80.0
2025-12-04,86.0,Charter,PETROL LITRES,20.0,20.0
2025-12-04,88.0,Seke,DIESEL LITRES,56.0,56.0
2025-12-04,88.0,Seke,SEKE USD DIESEL,295.207792,447.03
2025-12-04,88.0,Seke,SEKE USD PETROL,100.657894,149.5461
2025-12-04,92.0,Msasa,DIESEL LITRES,429.23,429.23
2025-12-04,92.0,Msasa,MSASA BULK DIESEL,596.0,894.0
2025-12-04,92.0,Msasa,MSASA USD DIESEL,592.266232,908.2611
2025-12-04,92.0,Msasa,MSASA USD PETROL,940.857141,1448.92
2025-12-04,92.0,Msasa,PETROL LITRES,107.77,107.77
2025-12-04,96.0,Samora,DIESEL LITRES,289.77,289.77
2025-12-04,96.0,Samora,PETROL LITRES,35.0,35.0
2025-12-04,96.0,Samora,SAMORA USD DIESEL,91.142856,140.36
2025-12-04,96.0,Samora,SAMORA USD PETROL,604.844157,926.7057
2025-12-04,98.0,Roadport,DIESEL LITRES,266.82,266.82
2025-12-04,98.0,Roadport,PETROL LITRES,181.54,181.54
2025-12-04,98.0,Roadport,ROADPORT USD DIESEL,1084.188311,1664.9146
2025-12-04,98.0,Roadport,ROADPORT USD DIESEL BUS,100.0,150.0
2025-12-04,98.0,Roadport,ROAPORT USD PETROL,719.610387,1103.2685
2025-12-04,102.0,Kirkman,DIESEL LITRES,7865.4,7865.4
2025-12-04,102.0,Kirkman,KIRKMAN USD DIESEL,220.857142,336.9527
2025-12-04,102.0,Kirkman,KIRKMAN USD PETROL,358.688308,550.1073
2025-12-04,102.0,Kirkman,PETROL LITRES,20.0,20.0
2025-12-04,110.0,Mutare Green Market,DIESEL LITRES,105.0,105.0
2025-12-04,110.0,Mutare Green Market,MUTARE GREENMARKET USD DIESEL,70.0,103.6
2025-12-04,110.0,Mutare Green Market,MUTARE GREENMARKET USD PETROL,102.0,153.0
2025-12-04,112.0,Marondera,DIESEL LITRES,60.0,60.0
2025-12-04,112.0,Marondera,MARONDERA USD DIESEL,10.0,15.0
2025-12-04,112.0,Marondera,MARONDERA USD PETROL,105.333333,158.0
2025-12-04,114.0,Kadoma,DIESEL LITRES,75.0,75.0
2025-12-04,114.0,Kadoma,KADOMA USD DIESEL,127.006711,189.24
2025-12-04,114.0,Kadoma,KADOMA USD PETROL,60.927153,92.0
2025-12-04,121.0,Gweru,DIESEL LITRES,861.51,861.51
2025-12-04,121.0,Gweru,GWERU BULK DIESEL USD,200.0,298.0
2025-12-04,121.0,Gweru,GWERU USD DIESEL,2309.646666,3406.21
2025-12-04,121.0,Gweru,GWERU USD PETROL,23.679739,36.23
2025-12-04,123.0,Fife Street,DIESEL LITRES,206.35,206.35
2025-12-04,123.0,Fife Street,FIFE USD DIESEL,977.227273,1496.8521
2025-12-04,123.0,Fife Street,FIFE USD PETROL,200.584417,308.9
2025-12-04,123.0,Fife Street,PETROL LITRES,50.0,50.0
2025-12-04,125.0,Fort Street,FORT STR BULK DIESEL USD,200.0,300.0
2025-12-04,125.0,Fort Street,FORT USD DIESEL,1336.506491,2058.22
2025-12-04,125.0,Fort Street,FORT USD PETROL,319.610389,492.2
2025-12-04,127.0,Mpopoma,MPOPOMA USD DIESEL,209.980519,317.8498
2025-12-04,127.0,Mpopoma,MPOPOMA USD PETROL,122.863636,185.97
2025-12-04,129.0,Khami,KHAMI USD DIESEL,155.0,234.2
2025-12-04,129.0,Khami,KHAMI USD PETROL,108.441558,167.0
2025-12-04,131.0,R Mugabe,R MUGABE USD DIESEL,71.428572,110.0
2025-12-04,131.0,R Mugabe,R MUGABE USD PETROL,151.961038,234.02
2025-12-04,135.0,Cripps,CRIPPS DIESEL USD,1160.246752,1757.3969
2025-12-04,135.0,Cripps,CRIPPS PETROL USD,495.662335,763.32
2025-12-04,135.0,Cripps,DIESEL LITRES,475.25,475.25
2025-12-04,135.0,Cripps,PETROL LITRES,123.38,123.38
2025-12-04,139.0,Head Office,DIESEL,0.018519,0.03
2025-12-04,139.0,Head Office,HEAD OFFICE BULK DIESEL,0.00625,0.0098
2025-12-04,139.0,Head Office,PETROL,0.05769,0.09
2025-12-04,140.0,Mutare Second Street,MUTARE SECOND USD DIESEL,97.972973,145.0
2025-12-04,140.0,Mutare Second Street,MUTARE SECOND USD PETROL,181.333333,272.0
2025-12-04,140.0,Mutare Second Street,PETROL LITRES,60.0,60.0
2025-12-04,141.0,Troutbeck,DIESEL LITRES,100.0,100.0
2025-12-04,141.0,Troutbeck,TROUTBECK USD DIESEL,65.359477,100.0
2025-12-04,144.0,Bessemer,BESSEMER USD DIESEL,53.793103,78.0
2025-12-04,144.0,Bessemer,DIESEL LITRES,40.0,40.0
2025-12-04,145.0,Sunway City,PETROL LITRES,100.0,100.0
2025-12-04,145.0,Sunway City,SUNWAY USD DIESEL,1109.331169,1704.858
2025-12-04,145.0,Sunway City,SUNWAY USD PETROL,190.545452,293.44
2025-12-04,146.0,Banket,BANKET BULK DIESEL USD,1481.358108,2192.41
2025-12-04,146.0,Banket,BANKET USD DIESEL,140.0,212.8
2025-12-04,146.0,Banket,DIESEL LITRES,70.0,70.0
2025-12-04,147.0,,,,40.0
2025-12-04,147.0,Chinhoyi Main,CHINHOYI BULK DIESEL USD,350.0,525.0
2025-12-04,147.0,Chinhoyi Main,CHINHOYI MAIN USD DIESEL,229.96732,349.3696
2025-12-04,147.0,Chinhoyi Main,CHINHOYI MAIN USD PETROL,105.064935,161.8
2025-12-04,147.0,Chinhoyi Main,DIESEL LITRES,265.72,265.72
2025-12-04,148.0,Chegutu,CHEGUTU USD DIESEL,56.033113,82.457
2025-12-04,148.0,Chegutu,CHEGUTU USD PETROL,26.973684,41.0
2025-12-04,148.0,Chegutu,DIESEL LITRES,20.0,20.0
2025-12-04,149.0,Turnpike,DIESEL LITRES,62.0,62.0
2025-12-04,149.0,Turnpike,TURNPIKE USD DIESEL,219.902597,337.3513
2025-12-04,149.0,Turnpike,TURNPIKE USD PETROL,45.454545,70.0
2025-12-04,150.0,Mutare One Stop,DIESEL LITRES,50.0,50.0
2025-12-04,150.0,Mutare One Stop,MUTARE ONE STOP DIESEL,510.135135,755.0
2025-12-04,167.0,Munch & Move,MUNCH & MOVE - SALES,125.34,125.34
2025-12-05,,,,,110925.87
2025-12-05,82.0,Runiville,DIESEL LITRES,210.25,210.25
2025-12-05,82.0,Runiville,PETROL LITRES,650.19,650.19
2025-12-05,82.0,Runiville,RUNIVILLE BULK DIESEL USD,516.355263,784.86
2025-12-05,82.0,Runiville,RUNIVILLE USD DIESEL,1055.527639,1620.5868
2025-12-05,82.0,Runiville,RUNIVILLE USD PETROL,1030.844239,1597.9355
2025-12-05,84.0,Avondale,AVONDALE USD DIESEL,1626.173827,2503.0337
2025-12-05,84.0,Avondale,AVONDALE USD PETROL,1327.317433,2055.0802
2025-12-05,84.0,Avondale,DIESEL LITRES,378.18,378.18
2025-12-05,84.0,Avondale,PETROL LITRES,217.73,217.73
2025-12-05,86.0,Charter,CHARTER USD DIESEL,453.095236,701.6
2025-12-05,86.0,Charter,CHARTER USD PETROL,269.184483,411.3116
2025-12-05,86.0,Charter,DIESEL LITRES,64.97,64.97
2025-12-05,88.0,Seke,DIESEL LITRES,50.0,50.0
2025-12-05,88.0,Seke,PETROL LITRES,10.0,10.0
2025-12-05,88.0,Seke,SEKE USD DIESEL,293.038462,447.7881
2025-12-05,88.0,Seke,SEKE USD PETROL,170.233766,256.4771
2025-12-05,92.0,Msasa,DIESEL LITRES,850.0,850.0
2025-12-05,92.0,Msasa,MSASA BULK DIESEL,501.282895,757.95
2025-12-05,92.0,Msasa,MSASA USD DIESEL,916.577839,1420.9574
2025-12-05,92.0,Msasa,MSASA USD PETROL,726.932982,1127.83
2025-12-05,92.0,Msasa,PETROL LITRES,362.44,362.44
2025-12-05,96.0,Samora,DIESEL LITRES,15.0,15.0
2025-12-05,96.0,Samora,PETROL LITRES,33.28,33.28
2025-12-05,96.0,Samora,SAMORA USD DIESEL,258.61555,400.95
2025-12-05,96.0,Samora,SAMORA USD PETROL,374.226524,579.3765
2025-12-05,98.0,Roadport,DIESEL LITRES,424.37,424.37
2025-12-05,98.0,Roadport,PETROL LITRES,30.0,30.0
2025-12-05,98.0,Roadport,ROADPORT USD DIESEL,1465.583993,2266.4232
2025-12-05,98.0,Roadport,ROADPORT USD DIESEL BUS,100.0,152.0
2025-12-05,98.0,Roadport,ROAPORT USD PETROL,1021.652016,1580.8339
2025-12-05,102.0,Kirkman,DIESEL LITRES,1350.0,1350.0
2025-12-05,102.0,Kirkman,KIRKMAN USD DIESEL,179.55045,273.6942
2025-12-05,102.0,Kirkman,KIRKMAN USD PETROL,272.954795,423.2656
2025-12-05,102.0,Kirkman,PETROL LITRES,20.0,20.0
2025-12-05,110.0,Mutare Green Market,DIESEL LITRES,400.0,400.0
2025-12-05,110.0,Mutare Green Market,MUTARE GREENMARKET USD DIESEL,280.0,420.0
2025-12-05,110.0,Mutare Green Market,MUTARE GREENMARKET USD PETROL,70.0,105.8
2025-12-05,112.0,Marondera,MARONDERA USD DIESEL,508.41228,764.0
2025-12-05,112.0,Marondera,MARONDERA USD PETROL,80.526316,122.0
2025-12-05,112.0,Marondera,PETROL LITRES,10.53,10.53
2025-12-05,114.0,Kadoma,DIESEL LITRES,280.0,280.0
2025-12-05,114.0,Kadoma,KADOMA USD DIESEL,95.298013,143.9
2025-12-05,114.0,Kadoma,KADOMA USD PETROL,6.622517,10.0
2025-12-05,121.0,Gweru,DIESEL LITRES,410.0,410.0
2025-12-05,121.0,Gweru,GWERU USD DIESEL,1135.81579,1690.2893
2025-12-05,121.0,Gweru,GWERU USD PETROL,53.548387,83.0
2025-12-05,121.0,Gweru,PETROL LITRES,10.0,10.0
2025-12-05,123.0,Fife Street,DIESEL LITRES,77.02,77.02
2025-12-05,123.0,Fife Street,FIFE USD DIESEL,1168.805612,1802.1605
2025-12-05,123.0,Fife Street,FIFE USD PETROL,349.941059,544.79
2025-12-05,123.0,Fife Street,PETROL LITRES,61.66,61.66
2025-12-05,125.0,Fort Street,DIESEL LITRES,40.0,40.0
2025-12-05,125.0,Fort Street,FORT USD DIESEL,1085.673077,1693.65
2025-12-05,125.0,Fort Street,FORT USD PETROL,163.685898,254.45
2025-12-05,127.0,Mpopoma,MPOPOMA USD DIESEL,57.459208,87.4091
2025-12-05,127.0,Mpopoma,MPOPOMA USD PETROL,57.455128,88.38
2025-12-05,129.0,Khami,KHAMI USD DIESEL,277.185897,424.1444
2025-12-05,129.0,Khami,KHAMI USD PETROL,79.204962,122.9
2025-12-05,131.0,R Mugabe,PETROL LITRES,30.0,30.0
2025-12-05,131.0,R Mugabe,R MUGABE USD DIESEL,97.639194,151.7
2025-12-05,131.0,R Mugabe,R MUGABE USD PETROL,55.5,85.47
2025-12-05,135.0,Cripps,CRIPPS BULK DIESEL USD,119.64,179.46
2025-12-05,135.0,Cripps,CRIPPS DIESEL USD,871.315266,1347.6591
2025-12-05,135.0,Cripps,CRIPPS PETROL USD,789.813103,1217.2941
2025-12-05,135.0,Cripps,DIESEL LITRES,265.0,265.0
2025-12-05,135.0,Cripps,PETROL LITRES,655.12,655.12
2025-12-05,140.0,Mutare Second Street,DIESEL LITRES,36.53,36.53
2025-12-05,140.0,Mutare Second Street,MUTARE SECOND USD DIESEL,85.333334,128.0
2025-12-05,140.0,Mutare Second Street,MUTARE SECOND USD PETROL,23.552632,35.8
2025-12-05,141.0,Troutbeck,TROUTBECK USD DIESEL,197.027198,304.6
2025-12-05,145.0,Sunway City,DIESEL LITRES,10.0,10.0
2025-12-05,145.0,Sunway City,SUNWAY USD DIESEL,1091.848816,1697.24
2025-12-05,145.0,Sunway City,SUNWAY USD PETROL,195.761738,302.91
2025-12-05,146.0,Banket,BANKET BULK DIESEL USD,600.0,900.0
2025-12-05,146.0,Banket,BANKET USD DIESEL,40.0,60.8
2025-12-05,146.0,Banket,DIESEL LITRES,50.0,50.0
2025-12-05,147.0,Chinhoyi Main,CHINHOYI BULK DIESEL USD,3378.289475,5135.0
2025-12-05,147.0,Chinhoyi Main,CHINHOYI MAIN USD DIESEL,402.893105,622.42
2025-12-05,147.0,Chinhoyi Main,CHINHOYI MAIN USD PETROL,136.275891,210.77
2025-12-05,147.0,Chinhoyi Main,DIESEL LITRES,30.0,30.0
2025-12-05,148.0,Chegutu,CHEGUTU BULK DIESEL USD,100.0,149.0
2025-12-05,148.0,Chegutu,CHEGUTU USD DIESEL,134.575163,205.3
2025-12-05,149.0,Turnpike,TURNPIKE USD DIESEL,99.865218,151.5367
2025-12-05,149.0,Turnpike,TURNPIKE USD PETROL,16.150515,25.0
2025-12-05,150.0,Mutare One Stop,DIESEL LITRES,92.0,92.0
2025-12-05,150.0,Mutare One Stop,MUTARE ONE STOP DIESEL,259.626667,387.992
2025-12-05,150.0,Mutare One Stop,MUTARE ONE STOP PETROL,43.333333,65.0
2025-12-05,150.0,Mutare One Stop,PETROL LITRES,30.06,30.06
2025-12-05,167.0,Munch & Move,MUNCH & MOVE - SALES,646.45,646.45
2025-12-05,168.0,Avondale M&M,AVONDALE M&M,90.0,90.0
2025-12-06,,,,,29551.84
2025-12-06,82.0,Runiville,DIESEL LITRES,160.36,160.36
2025-12-06,82.0,Runiville,PETROL LITRES,95.93,95.93
2025-12-06,82.0,Runiville,RUNIVILLE BULK DIESEL USD,380.0,577.6
2025-12-06,82.0,Runiville,RUNIVILLE USD DIESEL,463.192307,711.3862
2025-12-06,82.0,Runiville,RUNIVILLE USD PETROL,492.064103,765.8585
2025-12-06,84.0,Avondale,AVONDALE USD DIESEL,932.762821,1437.0959
2025-12-06,84.0,Avondale,AVONDALE USD PETROL,1097.25,1699.3855
2025-12-06,84.0,Avondale,DIESEL LITRES,830.0,830.0
2025-12-06,84.0,Avondale,PETROL LITRES,117.74,117.74
2025-12-06,86.0,Charter,CHARTER USD DIESEL,277.435898,432.8
2025-12-06,86.0,Charter,CHARTER USD PETROL,421.470968,653.28
2025-12-06,86.0,Charter,PETROL LITRES,71.03,71.03
2025-12-06,88.0,Seke,DIESEL LITRES,40.0,40.0
2025-12-06,88.0,Seke,PETROL LITRES,67.0,67.0
2025-12-06,88.0,Seke,SEKE USD DIESEL,72.435898,113.0
2025-12-06,88.0,Seke,SEKE USD PETROL,178.149349,274.35
2025-12-06,92.0,Msasa,MSASA BULK DIESEL,1094.934211,1664.3
2025-12-06,92.0,Msasa,MSASA USD DIESEL,643.423077,1000.5028
2025-12-06,92.0,Msasa,MSASA USD PETROL,197.858974,307.0574
2025-12-06,92.0,Msasa,PETROL LITRES,226.84,226.84
2025-12-06,96.0,Samora,DIESEL LITRES,110.0,110.0
2025-12-06,96.0,Samora,SAMORA USD DIESEL,135.339744,211.13
2025-12-06,96.0,Samora,SAMORA USD PETROL,680.147436,1056.4646
2025-12-06,98.0,Roadport,DIESEL LITRES,97.46,97.46
2025-12-06,98.0,Roadport,PETROL LITRES,80.94,80.94
2025-12-06,98.0,Roadport,ROADPORT USD DIESEL,646.121795,1007.95
2025-12-06,98.0,Roadport,ROAPORT USD PETROL,376.916667,585.4278
2025-12-06,102.0,Kirkman,DIESEL LITRES,4994.15,4994.15
2025-12-06,102.0,Kirkman,KIRKMAN USD DIESEL,565.282051,856.9412
2025-12-06,102.0,Kirkman,KIRKMAN USD PETROL,525.717948,815.0746
2025-12-06,102.0,Kirkman,PETROL LITRES,122.36,122.36
2025-12-06,110.0,Mutare Green Market,DIESEL LITRES,120.0,120.0
2025-12-06,110.0,Mutare Green Market,MUTARE GREEN MARKET BULK DIESEL,286.486486,424.0
2025-12-06,110.0,Mutare Green Market,MUTARE GREENMARKET USD DIESEL,188.333333,281.8333
2025-12-06,110.0,Mutare Green Market,PETROL LITRES,10.0,10.0
2025-12-06,112.0,Marondera,MARONDERA USD DIESEL,60.0,91.2
2025-12-06,114.0,Kadoma,DIESEL LITRES,140.0,140.0
2025-12-06,114.0,Kadoma,KADOMA USD PETROL,32.875817,49.8
2025-12-06,121.0,Gweru,DIESEL LITRES,580.0,580.0
2025-12-06,121.0,Gweru,GWERU BULK DIESEL USD,1019.205298,1539.0
2025-12-06,121.0,Gweru,GWERU USD DIESEL,2020.171053,3015.22
2025-12-06,121.0,Gweru,GWERU USD PETROL,77.838709,118.9661
2025-12-06,123.0,Fife Street,DIESEL LITRES,35.0,35.0
2025-12-06,123.0,Fife Street,FIFE USD DIESEL,564.711538,880.95
2025-12-06,123.0,Fife Street,FIFE USD PETROL,334.410256,520.4129
2025-12-06,125.0,Fort Street,DIESEL LITRES,300.0,300.0
2025-12-06,125.0,Fort Street,FORT USD DIESEL,995.384616,1552.8
2025-12-06,125.0,Fort Street,FORT USD PETROL,62.339743,97.25
2025-12-06,127.0,Mpopoma,MPOPOMA USD DIESEL,505.435899,773.317
2025-12-06,127.0,Mpopoma,MPOPOMA USD PETROL,729.141026,1116.6636
2025-12-06,129.0,Khami,KHAMI USD DIESEL,100.0,153.0
2025-12-06,129.0,Khami,KHAMI USD PETROL,20.0,31.2
2025-12-06,131.0,R Mugabe,PETROL LITRES,20.0,20.0
2025-12-06,131.0,R Mugabe,R MUGABE USD DIESEL,117.410257,180.11
2025-12-06,131.0,R Mugabe,R MUGABE USD PETROL,54.025641,82.6441
2025-12-06,135.0,Cripps,CRIPPS BULK DIESEL USD,673.493333,1010.24
2025-12-06,135.0,Cripps,CRIPPS DIESEL USD,949.076923,1453.205
2025-12-06,135.0,Cripps,CRIPPS PETROL USD,661.948716,1032.64
2025-12-06,135.0,Cripps,DIESEL LITRES,455.0,455.0
2025-12-06,135.0,Cripps,PETROL LITRES,60.0,60.0
2025-12-06,140.0,Mutare Second Street,MUTARE SECOND USD DIESEL,56.666667,85.0
2025-12-06,141.0,Troutbeck,TROUTBECK USD DIESEL,72.0,110.0
2025-12-06,144.0,Bessemer,BESSEMER USD DIESEL,96.551724,140.0
2025-12-06,144.0,Bessemer,BESSEMER USD PETROL,80.0,112.0
2025-12-06,145.0,Sunway City,DIESEL LITRES,1120.0,1120.0
2025-12-06,145.0,Sunway City,PETROL LITRES,106.85,106.85
2025-12-06,145.0,Sunway City,SUNWAY USD DIESEL,435.538462,678.1579
2025-12-06,145.0,Sunway City,SUNWAY USD PETROL,210.621794,321.9809
2025-12-06,146.0,Banket,BANKET BULK DIESEL USD,1100.0,1650.0
2025-12-06,146.0,Banket,BANKET USD DIESEL,90.0,136.1
2025-12-06,146.0,Banket,DIESEL LITRES,50.0,50.0
2025-12-06,147.0,Chinhoyi Main,CHINHOYI BULK DIESEL USD,2297.368421,3492.0
2025-12-06,147.0,Chinhoyi Main,CHINHOYI MAIN USD DIESEL,283.612903,439.1
2025-12-06,147.0,Chinhoyi Main,CHINHOYI MAIN USD PETROL,87.307692,136.2
2025-12-06,147.0,Chinhoyi Main,DIESEL LITRES,171.37,171.37
2025-12-06,148.0,Chegutu,CHEGUTU USD PETROL,37.012987,57.0
2025-12-06,148.0,Chegutu,DIESEL LITRES,20.0,20.0
2025-12-06,148.0,Chegutu,PETROL LITRES,38.78,38.78
2025-12-06,149.0,Turnpike,DIESEL LITRES,1425.68,1425.68
2025-12-06,149.0,Turnpike,TURNPIKE USD DIESEL,38.461538,58.8462
2025-12-06,149.0,Turnpike,TURNPIKE USD PETROL,38.461539,60.0
2025-12-06,150.0,Mutare One Stop,MUTARE ONE STOP DIESEL,639.6,956.9
2025-12-06,150.0,Mutare One Stop,MUTARE ONE STOP PETROL,89.486842,134.0463
2025-12-06,150.0,Mutare One Stop,PETROL LITRES,20.0,20.0
2025-12-07,,,,,12911.0
2025-12-07,82.0,Runiville,PETROL LITRES,65.81,65.81
2025-12-07,82.0,Runiville,RUNIVILLE BULK DIESEL USD,160.0,243.2
2025-12-07,82.0,Runiville,RUNIVILLE USD DIESEL,239.846153,367.9158
2025-12-07,82.0,Runiville,RUNIVILLE USD PETROL,368.961539,575.58
2025-12-07,84.0,Avondale,AVONDALE USD DIESEL,586.294871,910.1236
2025-12-07,84.0,Avondale,AVONDALE USD PETROL,866.865384,1345.9712
2025-12-07,84.0,Avondale,DIESEL LITRES,165.95,165.95
2025-12-07,84.0,Avondale,PETROL LITRES,10.0,10.0
2025-12-07,86.0,Charter,CHARTER USD DIESEL,67.307692,104.0385
2025-12-07,86.0,Charter,CHARTER USD PETROL,88.290323,136.1519
2025-12-07,88.0,Seke,PETROL LITRES,30.0,30.0
2025-12-07,88.0,Seke,SEKE USD DIESEL,74.487179,116.2
2025-12-07,88.0,Seke,SEKE USD PETROL,48.357143,74.47
2025-12-07,92.0,Msasa,DIESEL LITRES,714.79,714.79
2025-12-07,92.0,Msasa,MSASA BULK DIESEL,223.026316,339.0
2025-12-07,92.0,Msasa,MSASA USD DIESEL,312.224358,487.07
2025-12-07,92.0,Msasa,MSASA USD PETROL,26.448718,41.26
2025-12-07,92.0,Msasa,PETROL LITRES,35.0,35.0
2025-12-07,96.0,Samora,DIESEL LITRES,55.0,55.0
2025-12-07,96.0,Samora,PETROL LITRES,30.0,30.0
2025-12-07,96.0,Samora,SAMORA USD DIESEL,189.089743,291.7685
2025-12-07,96.0,Samora,SAMORA USD PETROL,757.980769,1180.0746
2025-12-07,98.0,Roadport,DIESEL LITRES,130.0,130.0
2025-12-07,98.0,Roadport,PETROL LITRES,77.0,77.0
2025-12-07,98.0,Roadport,ROADPORT USD DIESEL,526.52564,819.88
2025-12-07,98.0,Roadport,ROAPORT USD PETROL,222.602563,346.0921
2025-12-07,102.0,Kirkman,DIESEL LITRES,1355.0,1355.0
2025-12-07,102.0,Kirkman,KIRKMAN USD DIESEL,234.121795,357.4342
2025-12-07,102.0,Kirkman,KIRKMAN USD PETROL,155.352564,238.108
2025-12-07,102.0,Kirkman,PETROL LITRES,107.5,107.5
2025-12-07,110.0,Mutare Green Market,DIESEL LITRES,50.0,50.0
2025-12-07,110.0,Mutare Green Market,MUTARE GREEN MARKET BULK DIESEL,105.0,155.4
2025-12-07,110.0,Mutare Green Market,MUTARE GREENMARKET USD PETROL,39.473684,60.0
2025-12-07,112.0,Marondera,DIESEL LITRES,71.94,71.94
2025-12-07,112.0,Marondera,MARONDERA USD DIESEL,37.828947,56.5954
2025-12-07,112.0,Marondera,MARONDERA USD PETROL,99.342105,150.3092
2025-12-07,114.0,Kadoma,DIESEL LITRES,200.0,200.0
2025-12-07,114.0,Kadoma,KADOMA USD DIESEL,78.668874,118.79
2025-12-07,121.0,Gweru,DIESEL LITRES,506.0,506.0
2025-12-07,121.0,Gweru,GWERU USD DIESEL,266.052631,396.5527
2025-12-07,121.0,Gweru,GWERU USD PETROL,107.4,166.47
2025-12-07,123.0,Fife Street,DIESEL LITRES,98.85,98.85
2025-12-07,123.0,Fife Street,FIFE USD DIESEL,543.846154,836.4914
2025-12-07,123.0,Fife Street,FIFE USD PETROL,68.878205,106.325
2025-12-07,123.0,Fife Street,PETROL LITRES,18.69,18.69
2025-12-07,125.0,Fort Street,DIESEL LITRES,340.0,340.0
2025-12-07,125.0,Fort Street,FORT USD DIESEL,816.666667,1246.4359
2025-12-07,125.0,Fort Street,FORT USD PETROL,50.705128,79.1
2025-12-07,127.0,Mpopoma,MPOPOMA USD DIESEL,86.698718,133.149
2025-12-07,127.0,Mpopoma,MPOPOMA USD PETROL,65.455128,102.11
2025-12-07,129.0,Khami,KHAMI USD DIESEL,40.0,61.2
2025-12-07,131.0,R Mugabe,PETROL LITRES,10.0,10.0
2025-12-07,131.0,R Mugabe,R MUGABE USD DIESEL,23.076923,36.0
2025-12-07,131.0,R Mugabe,R MUGABE USD PETROL,102.923077,160.56
2025-12-07,135.0,Cripps,CRIPPS DIESEL USD,645.205129,1005.238
2025-12-07,135.0,Cripps,CRIPPS PETROL USD,252.692309,392.5711
2025-12-07,135.0,Cripps,DIESEL LITRES,96.57,96.57
2025-12-07,140.0,Mutare Second Street,DIESEL LITRES,35.0,35.0
2025-12-07,140.0,Mutare Second Street,MUTARE SECOND USD DIESEL,64.213333,96.32
2025-12-07,140.0,Mutare Second Street,MUTARE SECOND USD PETROL,9.868421,14.5066
2025-12-07,140.0,Mutare Second Street,PETROL LITRES,15.0,15.0
2025-12-07,141.0,Troutbeck,DIESEL LITRES,999.98,999.98
2025-12-07,144.0,Bessemer,BESSEMER USD DIESEL,55.172414,80.0
2025-12-07,145.0,Sunway City,PETROL LITRES,69.0,69.0
2025-12-07,145.0,Sunway City,SUNWAY USD DIESEL,318.224359,495.5747
2025-12-07,145.0,Sunway City,SUNWAY USD PETROL,25.641026,40.0
2025-12-07,146.0,Banket,BANKET BULK DIESEL USD,638.973333,958.46
2025-12-07,146.0,Banket,BANKET USD DIESEL,65.324675,100.6
2025-12-07,146.0,Banket,DIESEL LITRES,70.0,70.0
2025-12-07,147.0,,,,150.0
2025-12-07,147.0,Chinhoyi Main,CHINHOYI BULK DIESEL USD,98.684211,150.0
2025-12-07,147.0,Chinhoyi Main,CHINHOYI MAIN USD DIESEL,96.129032,149.0
2025-12-07,147.0,Chinhoyi Main,CHINHOYI MAIN USD PETROL,71.435898,111.44
2025-12-07,147.0,Chinhoyi Main,DIESEL LITRES,115.89,115.89
2025-12-07,148.0,Chegutu,CHEGUTU USD DIESEL,189.771241,285.6114
2025-12-07,149.0,Turnpike,DIESEL LITRES,391.34,391.34
2025-12-07,149.0,Turnpike,TURNPIKE USD DIESEL,111.897435,174.01
2025-12-07,149.0,Turnpike,TURNPIKE USD PETROL,156.410257,240.6666
2025-12-07,150.0,Mutare One Stop,MUTARE ONE STOP DIESEL,60.666667,91.0
2025-12-07,150.0,Mutare One Stop,MUTARE ONE STOP PETROL,13.157895,20.0
2025-12-08,,,,,205334.94
2025-12-08,82.0,Runiville,DIESEL LITRES,200.0,200.0
2025-12-08,82.0,Runiville,PETROL LITRES,375.0,375.0
2025-12-08,82.0,Runiville,RUNIVILLE BULK DIESEL USD,145.0,220.4
2025-12-08,82.0,Runiville,RUNIVILLE USD DIESEL,910.756411,1413.0622
2025-12-08,82.0,Runiville,RUNIVILLE USD PETROL,847.77564,1321.53
2025-12-08,84.0,Avondale,AVO-RUBIA TIR 7400 15W40 500ML,1.0,3.0
2025-12-08,84.0,Avondale,AVONDALE USD DIESEL,1096.25641,1701.7536
2025-12-08,84.0,Avondale,AVONDALE USD PETROL,1338.871795,2074.4228
2025-12-08,84.0,Avondale,DIESEL LITRES,315.03,315.03
2025-12-08,84.0,Avondale,PETROL LITRES,252.84,252.84
2025-12-08,86.0,Charter,CHARTER USD DIESEL,889.923076,1376.7415
2025-12-08,86.0,Charter,CHARTER USD PETROL,681.509679,1055.3723
2025-12-08,86.0,Charter,DIESEL LITRES,66.42,66.42
2025-12-08,86.0,Charter,PETROL LITRES,20.0,20.0
2025-12-08,88.0,Seke,SEKE USD DIESEL,143.852565,220.9092
2025-12-08,88.0,Seke,SEKE USD PETROL,208.0,318.0213
2025-12-08,92.0,,,,36.64
2025-12-08,92.0,Msasa,DIESEL LITRES,605.53,605.53
2025-12-08,92.0,Msasa,MSASA BULK DIESEL,598.289473,909.4
2025-12-08,92.0,Msasa,MSASA USD DIESEL,827.358973,1288.4364
2025-12-08,92.0,Msasa,MSASA USD PETROL,1056.33333,1647.88
2025-12-08,92.0,Msasa,PETROL LITRES,415.57,415.57
2025-12-08,96.0,Samora,DIESEL LITRES,50.0,50.0
2025-12-08,96.0,Samora,PETROL LITRES,102.53,102.53
2025-12-08,96.0,Samora,SAMORA USD DIESEL,238.993589,367.0047
2025-12-08,96.0,Samora,SAMORA USD PETROL,351.442308,546.1474
2025-12-08,98.0,Roadport,DIESEL LITRES,695.65,695.65
2025-12-08,98.0,Roadport,PETROL LITRES,207.4,207.4
2025-12-08,98.0,Roadport,ROADPORT USD DIESEL,1328.705124,2069.1775
2025-12-08,98.0,Roadport,ROAPORT USD PETROL,971.339745,1510.5868
2025-12-08,102.0,Kirkman,DIESEL LITRES,778.0,778.0
2025-12-08,102.0,Kirkman,KIRKMAN BULK DIESEL USD,6.578947,10.0
2025-12-08,102.0,Kirkman,KIRKMAN USD DIESEL,237.705127,367.2098
2025-12-08,102.0,Kirkman,KIRKMAN USD PETROL,606.999997,944.045
2025-12-08,102.0,Kirkman,PETROL LITRES,10.0,10.0
2025-12-08,110.0,Mutare Green Market,DIESEL LITRES,50.0,50.0
2025-12-08,110.0,Mutare Green Market,MUTARE GREEN MARKET BULK DIESEL,485.135135,718.0
2025-12-08,110.0,Mutare Green Market,MUTARE GREENMARKET USD DIESEL,123.333333,185.0
2025-12-08,110.0,Mutare Green Market,MUTARE GREENMARKET USD PETROL,25.0,38.0
2025-12-08,112.0,Marondera,DIESEL LITRES,46.0,46.0
2025-12-08,112.0,Marondera,MARONDERA USD DIESEL,121.572369,184.79
2025-12-08,112.0,Marondera,MARONDERA USD PETROL,53.960527,80.1996
2025-12-08,112.0,Marondera,PETROL LITRES,41.17,41.17
2025-12-08,114.0,Kadoma,DIESEL LITRES,439.52,439.52
2025-12-08,114.0,Kadoma,KADOMA USD DIESEL,105.0,158.55
2025-12-08,114.0,Kadoma,KADOMA USD PETROL,50.679738,77.54
2025-12-08,121.0,Gweru,DIESEL LITRES,1460.0,1460.0
2025-12-08,121.0,Gweru,GWERU BULK DIESEL USD,602.649007,910.0
2025-12-08,121.0,Gweru,GWERU USD DIESEL,516.776316,785.5
2025-12-08,121.0,Gweru,GWERU USD PETROL,20.0,31.0
2025-12-08,123.0,Fife Street,DIESEL LITRES,102.61,102.61
2025-12-08,123.0,Fife Street,FIFE USD DIESEL,950.762821,1483.19
2025-12-08,123.0,Fife Street,FIFE USD PETROL,398.73077,620.1674
2025-12-08,123.0,Fife Street,PETROL LITRES,19.23,19.23
2025-12-08,125.0,Fort Street,DIESEL LITRES,180.0,180.0
2025-12-08,125.0,Fort Street,FORT STR BULK DIESEL USD,100.0,152.0
2025-12-08,125.0,Fort Street,FORT USD DIESEL,359.134615,560.25
2025-12-08,125.0,Fort Street,FORT USD PETROL,358.74359,559.64
2025-12-08,127.0,Mpopoma,MPOPOMA USD DIESEL,347.448717,533.7697
2025-12-08,127.0,Mpopoma,MPOPOMA USD PETROL,343.237179,528.4606
2025-12-08,129.0,Khami,KHAMI USD DIESEL,177.224359,271.3033
2025-12-08,129.0,Khami,KHAMI USD PETROL,200.897436,313.4
2025-12-08,131.0,R Mugabe,DIESEL LITRES,120.0,120.0
2025-12-08,131.0,R Mugabe,PETROL LITRES,40.0,40.0
2025-12-08,131.0,R Mugabe,R MUGABE USD DIESEL,12.820513,20.0
2025-12-08,131.0,R Mugabe,R MUGABE USD PETROL,55.461539,86.52
2025-12-08,135.0,Cripps,CRIPPS BULK DIESEL USD,829.66,1244.49
2025-12-08,135.0,Cripps,CRIPPS DIESEL USD,1427.358973,2220.6577
2025-12-08,135.0,Cripps,CRIPPS PETROL USD,1318.589741,2057.0
2025-12-08,135.0,Cripps,DIESEL LITRES,258.81,258.81
2025-12-08,135.0,Cripps,PETROL LITRES,851.54,851.54
2025-12-08,140.0,Mutare Second Street,MUTARE SECOND USD DIESEL,164.666667,247.0
2025-12-08,140.0,Mutare Second Street,MUTARE SECOND USD PETROL,30.263158,46.0
2025-12-08,144.0,Bessemer,BESSEMER USD DIESEL,20.0,29.0
2025-12-08,144.0,Bessemer,BESSEMER USD PETROL,22.758621,33.0
2025-12-08,145.0,Sunway City,SUNWAY USD DIESEL,668.846154,1043.4
2025-12-08,145.0,Sunway City,SUNWAY USD PETROL,362.391027,565.0742
2025-12-08,146.0,Banket,BANKET BULK DIESEL USD,1060.0,1590.0
2025-12-08,146.0,Banket,BANKET USD DIESEL,135.0,207.9
2025-12-08,147.0,Chinhoyi Main,CHINHOYI BULK DIESEL USD,900.657896,1369.0
2025-12-08,147.0,Chinhoyi Main,CHINHOYI MAIN USD DIESEL,258.064516,400.0
2025-12-08,147.0,Chinhoyi Main,CHINHOYI MAIN USD PETROL,20.0,31.2
2025-12-08,147.0,Chinhoyi Main,DIESEL LITRES,626.5,626.5
2025-12-08,148.0,Chegutu,CHEGUTU USD DIESEL,95.17647,145.62
2025-12-08,148.0,Chegutu,DIESEL LITRES,297.0,297.0
2025-12-08,149.0,,,,70.0
2025-12-08,149.0,Turnpike,DIESEL LITRES,420.0,420.0
2025-12-08,149.0,Turnpike,TURNPIKE USD DIESEL,42.820513,66.8
2025-12-08,149.0,Turnpike,TURNPIKE USD PETROL,21.102564,32.92
2025-12-08,150.0,Mutare One Stop,DIESEL LITRES,75.0,75.0
2025-12-08,150.0,Mutare One Stop,MUTARE ONE STOP DIESEL,490.0,735.0
2025-12-08,150.0,Mutare One Stop,MUTARE ONE STOP PETROL,33.552632,50.3421
2025-12-08,167.0,Munch & Move,MUNCH & MOVE - SALES,300.0,300.0
2025-12-09,,,,,117510.58
2025-12-09,82.0,Runiville,DIESEL LITRES,139.9,139.9
2025-12-09,82.0,Runiville,PETROL LITRES,113.0,113.0
2025-12-09,82.0,Runiville,RUNIVILLE BULK DIESEL USD,200.0,304.0
2025-12-09,82.0,Runiville,RUNIVILLE USD DIESEL,857.499999,1332.3539
2025-12-09,82.0,Runiville,RUNIVILLE USD PETROL,747.685896,1163.3394
2025-12-09,84.0,Avondale,AVONDALE USD DIESEL,1500.22436,2325.8269
2025-12-09,84.0,Avondale,AVONDALE USD PETROL,1443.980772,2250.0395
2025-12-09,84.0,Avondale,DIESEL LITRES,411.85,411.85
2025-12-09,84.0,Avondale,PETROL LITRES,50.0,50.0
2025-12-09,86.0,Charter,CHARTER USD DIESEL,543.205129,845.4
2025-12-09,86.0,Charter,CHARTER USD PETROL,417.161291,644.3597
2025-12-09,86.0,Charter,DIESEL LITRES,615.36,615.36
2025-12-09,86.0,Charter,PETROL LITRES,66.51,66.51
2025-12-09,88.0,Seke,PETROL LITRES,48.97,48.97
2025-12-09,88.0,Seke,SEKE USD DIESEL,462.307692,709.5
2025-12-09,88.0,Seke,SEKE USD PETROL,536.740259,806.4404
2025-12-09,92.0,Msasa,DIESEL LITRES,753.76,753.76
2025-12-09,92.0,Msasa,MSA-QUARTZ 3000 SG 20W50 500ML,1.0,3.0
2025-12-09,92.0,Msasa,MSASA BULK DIESEL,1013.42282,1510.0
2025-12-09,92.0,Msasa,MSASA USD DIESEL,1337.134616,2083.43
2025-12-09,92.0,Msasa,MSASA USD PETROL,817.480772,1275.27
2025-12-09,92.0,Msasa,PETROL LITRES,127.0,127.0
2025-12-09,96.0,Samora,DIESEL LITRES,108.17,108.17
2025-12-09,96.0,Samora,PETROL LITRES,136.84,136.84
2025-12-09,96.0,Samora,SAMORA USD DIESEL,359.942308,553.758
2025-12-09,96.0,Samora,SAMORA USD PETROL,474.647434,729.9532
2025-12-09,98.0,Roadport,DIESEL LITRES,348.84,348.84
2025-12-09,98.0,Roadport,PETROL LITRES,60.0,60.0
2025-12-09,98.0,Roadport,ROADPORT USD DIESEL,485.737181,757.75
2025-12-09,98.0,Roadport,ROAPORT USD PETROL,737.025643,1143.8625
2025-12-09,102.0,Kirkman,DIESEL LITRES,6100.0,6100.0
2025-12-09,102.0,Kirkman,KIRKMAN USD DIESEL,226.282051,353.0
2025-12-09,102.0,Kirkman,KIRKMAN USD PETROL,145.801282,224.5445
2025-12-09,102.0,Kirkman,PETROL LITRES,20.0,20.0
2025-12-09,110.0,Mutare Green Market,MUTARE GREENMARKET USD DIESEL,70.0,105.0
2025-12-09,110.0,Mutare Green Market,MUTARE GREENMARKET USD PETROL,40.131579,59.7961
2025-12-09,110.0,Mutare Green Market,PETROL LITRES,8.0,8.0
2025-12-09,112.0,Marondera,MARONDERA USD DIESEL,209.960526,319.14
2025-12-09,112.0,Marondera,MARONDERA USD PETROL,15.789474,24.0
2025-12-09,114.0,Kadoma,KADOMA USD DIESEL,96.688742,146.0
2025-12-09,114.0,Kadoma,KADOMA USD PETROL,30.065359,46.0
2025-12-09,121.0,Gweru,DIESEL LITRES,2099.23,2099.23
2025-12-09,121.0,Gweru,GWERU BULK DIESEL USD,311.258278,470.0
2025-12-09,121.0,Gweru,GWERU USD DIESEL,2813.467104,4206.1784
2025-12-09,121.0,Gweru,GWERU USD PETROL,114.974194,174.8233
2025-12-09,123.0,Fife Street,FIFE USD DIESEL,475.673076,742.05
2025-12-09,123.0,Fife Street,FIFE USD PETROL,492.74359,768.68
2025-12-09,123.0,Fife Street,PETROL LITRES,38.0,38.0
2025-12-09,125.0,Fort Street,FORT USD DIESEL,1626.608975,2537.51
2025-12-09,125.0,Fort Street,FORT USD PETROL,370.929488,578.65
2025-12-09,127.0,Mpopoma,MPOPOMA USD DIESEL,187.423077,288.6804
2025-12-09,127.0,Mpopoma,MPOPOMA USD PETROL,507.634615,776.681
2025-12-09,129.0,Khami,KHAMI USD DIESEL,365.0,561.6
2025-12-09,129.0,Khami,KHAMI USD PETROL,99.615384,155.4
2025-12-09,131.0,R Mugabe,DIESEL LITRES,20.0,20.0
2025-12-09,131.0,R Mugabe,R MUGABE USD DIESEL,237.365384,370.29
2025-12-09,131.0,R Mugabe,R MUGABE USD PETROL,25.0,39.0
2025-12-09,135.0,Cripps,CRIPPS BULK DIESEL USD,312.428571,459.27
2025-12-09,135.0,Cripps,CRIPPS DIESEL USD,882.423077,1376.58
2025-12-09,135.0,Cripps,CRIPPS PETROL USD,611.185897,953.45
2025-12-09,135.0,Cripps,DIESEL LITRES,980.0,980.0
2025-12-09,135.0,Cripps,PETROL LITRES,193.86,193.86
2025-12-09,140.0,Mutare Second Street,DIESEL LITRES,26.0,26.0
2025-12-09,140.0,Mutare Second Street,MUTARE SECOND USD DIESEL,90.666667,136.0
2025-12-09,140.0,Mutare Second Street,MUTARE SECOND USD PETROL,20.263158,30.8
2025-12-09,141.0,Troutbeck,TROUTBECK USD DIESEL,439.516129,679.5
2025-12-09,141.0,Troutbeck,TROUTBECK USD PETROL,90.0,140.4
2025-12-09,144.0,Bessemer,BESSEMER USD PETROL,34.482759,50.0
2025-12-09,145.0,Sunway City,SUNWAY BULK DIESEL USD,143.624161,214.0
2025-12-09,145.0,Sunway City,SUNWAY USD DIESEL,126.416666,197.21
2025-12-09,145.0,Sunway City,SUNWAY USD PETROL,114.102565,178.0
2025-12-09,146.0,Banket,BANKET BULK DIESEL USD,946.753333,1420.13
2025-12-09,146.0,Banket,BANKET USD DIESEL,291.428571,448.8
2025-12-09,146.0,Banket,BANKET USD PETROL,76.923077,120.0
2025-12-09,146.0,Banket,DIESEL LITRES,88.0,88.0
2025-12-09,147.0,Chinhoyi Main,CHINHOYI BULK DIESEL USD,350.0,532.0
2025-12-09,147.0,Chinhoyi Main,CHINHOYI MAIN USD DIESEL,451.903226,700.45
2025-12-09,147.0,Chinhoyi Main,CHINHOYI MAIN USD PETROL,74.102564,115.6
2025-12-09,148.0,Chegutu,CHEGUTU BULK DIESEL USD,200.0,302.0
2025-12-09,148.0,Chegutu,CHEGUTU USD DIESEL,188.235294,288.0
2025-12-09,149.0,Turnpike,DIESEL LITRES,497.0,497.0
2025-12-09,149.0,Turnpike,TURNPIKE USD DIESEL,62.051282,96.8
2025-12-09,150.0,Mutare One Stop,DIESEL LITRES,50.0,50.0
2025-12-09,150.0,Mutare One Stop,MUTARE ONE STOP DIESEL,570.0,855.0
2025-12-09,150.0,Mutare One Stop,MUTARE ONE STOP PETROL,95.394737,145.0
2025-12-09,167.0,Munch & Move,MUNCH & MOVE - SALES,331.56,331.56
2025-12-09,168.0,Avondale M&M,AVONDALE M&M,41.2,41.2
2025-12-10,,,,,106053.3
2025-12-10,82.0,Runiville,DIESEL LITRES,440.0,440.0
2025-12-10,82.0,Runiville,PETROL LITRES,223.75,223.75
2025-12-10,82.0,Runiville,RUNIVILLE USD DIESEL,1400.820513,2157.389
2025-12-10,82.0,Runiville,RUNIVILLE USD PETROL,608.705129,946.321
2025-12-10,84.0,Avondale,AVONDALE USD DIESEL,1858.160258,2880.2898
2025-12-10,84.0,Avondale,AVONDALE USD PETROL,1201.153844,1856.6026
2025-12-10,84.0,Avondale,DIESEL LITRES,381.83,381.83
2025-12-10,84.0,Avondale,PETROL LITRES,79.98,79.98
2025-12-10,86.0,Charter,CHARTER USD DIESEL,346.826923,540.7295
2025-12-10,86.0,Charter,CHARTER USD PETROL,399.529033,617.4071
2025-12-10,86.0,Charter,DIESEL LITRES,530.0,530.0
2025-12-10,86.0,Charter,PETROL LITRES,25.0,25.0
2025-12-10,88.0,Seke,SEKE USD DIESEL,74.871795,114.2974
2025-12-10,88.0,Seke,SEKE USD PETROL,138.409092,211.6682
2025-12-10,92.0,,,,86.22
2025-12-10,92.0,Msasa,DIESEL LITRES,395.0,395.0
2025-12-10,92.0,Msasa,MSASA USD DIESEL,822.403848,1282.95
2025-12-10,92.0,Msasa,MSASA USD PETROL,567.621794,885.49
2025-12-10,92.0,Msasa,PETROL LITRES,229.0,229.0
2025-12-10,96.0,Samora,PETROL LITRES,31.62,31.62
2025-12-10,96.0,Samora,SAMORA USD DIESEL,352.564103,547.5
2025-12-10,96.0,Samora,SAMORA USD PETROL,341.980769,531.7079
2025-12-10,98.0,Roadport,DIESEL LITRES,333.65,333.65
2025-12-10,98.0,Roadport,PETROL LITRES,82.0,82.0
2025-12-10,98.0,Roadport,ROADPORT USD DIESEL,1304.75,2034.7369
2025-12-10,98.0,Roadport,ROADPORT USD DIESEL BUS,263.157895,400.0
2025-12-10,98.0,Roadport,ROAPORT USD PETROL,908.121796,1410.8414
2025-12-10,102.0,Kirkman,DIESEL LITRES,2836.0,2836.0
2025-12-10,102.0,Kirkman,KIRKMAN USD DIESEL,612.82692,952.0677
2025-12-10,102.0,Kirkman,KIRKMAN USD PETROL,406.794871,634.1
2025-12-10,110.0,Mutare Green Market,DIESEL LITRES,350.16,350.16
2025-12-10,110.0,Mutare Green Market,MUTARE GREENMARKET USD DIESEL,76.0,114.0
2025-12-10,110.0,Mutare Green Market,MUTARE GREENMARKET USD PETROL,19.256579,29.27
2025-12-10,112.0,Marondera,DIESEL LITRES,109.04,109.04
2025-12-10,112.0,Marondera,MARONDERA USD DIESEL,91.75658,139.47
2025-12-10,112.0,Marondera,MARONDERA USD PETROL,110.296053,167.65
2025-12-10,114.0,Kadoma,DIESEL LITRES,25.0,25.0
2025-12-10,114.0,Kadoma,KADOMA USD DIESEL,109.900662,165.95
2025-12-10,114.0,Kadoma,KADOMA USD PETROL,71.385621,109.22
2025-12-10,121.0,Gweru,DIESEL LITRES,497.0,497.0
2025-12-10,121.0,Gweru,GWERU BULK DIESEL USD,304.635762,460.0
2025-12-10,121.0,Gweru,GWERU USD DIESEL,384.605263,584.6
2025-12-10,121.0,Gweru,GWERU USD PETROL,33.548387,51.3226
2025-12-10,121.0,Gweru,PETROL LITRES,5.23,5.23
2025-12-10,123.0,Fife Street,DIESEL LITRES,114.23,114.23
2025-12-10,123.0,Fife Street,FIFE USD DIESEL,1425.179486,2202.7813
2025-12-10,123.0,Fife Street,FIFE USD PETROL,162.499999,253.5
2025-12-10,123.0,Fife Street,PETROL LITRES,50.98,50.98
2025-12-10,125.0,Fort Street,FORT USD DIESEL,446.717948,696.88
2025-12-10,125.0,Fort Street,FORT USD PETROL,16.666667,26.0
2025-12-10,127.0,Mpopoma,MPOPOMA USD DIESEL,240.576923,369.4289
2025-12-10,127.0,Mpopoma,MPOPOMA USD PETROL,108.814102,167.2548
2025-12-10,129.0,Khami,KHAMI USD DIESEL,426.0,656.46
2025-12-10,129.0,Khami,KHAMI USD PETROL,10.0,15.6
2025-12-10,131.0,R Mugabe,R MUGABE USD DIESEL,107.128205,167.12
2025-12-10,131.0,R Mugabe,R MUGABE USD PETROL,141.032052,220.01
2025-12-10,135.0,Cripps,CRIPPS BULK DIESEL USD,604.081633,888.0
2025-12-10,135.0,Cripps,CRIPPS DIESEL USD,855.76923,1320.7948
2025-12-10,135.0,Cripps,CRIPPS PETROL USD,744.769231,1161.84
2025-12-10,135.0,Cripps,DIESEL LITRES,190.67,190.67
2025-12-10,135.0,Cripps,PETROL LITRES,69.93,69.93
2025-12-10,140.0,Mutare Second Street,MUTARE SECOND USD DIESEL,56.666667,85.0
2025-12-10,141.0,Troutbeck,TROUTBECK USD DIESEL,180.0,279.0
2025-12-10,144.0,Bessemer,BESSEMER USD DIESEL,62.068966,90.0
2025-12-10,145.0,Sunway City,DIESEL LITRES,60.26,60.26
2025-12-10,145.0,Sunway City,SUNWAY USD DIESEL,496.641026,771.6575
2025-12-10,145.0,Sunway City,SUNWAY USD PETROL,327.788462,510.5769
2025-12-10,146.0,Banket,BANKET BULK DIESEL USD,1080.0,1620.0
2025-12-10,146.0,Banket,BANKET USD DIESEL,40.25974,62.0
2025-12-10,146.0,Banket,DIESEL LITRES,50.0,50.0
2025-12-10,147.0,Chinhoyi Main,CHINHOYI BULK DIESEL USD,1850.0,2812.0
2025-12-10,147.0,Chinhoyi Main,CHINHOYI MAIN USD DIESEL,197.419355,306.0
2025-12-10,147.0,Chinhoyi Main,CHINHOYI MAIN USD PETROL,161.301282,251.63
2025-12-10,147.0,Chinhoyi Main,DIESEL LITRES,340.0,340.0
2025-12-10,148.0,Chegutu,CHEGUTU USD DIESEL,108.562092,166.1
2025-12-10,148.0,Chegutu,DIESEL LITRES,29.91,29.91
2025-12-10,149.0,Turnpike,DIESEL LITRES,808.92,808.92
2025-12-10,149.0,Turnpike,TURNPIKE USD DIESEL,106.198718,165.67
2025-12-10,149.0,Turnpike,TURNPIKE USD PETROL,10.25641,16.0
2025-12-10,150.0,Mutare One Stop,DIESEL LITRES,186.0,186.0
2025-12-10,150.0,Mutare One Stop,MUTARE ONE STOP DIESEL,365.013333,547.52
2025-12-10,150.0,Mutare One Stop,MUTARE ONE STOP PETROL,100.993422,153.51
2025-12-10,167.0,Munch & Move,MUNCH & MOVE - SALES,80.0,80.0
2025-12-10,168.0,Avondale M&M,AVONDALE M&M,18.7,18.7
2025-12-11,,,,,26554.06
2025-12-11,82.0,Runiville,DIESEL LITRES,55.72,55.72
2025-12-11,82.0,Runiville,PETROL LITRES,35.44,35.44
2025-12-11,82.0,Runiville,RUNIVILLE BULK DIESEL USD,844.592105,1283.78
2025-12-11,82.0,Runiville,RUNIVILLE USD DIESEL,388.416666,605.93
2025-12-11,82.0,Runiville,RUNIVILLE USD PETROL,470.339745,733.01
2025-12-11,84.0,Avondale,AVONDALE USD DIESEL,296.076923,461.7518
2025-12-11,84.0,Avondale,AVONDALE USD PETROL,143.480769,220.7024
2025-12-11,84.0,Avondale,DIESEL LITRES,115.05,115.05
2025-12-11,84.0,Avondale,PETROL LITRES,39.98,39.98
2025-12-11,86.0,Charter,CHARTER USD DIESEL,353.551282,551.54
2025-12-11,86.0,Charter,CHARTER USD PETROL,191.606452,296.99
2025-12-11,86.0,Charter,DIESEL LITRES,17.5,17.5
2025-12-11,88.0,Seke,SEKE USD PETROL,45.454545,68.3766
2025-12-11,92.0,Msasa,DIESEL LITRES,309.0,309.0
2025-12-11,92.0,Msasa,MSASA BULK DIESEL,399.328859,595.0
2025-12-11,92.0,Msasa,MSASA USD DIESEL,492.557693,768.39
2025-12-11,92.0,Msasa,MSASA USD PETROL,336.97436,524.9425
2025-12-11,92.0,Msasa,PETROL LITRES,79.15,79.15
2025-12-11,96.0,Samora,SAMORA USD DIESEL,19.230769,30.0
2025-12-11,96.0,Samora,SAMORA USD PETROL,115.384615,180.0
2025-12-11,98.0,Roadport,DIESEL LITRES,198.35,198.35
2025-12-11,98.0,Roadport,ROADPORT USD DIESEL,804.583335,1250.0336
2025-12-11,98.0,Roadport,ROADPORT USD DIESEL BUS,160.0,243.2
2025-12-11,98.0,Roadport,ROAPORT USD PETROL,599.782052,935.66
2025-12-11,102.0,Kirkman,DIESEL LITRES,436.0,436.0
2025-12-11,102.0,Kirkman,KIRKMAN USD DIESEL,70.512821,110.0
2025-12-11,102.0,Kirkman,KIRKMAN USD PETROL,182.21795,283.619
2025-12-11,110.0,Mutare Green Market,DIESEL LITRES,200.0,200.0
2025-12-11,110.0,Mutare Green Market,MUTARE GREENMARKET USD DIESEL,136.666667,205.0
2025-12-11,110.0,Mutare Green Market,MUTARE GREENMARKET USD PETROL,40.0,60.8
2025-12-11,112.0,Marondera,DIESEL LITRES,60.0,60.0
2025-12-11,112.0,Marondera,MARONDERA USD DIESEL,141.940789,215.75
2025-12-11,112.0,Marondera,MARONDERA USD PETROL,18.217105,27.69
2025-12-11,112.0,Marondera,PETROL LITRES,62.18,62.18
2025-12-11,114.0,Kadoma,DIESEL LITRES,600.0,600.0
2025-12-11,114.0,Kadoma,KADOMA USD DIESEL,39.735099,60.0
2025-12-11,121.0,Gweru,DIESEL LITRES,2362.51,2362.51
2025-12-11,121.0,Gweru,GWERU USD DIESEL,387.5,589.0
2025-12-11,121.0,Gweru,GWERU USD PETROL,184.812903,286.46
2025-12-11,121.0,Gweru,PETROL LITRES,190.0,190.0
2025-12-11,123.0,Fife Street,DIESEL LITRES,30.0,30.0
2025-12-11,123.0,Fife Street,FIFE USD DIESEL,175.288462,273.45
2025-12-11,123.0,Fife Street,FIFE USD PETROL,70.955128,109.7285
2025-12-11,123.0,Fife Street,PETROL LITRES,35.0,35.0
2025-12-11,125.0,Fort Street,FOR-QUARTZ 9000 SAE 5W40 500ML,2.0,10.0
2025-12-11,125.0,Fort Street,FORT USD DIESEL,278.49359,434.45
2025-12-11,125.0,Fort Street,FORT USD PETROL,93.525641,145.9
2025-12-11,127.0,Mpopoma,MPOPOMA USD DIESEL,377.538461,578.2684
2025-12-11,127.0,Mpopoma,MPOPOMA USD PETROL,374.641025,574.3546
2025-12-11,129.0,Khami,KHAMI USD PETROL,67.692307,105.6
2025-12-11,131.0,R Mugabe,R MUGABE USD DIESEL,78.333333,122.2
2025-12-11,131.0,R Mugabe,R MUGABE USD PETROL,37.192308,58.02
2025-12-11,135.0,Cripps,CRIPPS BULK DIESEL USD,692.176871,1017.5
2025-12-11,135.0,Cripps,CRIPPS DIESEL USD,857.679487,1323.6008
2025-12-11,135.0,Cripps,CRIPPS PETROL USD,347.211539,541.009
2025-12-11,135.0,Cripps,DIESEL LITRES,380.0,380.0
2025-12-11,135.0,Cripps,PETROL LITRES,173.72,173.72
2025-12-11,140.0,Mutare Second Street,MUTARE SECOND USD DIESEL,95.666667,143.5
2025-12-11,141.0,Troutbeck,TROUTBECK USD PETROL,123.717949,193.0
2025-12-11,145.0,Sunway City,SUNWAY USD DIESEL,629.807691,982.5
2025-12-11,145.0,Sunway City,SUNWAY USD PETROL,24.358974,38.0
2025-12-11,146.0,Banket,BANKET USD DIESEL,56.993506,87.77
2025-12-11,146.0,Banket,DIESEL LITRES,60.0,60.0
2025-12-11,147.0,Chinhoyi Main,CHINHOYI BULK DIESEL USD,200.0,304.0
2025-12-11,147.0,Chinhoyi Main,CHINHOYI MAIN USD DIESEL,184.754839,286.37
2025-12-11,147.0,Chinhoyi Main,CHINHOYI MAIN USD PETROL,32.0,49.92
2025-12-11,148.0,Chegutu,CHEGUTU BULK DIESEL USD,300.0,453.0
2025-12-11,148.0,Chegutu,CHEGUTU USD DIESEL,39.215686,60.0
2025-12-11,148.0,Chegutu,CHEGUTU USD PETROL,20.0,30.8
2025-12-11,149.0,Turnpike,DIESEL LITRES,290.0,290.0
2025-12-11,149.0,Turnpike,TURNPIKE USD PETROL,16.025641,24.1987
2025-12-11,150.0,Mutare One Stop,DIESEL LITRES,25.0,25.0
2025-12-11,150.0,Mutare One Stop,MUTARE ONE STOP DIESEL,289.333334,434.0
2025-12-11,150.0,Mutare One Stop,MUTARE ONE STOP PETROL,30.0,45.6
2025-12-11,167.0,Munch & Move,MUNCH & MOVE - SALES,144.1,144.1
2025-12-11,168.0,Avondale M&M,AVONDALE M&M,6.0,6.0
