sale_date,site_id,site_name,product,total_litres,total_amount
2025-09-02,102,Kirkman,KIRKMAN BULK DIESEL USD,882.0689655172414,1279.0
2025-09-02,102,Kirkman,KIRKMAN USD DIESEL,458.38926174496646,683.0
2025-09-02,102,Kirkman,KIRKMAN USD PETROL,1051.3157894736842,1598.0
2025-09-02,110,Mutare Green Market,MUTARE GREEN MARKET BULK DIESEL,458.4507042253521,651.0
2025-09-02,110,Mutare Green Market,MUTARE GREENMARKET USD DIESEL,338.94520547945206,494.86
2025-09-02,110,Mutare Green Market,MUTARE GREENMARKET USD PETROL,641.6959459459459,949.71
2025-09-02,112,Marondera,MARONDERA USD DIESEL,1669.178082191781,2437.0
2025-09-02,112,Marondera,MARONDERA USD PETROL,2091.9999999999995,3138.0
2025-09-02,114,Kadoma,KADOMA USD BULK DIESEL ,193.10344827586206,280.0
2025-09-02,114,Kadoma,KADOMA USD DIESEL,992.5675675675675,1469.0
2025-09-02,114,Kadoma,KADOMA USD PETROL,1512.0000000000002,2268.0
2025-09-02,114,Kadoma,KAD-RACE BRAKEFLUID DOT4+ 500ML,1.0,4.0
2025-09-02,114,Kadoma,KAD-RUBIA TIR 7400 15W40 500ML,2.0,6.0
2025-09-02,114,Kadoma,KAD-RUBIA TIR 7400 SAE 15W40 5L,1.0,25.0
2025-09-02,121,Gweru,GWE-QUARTZ 3000 SG 20W50 500ML,1.0,3.0
2025-09-02,121,Gweru,GWERU BULK DIESEL USD,500.0,730.0
2025-09-02,121,Gweru,GWERU USD DIESEL,978.3783783783783,1448.0
2025-09-02,121,Gweru,GWERU USD PETROL,1438.6666666666667,2158.0
2025-09-02,123,Fife Street,FIFE USD DIESEL,731.5068493150685,1068.0
2025-09-02,123,Fife Street,FIFE USD PETROL,921.3333333333334,1382.0
2025-09-02,127,Mpopoma,MPOPOMA BULK DIESEL USD,2013.1034482758623,2919.0
2025-09-02,127,Mpopoma,MPOPOMA USD DIESEL,720.204081632653,1058.7
2025-09-02,127,Mpopoma,MPOPOMA USD PETROL,855.3333333333333,1283.0
2025-09-02,129,Khami,KHAMI BULK DIESEL USD,847.5862068965517,1229.0
2025-09-02,129,Khami,KHAMI USD DIESEL,1355.1020408163265,1992.0
2025-09-02,129,Khami,KHAMI USD PETROL,908.0,1362.0
2025-09-02,129,Khami,KHA-NEPTUNA 2T SUPER SPORT 500ML,1.0,4.0
2025-09-02,129,Khami,KHA-QUARTZ 9000 SAE 5W40 500ML,1.0,5.0
2025-09-02,129,Khami,KHA-RUBIA SX SAE40 500ML,1.0,3.0
2025-09-02,131,R Mugabe,R MUGABE USD DIESEL,445.33333333333337,668.0
2025-09-02,131,R Mugabe,R MUGABE USD PETROL,832.2368421052631,1265.0
2025-09-02,135,Cripps,CRIPPS BULK DIESEL USD,786.2068965517242,1140.0
2025-09-02,135,Cripps,CRIPPS DIESEL USD,847.945205479452,1238.0
2025-09-02,135,Cripps,CRIPPS PETROL USD,1219.5945945945946,1805.0
2025-09-02,140,Mutare Second Street,MUTARE SECOND USD DIESEL,914.3835616438356,1335.0
2025-09-02,140,Mutare Second Street,MUTARE SECOND USD PETROL,872.9729729729731,1292.0
2025-09-02,141,Troutbeck,TRO-QUARTZ 5000 20W50 500ML,1.0,3.0
2025-09-02,141,Troutbeck,TROUTBECK BULK DIESEL ,200.0,296.0
2025-09-02,141,Troutbeck,TROUTBECK USD DIESEL,982.0,1473.0
2025-09-02,141,Troutbeck,TROUTBECK USD PETROL,1434.4155844155844,2209.0
2025-09-02,145,Sunway City,SUNWAY BULK DIESEL USD,1088.43537414966,1600.0
2025-09-02,145,Sunway City,SUNWAY USD DIESEL,1673.3333333333333,2510.0
2025-09-02,145,Sunway City,SUNWAY USD PETROL,3135.0993377483446,4734.0
2025-09-02,146,Banket,BANKET BULK DIESEL USD,372.43,540.02
2025-09-02,146,Banket,BANKET USD DIESEL,529.530201342282,789.0
2025-09-02,146,Banket,BANKET USD PETROL,1575.4966887417218,2379.0
2025-09-02,146,Banket,BAN-RACE BRAKEFLUID DOT4+ 500ML,1.0,4.0
2025-09-02,147,Chinhoyi Main,CHINHOYI BULK DIESEL USD,408.2191780821918,596.0
2025-09-02,147,Chinhoyi Main,CHINHOYI MAIN USD DIESEL,810.6666666666666,1216.0
2025-09-02,147,Chinhoyi Main,CHINHOYI MAIN USD PETROL,2527.631578947369,3842.0
2025-09-02,148,Chegutu,CHEGUTU BULK DIESEL USD,789.1156462585034,1160.0
2025-09-02,148,Chegutu,CHEGUTU USD DIESEL,700.0000000000001,1043.0
2025-09-02,148,Chegutu,CHEGUTU USD PETROL,1779.3333333333337,2669.0
2025-09-02,149,Turnpike,TURNPIKE BULK DIESEL USD,159.8639455782313,235.0
2025-09-02,149,Turnpike,TURNPIKE USD DIESEL,505.33333333333337,758.0
2025-09-02,149,Turnpike,TURNPIKE USD PETROL,938.8157894736842,1427.0
2025-09-02,149,Turnpike,TUR-QUARTZ 4X4 15W40 500ML,1.0,3.0
2025-09-02,149,Turnpike,TUR-RACE BRAKEFLUID DOT4+ 500ML,1.0,4.0
2025-09-02,150,Mutare One Stop,MUTARE ONE STOP DIESEL,872.2397260273972,1273.46
2025-09-02,150,Mutare One Stop,MUTARE ONE STOP PETROL,574.8918918918919,850.84
2025-09-02,157,Hatfield,HATFIELD USD DIESEL,50.0,74.5
2025-09-02,157,Hatfield,HATFIELD USD PETROL,48.255033557046985,71.9
2025-09-02,159,Gwanda ,GWANDA USD DIESEL,144.80519480519482,223.0
2025-09-02,82,Runiville,RUNIVILLE USD DIESEL,191.94630872483222,286.0
2025-09-02,82,Runiville,RUNIVILLE USD PETROL,423.02631578947364,643.0
2025-09-02,84,Avondale,AVONDALE USD DIESEL,263.51351351351354,390.0
2025-09-02,84,Avondale,AVONDALE USD PETROL,375.33333333333337,563.0
2025-09-02,86,Charter,CHARTER BULK/TAXI DIESEL ,2255.0821917808216,3292.42
2025-09-02,86,Charter,CHARTER USD DIESEL,106.75675675675676,158.0
2025-09-02,86,Charter,CHARTER USD PETROL,773.3333333333334,1160.0
2025-09-02,88,Seke,SEKE USD DIESEL,2109.4594594594596,3122.0
2025-09-02,88,Seke,SEKE USD PETROL,2096.666666666667,3145.0
2025-09-02,92,Msasa,MSASA BULK DIESEL,399.3243243243243,591.0
2025-09-02,92,Msasa,MSASA USD DIESEL,770.5882352941176,1179.0
2025-09-02,92,Msasa,MSASA USD PETROL,887.6623376623377,1367.0
2025-09-02,96,Samora,SAMORA USD DIESEL,168.21192052980132,254.0
2025-09-02,96,Samora,SAMORA USD PETROL,913.2450331125829,1379.0
2025-09-02,96,Samora,SAMORA USD TAXI DIESEL ,100.68027210884354,148.0
2025-09-02,98,Roadport,ROADPORT USD DIESEL,416.4473684210526,633.0
2025-09-02,98,Roadport,ROADPORT USD DIESEL BUS,557.4324324324324,825.0
2025-09-02,98,Roadport,ROAPORT USD PETROL,1625.9740259740258,2504.0
2025-09-03,102,Kirkman,KIRKMAN BULK DIESEL USD,848.2758620689656,1230.0
2025-09-03,102,Kirkman,KIRKMAN USD DIESEL,709.3959731543623,1057.0
2025-09-03,102,Kirkman,KIRKMAN USD PETROL,914.5263157894736,1390.08
2025-09-03,110,Mutare Green Market,MUTARE GREEN MARKET BULK DIESEL,577.4647887323944,820.0
2025-09-03,110,Mutare Green Market,MUTARE GREENMARKET USD DIESEL,453.69863013698625,662.4
2025-09-03,110,Mutare Green Market,MUTARE GREENMARKET USD PETROL,1618.5405405405406,2395.43
2025-09-03,112,Marondera,MARONDERA USD DIESEL,306.8493150684931,448.0
2025-09-03,112,Marondera,MARONDERA USD PETROL,1296.6666666666667,1945.0
2025-09-03,112,Marondera,MAR-RACE BRAKEFLUID DOT4+ 500ML,1.0,4.0
2025-09-03,114,Kadoma,KADOMA USD BULK DIESEL ,320.68965517241384,465.0
2025-09-03,114,Kadoma,KADOMA USD DIESEL,1126.3513513513515,1667.0
2025-09-03,114,Kadoma,KADOMA USD PETROL,1484.6666666666667,2227.0
2025-09-03,121,Gweru,GWE-RUBIA TIR 7400 SAE 15W40 5L,1.0,25.0
2025-09-03,121,Gweru,GWERU BULK DIESEL USD,668.9589041095891,976.68
2025-09-03,121,Gweru,GWERU USD DIESEL,2007.029189189189,2970.4
2025-09-03,121,Gweru,GWERU USD PETROL,1697.3466666666668,2546.02
2025-09-03,123,Fife Street,FIFE USD DIESEL,1552.054794520548,2266.0
2025-09-03,123,Fife Street,FIFE USD PETROL,2132.0,3198.0
2025-09-03,125,Fort Street,FORT STR BULK DIESEL USD,1580.0,2291.0
2025-09-03,125,Fort Street,FORT USD DIESEL,453.06122448979596,666.0
2025-09-03,125,Fort Street,FORT USD PETROL,592.6666666666666,889.0
2025-09-03,127,Mpopoma,MPOPOMA BULK DIESEL USD,330.3448275862069,479.0
2025-09-03,127,Mpopoma,MPOPOMA USD DIESEL,112.24489795918367,165.0
2025-09-03,127,Mpopoma,MPOPOMA USD PETROL,578.0,867.0
2025-09-03,129,Khami,KHAMI BULK DIESEL USD,495.1724137931035,718.0
2025-09-03,129,Khami,KHAMI USD DIESEL,782.312925170068,1150.0
2025-09-03,129,Khami,KHAMI USD PETROL,434.6666666666667,652.0
2025-09-03,129,Khami,KHA-RACE BRAKEFLUID DOT4+ 500ML,1.0,4.0
2025-09-03,131,R Mugabe,R MUGABE USD DIESEL,907.3333333333334,1361.0
2025-09-03,131,R Mugabe,R MUGABE USD PETROL,2007.236842105263,3051.0
2025-09-03,135,Cripps,CRIPPS BULK DIESEL USD,800.0,1160.0
2025-09-03,135,Cripps,CRIPPS DIESEL USD,2210.2739726027394,3227.0
2025-09-03,135,Cripps,CRIPPS PETROL USD,1802.0270270270269,2667.0
2025-09-03,140,Mutare Second Street,MUTARE SECOND USD BULK DIESEL,200.0,284.0
2025-09-03,140,Mutare Second Street,MUTARE SECOND USD DIESEL,1095.205479452055,1599.0
2025-09-03,140,Mutare Second Street,MUTARE SECOND USD PETROL,1152.0270270270269,1705.0
2025-09-03,141,Troutbeck,TRO-NEPTUNA 2T SUPER SPORT 500ML,1.0,4.0
2025-09-03,141,Troutbeck,TRO-RUBIA TIR 7400 SAE 15W40 5L,2.0,50.0
2025-09-03,141,Troutbeck,TROUTBECK BULK DIESEL ,1496.6216216216217,2215.0
2025-09-03,141,Troutbeck,TROUTBECK USD DIESEL,1738.6666666666665,2608.0
2025-09-03,141,Troutbeck,TROUTBECK USD PETROL,1153.2467532467533,1776.0
2025-09-03,145,Sunway City,SUN-FLUIDMATIC DIII MV 500ML,2.0,6.0
2025-09-03,145,Sunway City,SUNWAY BULK DIESEL USD,1965.9863945578231,2890.0
2025-09-03,145,Sunway City,SUNWAY USD DIESEL,3427.3333333333335,5141.0
2025-09-03,145,Sunway City,SUNWAY USD PETROL,3411.258278145696,5151.0
2025-09-03,146,Banket,BANKET BULK DIESEL USD,860.63,1247.91
2025-09-03,146,Banket,BANKET USD DIESEL,391.9463087248322,584.0
2025-09-03,146,Banket,BANKET USD PETROL,920.5298013245033,1390.0
2025-09-03,146,Banket,BAN-RACE BRAKEFLUID DOT4+ 500ML,1.0,4.0
2025-09-03,147,Chinhoyi Main,CHINHOYI BULK DIESEL USD,150.68493150684932,220.0
2025-09-03,147,Chinhoyi Main,CHINHOYI MAIN USD DIESEL,156.66666666666666,235.0
2025-09-03,147,Chinhoyi Main,CHINHOYI MAIN USD PETROL,1411.8421052631575,2146.0
2025-09-03,147,Chinhoyi Main,CHI-RUBIA TIR 7400 15W40 500ML,1.0,3.0
2025-09-03,148,Chegutu,CHEGUTU BULK DIESEL USD,359.8639455782313,529.0
2025-09-03,148,Chegutu,CHEGUTU USD DIESEL,1114.0939597315435,1660.0
2025-09-03,148,Chegutu,CHEGUTU USD PETROL,1812.0,2718.0
2025-09-03,148,Chegutu,CHE-QUARTZ 5000 20W50 500ML,2.0,6.0
2025-09-03,148,Chegutu,CHE-QUARTZ 9000 SAE 5W40 500ML,3.0,15.0
2025-09-03,148,Chegutu,CHE-RUBIA SX SAE40 500ML,1.0,3.0
2025-09-03,148,Chegutu,CHE-RUBIA TIR 7400 SAE 15W40 5L,1.0,25.0
2025-09-03,149,Turnpike,TURNPIKE BULK DIESEL USD,404.0816326530612,594.0
2025-09-03,149,Turnpike,TURNPIKE USD DIESEL,707.9999999999999,1062.0
2025-09-03,149,Turnpike,TURNPIKE USD PETROL,283.5526315789474,431.0
2025-09-03,149,Turnpike,TUR-RACE BRAKEFLUID DOT4+ 500ML,1.0,4.0
2025-09-03,149,Turnpike,TUR-RUBIA SX SAE40 500ML,6.0,18.0
2025-09-03,150,Mutare One Stop,MUTARE ONE STOP DIESEL,36.95890410958904,53.96
2025-09-03,150,Mutare One Stop,MUTARE ONE STOP PETROL,180.88513513513513,267.71
2025-09-03,157,Hatfield,HATFIELD USD DIESEL,67.11409395973155,100.0
2025-09-03,82,Runiville,RUNIVILLE USD DIESEL,34.22818791946309,51.0
2025-09-03,82,Runiville,RUNIVILLE USD PETROL,365.8421052631579,556.08
2025-09-03,82,Runiville,RUN-NEPTUNA 2T SUPER SPORT 500ML,1.0,4.0
2025-09-03,82,Runiville,RUN-RACE BRAKEFLUID DOT4+ 500ML,1.0,4.0
2025-09-03,84,Avondale,AVONDALE USD DIESEL,517.5675675675676,766.0
2025-09-03,84,Avondale,AVONDALE USD PETROL,294.72666666666663,442.09
2025-09-03,86,Charter,CHARTER BULK/TAXI DIESEL ,3960.9589041095896,5783.0
2025-09-03,86,Charter,CHARTER USD DIESEL,487.7702702702702,721.89
2025-09-03,86,Charter,CHARTER USD PETROL,3088.0,4632.0
2025-09-03,88,Seke,SEKE USD DIESEL,2431.0810810810813,3598.0
2025-09-03,88,Seke,SEKE USD PETROL,2186.666666666667,3280.0
2025-09-03,92,Msasa,MSASA BULK DIESEL,1169.5945945945946,1731.0
2025-09-03,92,Msasa,MSASA USD DIESEL,701.9607843137255,1074.0
2025-09-03,92,Msasa,MSASA USD PETROL,496.7532467532467,765.0
2025-09-03,96,Samora,SAMORA USD DIESEL,205.96026490066225,311.0
2025-09-03,96,Samora,SAMORA USD PETROL,1127.8145695364237,1703.0
2025-09-03,96,Samora,SAMORA USD TAXI DIESEL ,62.585034013605444,92.0
2025-09-03,98,Roadport,ROADPORT USD DIESEL,774.1842105263156,1176.76
2025-09-03,98,Roadport,ROADPORT USD DIESEL BUS,1225.6756756756758,1814.0
2025-09-03,98,Roadport,ROAPORT USD PETROL,2928.311688311688,4509.6
2025-09-04,102,Kirkman,KIRKMAN BULK DIESEL USD,1189.6551724137933,1725.0
2025-09-04,102,Kirkman,KIRKMAN USD DIESEL,1046.979865771812,1560.0
2025-09-04,102,Kirkman,KIRKMAN USD PETROL,1037.6710526315787,1577.26
2025-09-04,102,Kirkman,KIR-RACE BRAKEFLUID DOT4+ 500ML,1.0,4.0
2025-09-04,110,Mutare Green Market,MUTARE GREEN MARKET BULK DIESEL,653.5211267605634,928.0
2025-09-04,110,Mutare Green Market,MUTARE GREENMARKET USD DIESEL,523.4794520547946,764.28
2025-09-04,110,Mutare Green Market,MUTARE GREENMARKET USD PETROL,1448.8445945945946,2144.29
2025-09-04,112,Marondera,MARONDERA USD DIESEL,1114.3835616438357,1627.0
2025-09-04,112,Marondera,MARONDERA USD PETROL,1753.3333333333333,2630.0
2025-09-04,114,Kadoma,KADOMA USD BULK DIESEL ,1478.6206896551726,2144.0
2025-09-04,114,Kadoma,KADOMA USD DIESEL,762.8378378378379,1129.0
2025-09-04,114,Kadoma,KADOMA USD PETROL,1951.3333333333335,2927.0
2025-09-04,121,Gweru,GWE-QUARTZ 5000 20W50 5L,1.0,22.0
2025-09-04,121,Gweru,GWERU BULK DIESEL USD,3829.0,5590.34
2025-09-04,121,Gweru,GWERU USD DIESEL,1003.2786486486486,1484.85
2025-09-04,121,Gweru,GWERU USD PETROL,1275.8200000000002,1913.73
2025-09-04,123,Fife Street,FIFE USD DIESEL,1401.3698630136987,2046.0
2025-09-04,123,Fife Street,FIFE USD PETROL,1498.0,2247.0
2025-09-04,125,Fort Street,FOR-FLUIDMATIC DIII MV 500ML,10.0,30.0
2025-09-04,125,Fort Street,FORT STR BULK DIESEL USD,995.8620689655173,1444.0
2025-09-04,125,Fort Street,FORT USD DIESEL,144.89795918367346,213.0
2025-09-04,125,Fort Street,FORT USD PETROL,822.0,1233.0
2025-09-04,127,Mpopoma,MPOPOMA BULK DIESEL USD,3693.1034482758623,5355.0
2025-09-04,127,Mpopoma,MPOPOMA USD DIESEL,529.9319727891157,779.0
2025-09-04,127,Mpopoma,MPOPOMA USD PETROL,1148.0,1722.0
2025-09-04,127,Mpopoma,MPO-QUARTZ 5000 20W50 500ML,1.0,3.0
2025-09-04,127,Mpopoma,MPO-QUARTZ 9000 SAE 5W40 500ML,1.0,5.0
2025-09-04,127,Mpopoma,MPO-RACE BRAKEFLUID DOT4+ 500ML,1.0,4.0
2025-09-04,129,Khami,KHAMI BULK DIESEL USD,142.75862068965517,207.0
2025-09-04,129,Khami,KHAMI USD DIESEL,289.795918367347,426.0
2025-09-04,129,Khami,KHAMI USD PETROL,191.33333333333334,287.0
2025-09-04,129,Khami,KHA-RACE BRAKEFLUID DOT4+ 500ML,2.0,8.0
2025-09-04,131,R Mugabe,RM-RUBIA TIR 7400 15W40 500ML,4.0,12.0
2025-09-04,131,R Mugabe,R MUGABE USD DIESEL,654.6666666666667,982.0
2025-09-04,131,R Mugabe,R MUGABE USD PETROL,1664.4736842105262,2530.0
2025-09-04,135,Cripps,CRIPPS BULK DIESEL USD,579.3103448275863,840.0
2025-09-04,135,Cripps,CRIPPS DIESEL USD,1245.8904109589039,1819.0
2025-09-04,135,Cripps,CRIPPS PETROL USD,1747.2972972972968,2586.0
2025-09-04,140,Mutare Second Street,MUTARE SECOND USD DIESEL,531.5068493150685,776.0
2025-09-04,140,Mutare Second Street,MUTARE SECOND USD PETROL,592.5675675675675,877.0
2025-09-04,141,Troutbeck,TRO-FLUIDMATIC DIII MV 500ML,1.0,3.0
2025-09-04,141,Troutbeck,TRO-NEPTUNA 2T SUPER SPORT 500ML,5.0,20.0
2025-09-04,141,Troutbeck,TRO-QUARTZ 9000 SAE 5W40 500ML,1.0,5.0
2025-09-04,141,Troutbeck,TRO-RACE BRAKEFLUID DOT4+ 500ML,1.0,4.0
2025-09-04,141,Troutbeck,TROUTBECK BULK DIESEL ,292.5675675675676,433.0
2025-09-04,141,Troutbeck,TROUTBECK USD DIESEL,799.3333333333334,1199.0
2025-09-04,141,Troutbeck,TROUTBECK USD PETROL,1257.142857142857,1936.0
2025-09-04,144,Bessemer,BESSEMER USD DIESEL,49.45070422535211,70.22
2025-09-04,145,Sunway City,SUNWAY BULK DIESEL USD,1519.8639455782313,2234.2
2025-09-04,145,Sunway City,SUNWAY USD DIESEL,2988.0,4482.0
2025-09-04,145,Sunway City,SUNWAY USD PETROL,2656.291390728477,4011.0
2025-09-04,146,Banket,BANKET USD DIESEL,462.4161073825504,689.0
2025-09-04,146,Banket,BANKET USD PETROL,1112.5827814569536,1680.0
2025-09-04,146,Banket,BAN-QUARTZ 5000 20W50 500ML,1.0,3.0
2025-09-04,147,Chinhoyi Main,CHINHOYI BULK DIESEL USD,2620.5479452054797,3826.0
2025-09-04,147,Chinhoyi Main,CHINHOYI MAIN USD DIESEL,321.33333333333337,482.0
2025-09-04,147,Chinhoyi Main,CHINHOYI MAIN USD PETROL,2590.13157894737,3937.0
2025-09-04,147,Chinhoyi Main,CHI-RUBIA TIR 7400 15W40 500ML,1.0,3.0
2025-09-04,148,Chegutu,CHEGUTU BULK DIESEL USD,714.2857142857143,1050.0
2025-09-04,148,Chegutu,CHEGUTU USD DIESEL,1030.8724832214766,1536.0
2025-09-04,148,Chegutu,CHEGUTU USD PETROL,1969.3333333333333,2954.0
2025-09-04,148,Chegutu,CHE-QUARTZ 5000 20W50 500ML,1.0,3.0
2025-09-04,148,Chegutu,CHE-QUARTZ 9000 SAE 5W40 500ML,1.0,5.0
2025-09-04,149,Turnpike,TUR-NEPTUNA 2T SUPER SPORT 500ML,1.0,4.0
2025-09-04,149,Turnpike,TURNPIKE USD DIESEL,845.3333333333334,1268.0
2025-09-04,149,Turnpike,TURNPIKE USD PETROL,348.6842105263158,530.0
2025-09-04,150,Mutare One Stop,MUTARE ONE STOP DIESEL,1706.390410958904,2491.33
2025-09-04,150,Mutare One Stop,MUTARE ONE STOP PETROL,1475.0,2183.0
2025-09-04,157,Hatfield,HATFIELD USD DIESEL,71.14093959731544,106.0
2025-09-04,157,Hatfield,HATFIELD USD PETROL,77.18120805369126,115.0
2025-09-04,159,Gwanda ,GWANDA BULK USD DIESEL ,240.0,360.0
2025-09-04,82,Runiville,RUNIVILLE USD DIESEL,170.8724832214765,254.6
2025-09-04,82,Runiville,RUNIVILLE USD PETROL,406.97368421052636,618.6
2025-09-04,82,Runiville,RUN-QUARTZ 5000 20W50 500ML,2.0,6.0
2025-09-04,82,Runiville,RUN-RACE BRAKEFLUID DOT4+ 500ML,1.0,4.0
2025-09-04,84,Avondale,AVONDALE USD DIESEL,250.67567567567568,371.0
2025-09-04,84,Avondale,AVONDALE USD PETROL,752.0000000000001,1128.0
2025-09-04,86,Charter,CHA-FLUIDMATIC DIII MV 500ML,1.0,3.0
2025-09-04,86,Charter,CHARTER BULK/TAXI DIESEL ,4393.835616438356,6415.0
2025-09-04,86,Charter,CHARTER USD DIESEL,381.7567567567567,565.0
2025-09-04,86,Charter,CHARTER USD PETROL,2318.666666666667,3478.0
2025-09-04,88,Seke,SEKE USD DIESEL,2047.2972972972975,3030.0
2025-09-04,88,Seke,SEKE USD PETROL,1796.0000000000002,2694.0
2025-09-04,92,Msasa,MSASA BULK DIESEL,2672.9729729729734,3956.0
2025-09-04,92,Msasa,MSASA USD DIESEL,767.3202614379085,1174.0
2025-09-04,92,Msasa,MSASA USD PETROL,925.3246753246754,1425.0
2025-09-04,96,Samora,SAMORA USD DIESEL,122.51655629139073,185.0
2025-09-04,96,Samora,SAMORA USD PETROL,1189.403973509934,1796.0
2025-09-04,96,Samora,SAMORA USD TAXI DIESEL ,131.97278911564626,194.0
2025-09-04,98,Roadport,ROADPORT USD DIESEL,1023.0263157894738,1555.0
2025-09-04,98,Roadport,ROADPORT USD DIESEL BUS,1142.8245945945946,1691.38
2025-09-04,98,Roadport,ROAPORT USD PETROL,4295.285714285715,6614.74
2025-09-05,102,Kirkman,KIRKMAN BULK DIESEL USD,325.68965517241384,472.25
2025-09-05,102,Kirkman,KIRKMAN USD DIESEL,964.4295302013422,1437.0
2025-09-05,102,Kirkman,KIRKMAN USD PETROL,828.9473684210523,1260.0
2025-09-05,102,Kirkman,KIR-QUARTZ 4X4 15W40 500ML,3.0,9.0
2025-09-05,102,Kirkman,KIR-RUBIA TIR 7400 15W40 500ML,1.0,3.0
2025-09-05,110,Mutare Green Market,MUTARE GREEN MARKET BULK DIESEL,808.4507042253522,1148.0
2025-09-05,110,Mutare Green Market,MUTARE GREENMARKET USD DIESEL,514.5068493150685,751.18
2025-09-05,110,Mutare Green Market,MUTARE GREENMARKET USD PETROL,1069.4594594594591,1582.8
2025-09-05,112,Marondera,MARONDERA USD DIESEL,536.986301369863,784.0
2025-09-05,112,Marondera,MARONDERA USD PETROL,1442.0,2163.0
2025-09-05,114,Kadoma,KAD-FLUIDMATIC DIII MV 500ML,1.0,3.0
2025-09-05,114,Kadoma,KADOMA USD BULK DIESEL ,1131.0344827586207,1640.0
2025-09-05,114,Kadoma,KADOMA USD DIESEL,1266.8918918918919,1875.0
2025-09-05,114,Kadoma,KADOMA USD PETROL,1676.6666666666667,2515.0
2025-09-05,114,Kadoma,KAD-RACE BRAKEFLUID DOT4+ 500ML,1.0,4.0
2025-09-05,121,Gweru,GWE-QUARTZ 5000 20W50 500ML,5.0,15.0
2025-09-05,121,Gweru,GWERU BULK DIESEL USD,619.4657534246576,904.42
2025-09-05,121,Gweru,GWERU USD DIESEL,1875.2978378378377,2775.44
2025-09-05,121,Gweru,GWERU USD PETROL,1831.6766666666667,2747.51
2025-09-05,123,Fife Street,FIFE USD DIESEL,2030.13698630137,2964.0
2025-09-05,123,Fife Street,FIFE USD PETROL,1872.6666666666665,2809.0
2025-09-05,125,Fort Street,FORT STR BULK DIESEL USD,1175.1703448275862,1703.99
2025-09-05,125,Fort Street,FORT USD DIESEL,306.1224489795918,450.0
2025-09-05,125,Fort Street,FORT USD PETROL,1875.3333333333333,2813.0
2025-09-05,127,Mpopoma,MPOPOMA BULK DIESEL USD,1250.3448275862067,1813.0
2025-09-05,127,Mpopoma,MPOPOMA USD DIESEL,212.92517006802723,313.0
2025-09-05,127,Mpopoma,MPOPOMA USD PETROL,853.3066666666666,1279.96
2025-09-05,129,Khami,KHAMI BULK DIESEL USD,848.9655172413793,1231.0
2025-09-05,129,Khami,KHAMI USD DIESEL,519.047619047619,763.0
2025-09-05,129,Khami,KHAMI USD PETROL,774.0,1161.0
2025-09-05,131,R Mugabe,R MUGABE USD DIESEL,470.66666666666663,706.0
2025-09-05,131,R Mugabe,R MUGABE USD PETROL,2226.9736842105262,3385.0
2025-09-05,135,Cripps,CRIPPS BULK DIESEL USD,206.89655172413794,300.0
2025-09-05,135,Cripps,CRIPPS DIESEL USD,1373.972602739726,2006.0
2025-09-05,135,Cripps,CRIPPS PETROL USD,1623.9864864864865,2403.5
2025-09-05,135,Cripps,CRI-RUBIA TIR 7400 15W40 500ML,1.0,3.0
2025-09-05,140,Mutare Second Street,MUTARE SECOND USD DIESEL,1415.7534246575342,2067.0
2025-09-05,140,Mutare Second Street,MUTARE SECOND USD PETROL,1108.7837837837835,1641.0
2025-09-05,141,Troutbeck,TRO-RACE BRAKEFLUID DOT4+ 500ML,1.0,4.0
2025-09-05,141,Troutbeck,TROUTBECK BULK DIESEL ,735.1351351351351,1088.0
2025-09-05,141,Troutbeck,TROUTBECK USD DIESEL,688.6666666666666,1033.0
2025-09-05,141,Troutbeck,TROUTBECK USD PETROL,1691.5584415584415,2605.0
2025-09-05,145,Sunway City,SUN-FLUIDMATIC DIII MV 500ML,2.0,6.0
2025-09-05,145,Sunway City,SUN-QUARTZ 9000 SAE 5W40 500ML,1.0,5.0
2025-09-05,145,Sunway City,SUNWAY BULK DIESEL USD,2020.4081632653063,2970.0
2025-09-05,145,Sunway City,SUNWAY USD DIESEL,1769.3333333333335,2654.0
2025-09-05,145,Sunway City,SUNWAY USD PETROL,4298.013245033113,6490.0
2025-09-05,146,Banket,BANKET BULK DIESEL USD,248.03,359.64
2025-09-05,146,Banket,BANKET USD DIESEL,675.8389261744967,1007.0
2025-09-05,146,Banket,BANKET USD PETROL,1676.8211920529798,2532.0
2025-09-05,146,Banket,BAN-RACE BRAKEFLUID DOT4+ 500ML,1.0,4.0
2025-09-05,147,Chinhoyi Main,CHINHOYI BULK DIESEL USD,800.0,1168.0
2025-09-05,147,Chinhoyi Main,CHINHOYI MAIN USD DIESEL,946.0,1419.0
2025-09-05,147,Chinhoyi Main,CHINHOYI MAIN USD PETROL,3896.052631578947,5922.0
2025-09-05,147,Chinhoyi Main,CHI-RUBIA TIR 7400 15W40 500ML,1.0,3.0
2025-09-05,148,Chegutu,CHEGUTU BULK DIESEL USD,410.8843537414966,604.0
2025-09-05,148,Chegutu,CHEGUTU USD DIESEL,736.9127516778524,1098.0
2025-09-05,148,Chegutu,CHEGUTU USD PETROL,1954.6666666666667,2932.0
2025-09-05,149,Turnpike,TURNPIKE BULK DIESEL USD,235.37081632653064,345.99
2025-09-05,149,Turnpike,TURNPIKE USD DIESEL,1215.3333333333333,1823.0
2025-09-05,149,Turnpike,TURNPIKE USD PETROL,578.9473684210526,880.0
2025-09-05,149,Turnpike,TUR-RACE BRAKEFLUID DOT4+ 500ML,1.0,4.0
2025-09-05,149,Turnpike,TUR-RUBIA SX SAE40 500ML,1.0,3.0
2025-09-05,150,Mutare One Stop,MUTARE ONE STOP DIESEL,860.9452054794519,1256.98
2025-09-05,150,Mutare One Stop,MUTARE ONE STOP PETROL,1191.7837837837837,1763.84
2025-09-05,157,Hatfield,HATFIELD USD DIESEL,93.95973154362416,140.0
2025-09-05,157,Hatfield,HATFIELD USD PETROL,42.281879194630875,63.0
2025-09-05,159,Gwanda ,GWANDA USD DIESEL,196.1038961038961,302.0
2025-09-05,82,Runiville,RUNIVILLE USD DIESEL,67.11409395973155,100.0
2025-09-05,82,Runiville,RUNIVILLE USD PETROL,391.453947368421,595.01
2025-09-05,84,Avondale,AVONDALE USD DIESEL,524.9999999999999,777.0
2025-09-05,84,Avondale,AVONDALE USD PETROL,846.8199999999999,1270.23
2025-09-05,86,Charter,CHARTER BULK/TAXI DIESEL ,4217.123287671234,6157.0
2025-09-05,86,Charter,CHARTER USD DIESEL,740.5405405405404,1096.0
2025-09-05,86,Charter,CHARTER USD PETROL,1311.3333333333333,1967.0
2025-09-05,88,Seke,SEKE DIESEL BULK,600.0,876.0
2025-09-05,88,Seke,SEKE USD DIESEL,1520.9459459459456,2251.0
2025-09-05,88,Seke,SEKE USD PETROL,2198.0,3297.0
2025-09-05,92,Msasa,MSA-QUARTZ 9000 SAE 5W40 500ML,1.0,5.0
2025-09-05,92,Msasa,MSA-RACE BRAKEFLUID DOT4+ 500ML,3.0,12.0
2025-09-05,92,Msasa,MSASA BULK DIESEL,668.0067567567568,988.65
2025-09-05,92,Msasa,MSASA USD DIESEL,1000.5882352941177,1530.89
2025-09-05,92,Msasa,MSASA USD PETROL,1140.5649350649348,1756.47
2025-09-05,96,Samora,SAMORA USD DIESEL,244.3708609271523,369.0
2025-09-05,96,Samora,SAMORA USD PETROL,1003.9735099337748,1516.0
2025-09-05,96,Samora,SAMORA USD TAXI DIESEL ,13.60544217687075,20.0
2025-09-05,98,Roadport,ROADPORT USD DIESEL,778.2894736842104,1183.0
2025-09-05,98,Roadport,ROADPORT USD DIESEL BUS,1241.8918918918919,1838.0
2025-09-05,98,Roadport,ROAPORT USD PETROL,2052.5974025974024,3161.0
2025-09-06,102,Kirkman,KIRKMAN BULK DIESEL USD,344.82758620689657,500.0
2025-09-06,102,Kirkman,KIRKMAN USD DIESEL,1273.8255033557048,1898.0
2025-09-06,102,Kirkman,KIRKMAN USD PETROL,1155.2631578947367,1756.0
2025-09-06,102,Kirkman,KIR-RACE BRAKEFLUID DOT4+ 500ML,2.0,8.0
2025-09-06,110,Mutare Green Market,MUTARE GREEN MARKET BULK DIESEL,250.0,355.0
2025-09-06,110,Mutare Green Market,MUTARE GREENMARKET USD DIESEL,768.6986301369864,1122.3
2025-09-06,110,Mutare Green Market,MUTARE GREENMARKET USD PETROL,916.5675675675675,1356.52
2025-09-06,112,Marondera,MARONDERA USD DIESEL,686.986301369863,1003.0
2025-09-06,112,Marondera,MARONDERA USD PETROL,1992.6666666666665,2989.0
2025-09-06,114,Kadoma,KADOMA USD BULK DIESEL ,525.5172413793103,762.0
2025-09-06,114,Kadoma,KADOMA USD DIESEL,1044.5945945945946,1546.0
2025-09-06,114,Kadoma,KADOMA USD PETROL,1733.9999999999995,2601.0
2025-09-06,114,Kadoma,KAD-QUARTZ 9000 SAE 5W40 5L,1.0,30.0
2025-09-06,114,Kadoma,KAD-RUBIA SX SAE40 500ML,1.0,3.0
2025-09-06,121,Gweru,GWERU BULK DIESEL USD,2992.0,4368.32
2025-09-06,121,Gweru,GWERU USD DIESEL,2575.0,3811.0
2025-09-06,121,Gweru,GWERU USD PETROL,2027.0,3040.5
2025-09-06,123,Fife Street,FIFE USD DIESEL,1454.7945205479452,2124.0
2025-09-06,123,Fife Street,FIFE USD PETROL,2311.3333333333335,3467.0
2025-09-06,125,Fort Street,FOR-FLUIDMATIC DIII MV 500ML,4.0,12.0
2025-09-06,125,Fort Street,FORT STR BULK DIESEL USD,768.9634482758621,1114.99
2025-09-06,125,Fort Street,FORT USD DIESEL,300.68027210884355,442.0
2025-09-06,125,Fort Street,FORT USD PETROL,1182.6666666666667,1774.0
2025-09-06,127,Mpopoma,MPOPOMA BULK DIESEL USD,1651.7241379310344,2395.0
2025-09-06,127,Mpopoma,MPOPOMA USD DIESEL,976.1904761904761,1435.0
2025-09-06,127,Mpopoma,MPOPOMA USD PETROL,1157.3333333333333,1736.0
2025-09-06,129,Khami,KHAMI BULK DIESEL USD,1485.5172413793105,2154.0
2025-09-06,129,Khami,KHAMI USD DIESEL,727.8911564625851,1070.0
2025-09-06,129,Khami,KHAMI USD PETROL,900.0,1350.0
2025-09-06,131,R Mugabe,R MUGABE USD DIESEL,1352.0000000000002,2028.0
2025-09-06,131,R Mugabe,R MUGABE USD PETROL,1600.657894736842,2433.0
2025-09-06,135,Cripps,CRIPPS BULK DIESEL USD,403.44827586206895,585.0
2025-09-06,135,Cripps,CRIPPS DIESEL USD,4693.1506849315065,6852.0
2025-09-06,135,Cripps,CRIPPS PETROL USD,2029.7297297297296,3004.0
2025-09-06,140,Mutare Second Street,MUTARE SECOND USD DIESEL,904.1095890410958,1320.0
2025-09-06,140,Mutare Second Street,MUTARE SECOND USD PETROL,942.5675675675676,1395.0
2025-09-06,141,Troutbeck,TRO-NEPTUNA 2T SUPER SPORT 500ML,2.0,8.0
2025-09-06,141,Troutbeck,TRO-RUBIA TIR 7400 15W40 500ML,1.0,3.0
2025-09-06,141,Troutbeck,TROUTBECK BULK DIESEL ,1920.58,2842.45
2025-09-06,141,Troutbeck,TROUTBECK USD DIESEL,1046.0,1569.0
2025-09-06,141,Troutbeck,TROUTBECK USD PETROL,2031.8181818181818,3129.0
2025-09-06,145,Sunway City,SUNWAY BULK DIESEL USD,1343.857142857143,1975.47
2025-09-06,145,Sunway City,SUNWAY USD DIESEL,2877.999999999999,4317.0
2025-09-06,145,Sunway City,SUNWAY USD PETROL,4997.350993377484,7546.0
2025-09-06,146,Banket,BANKET USD PETROL,2747.019867549668,4148.0
2025-09-06,146,Banket,BAN-NEPTUNA 2T SUPER SPORT 500ML,1.0,4.0
2025-09-06,146,Banket,BAN-QUARTZ 5000 20W50 500ML,2.0,6.0
2025-09-06,146,Banket,BAN-RUBIA SX SAE40 500ML,2.0,6.0
2025-09-06,147,Chinhoyi Main,CHINHOYI BULK DIESEL USD,300.0,438.0
2025-09-06,147,Chinhoyi Main,CHI-QUARTZ 5000 20W50 500ML,4.0,12.0
2025-09-06,148,Chegutu,CHEGUTU BULK DIESEL USD,306.1224489795918,450.0
2025-09-06,148,Chegutu,CHEGUTU USD DIESEL,890.6040268456377,1327.0
2025-09-06,148,Chegutu,CHEGUTU USD PETROL,1827.3333333333333,2741.0
2025-09-06,149,Turnpike,TUR-FLUIDMATIC DIII MV 500ML,3.0,9.0
2025-09-06,149,Turnpike,TURNPIKE BULK DIESEL USD,1287.0714965986394,1891.99
2025-09-06,149,Turnpike,TURNPIKE USD DIESEL,1394.0,2091.0
2025-09-06,149,Turnpike,TURNPIKE USD PETROL,874.3421052631579,1329.0
2025-09-06,149,Turnpike,TUR-RUBIA SX SAE40 500ML,2.0,6.0
2025-09-06,149,Turnpike,TUR-RUBIA TIR 7400 SAE 15W40 5L,1.0,25.0
2025-09-06,150,Mutare One Stop,MUTARE ONE STOP DIESEL,2101.3698630136987,3068.0
2025-09-06,150,Mutare One Stop,MUTARE ONE STOP PETROL,1457.432432432432,2157.0
2025-09-06,157,Hatfield,HATFIELD USD DIESEL,40.26845637583892,60.0
2025-09-06,157,Hatfield,HATFIELD USD PETROL,23.48993288590604,35.0
2025-09-06,82,Runiville,RUNIVILLE USD DIESEL,121.4765100671141,181.0
2025-09-06,82,Runiville,RUNIVILLE USD PETROL,215.1315789473684,327.0
2025-09-06,82,Runiville,RUN-QUARTZ 9000 SAE 5W40 500ML,1.0,5.0
2025-09-06,82,Runiville,RUN-RUBIA SX SAE40 500ML,2.0,6.0
2025-09-06,84,Avondale,AVONDALE USD DIESEL,352.02702702702703,521.0
2025-09-06,84,Avondale,AVONDALE USD PETROL,781.9999999999999,1173.0
2025-09-06,86,Charter,CHARTER BULK/TAXI DIESEL ,2789.041095890411,4072.0
2025-09-06,86,Charter,CHARTER USD DIESEL,654.7297297297298,969.0
2025-09-06,86,Charter,CHARTER USD PETROL,2060.6666666666665,3091.0
2025-09-06,88,Seke,SEKE DIESEL BULK,205.47945205479454,300.0
2025-09-06,88,Seke,SEKE USD DIESEL,2627.7027027027025,3889.0
2025-09-06,88,Seke,SEKE USD PETROL,2878.0,4317.0
2025-09-06,92,Msasa,MSASA BULK DIESEL,1411.195945945946,2088.57
2025-09-06,92,Msasa,MSASA USD DIESEL,924.4967320261438,1414.48
2025-09-06,92,Msasa,MSASA USD PETROL,1162.2987012987012,1789.94
2025-09-06,96,Samora,SAMORA USD DIESEL,230.46357615894038,348.0
2025-09-06,96,Samora,SAMORA USD PETROL,1892.0529801324506,2857.0
2025-09-06,96,Samora,SAMORA USD TAXI DIESEL ,136.76190476190476,201.04
2025-09-06,98,Roadport,ROADPORT USD DIESEL,703.2894736842105,1069.0
2025-09-06,98,Roadport,ROADPORT USD DIESEL BUS,1295.9459459459458,1918.0
2025-09-06,98,Roadport,ROAPORT USD PETROL,3937.6623376623374,6064.0
2025-09-07,102,Kirkman,KIRKMAN BULK DIESEL USD,734.0,1064.3
2025-09-07,102,Kirkman,KIRKMAN USD DIESEL,1165.1006711409398,1736.0
2025-09-07,102,Kirkman,KIRKMAN USD PETROL,1276.973684210526,1941.0
2025-09-07,102,Kirkman,KIR-QUARTZ 4X4 15W40 500ML,1.0,3.0
2025-09-07,110,Mutare Green Market,MUTARE GREEN MARKET BULK DIESEL,590.0,837.79
2025-09-07,110,Mutare Green Market,MUTARE GREENMARKET USD DIESEL,779.9452054794519,1138.72
2025-09-07,110,Mutare Green Market,MUTARE GREENMARKET USD PETROL,1165.8716216216217,1725.48
2025-09-07,112,Marondera,MARONDERA USD DIESEL,897.945205479452,1311.0
2025-09-07,112,Marondera,MARONDERA USD PETROL,1771.3333333333333,2657.0
2025-09-07,114,Kadoma,KADOMA USD DIESEL,813.5135135135134,1204.0
2025-09-07,114,Kadoma,KADOMA USD PETROL,1320.0,1980.0
2025-09-07,121,Gweru,GWERU USD DIESEL,2168.918918918919,3210.0
2025-09-07,121,Gweru,GWERU USD PETROL,2180.0,3270.0
2025-09-07,123,Fife Street,FIFE USD DIESEL,1643.1506849315067,2399.0
2025-09-07,123,Fife Street,FIFE USD PETROL,1730.5333333333333,2595.8
2025-09-07,125,Fort Street,FORT STR BULK DIESEL USD,1646.2068965517242,2387.0
2025-09-07,125,Fort Street,FORT USD DIESEL,329.9319727891157,485.0
2025-09-07,125,Fort Street,FORT USD PETROL,758.0,1137.0
2025-09-07,127,Mpopoma,MPO-FLUIDMATIC DIII MV 500ML,1.0,3.0
2025-09-07,127,Mpopoma,MPOPOMA BULK DIESEL USD,1718.6206896551726,2492.0
2025-09-07,127,Mpopoma,MPOPOMA USD DIESEL,687.7551020408164,1011.0
2025-09-07,127,Mpopoma,MPOPOMA USD PETROL,1307.3333333333335,1961.0
2025-09-07,127,Mpopoma,MPO-QUARTZ 5000 20W50 500ML,3.0,9.0
2025-09-07,127,Mpopoma,MPO-RUBIA TIR 7400 15W40 500ML,3.0,9.0
2025-09-07,129,Khami,KHA-FLUIDMATIC DIII MV 500ML,1.0,3.0
2025-09-07,129,Khami,KHAMI USD DIESEL,902.7210884353742,1327.0
2025-09-07,129,Khami,KHAMI USD PETROL,1019.3333333333334,1529.0
2025-09-07,129,Khami,KHA-RACE BRAKEFLUID DOT4+ 500ML,1.0,4.0
2025-09-07,129,Khami,KHA-RUBIA SX SAE40 500ML,3.0,9.0
2025-09-07,131,R Mugabe,R MUGABE USD DIESEL,458.0,687.0
2025-09-07,131,R Mugabe,R MUGABE USD PETROL,1565.7894736842106,2380.0
2025-09-07,135,Cripps,CRIPPS BULK DIESEL USD,106.89655172413794,155.0
2025-09-07,135,Cripps,CRIPPS DIESEL USD,1013.0136986301369,1479.0
2025-09-07,135,Cripps,CRIPPS PETROL USD,1404.0540540540537,2078.0
2025-09-07,135,Cripps,CRI-RUBIA TIR 7400 15W40 500ML,3.0,9.0
2025-09-07,140,Mutare Second Street,MUTARE SECOND USD BULK DIESEL,200.0,284.0
2025-09-07,140,Mutare Second Street,MUTARE SECOND USD DIESEL,982.8767123287669,1435.0
2025-09-07,140,Mutare Second Street,MUTARE SECOND USD PETROL,910.1351351351353,1347.0
2025-09-07,141,Troutbeck,TRO-NEPTUNA 2T SUPER SPORT 500ML,2.0,8.0
2025-09-07,141,Troutbeck,TRO-QUARTZ 3000 SG 20W50 500ML,1.0,3.0
2025-09-07,141,Troutbeck,TRO-QUARTZ 5000 20W50 500ML,4.0,12.0
2025-09-07,141,Troutbeck,TRO-QUARTZ 5000 20W50 5L,1.0,22.0
2025-09-07,141,Troutbeck,TROUTBECK BULK DIESEL ,792.14,1172.36
2025-09-07,141,Troutbeck,TROUTBECK USD DIESEL,1091.3333333333333,1637.0
2025-09-07,141,Troutbeck,TROUTBECK USD PETROL,1751.2987012987012,2697.0
2025-09-07,145,Sunway City,SUNWAY BULK DIESEL USD,635.0544217687075,933.53
2025-09-07,145,Sunway City,SUNWAY USD DIESEL,2523.333333333333,3785.0
2025-09-07,145,Sunway City,SUNWAY USD PETROL,4006.0132450331125,6049.08
2025-09-07,146,Banket,BANKET BULK DIESEL USD,1262.2768965517241,1830.3
2025-09-07,146,Banket,BANKET USD DIESEL,1463.0872483221474,2180.0
2025-09-07,146,Banket,BANKET USD PETROL,2928.4768211920523,4422.0
2025-09-07,146,Banket,BAN-NEPTUNA 2T SUPER SPORT 500ML,1.0,4.0
2025-09-07,146,Banket,BAN-QUARTZ 5000 20W50 500ML,1.0,3.0
2025-09-07,147,Chinhoyi Main,CHINHOYI BULK DIESEL USD,908.2191780821918,1326.0
2025-09-07,147,Chinhoyi Main,CHINHOYI MAIN USD DIESEL,887.3333333333333,1331.0
2025-09-07,147,Chinhoyi Main,CHINHOYI MAIN USD PETROL,5957.894736842106,9056.0
2025-09-07,148,Chegutu,CHEGUTU BULK DIESEL USD,574.1496598639455,844.0
2025-09-07,148,Chegutu,CHEGUTU USD DIESEL,639.5973154362416,953.0
2025-09-07,148,Chegutu,CHEGUTU USD PETROL,2141.3333333333326,3212.0
2025-09-07,149,Turnpike,TURNPIKE BULK DIESEL USD,136.0544217687075,200.0
2025-09-07,149,Turnpike,TURNPIKE USD DIESEL,830.6666666666666,1246.0
2025-09-07,149,Turnpike,TURNPIKE USD PETROL,1300.657894736842,1977.0
2025-09-07,149,Turnpike,TUR-RACE BRAKEFLUID DOT4+ 500ML,2.0,8.0
2025-09-07,150,Mutare One Stop,MUTARE ONE STOP DIESEL,517.8082191780823,756.0
2025-09-07,150,Mutare One Stop,MUTARE ONE STOP PETROL,816.2162162162163,1208.0
2025-09-07,157,Hatfield,HATFIELD USD DIESEL,56.3758389261745,84.0
2025-09-07,157,Hatfield,HATFIELD USD PETROL,46.97986577181208,70.0
2025-09-07,159,Gwanda ,GWANDA USD DIESEL,242.85714285714286,374.0
2025-09-07,82,Runiville,RUNIVILLE USD DIESEL,74.49664429530202,111.0
2025-09-07,82,Runiville,RUNIVILLE USD PETROL,189.4736842105263,288.0
2025-09-07,82,Runiville,RUN-QUARTZ 5000 20W50 500ML,1.0,3.0
2025-09-07,84,Avondale,AVONDALE USD DIESEL,366.21621621621625,542.0
2025-09-07,84,Avondale,AVONDALE USD PETROL,770.6666666666666,1156.0
2025-09-07,86,Charter,CHA-QUARTZ 5000 20W50 500ML,2.0,6.0
2025-09-07,86,Charter,CHARTER BULK/TAXI DIESEL ,3723.972602739726,5437.0
2025-09-07,86,Charter,CHARTER USD DIESEL,832.4324324324324,1232.0
2025-09-07,86,Charter,CHARTER USD PETROL,2065.3333333333335,3098.0
2025-09-07,88,Seke,SEKE USD DIESEL,1525.8040540540544,2258.19
2025-09-07,88,Seke,SEKE USD PETROL,1794.666666666667,2692.0
2025-09-07,88,Seke,SEK-QUARTZ 4X4 15W40 5L,1.0,20.0
2025-09-07,92,Msasa,MSASA BULK DIESEL,1995.945945945946,2954.0
2025-09-07,92,Msasa,MSASA USD DIESEL,383.66013071895424,587.0
2025-09-07,92,Msasa,MSASA USD PETROL,685.7142857142857,1056.0
2025-09-07,96,Samora,SAMORA USD DIESEL,220.5298013245033,333.0
2025-09-07,96,Samora,SAMORA USD PETROL,1321.1920529801325,1995.0
2025-09-07,96,Samora,SAMORA USD TAXI DIESEL ,20.408163265306122,30.0
2025-09-07,96,Samora,SAM-QUARTZ 5000 20W50 500ML,2.0,6.0
2025-09-07,98,Roadport,ROADPORT USD DIESEL,190.13157894736844,289.0
2025-09-07,98,Roadport,ROADPORT USD DIESEL BUS,790.5405405405405,1170.0
2025-09-07,98,Roadport,ROAPORT USD PETROL,1448.0519480519476,2230.0
2025-09-08,102,Kirkman,KIR-FLUIDMATIC DIII MV 500ML,1.0,3.0
2025-09-08,102,Kirkman,KIRKMAN BULK DIESEL USD,1120.6896551724137,1625.0
2025-09-08,102,Kirkman,KIRKMAN USD DIESEL,1042.9530201342282,1554.0
2025-09-08,102,Kirkman,KIRKMAN USD PETROL,826.9736842105262,1257.0
2025-09-08,102,Kirkman,KIR-RACE BRAKEFLUID DOT4+ 500ML,1.0,4.0
2025-09-08,102,Kirkman,KIR-RUBIA TIR 7400 15W40 500ML,2.0,6.0
2025-09-08,110,Mutare Green Market,MUTARE GREEN MARKET BULK DIESEL,897.7183098591549,1274.76
2025-09-08,110,Mutare Green Market,MUTARE GREENMARKET USD DIESEL,591.9657534246576,864.27
2025-09-08,110,Mutare Green Market,MUTARE GREENMARKET USD PETROL,1451.385135135135,2148.05
2025-09-08,112,Marondera,MARONDERA USD DIESEL,718.4931506849315,1049.0
2025-09-08,112,Marondera,MARONDERA USD PETROL,2669.3333333333335,4004.0
2025-09-08,114,Kadoma,KADOMA USD BULK DIESEL ,1395.8620689655172,2024.0
2025-09-08,114,Kadoma,KADOMA USD DIESEL,1322.2972972972973,1957.0
2025-09-08,114,Kadoma,KADOMA USD PETROL,1890.6666666666665,2836.0
2025-09-08,121,Gweru,GWERU USD DIESEL,1233.7837837837837,1826.0
2025-09-08,121,Gweru,GWERU USD PETROL,928.0,1392.0
2025-09-08,123,Fife Street,FIFE USD DIESEL,1454.109589041096,2123.0
2025-09-08,123,Fife Street,FIFE USD PETROL,1601.3333333333335,2402.0
2025-09-08,123,Fife Street,FIF-NEPTUNA 2T SUPER SPORT 500ML,1.0,4.0
2025-09-08,123,Fife Street,FIF-QUARTZ 5000 20W50 5L,1.0,22.0
2025-09-08,123,Fife Street,FIF-QUARTZ 9000 SAE 5W40 5L,1.0,30.0
2025-09-08,123,Fife Street,FIF-RUBIA SX SAE40 500ML,11.0,33.0
2025-09-08,125,Fort Street,FOR-FLUIDMATIC CVT MV 1L,1.0,10.0
2025-09-08,125,Fort Street,FOR-QUARTZ 4X4 15W40 500ML,2.0,6.0
2025-09-08,125,Fort Street,FORT STR BULK DIESEL USD,1756.1358620689657,2546.39
2025-09-08,125,Fort Street,FORT USD DIESEL,541.4965986394558,796.0
2025-09-08,125,Fort Street,FORT USD PETROL,1500.0,2250.0
2025-09-08,127,Mpopoma,MPOPOMA BULK DIESEL USD,2976.551724137931,4316.0
2025-09-08,127,Mpopoma,MPOPOMA USD DIESEL,904.0816326530613,1329.0
2025-09-08,127,Mpopoma,MPOPOMA USD PETROL,1183.3333333333333,1775.0
2025-09-08,127,Mpopoma,MPO-QUARTZ 5000 20W50 500ML,2.0,6.0
2025-09-08,129,Khami,KHAMI BULK DIESEL USD,1078.6206896551726,1564.0
2025-09-08,129,Khami,KHAMI USD DIESEL,335.3741496598639,493.0
2025-09-08,129,Khami,KHAMI USD PETROL,920.6666666666667,1381.0
2025-09-08,129,Khami,KHA-QUARTZ 9000 SAE 5W40 500ML,3.0,15.0
2025-09-08,129,Khami,KHA-QUARTZ 9000 SAE 5W40 5L,2.0,60.0
2025-09-08,129,Khami,KHA-RACE BRAKEFLUID DOT4+ 500ML,1.0,4.0
2025-09-08,129,Khami,KHA-RUBIA SX SAE40 500ML,1.0,3.0
2025-09-08,131,R Mugabe,RM-RACE BRAKEFLUID DOT4+ 500ML,1.0,4.0
2025-09-08,131,R Mugabe,RM-RUBIA TIR 7400 15W40 500ML,8.0,24.0
2025-09-08,131,R Mugabe,R MUGABE USD DIESEL,886.0000000000001,1329.0
2025-09-08,131,R Mugabe,R MUGABE USD PETROL,2283.552631578947,3471.0
2025-09-08,135,Cripps,CRIPPS DIESEL USD,1990.4109589041093,2906.0
2025-09-08,135,Cripps,CRIPPS PETROL USD,1985.1756756756758,2938.06
2025-09-08,140,Mutare Second Street,MUTARE SECOND USD DIESEL,1602.0547945205476,2339.0
2025-09-08,140,Mutare Second Street,MUTARE SECOND USD PETROL,1402.2500000000002,2075.33
2025-09-08,141,Troutbeck,TROUTBECK USD DIESEL,1155.3333333333333,1733.0
2025-09-08,141,Troutbeck,TROUTBECK USD PETROL,2325.3246753246754,3581.0
2025-09-08,144,Bessemer,BESSEMER USD DIESEL,28.169014084507044,40.0
2025-09-08,145,Sunway City,SUNWAY BULK DIESEL USD,1563.2452380952382,2297.97
2025-09-08,145,Sunway City,SUNWAY USD DIESEL,2534.666666666667,3802.0
2025-09-08,145,Sunway City,SUNWAY USD PETROL,5013.245033112583,7570.0
2025-09-08,146,Banket,BANKET BULK DIESEL USD,398.1441379310345,577.3
2025-09-08,146,Banket,BANKET USD DIESEL,636.9127516778522,949.0
2025-09-08,146,Banket,BANKET USD PETROL,4977.483443708607,7516.0
2025-09-08,147,Chinhoyi Main,CHINHOYI BULK DIESEL USD,900.0,1314.0
2025-09-08,147,Chinhoyi Main,CHINHOYI MAIN USD DIESEL,806.0,1209.0
2025-09-08,147,Chinhoyi Main,CHINHOYI MAIN USD PETROL,3907.236842105263,5939.0
2025-09-08,148,Chegutu,CHEGUTU BULK DIESEL USD,676.1904761904761,994.0
2025-09-08,148,Chegutu,CHEGUTU USD DIESEL,1021.4765100671146,1522.0
2025-09-08,148,Chegutu,CHEGUTU USD PETROL,2216.666666666666,3325.0
2025-09-08,149,Turnpike,TURNPIKE BULK DIESEL USD,369.3844217687075,542.99
2025-09-08,149,Turnpike,TURNPIKE USD DIESEL,1560.0,2340.0
2025-09-08,149,Turnpike,TURNPIKE USD PETROL,1630.2631578947367,2478.0
2025-09-08,149,Turnpike,TUR-RACE BRAKEFLUID DOT4+ 500ML,1.0,4.0
2025-09-08,149,Turnpike,TUR-RUBIA SX SAE40 500ML,2.0,6.0
2025-09-08,150,Mutare One Stop,MUTARE ONE STOP DIESEL,289.7260273972603,423.0
2025-09-08,150,Mutare One Stop,MUTARE ONE STOP PETROL,1008.114864864865,1492.01
2025-09-08,157,Hatfield,HATFIELD USD DIESEL,12.751677852348994,19.0
2025-09-08,157,Hatfield,HATFIELD USD PETROL,41.84563758389262,62.35
2025-09-08,159,Gwanda ,GWANDA USD DIESEL,0.006493506493506493,0.01
2025-09-08,82,Runiville,RUN-FLUIDMATIC DIII MV 500ML,1.0,3.0
2025-09-08,82,Runiville,RUNIVILLE BULK DIESEL USD,136.986301369863,200.0
2025-09-08,82,Runiville,RUNIVILLE USD DIESEL,86.30201342281879,128.59
2025-09-08,82,Runiville,RUNIVILLE USD PETROL,101.97368421052632,155.0
2025-09-08,82,Runiville,RUN-RACE BRAKEFLUID DOT4+ 500ML,1.0,4.0
2025-09-08,82,Runiville,RUN-RUBIA SX SAE40 500ML,2.0,6.0
2025-09-08,84,Avondale,AVONDALE USD DIESEL,236.4864864864865,350.0
2025-09-08,84,Avondale,AVONDALE USD PETROL,1053.3333333333333,1580.0
2025-09-08,84,Avondale,AVO-QUARTZ 4X4 15W40 500ML,2.0,6.0
2025-09-08,84,Avondale,AVO-QUARTZ 5000 20W50 500ML,1.0,3.0
2025-09-08,84,Avondale,AVO-RACE BRAKEFLUID DOT4+ 500ML,1.0,4.0
2025-09-08,86,Charter,CHARTER BULK/TAXI DIESEL ,2535.6164383561645,3702.0
2025-09-08,86,Charter,CHARTER USD DIESEL,881.0810810810813,1304.0
2025-09-08,86,Charter,CHARTER USD PETROL,2221.333333333333,3332.0
2025-09-08,86,Charter,CHA-RUBIA SX SAE40 500ML,1.0,3.0
2025-09-08,88,Seke,SEKE USD DIESEL,2691.216216216216,3983.0
2025-09-08,88,Seke,SEKE USD PETROL,2460.0,3690.0
2025-09-08,88,Seke,SEK-QUARTZ 9000 SAE 5W40 5L,1.0,30.0
2025-09-08,92,Msasa,MSASA BULK DIESEL,2176.858108108108,3221.75
2025-09-08,92,Msasa,MSASA USD DIESEL,772.7581699346406,1182.32
2025-09-08,92,Msasa,MSASA USD PETROL,1112.5584415584415,1713.33
2025-09-08,96,Samora,SAMORA USD DIESEL,474.17218543046357,716.0
2025-09-08,96,Samora,SAMORA USD PETROL,2404.635761589404,3631.0
2025-09-08,96,Samora,SAMORA USD TAXI DIESEL ,13.60544217687075,20.0
2025-09-08,98,Roadport,ROADPORT USD DIESEL,1210.677631578947,1840.23
2025-09-08,98,Roadport,ROADPORT USD DIESEL BUS,1102.7027027027027,1632.0
2025-09-08,98,Roadport,ROAPORT USD PETROL,3507.7077922077915,5401.87
2025-09-09,102,Kirkman,KIRKMAN BULK DIESEL USD,2935.862068965517,4257.0
2025-09-09,102,Kirkman,KIRKMAN USD DIESEL,1205.3691275167782,1796.0
2025-09-09,102,Kirkman,KIRKMAN USD PETROL,1274.342105263158,1937.0
2025-09-09,110,Mutare Green Market,MUTARE GREEN MARKET BULK DIESEL,120.42253521126761,171.0
2025-09-09,110,Mutare Green Market,MUTARE GREENMARKET USD DIESEL,545.3630136986301,796.23
2025-09-09,110,Mutare Green Market,MUTARE GREENMARKET USD PETROL,1242.4932432432433,1838.89
2025-09-09,112,Marondera,MAR-FLUIDMATIC DIII MV 500ML,3.0,9.0
2025-09-09,112,Marondera,MARONDERA USD DIESEL,686.9863013698631,1003.0
2025-09-09,112,Marondera,MARONDERA USD PETROL,2181.3333333333335,3272.0
2025-09-09,114,Kadoma,KADOMA USD BULK DIESEL ,537.9310344827586,780.0
2025-09-09,114,Kadoma,KADOMA USD DIESEL,1099.3243243243244,1627.0
2025-09-09,114,Kadoma,KADOMA USD PETROL,1910.0,2865.0
2025-09-09,121,Gweru,GWE-QUARTZ 9000 SAE 5W40 500ML,2.0,10.0
2025-09-09,121,Gweru,GWE-RUBIA TIR 7400 SAE 15W40 5L,1.0,25.0
2025-09-09,121,Gweru,GWERU USD DIESEL,1181.7567567567567,1749.0
2025-09-09,121,Gweru,GWERU USD PETROL,911.3333333333334,1367.0
2025-09-09,123,Fife Street,FIFE USD DIESEL,1519.4520547945206,2218.4
2025-09-09,123,Fife Street,FIFE USD PETROL,1923.3333333333333,2885.0
2025-09-09,125,Fort Street,FOR-RUBIA SX SAE40 500ML,1.0,3.0
2025-09-09,125,Fort Street,FORT STR BULK DIESEL USD,170.0,246.5
2025-09-09,125,Fort Street,FORT USD DIESEL,272.108843537415,400.0
2025-09-09,125,Fort Street,FORT USD PETROL,456.6666666666667,685.0
2025-09-09,127,Mpopoma,MPOPOMA BULK DIESEL USD,1546.8965517241381,2243.0
2025-09-09,127,Mpopoma,MPOPOMA USD DIESEL,1187.0748299319728,1745.0
2025-09-09,127,Mpopoma,MPOPOMA USD PETROL,884.6666666666667,1327.0
2025-09-09,129,Khami,KHAMI BULK DIESEL USD,788.2758620689656,1143.0
2025-09-09,129,Khami,KHAMI USD DIESEL,1442.1768707482993,2120.0
2025-09-09,129,Khami,KHAMI USD PETROL,718.6666666666666,1078.0
2025-09-09,131,R Mugabe,RM-FLUIDMATIC DIII MV 500ML,1.0,3.0
2025-09-09,131,R Mugabe,R MUGABE USD DIESEL,505.33333333333337,758.0
2025-09-09,131,R Mugabe,R MUGABE USD PETROL,2195.3947368421054,3337.0
2025-09-09,135,Cripps,CRIPPS BULK DIESEL USD,1374.4827586206898,1993.0
2025-09-09,135,Cripps,CRIPPS DIESEL USD,3071.917808219177,4485.0
2025-09-09,135,Cripps,CRIPPS PETROL USD,1813.5135135135135,2684.0
2025-09-09,140,Mutare Second Street,MUTARE SECOND USD BULK DIESEL,140.84507042253523,200.0
2025-09-09,140,Mutare Second Street,MUTARE SECOND USD DIESEL,1017.1232876712327,1485.0
2025-09-09,140,Mutare Second Street,MUTARE SECOND USD PETROL,891.216216216216,1319.0
2025-09-09,141,Troutbeck,TRO-NEPTUNA 2T SUPER SPORT 500ML,2.0,8.0
2025-09-09,141,Troutbeck,TRO-QUARTZ 5000 20W50 500ML,2.0,6.0
2025-09-09,141,Troutbeck,TROUTBECK BULK DIESEL ,200.0,296.0
2025-09-09,141,Troutbeck,TROUTBECK USD DIESEL,928.6666666666666,1393.0
2025-09-09,141,Troutbeck,TROUTBECK USD PETROL,1451.0389610389611,2234.6
2025-09-09,144,Bessemer,BESSEMER USD DIESEL,59.15492957746479,84.0
2025-09-09,145,Sunway City,SUNWAY BULK DIESEL USD,2819.4693877551017,4144.62
2025-09-09,145,Sunway City,SUNWAY USD DIESEL,2016.0,3024.0
2025-09-09,145,Sunway City,SUNWAY USD PETROL,3682.781456953642,5561.0
2025-09-09,146,Banket,BAN-FLUIDMATIC DIII MV 500ML,1.0,3.0
2025-09-09,146,Banket,BANKET BULK DIESEL USD,2380.9,3452.3
2025-09-09,146,Banket,BANKET USD DIESEL,900.6711409395974,1342.0
2025-09-09,146,Banket,BANKET USD PETROL,4686.754966887414,7077.0
2025-09-09,146,Banket,BAN-NEPTUNA 2T SUPER SPORT 500ML,3.0,12.0
2025-09-09,146,Banket,BAN-QUARTZ 4X4 15W40 500ML,2.0,6.0
2025-09-09,146,Banket,BAN-RUBIA TIR 7400 15W40 500ML,2.0,6.0
2025-09-09,147,Chinhoyi Main,CHINHOYI BULK DIESEL USD,800.0,1168.0
2025-09-09,147,Chinhoyi Main,CHINHOYI MAIN USD DIESEL,593.0933333333334,889.64
2025-09-09,147,Chinhoyi Main,CHINHOYI MAIN USD PETROL,3567.1052631578946,5422.0
2025-09-09,148,Chegutu,CHEGUTU BULK DIESEL USD,1374.1496598639455,2020.0
2025-09-09,148,Chegutu,CHEGUTU USD DIESEL,789.2617449664434,1176.0
2025-09-09,148,Chegutu,CHEGUTU USD PETROL,1423.9999999999998,2136.0
2025-09-09,149,Turnpike,TUR-FLUIDMATIC DIII MV 500ML,8.0,24.0
2025-09-09,149,Turnpike,TURNPIKE BULK DIESEL USD,136.0544217687075,200.0
2025-09-09,149,Turnpike,TURNPIKE USD DIESEL,842.0,1263.0
2025-09-09,149,Turnpike,TURNPIKE USD PETROL,1149.3421052631577,1747.0
2025-09-09,149,Turnpike,TUR-QUARTZ 5000 20W50 5L,2.0,44.0
2025-09-09,150,Mutare One Stop,MUTARE ONE STOP DIESEL,276.7123287671233,404.0
2025-09-09,150,Mutare One Stop,MUTARE ONE STOP PETROL,1103.3783783783783,1633.0
2025-09-09,157,Hatfield,HATFIELD USD DIESEL,1723.2591946308723,2567.63
2025-09-09,157,Hatfield,HATFIELD USD PETROL,57.04697986577182,85.0
2025-09-09,159,Gwanda ,GWANDA BULK USD DIESEL ,200.0,300.0
2025-09-09,159,Gwanda ,GWANDA USD DIESEL,372.7272727272727,574.0
2025-09-09,82,Runiville,RUNIVILLE BULK DIESEL USD,100.0,146.0
2025-09-09,82,Runiville,RUNIVILLE USD DIESEL,233.5570469798658,348.0
2025-09-09,82,Runiville,RUNIVILLE USD PETROL,382.89473684210526,582.0
2025-09-09,82,Runiville,RUN-RUBIA SX SAE40 500ML,1.0,3.0
2025-09-09,82,Runiville,RUN-RUBIA TIR 7400 15W40 500ML,2.0,6.0
2025-09-09,84,Avondale,AVONDALE USD DIESEL,359.4594594594594,532.0
2025-09-09,84,Avondale,AVONDALE USD PETROL,814.6666666666666,1222.0
2025-09-09,84,Avondale,AVO-QUARTZ 3000 SG 20W50 500ML,2.0,6.0
2025-09-09,84,Avondale,AVO-QUARTZ 9000 SAE 5W40 500ML,3.0,15.0
2025-09-09,84,Avondale,AVO-RUBIA SX SAE40 500ML,5.0,15.0
2025-09-09,84,Avondale,AVO-RUBIA TIR 7400 15W40 500ML,1.0,3.0
2025-09-09,86,Charter,CHARTER BULK/TAXI DIESEL ,3304.7945205479455,4825.0
2025-09-09,86,Charter,CHARTER USD DIESEL,591.2162162162163,875.0
2025-09-09,86,Charter,CHARTER USD PETROL,1925.3333333333333,2888.0
2025-09-09,88,Seke,SEKE USD DIESEL,1603.3783783783786,2373.0
2025-09-09,88,Seke,SEKE USD PETROL,2426.6666666666665,3640.0
2025-09-09,92,Msasa,MSASA BULK DIESEL,2112.527027027027,3126.54
2025-09-09,92,Msasa,MSASA USD DIESEL,826.7973856209151,1265.0
2025-09-09,92,Msasa,MSASA USD PETROL,1234.987012987013,1901.88
2025-09-09,96,Samora,SAMORA USD DIESEL,261.58940397350995,395.0
2025-09-09,96,Samora,SAMORA USD PETROL,1947.682119205298,2941.0
2025-09-09,96,Samora,SAMORA USD TAXI DIESEL ,19.727891156462587,29.0
2025-09-09,98,Roadport,ROADPORT USD DIESEL,529.6052631578947,805.0
2025-09-09,98,Roadport,ROADPORT USD DIESEL BUS,2495.945945945946,3694.0
2025-09-09,98,Roadport,ROAPORT USD PETROL,3211.688311688312,4946.0
2025-09-10,102,Kirkman,KIRKMAN BULK DIESEL USD,961.6827586206898,1394.44
2025-09-10,102,Kirkman,KIRKMAN USD DIESEL,2831.6258389261748,4219.12
2025-09-10,102,Kirkman,KIRKMAN USD PETROL,1078.2894736842104,1639.0
2025-09-10,102,Kirkman,KIR-RUBIA TIR 7400 15W40 500ML,3.0,9.0
2025-09-10,110,Mutare Green Market,MUTARE GREEN MARKET BULK DIESEL,940.1408450704225,1335.0
2025-09-10,110,Mutare Green Market,MUTARE GREENMARKET USD DIESEL,1735.3972602739725,2533.68
2025-09-10,110,Mutare Green Market,MUTARE GREENMARKET USD PETROL,1666.6216216216214,2466.59
2025-09-10,112,Marondera,MARONDERA USD DIESEL,498.6301369863014,728.0
2025-09-10,112,Marondera,MARONDERA USD PETROL,1631.3333333333333,2447.0
2025-09-10,114,Kadoma,KADOMA USD BULK DIESEL ,172.41379310344828,250.0
2025-09-10,114,Kadoma,KADOMA USD DIESEL,870.2702702702702,1288.0
2025-09-10,114,Kadoma,KADOMA USD PETROL,1478.6666666666672,2218.0
2025-09-10,114,Kadoma,KAD-RACE BRAKEFLUID DOT4+ 500ML,1.0,4.0
2025-09-10,121,Gweru,GWE-QUARTZ 9000 SAE 5W40 5L,1.0,30.0
2025-09-10,121,Gweru,GWERU BULK DIESEL USD,405.0,591.29
2025-09-10,121,Gweru,GWERU USD DIESEL,1754.6678378378379,2596.9
2025-09-10,121,Gweru,GWERU USD PETROL,1488.67,2233.0
2025-09-10,123,Fife Street,FIFE USD DIESEL,1379.4520547945206,2014.0
2025-09-10,123,Fife Street,FIFE USD PETROL,1144.0,1716.0
2025-09-10,125,Fort Street,FORT STR BULK DIESEL USD,615.86,892.99
2025-09-10,125,Fort Street,FORT USD DIESEL,663.9455782312925,976.0
2025-09-10,125,Fort Street,FORT USD PETROL,978.6666666666667,1468.0
2025-09-10,127,Mpopoma,MPOPOMA BULK DIESEL USD,1411.0344827586207,2046.0
2025-09-10,127,Mpopoma,MPOPOMA USD DIESEL,1078.2312925170068,1585.0
2025-09-10,127,Mpopoma,MPOPOMA USD PETROL,1010.6666666666666,1516.0
2025-09-10,127,Mpopoma,MPO-QUARTZ 5000 20W50 500ML,2.0,6.0
2025-09-10,127,Mpopoma,MPO-RACE BRAKEFLUID DOT4+ 500ML,1.0,4.0
2025-09-10,127,Mpopoma,MPO-RUBIA TIR 7400 15W40 500ML,1.0,3.0
2025-09-10,129,Khami,KHAMI BULK DIESEL USD,926.2068965517242,1343.0
2025-09-10,129,Khami,KHAMI USD DIESEL,627.2108843537416,922.0
2025-09-10,129,Khami,KHAMI USD PETROL,950.6666666666666,1426.0
2025-09-10,129,Khami,KHA-RUBIA SX SAE40 500ML,1.0,3.0
2025-09-10,131,R Mugabe,R MUGABE USD DIESEL,706.0,1059.0
2025-09-10,131,R Mugabe,R MUGABE USD PETROL,1715.7894736842104,2608.0
2025-09-10,135,Cripps,CRIPPS BULK DIESEL USD,1621.3793103448274,2351.0
2025-09-10,135,Cripps,CRIPPS DIESEL USD,1797.9452054794522,2625.0
2025-09-10,135,Cripps,CRIPPS PETROL USD,1593.2432432432431,2358.0
2025-09-10,140,Mutare Second Street,MUTARE SECOND USD DIESEL,1118.4931506849318,1633.0
2025-09-10,140,Mutare Second Street,MUTARE SECOND USD PETROL,731.081081081081,1082.0
2025-09-10,141,Troutbeck,TROUTBECK BULK DIESEL ,649.3243243243244,961.0
2025-09-10,141,Troutbeck,TROUTBECK USD DIESEL,1289.3333333333333,1934.0
2025-09-10,141,Troutbeck,TROUTBECK USD PETROL,1490.9090909090908,2296.0
2025-09-10,145,Sunway City,SUNWAY BULK DIESEL USD,3110.081632653061,4571.82
2025-09-10,145,Sunway City,SUNWAY USD DIESEL,1887.9999999999998,2832.0
2025-09-10,145,Sunway City,SUNWAY USD PETROL,4378.807947019866,6612.0
2025-09-10,146,Banket,BANKET BULK DIESEL USD,2501.379310344828,3627.0
2025-09-10,146,Banket,BANKET USD DIESEL,845.6375838926175,1260.0
2025-09-10,146,Banket,BANKET USD PETROL,1927.1523178807943,2910.0
2025-09-10,146,Banket,BAN-QUARTZ 5000 20W50 5L,1.0,22.0
2025-09-10,147,Chinhoyi Main,CHINHOYI BULK DIESEL USD,2094.5205479452056,3058.0
2025-09-10,147,Chinhoyi Main,CHINHOYI MAIN USD DIESEL,623.3333333333334,935.0
2025-09-10,147,Chinhoyi Main,CHINHOYI MAIN USD PETROL,3378.2894736842104,5135.0
2025-09-10,148,Chegutu,CHEGUTU BULK DIESEL USD,870.0680272108843,1279.0
2025-09-10,148,Chegutu,CHEGUTU USD DIESEL,583.221476510067,869.0
2025-09-10,148,Chegutu,CHEGUTU USD PETROL,1661.3333333333335,2492.0
2025-09-10,149,Turnpike,TURNPIKE BULK DIESEL USD,747.0068027210884,1098.1
2025-09-10,149,Turnpike,TURNPIKE USD DIESEL,1126.6666666666667,1690.0
2025-09-10,149,Turnpike,TURNPIKE USD PETROL,1325.6578947368419,2015.0
2025-09-10,149,Turnpike,TUR-RACE BRAKEFLUID DOT4+ 500ML,1.0,4.0
2025-09-10,149,Turnpike,TUR-RUBIA SX SAE40 500ML,3.0,9.0
2025-09-10,150,Mutare One Stop,MUTARE ONE STOP DIESEL,465.06849315068496,679.0
2025-09-10,150,Mutare One Stop,MUTARE ONE STOP PETROL,508.78378378378386,753.0
2025-09-10,157,Hatfield,HATFIELD USD DIESEL,131.40939597315435,195.8
2025-09-10,157,Hatfield,HATFIELD USD PETROL,471.1409395973155,702.0
2025-09-10,82,Runiville,RUNIVILLE BULK DIESEL USD,123.28767123287672,180.0
2025-09-10,82,Runiville,RUNIVILLE USD PETROL,104.60526315789474,159.0
2025-09-10,84,Avondale,AVONDALE USD DIESEL,220.27027027027026,326.0
2025-09-10,84,Avondale,AVONDALE USD PETROL,780.0,1170.0
2025-09-10,84,Avondale,AVO-QUARTZ 9000 SAE 5W40 500ML,3.0,15.0
2025-09-10,86,Charter,CHARTER BULK/TAXI DIESEL ,3185.6164383561645,4651.0
2025-09-10,86,Charter,CHARTER USD DIESEL,647.972972972973,959.0
2025-09-10,86,Charter,CHARTER USD PETROL,3947.333333333333,5921.0
2025-09-10,88,Seke,SEKE USD DIESEL,2350.0,3478.0
2025-09-10,88,Seke,SEKE USD PETROL,2186.0,3279.0
2025-09-10,88,Seke,SEK-FLUIDMATIC CVT MV 1L,1.0,10.0
2025-09-10,88,Seke,SEK-QUARTZ 9000 SAE 5W40 5L,1.0,30.0
2025-09-10,92,Msasa,MSASA BULK DIESEL,553.8581081081081,819.71
2025-09-10,92,Msasa,MSASA USD DIESEL,616.843137254902,943.77
2025-09-10,92,Msasa,MSASA USD PETROL,1009.0909090909091,1554.0
2025-09-10,96,Samora,SAMORA USD DIESEL,156.95364238410596,237.0
2025-09-10,96,Samora,SAMORA USD PETROL,982.2516556291391,1483.2
2025-09-10,96,Samora,SAMORA USD TAXI DIESEL ,19.047619047619047,28.0
2025-09-10,98,Roadport,ROADPORT USD DIESEL,186.8421052631579,284.0
2025-09-10,98,Roadport,ROADPORT USD DIESEL BUS,1455.0724324324326,2153.5
2025-09-10,98,Roadport,ROAPORT USD PETROL,2723.3766233766237,4194.0
2025-09-11,102,Kirkman,KIRKMAN BULK DIESEL USD,500.0,725.0
2025-09-11,102,Kirkman,KIRKMAN USD DIESEL,1230.7382550335572,1833.8
2025-09-11,102,Kirkman,KIRKMAN USD PETROL,1325.0,2014.0
2025-09-11,102,Kirkman,KIR-RACE BRAKEFLUID DOT4+ 500ML,3.0,12.0
2025-09-11,102,Kirkman,KIR-RUBIA TIR 7400 15W40 500ML,3.0,9.0
2025-09-11,110,Mutare Green Market,MUTARE GREEN MARKET BULK DIESEL,1188.7876056338027,1688.06
2025-09-11,110,Mutare Green Market,MUTARE GREENMARKET USD DIESEL,354.5753424657534,517.68
2025-09-11,110,Mutare Green Market,MUTARE GREENMARKET USD PETROL,1169.2432432432433,1730.48
2025-09-11,112,Marondera,MARONDERA USD DIESEL,985.6164383561644,1439.0
2025-09-11,112,Marondera,MARONDERA USD PETROL,1304.6666666666665,1957.0
2025-09-11,114,Kadoma,KADOMA USD BULK DIESEL ,786.2068965517242,1140.0
2025-09-11,114,Kadoma,KADOMA USD DIESEL,1177.7027027027027,1743.0
2025-09-11,114,Kadoma,KADOMA USD PETROL,1704.6666666666665,2557.0
2025-09-11,121,Gweru,GWE-QUARTZ 3000 SG 20W50 500ML,3.0,9.0
2025-09-11,121,Gweru,GWERU BULK DIESEL USD,3105.0,4533.3
2025-09-11,121,Gweru,GWERU USD DIESEL,1795.9459459459458,2658.0
2025-09-11,121,Gweru,GWERU USD PETROL,2476.7433333333333,3715.11
2025-09-11,123,Fife Street,FIFE USD DIESEL,1647.2602739726026,2405.0
2025-09-11,123,Fife Street,FIFE USD PETROL,1447.3333333333333,2171.0
2025-09-11,125,Fort Street,FOR-QUARTZ 4X4 15W40 500ML,3.0,9.0
2025-09-11,125,Fort Street,FOR-RACE BRAKEFLUID DOT4+ 500ML,3.0,12.0
2025-09-11,125,Fort Street,FOR-RUBIA TIR 7400 SAE 15W40 5L,1.0,25.0
2025-09-11,125,Fort Street,FORT STR BULK DIESEL USD,881.9720689655172,1278.85
2025-09-11,125,Fort Street,FORT USD DIESEL,600.6802721088436,883.0
2025-09-11,125,Fort Street,FORT USD PETROL,1093.9999999999998,1641.0
2025-09-11,127,Mpopoma,MPOPOMA BULK DIESEL USD,1871.7241379310346,2714.0
2025-09-11,127,Mpopoma,MPOPOMA USD DIESEL,555.7823129251701,817.0
2025-09-11,127,Mpopoma,MPOPOMA USD PETROL,951.3333333333334,1427.0
2025-09-11,127,Mpopoma,MPO-QUARTZ 9000 SAE 5W40 500ML,1.0,5.0
2025-09-11,127,Mpopoma,MPO-RUBIA SX SAE40 500ML,2.0,6.0
2025-09-11,129,Khami,KHAMI BULK DIESEL USD,848.9655172413793,1231.0
2025-09-11,129,Khami,KHAMI USD DIESEL,316.32653061224494,465.0
2025-09-11,129,Khami,KHAMI USD PETROL,291.99999999999994,438.0
2025-09-11,131,R Mugabe,RM-RACE BRAKEFLUID DOT4+ 500ML,1.0,4.0
2025-09-11,131,R Mugabe,RM-RUBIA TIR 7400 15W40 500ML,1.0,3.0
2025-09-11,131,R Mugabe,R MUGABE USD DIESEL,365.33333333333337,548.0
2025-09-11,131,R Mugabe,R MUGABE USD PETROL,1359.2105263157894,2066.0
2025-09-11,135,Cripps,CRIPPS BULK DIESEL USD,644.8275862068966,935.0
2025-09-11,135,Cripps,CRIPPS DIESEL USD,1745.205479452055,2548.0
2025-09-11,135,Cripps,CRIPPS PETROL USD,1850.6756756756763,2739.0
2025-09-11,140,Mutare Second Street,MSE-QUARTZ 9000 SAE 5W40 500ML,2.0,10.0
2025-09-11,140,Mutare Second Street,MSE-QUARTZ 9000 SAE 5W40 5L,1.0,30.0
2025-09-11,140,Mutare Second Street,MUTARE SECOND USD BULK DIESEL,176.05633802816902,250.0
2025-09-11,140,Mutare Second Street,MUTARE SECOND USD DIESEL,980.1369863013698,1431.0
2025-09-11,140,Mutare Second Street,MUTARE SECOND USD PETROL,669.5945945945948,991.0
2025-09-11,141,Troutbeck,TROUTBECK BULK DIESEL ,284.8648648648649,421.6
2025-09-11,144,Bessemer,BESSEMER USD DIESEL,20.0,28.4
2025-09-11,145,Sunway City,SUNWAY BULK DIESEL USD,2798.78231292517,4114.21
2025-09-11,145,Sunway City,SUNWAY USD DIESEL,2040.6666666666665,3061.0
2025-09-11,145,Sunway City,SUNWAY USD PETROL,2774.8874172185424,4190.08
2025-09-11,146,Banket,BANKET BULK DIESEL USD,438.75068965517244,636.18
2025-09-11,146,Banket,BANKET USD DIESEL,993.9597315436242,1481.0
2025-09-11,146,Banket,BANKET USD PETROL,2125.827814569536,3210.0
2025-09-11,147,Chinhoyi Main,CHINHOYI BULK DIESEL USD,1198.6301369863013,1750.0
2025-09-11,147,Chinhoyi Main,CHINHOYI MAIN USD DIESEL,957.3333333333334,1436.0
2025-09-11,147,Chinhoyi Main,CHINHOYI MAIN USD PETROL,3190.1315789473683,4849.0
2025-09-11,148,Chegutu,CHEGUTU BULK DIESEL USD,519.047619047619,763.0
2025-09-11,148,Chegutu,CHEGUTU USD DIESEL,1053.691275167785,1570.0
2025-09-11,148,Chegutu,CHEGUTU USD PETROL,2446.666666666667,3670.0
2025-09-11,149,Turnpike,TURNPIKE BULK DIESEL USD,336.05442176870747,494.0
2025-09-11,149,Turnpike,TURNPIKE USD DIESEL,1095.9999999999998,1644.0
2025-09-11,149,Turnpike,TURNPIKE USD PETROL,910.5263157894738,1384.0
2025-09-11,150,Mutare One Stop,MUTARE ONE STOP DIESEL,1820.5479452054794,2658.0
2025-09-11,150,Mutare One Stop,MUTARE ONE STOP PETROL,884.4594594594595,1309.0
2025-09-11,157,Hatfield,HATFIELD USD DIESEL,5.369127516778524,8.0
2025-09-11,157,Hatfield,HATFIELD USD PETROL,77.85234899328859,116.0
2025-09-11,159,Gwanda ,GWANDA USD DIESEL,39.61038961038961,61.0
2025-09-11,82,Runiville,RUNIVILLE BULK DIESEL USD,246.57534246575344,360.0
2025-09-11,82,Runiville,RUNIVILLE USD DIESEL,142.95302013422818,213.0
2025-09-11,82,Runiville,RUNIVILLE USD PETROL,329.60526315789474,501.0
2025-09-11,84,Avondale,AVONDALE USD DIESEL,272.97297297297297,404.0
2025-09-11,84,Avondale,AVONDALE USD PETROL,882.0000000000001,1323.0
2025-09-11,86,Charter,CHARTER BULK/TAXI DIESEL ,5301.3698630137,7740.0
2025-09-11,86,Charter,CHARTER USD DIESEL,897.9729729729729,1329.0
2025-09-11,86,Charter,CHARTER USD PETROL,1926.0,2889.0
2025-09-11,88,Seke,SEKE DIESEL BULK,205.47945205479454,300.0
2025-09-11,88,Seke,SEKE USD DIESEL,2468.9189189189183,3654.0
2025-09-11,88,Seke,SEKE USD PETROL,2440.0,3660.0
2025-09-11,92,Msasa,MSA-FLUIDMATIC DIII MV 500ML,1.0,3.0
2025-09-11,92,Msasa,MSASA BULK DIESEL,115.54054054054055,171.0
2025-09-11,92,Msasa,MSASA USD DIESEL,766.013071895425,1172.0
2025-09-11,92,Msasa,MSASA USD PETROL,435.7142857142857,671.0
2025-09-11,96,Samora,SAMORA USD DIESEL,238.70198675496687,360.44
2025-09-11,96,Samora,SAMORA USD PETROL,893.3774834437086,1349.0
2025-09-11,96,Samora,SAMORA USD TAXI DIESEL ,27.2108843537415,40.0
2025-09-11,96,Samora,SAM-QUARTZ 5000 20W50 500ML,2.0,6.0
2025-09-11,96,Samora,SAM-QUARTZ 5000 20W50 5L,1.0,22.0
2025-09-11,96,Samora,SAM-QUARTZ 9000 SAE 5W40 500ML,2.0,10.0
2025-09-11,98,Roadport,ROADPORT USD DIESEL,526.9736842105262,801.0
2025-09-11,98,Roadport,ROADPORT USD DIESEL BUS,1334.2964864864866,1974.75
2025-09-11,98,Roadport,ROAPORT USD PETROL,3114.1623376623374,4795.8
2025-09-12,102,Kirkman,KIRKMAN BULK DIESEL USD,771.7241379310345,1119.0
2025-09-12,102,Kirkman,KIRKMAN USD DIESEL,1022.1476510067114,1523.0
2025-09-12,102,Kirkman,KIRKMAN USD PETROL,1040.1315789473686,1581.0
2025-09-12,110,Mutare Green Market,MUTARE GREEN MARKET BULK DIESEL,126.7605633802817,180.0
2025-09-12,110,Mutare Green Market,MUTARE GREENMARKET USD DIESEL,797.335616438356,1164.1
2025-09-12,110,Mutare Green Market,MUTARE GREENMARKET USD PETROL,1382.6621621621623,2046.34
2025-09-12,112,Marondera,MARONDERA USD DIESEL,761.0474326716989,1114.0
2025-09-12,112,Marondera,MARONDERA USD PETROL,1630.8741721854306,2452.0
2025-09-12,114,Kadoma,KADOMA USD BULK DIESEL ,1195.8620689655174,1734.0
2025-09-12,114,Kadoma,KADOMA USD DIESEL,913.5135135135137,1352.0
2025-09-12,114,Kadoma,KADOMA USD PETROL,1621.3333333333333,2432.0
2025-09-12,121,Gweru,GWE-RUBIA SX SAE40 500ML,1.0,3.0
2025-09-12,121,Gweru,GWERU USD DIESEL,2156.448918918919,3191.54
2025-09-12,121,Gweru,GWERU USD PETROL,2004.3033333333335,3006.45
2025-09-12,123,Fife Street,FIFE USD DIESEL,1726.7123287671234,2521.0
2025-09-12,123,Fife Street,FIFE USD PETROL,1580.6666666666667,2371.0
2025-09-12,125,Fort Street,FOR-NEPTUNA 2T SUPER SPORT 500ML,1.0,4.0
2025-09-12,125,Fort Street,FOR-RUBIA SX SAE40 500ML,3.0,9.0
2025-09-12,125,Fort Street,FORT STR BULK DIESEL USD,1055.8600000000001,1530.99
2025-09-12,125,Fort Street,FORT USD DIESEL,328.5714285714286,483.0
2025-09-12,125,Fort Street,FORT USD PETROL,626.6666666666666,940.0
2025-09-12,127,Mpopoma,MPOPOMA BULK DIESEL USD,1529.655172413793,2218.0
2025-09-12,127,Mpopoma,MPOPOMA USD DIESEL,686.3945578231293,1009.0
2025-09-12,127,Mpopoma,MPOPOMA USD PETROL,1084.0,1626.0
2025-09-12,127,Mpopoma,MPO-QUARTZ 9000 SAE 5W40 500ML,1.0,5.0
2025-09-12,127,Mpopoma,MPO-RUBIA TIR 7400 15W40 500ML,1.0,3.0
2025-09-12,129,Khami,KHAMI BULK DIESEL USD,302.0689655172414,438.0
2025-09-12,129,Khami,KHAMI USD DIESEL,956.4625850340136,1406.0
2025-09-12,129,Khami,KHAMI USD PETROL,694.6666666666666,1042.0
2025-09-12,131,R Mugabe,RM-RACE BRAKEFLUID DOT4+ 500ML,1.0,4.0
2025-09-12,131,R Mugabe,R MUGABE USD DIESEL,720.1533333333333,1080.23
2025-09-12,131,R Mugabe,R MUGABE USD PETROL,3130.9210526315787,4759.0
2025-09-12,135,Cripps,CRIPPS BULK DIESEL USD,1255.8620689655174,1821.0
2025-09-12,135,Cripps,CRIPPS DIESEL USD,1246.5753424657537,1820.0
2025-09-12,135,Cripps,CRIPPS PETROL USD,1049.3243243243244,1553.0
2025-09-12,140,Mutare Second Street,MUTARE SECOND USD BULK DIESEL,250.0,355.0
2025-09-12,140,Mutare Second Street,MUTARE SECOND USD DIESEL,2122.164383561644,3098.36
2025-09-12,140,Mutare Second Street,MUTARE SECOND USD PETROL,1273.6486486486485,1885.0
2025-09-12,141,Troutbeck,TRO-NEPTUNA 2T SUPER SPORT 500ML,1.0,4.0
2025-09-12,141,Troutbeck,TRO-RACE BRAKEFLUID DOT4+ 500ML,1.0,4.0
2025-09-12,141,Troutbeck,TROUTBECK BULK DIESEL ,2756.0810810810813,4079.0
2025-09-12,141,Troutbeck,TROUTBECK USD DIESEL,672.6666666666666,1009.0
2025-09-12,141,Troutbeck,TROUTBECK USD PETROL,1990.2597402597403,3065.0
2025-09-12,145,Sunway City,SUNWAY BULK DIESEL USD,2374.1496598639455,3490.0
2025-09-12,145,Sunway City,SUNWAY USD DIESEL,2494.6666666666665,3742.0
2025-09-12,145,Sunway City,SUNWAY USD PETROL,3137.7483443708607,4738.0
2025-09-12,146,Banket,BANKET BULK DIESEL USD,1565.5172413793102,2270.0
2025-09-12,146,Banket,BANKET USD DIESEL,1108.7248322147655,1652.0
2025-09-12,146,Banket,BANKET USD PETROL,298.0132450331126,450.0
2025-09-12,146,Banket,BAN-QUARTZ 5000 20W50 5L,1.0,22.0
2025-09-12,146,Banket,BAN-RACE BRAKEFLUID DOT4+ 500ML,1.0,4.0
2025-09-12,146,Banket,BAN-RUBIA TIR 7400 15W40 500ML,3.0,9.0
2025-09-12,147,Chinhoyi Main,CHINHOYI BULK DIESEL USD,322.6027397260274,471.0
2025-09-12,147,Chinhoyi Main,CHINHOYI MAIN USD DIESEL,1142.6666666666667,1714.0
2025-09-12,147,Chinhoyi Main,CHINHOYI MAIN USD PETROL,3478.0099759201917,5308.0
2025-09-12,147,Chinhoyi Main,CHI-QUARTZ 9000 SAE 5W40 500ML,1.0,5.0
2025-09-12,148,Chegutu,CHEGUTU BULK DIESEL USD,1013.6054421768708,1490.0
2025-09-12,148,Chegutu,CHEGUTU USD DIESEL,991.9463087248321,1478.0
2025-09-12,148,Chegutu,CHEGUTU USD PETROL,2210.706401766003,3333.0
2025-09-12,149,Turnpike,TURNPIKE BULK DIESEL USD,100.0,147.0
2025-09-12,149,Turnpike,TURNPIKE USD DIESEL,1095.9999999999998,1644.0
2025-09-12,149,Turnpike,TURNPIKE USD PETROL,1130.2631578947367,1718.0
2025-09-12,149,Turnpike,TUR-RUBIA SX SAE40 500ML,3.0,9.0
2025-09-12,150,Mutare One Stop,MUTARE ONE STOP DIESEL,1164.4931506849316,1700.16
2025-09-12,150,Mutare One Stop,MUTARE ONE STOP PETROL,1607.7972972972975,2379.54
2025-09-12,157,Hatfield,HATFIELD USD DIESEL,93.95973154362416,140.0
2025-09-12,157,Hatfield,HATFIELD USD PETROL,41.61073825503355,62.0
2025-09-12,82,Runiville,RUNIVILLE USD DIESEL,174.496644295302,260.0
2025-09-12,82,Runiville,RUNIVILLE USD PETROL,575.6578947368421,875.0
2025-09-12,82,Runiville,RUN-QUARTZ 9000 SAE 5W40 500ML,2.0,10.0
2025-09-12,84,Avondale,AVONDALE USD DIESEL,299.3243243243243,443.0
2025-09-12,84,Avondale,AVONDALE USD PETROL,743.3333333333333,1115.0
2025-09-12,86,Charter,CHARTER BULK/TAXI DIESEL ,3419.8630136986308,4993.0
2025-09-12,86,Charter,CHARTER USD DIESEL,529.7297297297298,784.0
2025-09-12,86,Charter,CHARTER USD PETROL,1964.6666666666665,2947.0
2025-09-12,86,Charter,CHA-RUBIA TIR 7400 SAE 15W40 5L,1.0,25.0
2025-09-12,88,Seke,SEKE USD DIESEL,3082.432432432432,4562.0
2025-09-12,88,Seke,SEKE USD PETROL,2316.6666666666665,3475.0
2025-09-12,92,Msasa,MSASA BULK DIESEL,961.4864864864865,1423.0
2025-09-12,92,Msasa,MSASA USD DIESEL,544.4444444444445,833.0
2025-09-12,92,Msasa,MSASA USD PETROL,672.077922077922,1035.0
2025-09-12,96,Samora,SAMORA USD DIESEL,262.9139072847682,397.0
2025-09-12,96,Samora,SAMORA USD PETROL,660.9271523178808,998.0
2025-09-12,98,Roadport,ROADPORT USD DIESEL,1127.8947368421052,1714.4
2025-09-12,98,Roadport,ROADPORT USD DIESEL BUS,1363.5135135135135,2018.0
2025-09-12,98,Roadport,ROAPORT USD PETROL,3168.1818181818176,4879.0
2025-09-13,102,Kirkman,KIR-FLUIDMATIC DIII MV 500ML,1.0,3.0
2025-09-13,102,Kirkman,KIRKMAN BULK DIESEL USD,1324.1379310344828,1920.0
2025-09-13,102,Kirkman,KIRKMAN USD DIESEL,864.4295302013423,1288.0
2025-09-13,102,Kirkman,KIRKMAN USD PETROL,942.7631578947368,1433.0
2025-09-13,102,Kirkman,KIR-QUARTZ 4X4 15W40 500ML,1.0,3.0
2025-09-13,102,Kirkman,KIR-QUARTZ 5000 20W50 500ML,2.0,6.0
2025-09-13,102,Kirkman,KIR-RACE BRAKEFLUID DOT4+ 500ML,1.0,4.0
2025-09-13,110,Mutare Green Market,MUTARE GREEN MARKET BULK DIESEL,854.9295774647887,1214.0
2025-09-13,110,Mutare Green Market,MUTARE GREENMARKET USD DIESEL,848.4589041095891,1238.75
2025-09-13,110,Mutare Green Market,MUTARE GREENMARKET USD PETROL,1045.7297297297298,1547.67
2025-09-13,112,Marondera,MARONDERA USD DIESEL,936.0544217687075,1376.0
2025-09-13,112,Marondera,MARONDERA USD PETROL,1128.476821192053,1704.0
2025-09-13,114,Kadoma,KADOMA USD BULK DIESEL ,868.9655172413793,1260.0
2025-09-13,114,Kadoma,KADOMA USD DIESEL,1216.2162162162163,1800.0
2025-09-13,114,Kadoma,KADOMA USD PETROL,1837.333333333333,2756.0
2025-09-13,121,Gweru,GWERU BULK DIESEL USD,2738.0,3997.48
2025-09-13,121,Gweru,GWERU USD DIESEL,2252.407297297297,3333.56
2025-09-13,121,Gweru,GWERU USD PETROL,2163.516666666667,3245.27
2025-09-13,123,Fife Street,FIFE USD DIESEL,1973.2876712328768,2881.0
2025-09-13,123,Fife Street,FIFE USD PETROL,2088.0,3132.0
2025-09-13,125,Fort Street,FORT STR BULK DIESEL USD,971.7241379310345,1409.0
2025-09-13,125,Fort Street,FORT USD DIESEL,573.469387755102,843.0
2025-09-13,125,Fort Street,FORT USD PETROL,882.6666666666666,1324.0
2025-09-13,127,Mpopoma,MPOPOMA BULK DIESEL USD,1230.344827586207,1784.0
2025-09-13,127,Mpopoma,MPOPOMA USD DIESEL,387.7551020408163,570.0
2025-09-13,127,Mpopoma,MPOPOMA USD PETROL,1572.6666666666667,2359.0
2025-09-13,129,Khami,KHAMI USD DIESEL,991.156462585034,1457.0
2025-09-13,129,Khami,KHAMI USD PETROL,772.6666666666666,1159.0
2025-09-13,131,R Mugabe,R MUGABE USD DIESEL,694.0,1041.0
2025-09-13,131,R Mugabe,R MUGABE USD PETROL,2389.763157894737,3632.44
2025-09-13,135,Cripps,CRIPPS BULK DIESEL USD,504.82758620689657,732.0
2025-09-13,135,Cripps,CRIPPS DIESEL USD,1743.7260273972606,2545.84
2025-09-13,135,Cripps,CRIPPS PETROL USD,2300.0000000000005,3404.0
2025-09-13,140,Mutare Second Street,MUTARE SECOND USD DIESEL,1041.780821917808,1521.0
2025-09-13,140,Mutare Second Street,MUTARE SECOND USD PETROL,329.0540540540541,487.0
2025-09-13,141,Troutbeck,TROUTBECK BULK DIESEL ,1041.6107382550335,1552.0
2025-09-13,141,Troutbeck,TROUTBECK USD DIESEL,1028.0,1542.0
2025-09-13,141,Troutbeck,TROUTBECK USD PETROL,1249.7857142857142,1924.67
2025-09-13,145,Sunway City,SUN-FLUIDMATIC DIII MV 500ML,2.0,6.0
2025-09-13,145,Sunway City,SUNWAY BULK DIESEL USD,1477.7482993197277,2172.29
2025-09-13,145,Sunway City,SUNWAY USD DIESEL,1862.0,2793.0
2025-09-13,145,Sunway City,SUNWAY USD PETROL,7399.33774834437,11173.0
2025-09-13,146,Banket,BANKET BULK DIESEL USD,200.02,292.02
2025-09-13,146,Banket,BANKET USD DIESEL,346.9798657718121,517.0
2025-09-13,146,Banket,BANKET USD PETROL,3740.3973509933767,5648.0
2025-09-13,147,Chinhoyi Main,CHINHOYI BULK DIESEL USD,982.1917808219177,1434.0
2025-09-13,147,Chinhoyi Main,CHINHOYI MAIN USD DIESEL,999.3333333333334,1499.0
2025-09-13,147,Chinhoyi Main,CHINHOYI MAIN USD PETROL,2731.3725490196084,4179.0
2025-09-13,147,Chinhoyi Main,CHI-RUBIA TIR 7400 15W40 500ML,1.0,3.0
2025-09-13,148,Chegutu,CHEGUTU BULK DIESEL USD,1172.7891156462586,1724.0
2025-09-13,148,Chegutu,CHEGUTU USD DIESEL,1508.0536912751681,2247.0
2025-09-13,148,Chegutu,CHEGUTU USD PETROL,2420.529801324503,3655.0
2025-09-13,148,Chegutu,CHE-QUARTZ 9000 SAE 5W40 500ML,2.0,10.0
2025-09-13,149,Turnpike,TURNPIKE BULK DIESEL USD,475.2218918918919,703.32
2025-09-13,149,Turnpike,TURNPIKE USD DIESEL,324.6666666666667,487.0
2025-09-13,149,Turnpike,TURNPIKE USD PETROL,1164.4736842105265,1770.0
2025-09-13,149,Turnpike,TUR-RUBIA SX SAE40 500ML,2.0,6.0
2025-09-13,150,Mutare One Stop,MUTARE ONE STOP DIESEL,1823.917808219178,2662.92
2025-09-13,150,Mutare One Stop,MUTARE ONE STOP PETROL,1174.7567567567567,1738.63
2025-09-13,157,Hatfield,HATFIELD USD DIESEL,90.10140939597315,134.25
2025-09-13,157,Hatfield,HATFIELD USD PETROL,38.255033557046985,57.0
2025-09-13,159,Gwanda ,GWANDA USD DIESEL,205.84415584415584,317.0
2025-09-13,82,Runiville,RUNIVILLE USD PETROL,52.63157894736842,80.0
2025-09-13,84,Avondale,AVONDALE USD DIESEL,449.05405405405406,664.6
2025-09-13,84,Avondale,AVONDALE USD PETROL,849.9999999999999,1275.0
2025-09-13,86,Charter,CHARTER BULK/TAXI DIESEL ,2346.5753424657532,3426.0
2025-09-13,86,Charter,CHARTER USD DIESEL,584.5405405405405,865.12
2025-09-13,86,Charter,CHARTER USD PETROL,1699.9066666666665,2549.85
2025-09-13,88,Seke,SEKE USD DIESEL,1922.2972972972973,2845.0
2025-09-13,88,Seke,SEKE USD PETROL,2511.3333333333335,3767.0
2025-09-13,92,Msasa,MSA-RUBIA SX SAE40 500ML,2.0,6.0
2025-09-13,92,Msasa,MSASA BULK DIESEL,913.5135135135135,1352.0
2025-09-13,92,Msasa,MSASA USD DIESEL,373.8562091503268,572.0
2025-09-13,92,Msasa,MSASA USD PETROL,1118.8311688311687,1723.0
2025-09-13,96,Samora,SAMORA USD DIESEL,148.34437086092714,224.0
2025-09-13,96,Samora,SAMORA USD PETROL,1222.5165562913908,1846.0
2025-09-13,96,Samora,SAMORA USD TAXI DIESEL ,71.42857142857143,105.0
2025-09-13,98,Roadport,ROADPORT USD DIESEL,1373.6842105263156,2088.0
2025-09-13,98,Roadport,ROADPORT USD DIESEL BUS,1800.6756756756756,2665.0
2025-09-13,98,Roadport,ROAPORT USD PETROL,3224.8441558441564,4966.26
2025-09-14,102,Kirkman,KIRKMAN BULK DIESEL USD,300.0,435.0
2025-09-14,102,Kirkman,KIRKMAN USD DIESEL,731.5436241610738,1090.0
2025-09-14,102,Kirkman,KIRKMAN USD PETROL,980.2631578947369,1490.0
2025-09-14,110,Mutare Green Market,MUTARE GREEN MARKET BULK DIESEL,1340.1408450704225,1903.0
2025-09-14,110,Mutare Green Market,MUTARE GREENMARKET USD DIESEL,751.0616438356165,1096.55
2025-09-14,110,Mutare Green Market,MUTARE GREENMARKET USD PETROL,1442.527027027027,2134.94
2025-09-14,112,Marondera,MARONDERA USD DIESEL,418.3673469387755,615.0
2025-09-14,112,Marondera,MARONDERA USD PETROL,847.0198675496688,1279.0
2025-09-14,114,Kadoma,KADOMA USD BULK DIESEL ,551.7241379310345,800.0
2025-09-14,114,Kadoma,KADOMA USD DIESEL,685.1351351351352,1014.0
2025-09-14,114,Kadoma,KADOMA USD PETROL,1511.3333333333335,2267.0
2025-09-14,121,Gweru,GWE-QUARTZ 9000 SAE 5W40 500ML,1.0,5.0
2025-09-14,121,Gweru,GWERU BULK DIESEL USD,528.0,770.88
2025-09-14,121,Gweru,GWERU USD DIESEL,2096.692972972973,3103.09
2025-09-14,121,Gweru,GWERU USD PETROL,2180.3366666666666,3270.5
2025-09-14,123,Fife Street,FIFE USD DIESEL,1288.356164383562,1881.0
2025-09-14,123,Fife Street,FIFE USD PETROL,1127.3333333333333,1691.0
2025-09-14,123,Fife Street,FIF-FLUIDMATIC DIII MV 500ML,1.0,3.0
2025-09-14,123,Fife Street,FIF-QUARTZ 9000 SAE 5W40 500ML,8.0,40.0
2025-09-14,123,Fife Street,FIF-RACE BRAKEFLUID DOT4+ 500ML,1.0,4.0
2025-09-14,123,Fife Street,FIF-RUBIA SX SAE40 500ML,10.0,30.0
2025-09-14,123,Fife Street,FIF-RUBIA TIR 7400 SAE 15W40 5L,1.0,25.0
2025-09-14,125,Fort Street,FORT STR BULK DIESEL USD,1035.8620689655172,1502.0
2025-09-14,125,Fort Street,FORT USD DIESEL,551.0204081632653,810.0
2025-09-14,125,Fort Street,FORT USD PETROL,883.3333333333334,1325.0
2025-09-14,127,Mpopoma,MPO-FLUIDMATIC DIII MV 500ML,1.0,3.0
2025-09-14,127,Mpopoma,MPOPOMA BULK DIESEL USD,1151.0344827586207,1669.0
2025-09-14,127,Mpopoma,MPOPOMA USD DIESEL,473.46938775510205,696.0
2025-09-14,127,Mpopoma,MPOPOMA USD PETROL,1342.0,2013.0
2025-09-14,127,Mpopoma,MPO-QUARTZ 5000 20W50 500ML,3.0,9.0
2025-09-14,127,Mpopoma,MPO-QUARTZ 9000 SAE 5W40 500ML,2.0,10.0
2025-09-14,127,Mpopoma,MPO-QUARTZ 9000 SAE 5W40 5L,1.0,30.0
2025-09-14,127,Mpopoma,MPO-RACE BRAKEFLUID DOT4+ 500ML,3.0,12.0
2025-09-14,129,Khami,KHAMI BULK DIESEL USD,1037.35,1504.14
2025-09-14,129,Khami,KHAMI USD DIESEL,451.70068027210885,664.0
2025-09-14,129,Khami,KHAMI USD PETROL,410.66666666666663,616.0
2025-09-14,131,R Mugabe,RM-RUBIA TIR 7400 15W40 500ML,1.0,3.0
2025-09-14,131,R Mugabe,R MUGABE USD DIESEL,633.3333333333333,950.0
2025-09-14,131,R Mugabe,R MUGABE USD PETROL,474.3421052631579,721.0
2025-09-14,135,Cripps,CRIPPS BULK DIESEL USD,1165.5172413793105,1690.0
2025-09-14,135,Cripps,CRIPPS DIESEL USD,936.986301369863,1368.0
2025-09-14,135,Cripps,CRIPPS PETROL USD,1898.6486486486488,2810.0
2025-09-14,140,Mutare Second Street,MUTARE SECOND USD DIESEL,1200.4931506849316,1752.72
2025-09-14,140,Mutare Second Street,MUTARE SECOND USD PETROL,1035.837837837838,1533.04
2025-09-14,141,Troutbeck,TRO-FLUIDMATIC DIII MV 500ML,2.0,6.0
2025-09-14,141,Troutbeck,TROUTBECK BULK DIESEL ,200.0,298.0
2025-09-14,141,Troutbeck,TROUTBECK USD DIESEL,1826.6666666666667,2740.0
2025-09-14,141,Troutbeck,TROUTBECK USD PETROL,2387.2922077922076,3676.43
2025-09-14,145,Sunway City,SUNWAY BULK DIESEL USD,869.3877551020408,1278.0
2025-09-14,145,Sunway City,SUNWAY USD DIESEL,1672.6666666666665,2509.0
2025-09-14,145,Sunway City,SUNWAY USD PETROL,3563.2649006622514,5380.53
2025-09-14,146,Banket,BANKET BULK DIESEL USD,1786.3013698630136,2608.0
2025-09-14,146,Banket,BANKET USD DIESEL,481.8791946308726,718.0
2025-09-14,146,Banket,BANKET USD PETROL,1898.675496688741,2867.0
2025-09-14,146,Banket,BAN-RUBIA TIR 7400 SAE 15W40 5L,1.0,25.0
2025-09-14,147,Chinhoyi Main,CHINHOYI BULK DIESEL USD,800.0,1168.0
2025-09-14,147,Chinhoyi Main,CHINHOYI MAIN USD DIESEL,503.3333333333333,755.0
2025-09-14,147,Chinhoyi Main,CHINHOYI MAIN USD PETROL,2057.5163398692807,3148.0
2025-09-14,148,Chegutu,CHEGUTU BULK DIESEL USD,336.05442176870747,494.0
2025-09-14,148,Chegutu,CHEGUTU USD DIESEL,1102.684563758389,1643.0
2025-09-14,148,Chegutu,CHEGUTU USD PETROL,374.8344370860927,566.0
2025-09-14,149,Turnpike,TURNPIKE USD DIESEL,713.3333333333334,1070.0
2025-09-14,149,Turnpike,TURNPIKE USD PETROL,346.71052631578954,527.0
2025-09-14,150,Mutare One Stop,MUTARE ONE STOP DIESEL,929.1095890410959,1356.5
2025-09-14,150,Mutare One Stop,MUTARE ONE STOP PETROL,1149.972972972973,1701.96
2025-09-14,157,Hatfield,HATFIELD USD DIESEL,6.7114093959731544,10.0
2025-09-14,157,Hatfield,HATFIELD USD PETROL,6.7114093959731544,10.0
2025-09-14,82,Runiville,RUNIVILLE BULK DIESEL USD,124.65753424657535,182.0
2025-09-14,82,Runiville,RUNIVILLE USD DIESEL,201.34228187919464,300.0
2025-09-14,82,Runiville,RUNIVILLE USD PETROL,128.28947368421052,195.0
2025-09-14,84,Avondale,AVONDALE USD DIESEL,296.6216216216216,439.0
2025-09-14,84,Avondale,AVONDALE USD PETROL,656.0000000000001,984.0
2025-09-14,86,Charter,CHA-RACE BRAKEFLUID DOT4+ 500ML,1.0,4.0
2025-09-14,86,Charter,CHARTER BULK/TAXI DIESEL ,4722.04794520548,6894.19
2025-09-14,86,Charter,CHARTER USD DIESEL,489.86486486486484,725.0
2025-09-14,86,Charter,CHARTER USD PETROL,1086.0000000000002,1629.0
2025-09-14,88,Seke,SEKE USD DIESEL,1789.8648648648648,2649.0
2025-09-14,88,Seke,SEKE USD PETROL,2328.0,3492.0
2025-09-14,92,Msasa,MSA-RUBIA SX SAE40 500ML,3.0,9.0
2025-09-14,92,Msasa,MSASA BULK DIESEL,902.7027027027027,1336.0
2025-09-14,92,Msasa,MSASA USD DIESEL,524.8366013071895,803.0
2025-09-14,92,Msasa,MSASA USD PETROL,262.987012987013,405.0
2025-09-14,96,Samora,SAMORA USD DIESEL,319.8675496688742,483.0
2025-09-14,96,Samora,SAMORA USD PETROL,739.7350993377484,1117.0
2025-09-14,96,Samora,SAMORA USD TAXI DIESEL ,44.21768707482994,65.0
2025-09-14,98,Roadport,ROADPORT USD DIESEL,688.8157894736842,1047.0
2025-09-14,98,Roadport,ROADPORT USD DIESEL BUS,1000.0,1480.0
2025-09-14,98,Roadport,ROAPORT USD PETROL,2305.8831168831166,3551.05
2025-09-15,102,Kirkman,KIRKMAN USD DIESEL,267.7852348993289,399.0
2025-09-15,102,Kirkman,KIRKMAN USD PETROL,516.4473684210527,785.0
2025-09-15,102,Kirkman,KIR-QUARTZ 4X4 15W40 500ML,3.0,9.0
2025-09-15,110,Mutare Green Market,MUTARE GREEN MARKET BULK DIESEL,663.3802816901409,942.0
2025-09-15,110,Mutare Green Market,MUTARE GREENMARKET USD DIESEL,763.7328767123288,1115.05
2025-09-15,110,Mutare Green Market,MUTARE GREENMARKET USD PETROL,962.777027027027,1424.91
2025-09-15,112,Marondera,MARONDERA USD DIESEL,770.0680272108845,1132.0
2025-09-15,112,Marondera,MARONDERA USD PETROL,1894.0397350993378,2860.0
2025-09-15,114,Kadoma,KADOMA USD BULK DIESEL ,1276.551724137931,1851.0
2025-09-15,114,Kadoma,KADOMA USD DIESEL,1146.6216216216217,1697.0
2025-09-15,114,Kadoma,KADOMA USD PETROL,1691.3333333333335,2537.0
2025-09-15,121,Gweru,GWE-RUBIA SX SAE40 500ML,1.0,3.0
2025-09-15,121,Gweru,GWERU USD DIESEL,1562.341081081081,2312.26
2025-09-15,121,Gweru,GWERU USD PETROL,1624.4799999999998,2436.72
2025-09-15,123,Fife Street,FIFE USD DIESEL,925.3424657534247,1351.0
2025-09-15,123,Fife Street,FIFE USD PETROL,1512.0,2268.0
2025-09-15,125,Fort Street,FORT STR BULK DIESEL USD,275.86206896551727,400.0
2025-09-15,125,Fort Street,FORT USD DIESEL,349.65986394557825,514.0
2025-09-15,125,Fort Street,FORT USD PETROL,688.0,1032.0
2025-09-15,127,Mpopoma,MPO-FLUIDMATIC DIII MV 500ML,1.0,3.0
2025-09-15,127,Mpopoma,MPOPOMA BULK DIESEL USD,2462.0689655172414,3570.0
2025-09-15,127,Mpopoma,MPOPOMA USD DIESEL,312.2448979591837,459.0
2025-09-15,127,Mpopoma,MPOPOMA USD PETROL,1240.0,1860.0
2025-09-15,129,Khami,KHAMI BULK DIESEL USD,1084.1379310344828,1572.0
2025-09-15,129,Khami,KHAMI USD DIESEL,1033.3333333333333,1519.0
2025-09-15,129,Khami,KHAMI USD PETROL,738.6666666666666,1108.0
2025-09-15,131,R Mugabe,R MUGABE USD DIESEL,572.6666666666666,859.0
2025-09-15,131,R Mugabe,R MUGABE USD PETROL,1394.7368421052633,2120.0
2025-09-15,135,Cripps,CRIPPS BULK DIESEL USD,2400.0,3480.0
2025-09-15,135,Cripps,CRIPPS DIESEL USD,1119.1780821917807,1634.0
2025-09-15,135,Cripps,CRIPPS PETROL USD,1632.4324324324323,2416.0
2025-09-15,140,Mutare Second Street,MUTARE SECOND USD BULK DIESEL,215.49295774647888,306.0
2025-09-15,140,Mutare Second Street,MUTARE SECOND USD DIESEL,1178.0821917808216,1720.0
2025-09-15,140,Mutare Second Street,MUTARE SECOND USD PETROL,1250.0,1850.0
2025-09-15,141,Troutbeck,TRO-FLUIDMATIC DIII MV 500ML,1.0,3.0
2025-09-15,141,Troutbeck,TRO-NEPTUNA 2T SUPER SPORT 500ML,1.0,4.0
2025-09-15,141,Troutbeck,TROUTBECK BULK DIESEL ,1805.3691275167785,2690.0
2025-09-15,141,Troutbeck,TROUTBECK USD DIESEL,158.66666666666669,238.0
2025-09-15,145,Sunway City,SUNWAY BULK DIESEL USD,2187.7551020408164,3216.0
2025-09-15,145,Sunway City,SUNWAY USD DIESEL,2770.646666666667,4155.97
2025-09-15,145,Sunway City,SUNWAY USD PETROL,4094.039735099339,6182.0
2025-09-15,146,Banket,BANKET BULK DIESEL USD,615.068493150685,898.0
2025-09-15,146,Banket,BANKET USD DIESEL,539.5973154362416,804.0
2025-09-15,146,Banket,BANKET USD PETROL,2282.7814569536413,3447.0
2025-09-15,146,Banket,BAN-NEPTUNA 2T SUPER SPORT 500ML,1.0,4.0
2025-09-15,147,Chinhoyi Main,CHINHOYI MAIN USD DIESEL,1183.9999999999998,1776.0
2025-09-15,147,Chinhoyi Main,CHINHOYI MAIN USD PETROL,4016.993464052287,6146.0
2025-09-15,148,Chegutu,CHEGUTU BULK DIESEL USD,761.9047619047619,1120.0
2025-09-15,148,Chegutu,CHEGUTU USD DIESEL,628.8590604026847,937.0
2025-09-15,148,Chegutu,CHEGUTU USD PETROL,1892.7152317880784,2858.0
2025-09-15,149,Turnpike,TURNPIKE BULK DIESEL USD,656.9786486486487,972.32
2025-09-15,149,Turnpike,TURNPIKE USD DIESEL,1466.6666666666667,2200.0
2025-09-15,149,Turnpike,TURNPIKE USD PETROL,384.2105263157894,584.0
2025-09-15,149,Turnpike,TUR-RACE BRAKEFLUID DOT4+ 500ML,1.0,4.0
2025-09-15,149,Turnpike,TUR-RUBIA SX SAE40 500ML,2.0,6.0
2025-09-15,150,Mutare One Stop,MUTARE ONE STOP DIESEL,547.0342465753424,798.67
2025-09-15,150,Mutare One Stop,MUTARE ONE STOP PETROL,692.0067567567567,1024.16
2025-09-15,157,Hatfield,HATFIELD USD DIESEL,26.845637583892618,40.0
2025-09-15,157,Hatfield,HATFIELD USD PETROL,30.872483221476507,46.0
2025-09-15,159,Gwanda ,GWANDA USD DIESEL,423.37662337662334,652.0
2025-09-15,82,Runiville,RUNIVILLE USD DIESEL,416.77852348993287,621.0
2025-09-15,82,Runiville,RUNIVILLE USD PETROL,394.07894736842104,599.0
2025-09-15,82,Runiville,RUN-QUARTZ 4X4 15W40 500ML,2.0,6.0
2025-09-15,82,Runiville,RUN-QUARTZ 9000 SAE 5W40 500ML,2.0,10.0
2025-09-15,84,Avondale,AVONDALE USD DIESEL,159.72972972972974,236.4
2025-09-15,84,Avondale,AVONDALE USD PETROL,794.0,1191.0
2025-09-15,86,Charter,CHARTER BULK/TAXI DIESEL ,2363.013698630137,3450.0
2025-09-15,86,Charter,CHARTER USD DIESEL,618.1486486486488,914.86
2025-09-15,86,Charter,CHARTER USD PETROL,1684.8133333333333,2527.22
2025-09-15,88,Seke,SEKE DIESEL BULK,772.6027397260274,1128.0
2025-09-15,88,Seke,SEKE USD DIESEL,1931.7567567567567,2859.0
2025-09-15,88,Seke,SEKE USD PETROL,2332.6666666666665,3499.0
2025-09-15,92,Msasa,MSASA BULK DIESEL,1397.2972972972973,2068.0
2025-09-15,92,Msasa,MSASA USD DIESEL,788.2352941176471,1206.0
2025-09-15,92,Msasa,MSASA USD PETROL,787.0129870129871,1212.0
2025-09-15,96,Samora,SAMORA USD DIESEL,29.801324503311257,45.0
2025-09-15,96,Samora,SAMORA USD PETROL,1472.185430463576,2223.0
2025-09-15,96,Samora,SAMORA USD TAXI DIESEL ,5.442176870748299,8.0
2025-09-15,98,Roadport,ROADPORT USD DIESEL,987.7631578947367,1501.4
2025-09-15,98,Roadport,ROADPORT USD DIESEL BUS,1718.9189189189192,2544.0
2025-09-15,98,Roadport,ROAPORT USD PETROL,2634.240259740259,4056.73
2025-09-16,102,Kirkman,KIRKMAN BULK DIESEL USD,496.55172413793105,720.0
2025-09-16,102,Kirkman,KIRKMAN USD DIESEL,417.4496644295301,622.0
2025-09-16,102,Kirkman,KIRKMAN USD PETROL,482.8947368421053,734.0
2025-09-16,102,Kirkman,KIR-QUARTZ 5000 20W50 500ML,1.0,3.0
2025-09-16,102,Kirkman,KIR-QUARTZ 9000 SAE 5W40 500ML,2.0,10.0
2025-09-16,110,Mutare Green Market,MGM-QUARTZ 9000 SAE 5W40 500ML,1.0,5.0
2025-09-16,110,Mutare Green Market,MGM-RACE BRAKEFLUID DOT4+ 500ML,3.0,12.0
2025-09-16,110,Mutare Green Market,MGM-RUBIA TIR 7400 15W40 500ML,1.0,3.0
2025-09-16,110,Mutare Green Market,MUTARE GREEN MARKET BULK DIESEL,1130.281690140845,1605.0
2025-09-16,110,Mutare Green Market,MUTARE GREENMARKET USD DIESEL,384.2328767123288,560.98
2025-09-16,110,Mutare Green Market,MUTARE GREENMARKET USD PETROL,1744.054054054054,2581.2
2025-09-16,112,Marondera,MARONDERA USD DIESEL,775.5102040816327,1140.0
2025-09-16,112,Marondera,MARONDERA USD PETROL,2796.0264900662255,4222.0
2025-09-16,114,Kadoma,KADOMA USD BULK DIESEL ,1043.448275862069,1513.0
2025-09-16,114,Kadoma,KADOMA USD DIESEL,916.891891891892,1357.0
2025-09-16,114,Kadoma,KADOMA USD PETROL,1784.0000000000002,2676.0
2025-09-16,114,Kadoma,KAD-QUARTZ 9000 SAE 5W40 500ML,1.0,5.0
2025-09-16,121,Gweru,GWE-MULTIS EP 2 500G,1.0,7.0
2025-09-16,121,Gweru,GWERU BULK DIESEL USD,2075.0,3029.5
2025-09-16,121,Gweru,GWERU USD DIESEL,2166.038918918919,3205.73
2025-09-16,121,Gweru,GWERU USD PETROL,2243.34,3365.01
2025-09-16,123,Fife Street,FIFE USD DIESEL,2161.6438356164385,3156.0
2025-09-16,123,Fife Street,FIFE USD PETROL,1740.0,2610.0
2025-09-16,125,Fort Street,FORT STR BULK DIESEL USD,844.1379310344828,1224.0
2025-09-16,125,Fort Street,FORT USD DIESEL,127.2108843537415,187.0
2025-09-16,125,Fort Street,FORT USD PETROL,530.6666666666666,796.0
2025-09-16,127,Mpopoma,MPOPOMA BULK DIESEL USD,2016.551724137931,2924.0
2025-09-16,127,Mpopoma,MPOPOMA USD DIESEL,379.59183673469386,558.0
2025-09-16,127,Mpopoma,MPOPOMA USD PETROL,1029.3333333333333,1544.0
2025-09-16,129,Khami,KHA-FLUIDMATIC CVT MV 1L,1.0,10.0
2025-09-16,129,Khami,KHAMI BULK DIESEL USD,367.58620689655174,533.0
2025-09-16,129,Khami,KHAMI USD DIESEL,1020.4081632653063,1500.0
2025-09-16,129,Khami,KHAMI USD PETROL,739.3333333333333,1109.0
2025-09-16,131,R Mugabe,R MUGABE USD DIESEL,833.3333333333334,1250.0
2025-09-16,131,R Mugabe,R MUGABE USD PETROL,1788.157894736842,2718.0
2025-09-16,135,Cripps,CRIPPS BULK DIESEL USD,2757.9310344827586,3999.0
2025-09-16,135,Cripps,CRIPPS DIESEL USD,1852.0547945205485,2704.0
2025-09-16,135,Cripps,CRIPPS PETROL USD,2066.891891891892,3059.0
2025-09-16,140,Mutare Second Street,MUTARE SECOND USD BULK DIESEL,105.63380281690141,150.0
2025-09-16,140,Mutare Second Street,MUTARE SECOND USD DIESEL,1362.3287671232877,1989.0
2025-09-16,140,Mutare Second Street,MUTARE SECOND USD PETROL,1175.0000000000002,1739.0
2025-09-16,141,Troutbeck,TROUTBECK BULK DIESEL ,670.4697986577181,999.0
2025-09-16,141,Troutbeck,TROUTBECK USD DIESEL,1599.3333333333333,2399.0
2025-09-16,141,Troutbeck,TROUTBECK USD PETROL,3662.3376623376626,5640.0
2025-09-16,145,Sunway City,SUNWAY BULK DIESEL USD,1201.360544217687,1766.0
2025-09-16,145,Sunway City,SUNWAY USD DIESEL,2134.0000000000005,3201.0
2025-09-16,145,Sunway City,SUNWAY USD PETROL,4547.019867549669,6866.0
2025-09-16,146,Banket,BANKET BULK DIESEL USD,646.0699999999999,943.25
2025-09-16,146,Banket,BANKET USD DIESEL,1211.0134228187922,1804.41
2025-09-16,146,Banket,BANKET USD PETROL,1470.1986754966886,2220.0
2025-09-16,146,Banket,BAN-QUARTZ 9000 SAE 5W40 500ML,2.0,10.0
2025-09-16,146,Banket,BAN-RACE BRAKEFLUID DOT4+ 500ML,2.0,8.0
2025-09-16,146,Banket,BAN-RUBIA TIR 7400 15W40 500ML,1.0,3.0
2025-09-16,147,Chinhoyi Main,CHINHOYI BULK DIESEL USD,1352.7397260273974,1975.0
2025-09-16,147,Chinhoyi Main,CHINHOYI MAIN USD DIESEL,1166.0,1749.0
2025-09-16,147,Chinhoyi Main,CHINHOYI MAIN USD PETROL,2969.281045751634,4543.0
2025-09-16,148,Chegutu,CHEGUTU BULK DIESEL USD,1639.7959183673472,2410.5
2025-09-16,148,Chegutu,CHEGUTU USD DIESEL,904.0268456375837,1347.0
2025-09-16,148,Chegutu,CHEGUTU USD PETROL,2176.1589403973508,3286.0
2025-09-16,149,Turnpike,TURNPIKE BULK DIESEL USD,735.1351351351351,1088.0
2025-09-16,149,Turnpike,TURNPIKE USD DIESEL,1105.3333333333333,1658.0
2025-09-16,149,Turnpike,TURNPIKE USD PETROL,333.5526315789474,507.0
2025-09-16,150,Mutare One Stop,MUTARE ONE STOP DIESEL,1385.3630136986303,2022.63
2025-09-16,150,Mutare One Stop,MUTARE ONE STOP PETROL,581.7702702702703,861.02
2025-09-16,157,Hatfield,HATFIELD USD DIESEL,75.16778523489933,112.0
2025-09-16,157,Hatfield,HATFIELD USD PETROL,51.006711409395976,76.0
2025-09-16,159,Gwanda ,GWANDA BULK USD DIESEL ,133.33333333333334,200.0
2025-09-16,159,Gwanda ,GWANDA USD DIESEL,212.98701298701297,328.0
2025-09-16,82,Runiville,RUNIVILLE USD DIESEL,373.1543624161074,556.0
2025-09-16,82,Runiville,RUNIVILLE USD PETROL,318.42105263157896,484.0
2025-09-16,82,Runiville,RUN-NEPTUNA 2T SUPER SPORT 500ML,1.0,4.0
2025-09-16,82,Runiville,RUN-QUARTZ 9000 SAE 5W40 500ML,1.0,5.0
2025-09-16,82,Runiville,RUN-RUBIA SX SAE40 500ML,1.0,3.0
2025-09-16,84,Avondale,AVONDALE USD DIESEL,304.05405405405406,450.0
2025-09-16,84,Avondale,AVONDALE USD PETROL,833.3333333333335,1250.0
2025-09-16,86,Charter,CHA-QUARTZ 9000 SAE 5W40 500ML,1.0,5.0
2025-09-16,86,Charter,CHARTER BULK/TAXI DIESEL ,2040.582191780822,2979.25
2025-09-16,86,Charter,CHARTER USD DIESEL,645.9459459459459,956.0
2025-09-16,86,Charter,CHARTER USD PETROL,2266.666666666667,3400.0
2025-09-16,88,Seke,SEKE USD DIESEL,1864.8648648648648,2760.0
2025-09-16,88,Seke,SEKE USD PETROL,2531.333333333333,3797.0
2025-09-16,92,Msasa,MSASA BULK DIESEL,775.6756756756756,1148.0
2025-09-16,92,Msasa,MSASA USD DIESEL,758.2418300653595,1160.11
2025-09-16,92,Msasa,MSASA USD PETROL,1077.2727272727273,1659.0
2025-09-16,96,Samora,SAMORA USD DIESEL,237.74834437086093,359.0
2025-09-16,96,Samora,SAMORA USD PETROL,1531.7880794701987,2313.0
2025-09-16,96,Samora,SAMORA USD TAXI DIESEL ,42.17687074829932,62.0
2025-09-16,98,Roadport,ROADPORT USD DIESEL,676.315789473684,1028.0
2025-09-16,98,Roadport,ROADPORT USD DIESEL BUS,1068.2432432432433,1581.0
2025-09-16,98,Roadport,ROAPORT USD PETROL,3092.7272727272725,4762.8
2025-09-17,102,Kirkman,KIRKMAN BULK DIESEL USD,950.344827586207,1378.0
2025-09-17,102,Kirkman,KIRKMAN USD DIESEL,518.7919463087248,773.0
2025-09-17,102,Kirkman,KIRKMAN USD PETROL,735.5263157894738,1118.0
2025-09-17,102,Kirkman,KIR-RACE BRAKEFLUID DOT4+ 500ML,1.0,4.0
2025-09-17,102,Kirkman,KIR-RUBIA SX SAE40 500ML,1.0,3.0
2025-09-17,110,Mutare Green Market,MUTARE GREEN MARKET BULK DIESEL,616.2021126760563,875.0
2025-09-17,110,Mutare Green Market,MUTARE GREENMARKET USD DIESEL,992.6164383561643,1449.22
2025-09-17,110,Mutare Green Market,MUTARE GREENMARKET USD PETROL,1661.7364864864867,2459.37
2025-09-17,112,Marondera,MARONDERA USD DIESEL,996.469387755102,1464.81
2025-09-17,112,Marondera,MARONDERA USD PETROL,1258.2781456953642,1900.0
2025-09-17,114,Kadoma,KADOMA USD BULK DIESEL ,103.44827586206897,150.0
2025-09-17,114,Kadoma,KADOMA USD DIESEL,818.2432432432433,1211.0
2025-09-17,114,Kadoma,KADOMA USD PETROL,1932.0,2898.0
2025-09-17,114,Kadoma,KAD-RUBIA SX SAE40 500ML,2.0,6.0
2025-09-17,114,Kadoma,KAD-RUBIA TIR 7400 15W40 500ML,1.0,3.0
2025-09-17,121,Gweru,GWE-RUBIA SX SAE40 500ML,3.0,9.0
2025-09-17,121,Gweru,GWERU BULK DIESEL USD,2965.876712328767,4330.17
2025-09-17,121,Gweru,GWERU USD DIESEL,1444.915135135135,2138.47
2025-09-17,121,Gweru,GWERU USD PETROL,1538.0133333333335,2307.02
2025-09-17,123,Fife Street,FIFE USD DIESEL,919.1780821917808,1342.0
2025-09-17,123,Fife Street,FIFE USD PETROL,1742.0,2613.0
2025-09-17,125,Fort Street,FOR-RUBIA SX SAE40 500ML,2.0,6.0
2025-09-17,125,Fort Street,FOR-RUBIA TIR 7400 15W40 500ML,1.0,3.0
2025-09-17,125,Fort Street,FORT STR BULK DIESEL USD,1071.0344827586207,1553.0
2025-09-17,125,Fort Street,FORT USD DIESEL,719.7278911564626,1058.0
2025-09-17,125,Fort Street,FORT USD PETROL,860.0,1290.0
2025-09-17,127,Mpopoma,MPO-FLUIDMATIC DIII MV 500ML,1.0,3.0
2025-09-17,127,Mpopoma,MPOPOMA BULK DIESEL USD,2489.655172413793,3610.0
2025-09-17,127,Mpopoma,MPOPOMA USD DIESEL,540.1360544217687,794.0
2025-09-17,127,Mpopoma,MPOPOMA USD PETROL,1084.6666666666665,1627.0
2025-09-17,127,Mpopoma,MPO-QUARTZ 5000 20W50 500ML,4.0,12.0
2025-09-17,127,Mpopoma,MPO-QUARTZ 9000 SAE 5W40 500ML,1.0,5.0
2025-09-17,127,Mpopoma,MPO-RACE BRAKEFLUID DOT4+ 500ML,2.0,8.0
2025-09-17,127,Mpopoma,MPO-RUBIA SX SAE40 500ML,2.0,6.0
2025-09-17,127,Mpopoma,MPO-RUBIA TIR 7400 15W40 500ML,2.0,6.0
2025-09-17,129,Khami,KHAMI BULK DIESEL USD,2248.2758620689656,3260.0
2025-09-17,129,Khami,KHAMI USD DIESEL,874.8299319727892,1286.0
2025-09-17,129,Khami,KHAMI USD PETROL,724.6666666666667,1087.0
2025-09-17,131,R Mugabe,R MUGABE USD DIESEL,605.3333333333334,908.0
2025-09-17,131,R Mugabe,R MUGABE USD PETROL,1507.8947368421052,2292.0
2025-09-17,135,Cripps,CRIPPS BULK DIESEL USD,1203.448275862069,1745.0
2025-09-17,135,Cripps,CRIPPS DIESEL USD,1815.0684931506848,2650.0
2025-09-17,135,Cripps,CRIPPS PETROL USD,1281.0810810810813,1896.0
2025-09-17,140,Mutare Second Street,MUTARE SECOND USD DIESEL,1478.767123287671,2159.0
2025-09-17,140,Mutare Second Street,MUTARE SECOND USD PETROL,881.081081081081,1304.0
2025-09-17,141,Troutbeck,TROUTBECK BULK DIESEL ,1254.3624161073826,1869.0
2025-09-17,141,Troutbeck,TROUTBECK USD DIESEL,883.3333333333334,1325.0
2025-09-17,141,Troutbeck,TROUTBECK USD PETROL,1051.948051948052,1620.0
2025-09-17,145,Sunway City,SUNWAY BULK DIESEL USD,2055.1020408163267,3021.0
2025-09-17,145,Sunway City,SUNWAY USD DIESEL,1651.3333333333333,2477.0
2025-09-17,145,Sunway City,SUNWAY USD PETROL,4211.258278145694,6359.0
2025-09-17,146,Banket,BANKET BULK DIESEL USD,983.5616438356165,1436.0
2025-09-17,146,Banket,BANKET USD DIESEL,575.1677852348994,857.0
2025-09-17,146,Banket,BANKET USD PETROL,1097.3509933774835,1657.0
2025-09-17,147,Chinhoyi Main,CHINHOYI BULK DIESEL USD,336.986301369863,492.0
2025-09-17,147,Chinhoyi Main,CHINHOYI MAIN USD DIESEL,802.0,1203.0
2025-09-17,147,Chinhoyi Main,CHINHOYI MAIN USD PETROL,3871.8954248366003,5924.0
2025-09-17,147,Chinhoyi Main,CHI-QUARTZ 5000 20W50 500ML,1.0,3.0
2025-09-17,148,Chegutu,CHEGUTU BULK DIESEL USD,1193.8775510204082,1755.0
2025-09-17,148,Chegutu,CHEGUTU USD DIESEL,687.9194630872483,1025.0
2025-09-17,148,Chegutu,CHEGUTU USD PETROL,1641.7218543046351,2479.0
2025-09-17,148,Chegutu,CHE-QUARTZ 4X4 15W40 500ML,3.0,9.0
2025-09-17,148,Chegutu,CHE-RUBIA TIR 7400 SAE 15W40 5L,1.0,25.0
2025-09-17,149,Turnpike,TURNPIKE BULK DIESEL USD,537.8378378378379,796.0
2025-09-17,149,Turnpike,TURNPIKE USD DIESEL,927.3333333333334,1391.0
2025-09-17,149,Turnpike,TURNPIKE USD PETROL,844.0789473684209,1283.0
2025-09-17,149,Turnpike,TUR-RUBIA SX SAE40 500ML,3.0,9.0
2025-09-17,150,Mutare One Stop,MUTARE ONE STOP DIESEL,657.054794520548,959.3
2025-09-17,150,Mutare One Stop,MUTARE ONE STOP PETROL,841.3108108108108,1245.14
2025-09-17,157,Hatfield,HATFIELD USD DIESEL,152.3489932885906,227.0
2025-09-17,157,Hatfield,HATFIELD USD PETROL,92.55033557046981,137.9
2025-09-17,82,Runiville,RUNIVILLE BULK DIESEL USD,126.7123287671233,185.0
2025-09-17,82,Runiville,RUNIVILLE USD DIESEL,233.5570469798658,348.0
2025-09-17,82,Runiville,RUNIVILLE USD PETROL,312.5,475.0
2025-09-17,82,Runiville,RUN-RUBIA SX SAE40 500ML,2.0,6.0
2025-09-17,84,Avondale,AVONDALE USD DIESEL,391.21621621621625,579.0
2025-09-17,84,Avondale,AVONDALE USD PETROL,806.6666666666666,1210.0
2025-09-17,86,Charter,CHARTER BULK/TAXI DIESEL ,3206.8493150684926,4682.0
2025-09-17,86,Charter,CHARTER USD DIESEL,513.668918918919,760.23
2025-09-17,86,Charter,CHARTER USD PETROL,1751.186666666667,2626.78
2025-09-17,88,Seke,SEKE DIESEL BULK,182.87671232876713,267.0
2025-09-17,88,Seke,SEKE USD DIESEL,1652.027027027027,2445.0
2025-09-17,88,Seke,SEKE USD PETROL,2224.0,3336.0
2025-09-17,92,Msasa,MSASA BULK DIESEL,981.7567567567568,1453.0
2025-09-17,92,Msasa,MSASA USD DIESEL,639.8692810457516,979.0
2025-09-17,92,Msasa,MSASA USD PETROL,792.857142857143,1221.0
2025-09-17,96,Samora,SAMORA USD DIESEL,288.7417218543046,436.0
2025-09-17,96,Samora,SAMORA USD PETROL,1478.1456953642385,2232.0
2025-09-17,96,Samora,SAMORA USD TAXI DIESEL ,231.2925170068027,340.0
2025-09-17,98,Roadport,ROADPORT USD DIESEL,802.6315789473684,1220.0
2025-09-17,98,Roadport,ROADPORT USD DIESEL BUS,971.6216216216217,1438.0
2025-09-17,98,Roadport,ROAPORT USD PETROL,3102.3311688311683,4777.59
2025-09-18,102,Kirkman,KIR-FLUIDMATIC DIII MV 500ML,1.0,3.0
2025-09-18,102,Kirkman,KIRKMAN BULK DIESEL USD,1119.3093103448275,1622.99
2025-09-18,102,Kirkman,KIRKMAN USD DIESEL,781.2080536912752,1164.0
2025-09-18,102,Kirkman,KIRKMAN USD PETROL,991.4473684210526,1507.0
2025-09-18,110,Mutare Green Market,MUTARE GREEN MARKET BULK DIESEL,640.8450704225352,910.0
2025-09-18,110,Mutare Green Market,MUTARE GREENMARKET USD DIESEL,687.3219178082192,1003.49
2025-09-18,110,Mutare Green Market,MUTARE GREENMARKET USD PETROL,1511.7364864864867,2237.37
2025-09-18,112,Marondera,MARONDERA USD DIESEL,895.2380952380952,1316.0
2025-09-18,112,Marondera,MARONDERA USD PETROL,2054.3046357615895,3102.0
2025-09-18,114,Kadoma,KADOMA USD DIESEL,839.8648648648649,1243.0
2025-09-18,114,Kadoma,KADOMA USD PETROL,1532.0,2298.0
2025-09-18,121,Gweru,GWE-RUBIA SX SAE40 500ML,2.0,6.0
2025-09-18,121,Gweru,GWERU BULK DIESEL USD,1421.0,2074.66
2025-09-18,121,Gweru,GWERU USD DIESEL,2521.6216216216217,3732.0
2025-09-18,121,Gweru,GWERU USD PETROL,1518.21,2277.31
2025-09-18,123,Fife Street,FIFE USD DIESEL,1225.0684931506848,1788.6
2025-09-18,123,Fife Street,FIFE USD PETROL,1340.0000000000002,2010.0
2025-09-18,123,Fife Street,FIF-QUARTZ 5000 20W50 5L,1.0,22.0
2025-09-18,125,Fort Street,FOR-QUARTZ 5000 20W50 500ML,2.0,6.0
2025-09-18,125,Fort Street,FORT STR BULK DIESEL USD,627.5862068965517,910.0
2025-09-18,125,Fort Street,FORT USD DIESEL,491.83673469387753,723.0
2025-09-18,125,Fort Street,FORT USD PETROL,842.0,1263.0
2025-09-18,127,Mpopoma,MPOPOMA BULK DIESEL USD,1333.7931034482758,1934.0
2025-09-18,127,Mpopoma,MPOPOMA USD DIESEL,484.3537414965987,712.0
2025-09-18,127,Mpopoma,MPOPOMA USD PETROL,1060.0,1590.0
2025-09-18,127,Mpopoma,MPO-QUARTZ 5000 20W50 5L,1.0,22.0
2025-09-18,127,Mpopoma,MPO-RACE BRAKEFLUID DOT4+ 500ML,2.0,8.0
2025-09-18,129,Khami,KHAMI BULK DIESEL USD,468.96551724137936,680.0
2025-09-18,129,Khami,KHAMI USD DIESEL,461.9047619047619,679.0
2025-09-18,129,Khami,KHAMI USD PETROL,396.0,594.0
2025-09-18,131,R Mugabe,RM-FLUIDMATIC CVT MV 1L,1.0,10.0
2025-09-18,131,R Mugabe,RM-FLUIDMATIC DIII MV 500ML,1.0,3.0
2025-09-18,131,R Mugabe,RM-NEPTUNA 2T SUPER SPORT 500ML,1.0,4.0
2025-09-18,131,R Mugabe,RM-QUARTZ 4X4 15W40 500ML,1.0,3.0
2025-09-18,131,R Mugabe,RM-QUARTZ 5000 20W50 500ML,1.0,3.0
2025-09-18,131,R Mugabe,RM-RACE BRAKEFLUID DOT4+ 500ML,1.0,4.0
2025-09-18,131,R Mugabe,R MUGABE USD DIESEL,839.3333333333334,1259.0
2025-09-18,131,R Mugabe,R MUGABE USD PETROL,1434.2105263157896,2180.0
2025-09-18,135,Cripps,CRIPPS BULK DIESEL USD,1386.8965517241381,2011.0
2025-09-18,135,Cripps,CRIPPS DIESEL USD,1452.0547945205478,2120.0
2025-09-18,135,Cripps,CRIPPS PETROL USD,1308.7837837837835,1937.0
2025-09-18,140,Mutare Second Street,MUTARE SECOND USD BULK DIESEL,409.85915492957747,582.0
2025-09-18,140,Mutare Second Street,MUTARE SECOND USD DIESEL,956.8493150684931,1397.0
2025-09-18,140,Mutare Second Street,MUTARE SECOND USD PETROL,962.1621621621622,1424.0
2025-09-18,141,Troutbeck,TRO-NEPTUNA 2T SUPER SPORT 500ML,4.0,16.0
2025-09-18,141,Troutbeck,TROUTBECK BULK DIESEL ,267.1140939597315,398.0
2025-09-18,141,Troutbeck,TROUTBECK USD DIESEL,1026.0,1539.0
2025-09-18,141,Troutbeck,TROUTBECK USD PETROL,1194.8051948051948,1840.0
2025-09-18,145,Sunway City,SUNWAY BULK DIESEL USD,1544.2176870748299,2270.0
2025-09-18,145,Sunway City,SUNWAY USD DIESEL,1309.9999999999998,1965.0
2025-09-18,145,Sunway City,SUNWAY USD PETROL,3417.880794701987,5161.0
2025-09-18,146,Banket,BANKET BULK DIESEL USD,1402.82,2048.1
2025-09-18,146,Banket,BANKET USD DIESEL,702.6845637583895,1047.0
2025-09-18,146,Banket,BANKET USD PETROL,893.3774834437086,1349.0
2025-09-18,147,Chinhoyi Main,CHINHOYI BULK DIESEL USD,600.0,876.0
2025-09-18,147,Chinhoyi Main,CHINHOYI MAIN USD DIESEL,653.3333333333335,980.0
2025-09-18,147,Chinhoyi Main,CHINHOYI MAIN USD PETROL,2922.875816993464,4472.0
2025-09-18,148,Chegutu,CHEGUTU BULK DIESEL USD,980.2721088435374,1441.0
2025-09-18,148,Chegutu,CHEGUTU USD DIESEL,922.1476510067115,1374.0
2025-09-18,148,Chegutu,CHEGUTU USD PETROL,2068.87417218543,3124.0
2025-09-18,148,Chegutu,CHE-RUBIA TIR 7400 SAE 15W40 5L,1.0,25.0
2025-09-18,149,Turnpike,TURNPIKE BULK DIESEL USD,439.1891891891892,650.0
2025-09-18,149,Turnpike,TURNPIKE USD DIESEL,1574.0000000000005,2361.0
2025-09-18,149,Turnpike,TURNPIKE USD PETROL,134.14473684210526,203.89
2025-09-18,149,Turnpike,TUR-QUARTZ 5000 20W50 5L,1.0,22.0
2025-09-18,149,Turnpike,TUR-RACE BRAKEFLUID DOT4+ 500ML,1.0,4.0
2025-09-18,149,Turnpike,TUR-RUBIA SX SAE40 500ML,2.0,6.0
2025-09-18,150,Mutare One Stop,MUTARE ONE STOP DIESEL,1239.8835616438355,1810.23
2025-09-18,150,Mutare One Stop,MUTARE ONE STOP PETROL,1180.337837837838,1746.9
2025-09-18,157,Hatfield,HATFIELD USD PETROL,82.55033557046978,123.0
2025-09-18,159,Gwanda ,GWANDA BULK USD DIESEL ,236.66666666666666,355.0
2025-09-18,159,Gwanda ,GWANDA USD DIESEL,227.9220779220779,351.0
2025-09-18,82,Runiville,RUNIVILLE BULK DIESEL USD,3424.6575342465753,5000.0
2025-09-18,82,Runiville,RUNIVILLE USD DIESEL,266.4429530201342,397.0
2025-09-18,82,Runiville,RUNIVILLE USD PETROL,391.4473684210526,595.0
2025-09-18,84,Avondale,AVONDALE USD DIESEL,387.8378378378378,574.0
2025-09-18,84,Avondale,AVONDALE USD PETROL,551.9999999999999,828.0
2025-09-18,86,Charter,CHARTER BULK/TAXI DIESEL ,2991.219178082192,4367.18
2025-09-18,86,Charter,CHARTER USD DIESEL,337.1621621621622,499.0
2025-09-18,86,Charter,CHARTER USD PETROL,1858.0,2787.0
2025-09-18,88,Seke,SEKE DIESEL BULK,600.0,876.0
2025-09-18,88,Seke,SEKE USD DIESEL,1289.1891891891892,1908.0
2025-09-18,88,Seke,SEKE USD PETROL,2050.666666666667,3076.0
2025-09-18,92,Msasa,MSASA BULK DIESEL,2909.4594594594596,4306.0
2025-09-18,92,Msasa,MSASA USD DIESEL,941.8300653594771,1441.0
2025-09-18,92,Msasa,MSASA USD PETROL,1156.4935064935064,1781.0
2025-09-18,96,Samora,SAMORA USD DIESEL,339.73509933774835,513.0
2025-09-18,96,Samora,SAMORA USD PETROL,1192.7152317880796,1801.0
2025-09-18,96,Samora,SAMORA USD TAXI DIESEL ,40.816326530612244,60.0
2025-09-18,98,Roadport,ROADPORT USD DIESEL,696.7105263157894,1059.0
2025-09-18,98,Roadport,ROADPORT USD DIESEL BUS,1663.5135135135135,2462.0
2025-09-18,98,Roadport,ROAPORT USD PETROL,1908.4155844155844,2938.96
2025-09-19,102,Kirkman,KIRKMAN BULK DIESEL USD,1077.9310344827586,1563.0
2025-09-19,102,Kirkman,KIRKMAN USD DIESEL,652.3489932885907,972.0
2025-09-19,102,Kirkman,KIRKMAN USD PETROL,226.3157894736842,344.0
2025-09-19,102,Kirkman,KIR-QUARTZ 4X4 15W40 500ML,1.0,3.0
2025-09-19,110,Mutare Green Market,MUTARE GREEN MARKET BULK DIESEL,954.0,1354.68
2025-09-19,110,Mutare Green Market,MUTARE GREENMARKET USD DIESEL,555.7945205479452,811.46
2025-09-19,110,Mutare Green Market,MUTARE GREENMARKET USD PETROL,1374.1824324324325,2033.79
2025-09-19,112,Marondera,MARONDERA USD DIESEL,392.5170068027211,577.0
2025-09-19,112,Marondera,MARONDERA USD PETROL,1700.0,2567.0
2025-09-19,114,Kadoma,KADOMA USD BULK DIESEL ,1200.0,1740.0
2025-09-19,114,Kadoma,KADOMA USD DIESEL,1143.9189189189192,1693.0
2025-09-19,114,Kadoma,KADOMA USD PETROL,1404.0000000000002,2106.0
2025-09-19,121,Gweru,GWERU BULK DIESEL USD,1494.5871232876714,2182.09
2025-09-19,121,Gweru,GWERU USD DIESEL,1919.5945945945948,2841.0
2025-09-19,121,Gweru,GWERU USD PETROL,2056.683333333333,3085.02
2025-09-19,123,Fife Street,FIFE USD DIESEL,1100.6849315068494,1607.0
2025-09-19,123,Fife Street,FIFE USD PETROL,911.3333333333334,1367.0
2025-09-19,123,Fife Street,FIF-RACE BRAKEFLUID DOT4+ 500ML,1.0,4.0
2025-09-19,123,Fife Street,FIF-RUBIA TIR 7400 SAE 15W40 5L,1.0,25.0
2025-09-19,125,Fort Street,FORT STR BULK DIESEL USD,1258.614827586207,1824.98
2025-09-19,125,Fort Street,FORT USD DIESEL,739.4557823129252,1087.0
2025-09-19,125,Fort Street,FORT USD PETROL,1906.6666666666665,2860.0
2025-09-19,127,Mpopoma,MPOPOMA BULK DIESEL USD,1104.8275862068965,1602.0
2025-09-19,127,Mpopoma,MPOPOMA USD DIESEL,607.4829931972789,893.0
2025-09-19,127,Mpopoma,MPOPOMA USD PETROL,1340.0,2010.0
2025-09-19,127,Mpopoma,MPO-RACE BRAKEFLUID DOT4+ 500ML,1.0,4.0
2025-09-19,127,Mpopoma,MPO-RUBIA SX SAE40 500ML,1.0,3.0
2025-09-19,129,Khami,KHAMI BULK DIESEL USD,1462.7586206896551,2121.0
2025-09-19,129,Khami,KHAMI USD DIESEL,1066.6666666666667,1568.0
2025-09-19,129,Khami,KHAMI USD PETROL,865.3333333333334,1298.0
2025-09-19,131,R Mugabe,R MUGABE USD DIESEL,1118.0,1677.0
2025-09-19,131,R Mugabe,R MUGABE USD PETROL,2308.5526315789466,3509.0
2025-09-19,135,Cripps,CRIPPS BULK DIESEL USD,2515.1724137931033,3647.0
2025-09-19,135,Cripps,CRIPPS DIESEL USD,639.041095890411,933.0
2025-09-19,135,Cripps,CRIPPS PETROL USD,2021.6216216216214,2992.0
2025-09-19,140,Mutare Second Street,MUTARE SECOND USD DIESEL,765.068493150685,1117.0
2025-09-19,140,Mutare Second Street,MUTARE SECOND USD PETROL,482.43243243243234,714.0
2025-09-19,141,Troutbeck,TRO-NEPTUNA 2T SUPER SPORT 500ML,3.0,12.0
2025-09-19,141,Troutbeck,TRO-RUBIA TIR 7400 15W40 500ML,1.0,3.0
2025-09-19,141,Troutbeck,TROUTBECK BULK DIESEL ,1465.1006711409395,2183.0
2025-09-19,141,Troutbeck,TROUTBECK USD DIESEL,872.6666666666666,1309.0
2025-09-19,141,Troutbeck,TROUTBECK USD PETROL,1151.948051948052,1774.0
2025-09-19,145,Sunway City,SUNWAY BULK DIESEL USD,2110.884353741497,3103.0
2025-09-19,145,Sunway City,SUNWAY USD DIESEL,1954.6666666666663,2932.0
2025-09-19,145,Sunway City,SUNWAY USD PETROL,4013.9072847682114,6061.0
2025-09-19,146,Banket,BAN-FLUIDMATIC DIII MV 500ML,1.0,3.0
2025-09-19,146,Banket,BANKET BULK DIESEL USD,341.04,497.91
2025-09-19,146,Banket,BANKET USD DIESEL,820.1342281879193,1222.0
2025-09-19,146,Banket,BANKET USD PETROL,2310.5960264900673,3489.0
2025-09-19,146,Banket,BAN-RUBIA SX SAE40 500ML,3.0,9.0
2025-09-19,146,Banket,BAN-RUBIA TIR 7400 15W40 500ML,1.0,3.0
2025-09-19,147,Chinhoyi Main,CHINHOYI BULK DIESEL USD,700.0,1022.0
2025-09-19,147,Chinhoyi Main,CHINHOYI MAIN USD DIESEL,754.0,1131.0
2025-09-19,147,Chinhoyi Main,CHINHOYI MAIN USD PETROL,3232.6797385620916,4946.0
2025-09-19,148,Chegutu,CHEGUTU BULK DIESEL USD,598.639455782313,880.0
2025-09-19,148,Chegutu,CHEGUTU USD DIESEL,991.9463087248321,1478.0
2025-09-19,148,Chegutu,CHEGUTU USD PETROL,1890.0662251655629,2854.0
2025-09-19,149,Turnpike,TUR-NEPTUNA 2T SUPER SPORT 500ML,1.0,4.0
2025-09-19,149,Turnpike,TURNPIKE BULK DIESEL USD,510.0,754.79
2025-09-19,149,Turnpike,TURNPIKE USD DIESEL,1268.0,1902.0
2025-09-19,149,Turnpike,TURNPIKE USD PETROL,1104.6052631578946,1679.0
2025-09-19,149,Turnpike,TUR-RACE BRAKEFLUID DOT4+ 500ML,1.0,4.0
2025-09-19,149,Turnpike,TUR-RUBIA SX SAE40 500ML,2.0,6.0
2025-09-19,150,Mutare One Stop,MUTARE ONE STOP DIESEL,900.0,1314.0
2025-09-19,150,Mutare One Stop,MUTARE ONE STOP PETROL,825.7027027027028,1222.04
2025-09-19,157,Hatfield,HATFIELD USD PETROL,69.1275167785235,103.0
2025-09-19,159,Gwanda ,GWANDA BULK USD DIESEL ,240.0,360.0
2025-09-19,159,Gwanda ,GWANDA USD DIESEL,37.66233766233766,58.0
2025-09-19,82,Runiville,RUNIVILLE BULK DIESEL USD,335.6164383561644,490.0
2025-09-19,82,Runiville,RUNIVILLE USD DIESEL,322.14765100671144,480.0
2025-09-19,82,Runiville,RUNIVILLE USD PETROL,350.0,532.0
2025-09-19,82,Runiville,RUN-QUARTZ 9000 SAE 5W40 5L,1.0,30.0
2025-09-19,84,Avondale,AVONDALE USD DIESEL,95.94594594594595,142.0
2025-09-19,84,Avondale,AVONDALE USD PETROL,628.1733333333334,942.26
2025-09-19,86,Charter,CHARTER BULK/TAXI DIESEL ,3358.2191780821922,4903.0
2025-09-19,86,Charter,CHARTER USD DIESEL,611.2635135135135,904.67
2025-09-19,86,Charter,CHARTER USD PETROL,2355.8733333333334,3533.81
2025-09-19,86,Charter,CHA-RUBIA TIR 7400 15W40 500ML,2.0,6.0
2025-09-19,88,Seke,SEKE USD DIESEL,1954.054054054054,2892.0
2025-09-19,88,Seke,SEKE USD PETROL,2200.0,3300.0
2025-09-19,92,Msasa,MSA-RACE BRAKEFLUID DOT4+ 500ML,1.0,4.0
2025-09-19,92,Msasa,MSASA BULK DIESEL,1577.7027027027027,2335.0
2025-09-19,92,Msasa,MSASA USD DIESEL,1506.5359477124182,2305.0
2025-09-19,92,Msasa,MSASA USD PETROL,624.025974025974,961.0
2025-09-19,96,Samora,SAMORA USD DIESEL,412.5827814569536,623.0
2025-09-19,96,Samora,SAMORA USD PETROL,1667.5496688741716,2518.0
2025-09-19,98,Roadport,ROADPORT USD DIESEL,1003.2894736842105,1525.0
2025-09-19,98,Roadport,ROADPORT USD DIESEL BUS,1665.5405405405404,2465.0
2025-09-19,98,Roadport,ROAPORT USD PETROL,3204.1038961038957,4934.32
2025-09-20,102,Kirkman,KIRKMAN BULK DIESEL USD,400.0,580.0
2025-09-20,102,Kirkman,KIRKMAN USD DIESEL,1327.9194630872485,1978.6
2025-09-20,102,Kirkman,KIRKMAN USD PETROL,1536.1842105263156,2335.0
2025-09-20,110,Mutare Green Market,MUTARE GREEN MARKET BULK DIESEL,954.0,1354.67
2025-09-20,110,Mutare Green Market,MUTARE GREENMARKET USD DIESEL,531.3150684931508,775.72
2025-09-20,110,Mutare Green Market,MUTARE GREENMARKET USD PETROL,1572.3040540540542,2327.01
2025-09-20,112,Marondera,MARONDERA USD DIESEL,658.5034013605442,968.0
2025-09-20,112,Marondera,MARONDERA USD PETROL,1456.953642384106,2200.0
2025-09-20,114,Kadoma,KADOMA USD BULK DIESEL ,849.655172413793,1232.0
2025-09-20,114,Kadoma,KADOMA USD DIESEL,959.4594594594595,1420.0
2025-09-20,114,Kadoma,KADOMA USD PETROL,1940.0,2910.0
2025-09-20,121,Gweru,GWE-RUBIA SX SAE40 500ML,1.0,3.0
2025-09-20,121,Gweru,GWERU BULK DIESEL USD,3059.5,4466.87
2025-09-20,121,Gweru,GWERU USD DIESEL,1802.4372972972972,2667.6
2025-09-20,121,Gweru,GWERU USD PETROL,1733.2033333333334,2599.8
2025-09-20,123,Fife Street,FIFE USD DIESEL,1992.4657534246578,2909.0
2025-09-20,123,Fife Street,FIFE USD PETROL,2809.333333333333,4214.0
2025-09-20,125,Fort Street,FORT STR BULK DIESEL USD,560.0,812.0
2025-09-20,125,Fort Street,FORT USD DIESEL,612.9251700680272,901.0
2025-09-20,125,Fort Street,FORT USD PETROL,1262.0,1893.0
2025-09-20,127,Mpopoma,MPOPOMA BULK DIESEL USD,1095.1724137931035,1588.0
2025-09-20,127,Mpopoma,MPOPOMA USD DIESEL,519.7278911564625,764.0
2025-09-20,127,Mpopoma,MPOPOMA USD PETROL,1140.0,1710.0
2025-09-20,129,Khami,KHA-FLUIDMATIC DIII MV 500ML,2.0,6.0
2025-09-20,129,Khami,KHAMI BULK DIESEL USD,640.0,928.0
2025-09-20,129,Khami,KHAMI USD DIESEL,216.3265306122449,318.0
2025-09-20,129,Khami,KHAMI USD PETROL,444.6666666666667,667.0
2025-09-20,131,R Mugabe,R MUGABE USD DIESEL,764.6666666666666,1147.0
2025-09-20,131,R Mugabe,R MUGABE USD PETROL,1504.6052631578946,2287.0
2025-09-20,135,Cripps,CRIPPS BULK DIESEL USD,903.4482758620691,1310.0
2025-09-20,135,Cripps,CRIPPS DIESEL USD,1747.945205479452,2552.0
2025-09-20,135,Cripps,CRIPPS PETROL USD,2448.6486486486488,3624.0
2025-09-20,140,Mutare Second Street,MUTARE SECOND USD BULK DIESEL,221.1267605633803,314.0
2025-09-20,140,Mutare Second Street,MUTARE SECOND USD DIESEL,1292.4657534246574,1887.0
2025-09-20,140,Mutare Second Street,MUTARE SECOND USD PETROL,1129.7297297297296,1672.0
2025-09-20,141,Troutbeck,TRO-RACE BRAKEFLUID DOT4+ 500ML,1.0,4.0
2025-09-20,141,Troutbeck,TROUTBECK BULK DIESEL ,1499.3288590604027,2234.0
2025-09-20,141,Troutbeck,TROUTBECK USD DIESEL,1169.3333333333333,1754.0
2025-09-20,141,Troutbeck,TROUTBECK USD PETROL,1306.4935064935064,2012.0
2025-09-20,145,Sunway City,SUNWAY BULK DIESEL USD,1953.061224489796,2871.0
2025-09-20,145,Sunway City,SUNWAY USD DIESEL,2687.333333333333,4031.0
2025-09-20,145,Sunway City,SUNWAY USD PETROL,4814.56953642384,7270.0
2025-09-20,146,Banket,BAN-FLUIDMATIC DIII MV 500ML,1.0,3.0
2025-09-20,146,Banket,BANKET BULK DIESEL USD,345.2054794520548,504.0
2025-09-20,146,Banket,BANKET USD DIESEL,722.8187919463087,1077.0
2025-09-20,146,Banket,BANKET USD PETROL,3219.2052980132444,4861.0
2025-09-20,146,Banket,BAN-NEPTUNA 2T SUPER SPORT 500ML,1.0,4.0
2025-09-20,146,Banket,BAN-RUBIA SX SAE40 500ML,1.0,3.0
2025-09-20,147,Chinhoyi Main,CHINHOYI BULK DIESEL USD,701.3698630136987,1024.0
2025-09-20,147,Chinhoyi Main,CHINHOYI MAIN USD DIESEL,534.0,801.0
2025-09-20,147,Chinhoyi Main,CHINHOYI MAIN USD PETROL,2916.9934640522874,4463.0
2025-09-20,148,Chegutu,CHEGUTU BULK DIESEL USD,1041.496598639456,1531.0
2025-09-20,148,Chegutu,CHEGUTU USD DIESEL,1048.9932885906042,1563.0
2025-09-20,148,Chegutu,CHEGUTU USD PETROL,1317.2185430463576,1989.0
2025-09-20,149,Turnpike,TUR-FLUIDMATIC DIII MV 500ML,1.0,3.0
2025-09-20,149,Turnpike,TURNPIKE BULK DIESEL USD,396.03270270270275,586.12
2025-09-20,149,Turnpike,TURNPIKE USD DIESEL,1489.3333333333333,2234.0
2025-09-20,149,Turnpike,TURNPIKE USD PETROL,1528.2894736842106,2323.0
2025-09-20,149,Turnpike,TUR-RACE BRAKEFLUID DOT4+ 500ML,2.0,8.0
2025-09-20,149,Turnpike,TUR-RUBIA TIR 7400 15W40 500ML,1.0,3.0
2025-09-20,150,Mutare One Stop,MUTARE ONE STOP DIESEL,27.397260273972602,40.0
2025-09-20,150,Mutare One Stop,MUTARE ONE STOP PETROL,78.37837837837839,116.0
2025-09-20,157,Hatfield,HATFIELD USD DIESEL,471.1409395973154,702.0
2025-09-20,157,Hatfield,HATFIELD USD PETROL,65.77181208053692,98.0
2025-09-20,159,Gwanda ,GWANDA USD DIESEL,191.55844155844156,295.0
2025-09-20,82,Runiville,RUNIVILLE USD DIESEL,384.56375838926175,573.0
2025-09-20,82,Runiville,RUNIVILLE USD PETROL,209.86842105263156,319.0
2025-09-20,82,Runiville,RUN-QUARTZ 3000 SG 20W50 500ML,1.0,3.0
2025-09-20,84,Avondale,AVONDALE USD DIESEL,490.5405405405405,726.0
2025-09-20,84,Avondale,AVONDALE USD PETROL,988.0000000000002,1482.0
2025-09-20,86,Charter,CHARTER BULK/TAXI DIESEL ,4257.534246575343,6216.0
2025-09-20,86,Charter,CHARTER USD DIESEL,1025.3243243243244,1517.47
2025-09-20,86,Charter,CHARTER USD PETROL,1702.9599999999998,2554.44
2025-09-20,86,Charter,CHA-RUBIA TIR 7400 15W40 500ML,2.0,6.0
2025-09-20,88,Seke,SEKE USD DIESEL,1854.7297297297296,2745.0
2025-09-20,88,Seke,SEKE USD PETROL,2498.0000000000005,3747.0
2025-09-20,88,Seke,SEK-QUARTZ 9000 SAE 5W40 5L,1.0,30.0
2025-09-20,92,Msasa,MSASA BULK DIESEL,156.75675675675677,232.0
2025-09-20,92,Msasa,MSASA USD DIESEL,401.3071895424837,614.0
2025-09-20,92,Msasa,MSASA USD PETROL,709.0909090909091,1092.0
2025-09-20,92,Msasa,SWIFTEX 646C-S,1.0,100.0
2025-09-20,96,Samora,SAMORA USD DIESEL,52.980132450331126,80.0
2025-09-20,96,Samora,SAMORA USD PETROL,886.7549668874171,1339.0
2025-09-20,96,Samora,SAMORA USD TAXI DIESEL ,17.006802721088437,25.0
2025-09-20,98,Roadport,ROADPORT USD DIESEL,403.2894736842105,613.0
2025-09-20,98,Roadport,ROADPORT USD DIESEL BUS,1087.1621621621623,1609.0
2025-09-20,98,Roadport,ROAPORT USD PETROL,3341.558441558442,5146.0
2025-09-21,102,Kirkman,KIRKMAN BULK DIESEL USD,1152.0,1670.4
2025-09-21,102,Kirkman,KIRKMAN USD DIESEL,796.6442953020135,1187.0
2025-09-21,102,Kirkman,KIRKMAN USD PETROL,173.02631578947367,263.0
2025-09-21,102,Kirkman,KIR-RACE BRAKEFLUID DOT4+ 500ML,1.0,4.0
2025-09-21,110,Mutare Green Market,MUTARE GREEN MARKET BULK DIESEL,250.0,355.0
2025-09-21,110,Mutare Green Market,MUTARE GREENMARKET USD DIESEL,657.9041095890411,960.53
2025-09-21,110,Mutare Green Market,MUTARE GREENMARKET USD PETROL,1614.4864864864865,2389.44
2025-09-21,112,Marondera,MARONDERA USD DIESEL,443.53741496598644,652.0
2025-09-21,112,Marondera,MARONDERA USD PETROL,1628.476821192053,2459.0
2025-09-21,114,Kadoma,KADOMA USD BULK DIESEL ,200.0,290.0
2025-09-21,114,Kadoma,KADOMA USD DIESEL,846.6216216216219,1253.0
2025-09-21,114,Kadoma,KADOMA USD PETROL,1332.0,1998.0
2025-09-21,121,Gweru,GWERU BULK DIESEL USD,1405.3424657534247,2051.79
2025-09-21,121,Gweru,GWERU USD DIESEL,2633.237297297298,3897.18
2025-09-21,121,Gweru,GWERU USD PETROL,2412.64,3618.96
2025-09-21,123,Fife Street,FIFE USD DIESEL,819.8630136986301,1197.0
2025-09-21,123,Fife Street,FIFE USD PETROL,1084.0,1626.0
2025-09-21,125,Fort Street,FOR-RUBIA SX SAE40 500ML,1.0,3.0
2025-09-21,125,Fort Street,FORT STR BULK DIESEL USD,579.3103448275863,840.0
2025-09-21,125,Fort Street,FORT USD DIESEL,820.408163265306,1206.0
2025-09-21,125,Fort Street,FORT USD PETROL,719.3333333333334,1079.0
2025-09-21,127,Mpopoma,MPOPOMA BULK DIESEL USD,1322.0689655172414,1917.0
2025-09-21,127,Mpopoma,MPOPOMA USD DIESEL,368.7074829931973,542.0
2025-09-21,127,Mpopoma,MPOPOMA USD PETROL,937.3333333333333,1406.0
2025-09-21,129,Khami,KHAMI BULK DIESEL USD,435.86206896551727,632.0
2025-09-21,129,Khami,KHAMI USD DIESEL,650.3401360544217,956.0
2025-09-21,129,Khami,KHAMI USD PETROL,588.6666666666666,883.0
2025-09-21,131,R Mugabe,R MUGABE USD DIESEL,572.6666666666667,859.0
2025-09-21,131,R Mugabe,R MUGABE USD PETROL,1407.236842105263,2139.0
2025-09-21,135,Cripps,CRIPPS BULK DIESEL USD,1264.8275862068967,1834.0
2025-09-21,135,Cripps,CRIPPS DIESEL USD,824.527397260274,1203.81
2025-09-21,135,Cripps,CRIPPS PETROL USD,1060.1351351351354,1569.0
2025-09-21,140,Mutare Second Street,MUTARE SECOND USD DIESEL,1267.123287671233,1850.0
2025-09-21,140,Mutare Second Street,MUTARE SECOND USD PETROL,1150.0540540540544,1702.08
2025-09-21,141,Troutbeck,TRO-RUBIA TIR 7400 15W40 500ML,2.0,6.0
2025-09-21,141,Troutbeck,TRO-RUBIA TIR 7400 SAE 15W40 5L,1.0,25.0
2025-09-21,141,Troutbeck,TROUTBECK BULK DIESEL ,929.5302013422819,1385.0
2025-09-21,141,Troutbeck,TROUTBECK USD DIESEL,1163.3333333333335,1745.0
2025-09-21,141,Troutbeck,TROUTBECK USD PETROL,1465.5844155844156,2257.0
2025-09-21,145,Sunway City,SUN-FLUIDMATIC CVT MV 1L,1.0,10.0
2025-09-21,145,Sunway City,SUN-FLUIDMATIC DIII MV 500ML,7.0,21.0
2025-09-21,145,Sunway City,SUNWAY BULK DIESEL USD,623.0,915.81
2025-09-21,145,Sunway City,SUNWAY USD DIESEL,2612.0,3918.0
2025-09-21,145,Sunway City,SUNWAY USD PETROL,3601.9867549668866,5439.0
2025-09-21,146,Banket,BANKET BULK DIESEL USD,1020.5479452054794,1490.0
2025-09-21,146,Banket,BANKET USD DIESEL,1440.9395973154362,2147.0
2025-09-21,146,Banket,BANKET USD PETROL,3510.5960264900646,5301.0
2025-09-21,146,Banket,BAN-NEPTUNA 2T SUPER SPORT 500ML,1.0,4.0
2025-09-21,146,Banket,BAN-RUBIA SX SAE40 500ML,5.0,15.0
2025-09-21,147,Chinhoyi Main,CHINHOYI BULK DIESEL USD,473.972602739726,692.0
2025-09-21,147,Chinhoyi Main,CHINHOYI MAIN USD DIESEL,651.3333333333334,977.0
2025-09-21,147,Chinhoyi Main,CHINHOYI MAIN USD PETROL,2488.235294117647,3807.0
2025-09-21,148,Chegutu,CHEGUTU USD DIESEL,1528.8590604026845,2278.0
2025-09-21,148,Chegutu,CHEGUTU USD PETROL,1249.6688741721855,1887.0
2025-09-21,148,Chegutu,CHE-QUARTZ 4X4 15W40 500ML,5.0,15.0
2025-09-21,148,Chegutu,CHE-QUARTZ 9000 SAE 5W40 5L,2.0,60.0
2025-09-21,149,Turnpike,TURNPIKE USD DIESEL,964.6666666666667,1447.0
2025-09-21,149,Turnpike,TURNPIKE USD PETROL,1493.4210526315787,2270.0
2025-09-21,149,Turnpike,TUR-QUARTZ 5000 20W50 500ML,1.0,3.0
2025-09-21,149,Turnpike,TUR-RACE BRAKEFLUID DOT4+ 500ML,1.0,4.0
2025-09-21,150,Mutare One Stop,MUTARE ONE STOP DIESEL,1451.3698630136987,2119.0
2025-09-21,150,Mutare One Stop,MUTARE ONE STOP PETROL,870.9459459459459,1289.0
2025-09-21,157,Hatfield,HATFIELD USD DIESEL,44.29530201342282,66.0
2025-09-21,157,Hatfield,HATFIELD USD PETROL,13.422818791946309,20.0
2025-09-21,82,Runiville,RUNIVILLE USD DIESEL,240.26845637583892,358.0
2025-09-21,82,Runiville,RUNIVILLE USD PETROL,146.05263157894737,222.0
2025-09-21,84,Avondale,AVONDALE USD DIESEL,350.6756756756757,519.0
2025-09-21,84,Avondale,AVONDALE USD PETROL,672.6666666666667,1009.0
2025-09-21,86,Charter,CHA-RACE BRAKEFLUID DOT4+ 500ML,1.0,4.0
2025-09-21,86,Charter,CHARTER BULK/TAXI DIESEL ,4109.58904109589,6000.0
2025-09-21,86,Charter,CHARTER USD DIESEL,229.72972972972974,340.0
2025-09-21,86,Charter,CHARTER USD PETROL,1531.3333333333335,2297.0
2025-09-21,88,Seke,SEKE USD DIESEL,2181.081081081081,3228.0
2025-09-21,88,Seke,SEKE USD PETROL,2415.333333333334,3623.0
2025-09-21,92,Msasa,MSASA BULK DIESEL,681.7567567567568,1009.0
2025-09-21,92,Msasa,MSASA USD DIESEL,390.1960784313726,597.0
2025-09-21,92,Msasa,MSASA USD PETROL,411.68831168831167,634.0
2025-09-21,96,Samora,SAMORA USD DIESEL,107.94701986754967,163.0
2025-09-21,96,Samora,SAMORA USD PETROL,1021.1920529801324,1542.0
2025-09-21,98,Roadport,ROADPORT USD DIESEL,1073.0263157894735,1631.0
2025-09-21,98,Roadport,ROADPORT USD DIESEL BUS,1106.7567567567567,1638.0
2025-09-21,98,Roadport,ROAPORT USD PETROL,2181.818181818182,3360.0
2025-09-22,102,Kirkman,KIRKMAN BULK DIESEL USD,1031.54,1495.73
2025-09-22,102,Kirkman,KIRKMAN USD DIESEL,3329.530201342282,4961.0
2025-09-22,102,Kirkman,KIRKMAN USD PETROL,1049.9999999999998,1596.0
2025-09-22,102,Kirkman,KIR-QUARTZ 9000 SAE 5W40 500ML,2.0,10.0
2025-09-22,110,Mutare Green Market,MUTARE GREEN MARKET BULK DIESEL,552.112676056338,784.0
2025-09-22,110,Mutare Green Market,MUTARE GREENMARKET USD DIESEL,405.6164383561644,592.2
2025-09-22,110,Mutare Green Market,MUTARE GREENMARKET USD PETROL,1061.3513513513512,1570.8
2025-09-22,112,Marondera,MARONDERA USD DIESEL,737.4149659863946,1084.0
2025-09-22,112,Marondera,MARONDERA USD PETROL,1523.3774834437086,2300.3
2025-09-22,114,Kadoma,KADOMA USD BULK DIESEL ,1104.2083040112598,1610.0
2025-09-22,114,Kadoma,KADOMA USD DIESEL,783.1081081081084,1159.0
2025-09-22,114,Kadoma,KADOMA USD PETROL,1912.6666666666663,2869.0
2025-09-22,114,Kadoma,KAD-QUARTZ 4X4 15W40 500ML,1.0,3.0
2025-09-22,121,Gweru,GWERU USD DIESEL,2318.6570270270267,3431.61
2025-09-22,121,Gweru,GWERU USD PETROL,1661.6800000000003,2492.52
2025-09-22,123,Fife Street,FIFE USD DIESEL,1389.041095890411,2028.0
2025-09-22,123,Fife Street,FIFE USD PETROL,1599.3333333333333,2399.0
2025-09-22,125,Fort Street,FOR-RACE BRAKEFLUID DOT4+ 500ML,1.0,4.0
2025-09-22,125,Fort Street,FORT STR BULK DIESEL USD,320.0,464.0
2025-09-22,125,Fort Street,FORT USD DIESEL,776.1904761904761,1141.0
2025-09-22,125,Fort Street,FORT USD PETROL,1205.3333333333333,1808.0
2025-09-22,127,Mpopoma,MPOPOMA BULK DIESEL USD,2749.6551724137935,3987.0
2025-09-22,127,Mpopoma,MPOPOMA USD DIESEL,494.55782312925174,727.0
2025-09-22,127,Mpopoma,MPOPOMA USD PETROL,1217.3333333333335,1826.0
2025-09-22,129,Khami,KHAMI BULK DIESEL USD,942.0689655172414,1366.0
2025-09-22,129,Khami,KHAMI USD DIESEL,942.1768707482993,1385.0
2025-09-22,129,Khami,KHAMI USD PETROL,1038.0,1557.0
2025-09-22,131,R Mugabe,R MUGABE USD DIESEL,349.33333333333337,524.0
2025-09-22,131,R Mugabe,R MUGABE USD PETROL,1908.5526315789475,2901.0
2025-09-22,135,Cripps,CRIPPS BULK DIESEL USD,1876.5517241379312,2721.0
2025-09-22,135,Cripps,CRIPPS DIESEL USD,823.2876712328767,1202.0
2025-09-22,135,Cripps,CRIPPS PETROL USD,1598.6486486486483,2366.0
2025-09-22,140,Mutare Second Street,MUTARE SECOND USD DIESEL,916.6712328767125,1338.34
2025-09-22,140,Mutare Second Street,MUTARE SECOND USD PETROL,881.0810810810809,1304.0
2025-09-22,141,Troutbeck,TRO-NEPTUNA 2T SUPER SPORT 500ML,1.0,4.0
2025-09-22,141,Troutbeck,TRO-QUARTZ 9000 SAE 5W40 500ML,2.0,10.0
2025-09-22,141,Troutbeck,TRO-RUBIA TIR 7400 15W40 500ML,2.0,6.0
2025-09-22,141,Troutbeck,TROUTBECK BULK DIESEL ,200.0,298.0
2025-09-22,141,Troutbeck,TROUTBECK USD DIESEL,1250.0,1875.0
2025-09-22,141,Troutbeck,TROUTBECK USD PETROL,1703.8961038961038,2624.0
2025-09-22,145,Sunway City,SUNWAY BULK DIESEL USD,2624.5955138812283,3879.0
2025-09-22,145,Sunway City,SUNWAY USD DIESEL,2243.3333333333335,3365.0
2025-09-22,145,Sunway City,SUNWAY USD PETROL,5490.728476821191,8291.0
2025-09-22,146,Banket,BANKET BULK DIESEL USD,888.5204109589042,1297.22
2025-09-22,146,Banket,BANKET USD DIESEL,489.9328859060404,732.0
2025-09-22,146,Banket,BANKET USD PETROL,2965.8940397351003,4490.0
2025-09-22,146,Banket,BAN-RUBIA TIR 7400 15W40 500ML,1.0,3.0
2025-09-22,146,Banket,BAN-RUBIA TIR 7400 SAE 15W40 5L,1.0,25.0
2025-09-22,147,Chinhoyi Main,CHINHOYI BULK DIESEL USD,883.5336874475818,1292.0
2025-09-22,147,Chinhoyi Main,CHINHOYI MAIN USD DIESEL,900.6666666666666,1351.0
2025-09-22,147,Chinhoyi Main,CHINHOYI MAIN USD PETROL,3637.254901960784,5565.0
2025-09-22,148,Chegutu,CHEGUTU BULK DIESEL USD,204.08163265306123,300.0
2025-09-22,148,Chegutu,CHEGUTU USD DIESEL,1266.4429530201342,1887.0
2025-09-22,148,Chegutu,CHEGUTU USD PETROL,1943.0463576158927,2934.0
2025-09-22,149,Turnpike,TURNPIKE BULK DIESEL USD,578.3783783783783,856.0
2025-09-22,149,Turnpike,TURNPIKE USD DIESEL,1212.6666666666665,1819.0
2025-09-22,149,Turnpike,TURNPIKE USD PETROL,882.8947368421052,1342.0
2025-09-22,149,Turnpike,TUR-RUBIA TIR 7400 15W40 500ML,2.0,6.0
2025-09-22,150,Mutare One Stop,MUTARE ONE STOP DIESEL,1230.821917808219,1797.0
2025-09-22,150,Mutare One Stop,MUTARE ONE STOP PETROL,993.918918918919,1471.0
2025-09-22,157,Hatfield,HATFIELD USD DIESEL,281.87919463087246,420.0
2025-09-22,157,Hatfield,HATFIELD USD PETROL,55.13422818791946,82.15
2025-09-22,82,Runiville,RUNIVILLE BULK DIESEL USD,205.47945205479454,300.0
2025-09-22,82,Runiville,RUNIVILLE USD DIESEL,208.05369127516778,310.0
2025-09-22,82,Runiville,RUNIVILLE USD PETROL,469.07894736842104,713.0
2025-09-22,84,Avondale,AVONDALE USD DIESEL,662.2972972972973,980.2
2025-09-22,84,Avondale,AVONDALE USD PETROL,1068.6666666666667,1603.0
2025-09-22,84,Avondale,SWIFTEX - 628CE,1.0,80.0
2025-09-22,86,Charter,CHARTER BULK/TAXI DIESEL ,3586.9863013698628,5237.0
2025-09-22,86,Charter,CHARTER USD DIESEL,1012.1621621621623,1498.0
2025-09-22,86,Charter,CHARTER USD PETROL,1851.3866666666665,2777.07
2025-09-22,88,Seke,SEKE DIESEL BULK,1567.71,2288.85
2025-09-22,88,Seke,SEKE USD DIESEL,1814.1891891891887,2685.0
2025-09-22,88,Seke,SEKE USD PETROL,839.3333333333333,1259.0
2025-09-22,92,Msasa,MSASA BULK DIESEL,2329.75,3448.03
2025-09-22,92,Msasa,MSASA USD DIESEL,536.5032679738562,820.85
2025-09-22,92,Msasa,MSASA USD PETROL,1148.6883116883116,1768.98
2025-09-22,96,Samora,SAMORA USD DIESEL,102.64900662251655,155.0
2025-09-22,96,Samora,SAMORA USD PETROL,1290.7284768211914,1949.0
2025-09-22,96,Samora,SAMORA USD TAXI DIESEL ,57.882481851801124,86.0
2025-09-22,98,Roadport,ROADPORT USD DIESEL,446.7105263157895,679.0
2025-09-22,98,Roadport,ROADPORT USD DIESEL BUS,942.5675675675676,1395.0
2025-09-22,98,Roadport,ROAPORT USD PETROL,2109.7402597402593,3249.0
2025-09-23,102,Kirkman,KIRKMAN BULK DIESEL USD,2141.3624137931033,3104.96
2025-09-23,102,Kirkman,KIRKMAN USD DIESEL,2979.1946308724832,4439.0
2025-09-23,102,Kirkman,KIRKMAN USD PETROL,986.8421052631579,1500.0
2025-09-23,102,Kirkman,KIR-QUARTZ 3000 SG 20W50 500ML,2.0,6.0
2025-09-23,102,Kirkman,KIR-RACE BRAKEFLUID DOT4+ 500ML,1.0,4.0
2025-09-23,110,Mutare Green Market,MUTARE GREEN MARKET BULK DIESEL,1240.5915492957747,1761.64
2025-09-23,110,Mutare Green Market,MUTARE GREENMARKET USD DIESEL,573.9863013698629,838.01
2025-09-23,110,Mutare Green Market,MUTARE GREENMARKET USD PETROL,1741.1013513513512,2576.83
2025-09-23,112,Marondera,MARONDERA USD DIESEL,678.9115646258504,998.0
2025-09-23,112,Marondera,MARONDERA USD PETROL,1444.3708609271523,2181.0
2025-09-23,114,Kadoma,KADOMA USD BULK DIESEL ,812.9251700680272,1195.0
2025-09-23,114,Kadoma,KADOMA USD DIESEL,1110.1351351351352,1643.0
2025-09-23,114,Kadoma,KADOMA USD PETROL,1961.3333333333333,2942.0
2025-09-23,121,Gweru,GWERU BULK DIESEL USD,3936.4794520547944,5747.26
2025-09-23,121,Gweru,GWERU USD DIESEL,2133.7837837837837,3158.0
2025-09-23,121,Gweru,GWERU USD PETROL,2238.4666666666662,3357.7
2025-09-23,123,Fife Street,FIFE USD DIESEL,2252.7397260273974,3289.0
2025-09-23,123,Fife Street,FIFE USD PETROL,1992.6666666666665,2989.0
2025-09-23,125,Fort Street,FOR-FLUIDMATIC DIII MV 500ML,2.0,6.0
2025-09-23,125,Fort Street,FOR-QUARTZ 4X4 15W40 500ML,2.0,6.0
2025-09-23,125,Fort Street,FOR-RUBIA SX SAE40 500ML,2.0,6.0
2025-09-23,125,Fort Street,FORT STR BULK DIESEL USD,1016.1648275862069,1473.43
2025-09-23,125,Fort Street,FORT USD DIESEL,970.7482993197278,1427.0
2025-09-23,125,Fort Street,FORT USD PETROL,1200.6666666666665,1801.0
2025-09-23,127,Mpopoma,MPOPOMA BULK DIESEL USD,2671.7241379310344,3874.0
2025-09-23,127,Mpopoma,MPOPOMA USD DIESEL,548.9795918367347,807.0
2025-09-23,127,Mpopoma,MPOPOMA USD PETROL,1173.3333333333333,1760.0
2025-09-23,129,Khami,KHAMI BULK DIESEL USD,289.65517241379314,420.0
2025-09-23,129,Khami,KHAMI USD DIESEL,2059.863945578232,3028.0
2025-09-23,129,Khami,KHAMI USD PETROL,978.0000000000001,1467.0
2025-09-23,131,R Mugabe,RM-QUARTZ 5000 20W50 500ML,3.0,9.0
2025-09-23,131,R Mugabe,RM-RUBIA TIR 7400 15W40 500ML,2.0,6.0
2025-09-23,131,R Mugabe,R MUGABE USD DIESEL,922.6666666666665,1384.0
2025-09-23,131,R Mugabe,R MUGABE USD PETROL,1582.236842105263,2405.0
2025-09-23,135,Cripps,CRIPPS BULK DIESEL USD,2747.365517241379,3983.68
2025-09-23,135,Cripps,CRIPPS DIESEL USD,847.2602739726027,1237.0
2025-09-23,135,Cripps,CRIPPS PETROL USD,2081.425675675676,3080.51
2025-09-23,140,Mutare Second Street,MUTARE SECOND USD DIESEL,1326.0273972602738,1936.0
2025-09-23,140,Mutare Second Street,MUTARE SECOND USD PETROL,837.8378378378378,1240.0
2025-09-23,145,Sunway City,SUNWAY BULK DIESEL USD,612.8378378378379,907.0
2025-09-23,145,Sunway City,SUNWAY USD DIESEL,1622.6666666666663,2434.0
2025-09-23,145,Sunway City,SUNWAY USD PETROL,3064.900662251655,4628.0
2025-09-23,146,Banket,BANKET BULK DIESEL USD,1868.2054794520548,2727.58
2025-09-23,146,Banket,BANKET USD DIESEL,866.6666666666667,1300.0
2025-09-23,146,Banket,BANKET USD PETROL,2140.1315789473697,3253.0
2025-09-23,147,Chinhoyi Main,CHINHOYI BULK DIESEL USD,100.0,147.0
2025-09-23,147,Chinhoyi Main,CHINHOYI MAIN USD DIESEL,881.3333333333334,1322.0
2025-09-23,147,Chinhoyi Main,CHINHOYI MAIN USD PETROL,1762.0915032679738,2696.0
2025-09-23,147,Chinhoyi Main,CHI-QUARTZ 9000 SAE 5W40 500ML,2.0,10.0
2025-09-23,148,Chegutu,CHEGUTU BULK DIESEL USD,304.0816326530612,447.0
2025-09-23,148,Chegutu,CHEGUTU USD DIESEL,987.9194630872481,1472.0
2025-09-23,148,Chegutu,CHEGUTU USD PETROL,2074.172185430463,3132.0
2025-09-23,149,Turnpike,TURNPIKE BULK DIESEL USD,200.0,296.0
2025-09-23,149,Turnpike,TURNPIKE USD DIESEL,1333.9999999999998,2001.0
2025-09-23,149,Turnpike,TURNPIKE USD PETROL,815.7894736842105,1240.0
2025-09-23,149,Turnpike,TUR-QUARTZ 9000 SAE 5W40 500ML,2.0,10.0
2025-09-23,149,Turnpike,TUR-RACE BRAKEFLUID DOT4+ 500ML,2.0,8.0
2025-09-23,149,Turnpike,TUR-RUBIA SX SAE40 500ML,3.0,9.0
2025-09-23,150,Mutare One Stop,MUTARE ONE STOP DIESEL,85.61643835616438,125.0
2025-09-23,150,Mutare One Stop,MUTARE ONE STOP PETROL,172.2972972972973,255.0
2025-09-23,157,Hatfield,HATFIELD USD DIESEL,125.503355704698,187.0
2025-09-23,157,Hatfield,HATFIELD USD PETROL,75.40268456375838,112.35
2025-09-23,159,Gwanda ,GWANDA BULK USD DIESEL ,226.66666666666666,340.0
2025-09-23,159,Gwanda ,GWANDA USD DIESEL,155.84415584415584,240.0
2025-09-23,82,Runiville,RUNIVILLE USD DIESEL,341.61073825503354,509.0
2025-09-23,82,Runiville,RUNIVILLE USD PETROL,376.31578947368416,572.0
2025-09-23,82,Runiville,RUN-QUARTZ 9000 SAE 5W40 500ML,2.0,10.0
2025-09-23,82,Runiville,RUN-RUBIA SX SAE40 500ML,3.0,9.0
2025-09-23,84,Avondale,AVONDALE USD DIESEL,547.4324324324324,810.2
2025-09-23,84,Avondale,AVONDALE USD PETROL,1115.3333333333333,1673.0
2025-09-23,84,Avondale,AVO-SWIFTEX BATTERY 652P,1.0,110.0
2025-09-23,86,Charter,CHA-QUARTZ 9000 SAE 5W40 500ML,1.0,5.0
2025-09-23,86,Charter,CHARTER BULK/TAXI DIESEL ,2656.1643835616433,3878.0
2025-09-23,86,Charter,CHARTER USD DIESEL,658.1081081081082,974.0
2025-09-23,86,Charter,CHARTER USD PETROL,1862.666666666667,2794.0
2025-09-23,86,Charter,CHA-RUBIA TIR 7400 15W40 500ML,3.0,9.0
2025-09-23,88,Seke,SEKE USD DIESEL,2570.270270270269,3804.0
2025-09-23,88,Seke,SEKE USD PETROL,2216.0,3324.0
2025-09-23,92,Msasa,MSASA BULK DIESEL,632.4324324324325,936.0
2025-09-23,92,Msasa,MSASA USD DIESEL,1058.0784313725492,1618.86
2025-09-23,92,Msasa,MSASA USD PETROL,596.1038961038962,918.0
2025-09-23,96,Samora,SAMORA USD DIESEL,258.27814569536423,390.0
2025-09-23,96,Samora,SAMORA USD PETROL,1547.8344370860923,2337.23
2025-09-23,96,Samora,SAMORA USD TAXI DIESEL ,11.926174496644295,17.77
2025-09-23,98,Roadport,ROADPORT USD DIESEL,917.1052631578946,1394.0
2025-09-23,98,Roadport,ROADPORT USD DIESEL BUS,1571.6216216216217,2326.0
2025-09-23,98,Roadport,ROAPORT USD PETROL,2634.415584415584,4057.0
2025-09-24,102,Kirkman,KIRKMAN BULK DIESEL USD,332.4137931034483,482.0
2025-09-24,102,Kirkman,KIRKMAN USD DIESEL,1064.4295302013422,1586.0
2025-09-24,102,Kirkman,KIRKMAN USD PETROL,1089.4736842105262,1656.0
2025-09-24,102,Kirkman,KIR-QUARTZ 3000 SG 20W50 500ML,5.0,15.0
2025-09-24,110,Mutare Green Market,MUTARE GREEN MARKET BULK DIESEL,1016.9014084507044,1444.0
2025-09-24,110,Mutare Green Market,MUTARE GREENMARKET USD DIESEL,900.0479452054793,1314.06
2025-09-24,110,Mutare Green Market,MUTARE GREENMARKET USD PETROL,1295.027027027027,1916.64
2025-09-24,112,Marondera,MARONDERA USD DIESEL,734.6938775510205,1080.0
2025-09-24,112,Marondera,MARONDERA USD PETROL,1432.450331125828,2163.0
2025-09-24,114,Kadoma,KADOMA USD BULK DIESEL ,1576.1904761904761,2317.0
2025-09-24,114,Kadoma,KADOMA USD DIESEL,937.1621621621623,1387.0
2025-09-24,114,Kadoma,KADOMA USD PETROL,1357.3333333333335,2036.0
2025-09-24,114,Kadoma,KAD-RACE BRAKEFLUID DOT4+ 500ML,1.0,4.0
2025-09-24,121,Gweru,GWE-QUARTZ 5000 20W50 500ML,2.0,6.0
2025-09-24,121,Gweru,GWERU BULK DIESEL USD,1680.0,2452.79
2025-09-24,121,Gweru,GWERU USD DIESEL,2035.4918918918918,3012.52
2025-09-24,121,Gweru,GWERU USD PETROL,1210.9533333333334,1816.43
2025-09-24,123,Fife Street,FIFE USD DIESEL,1617.123287671233,2361.0
2025-09-24,123,Fife Street,FIFE USD PETROL,1729.3333333333333,2594.0
2025-09-24,125,Fort Street,FOR-RUBIA SX SAE40 500ML,1.0,3.0
2025-09-24,125,Fort Street,FORT STR BULK DIESEL USD,904.1379310344828,1311.0
2025-09-24,125,Fort Street,FORT USD DIESEL,1020.4081632653061,1500.0
2025-09-24,125,Fort Street,FORT USD PETROL,916.0,1374.0
2025-09-24,127,Mpopoma,MPO-FLUIDMATIC DIII MV 500ML,2.0,6.0
2025-09-24,127,Mpopoma,MPOPOMA BULK DIESEL USD,1028.9655172413793,1492.0
2025-09-24,127,Mpopoma,MPOPOMA USD DIESEL,657.1428571428571,966.0
2025-09-24,127,Mpopoma,MPOPOMA USD PETROL,1145.3333333333335,1718.0
2025-09-24,127,Mpopoma,MPO-QUARTZ 5000 20W50 500ML,2.0,6.0
2025-09-24,127,Mpopoma,MPO-QUARTZ 5000 20W50 5L,1.0,22.0
2025-09-24,127,Mpopoma,MPO-QUARTZ 9000 SAE 5W40 500ML,2.0,10.0
2025-09-24,127,Mpopoma,MPO-QUARTZ 9000 SAE 5W40 5L,1.0,30.0
2025-09-24,127,Mpopoma,MPO-RACE BRAKEFLUID DOT4+ 500ML,1.0,4.0
2025-09-24,127,Mpopoma,MPO-RUBIA SX SAE40 500ML,1.0,3.0
2025-09-24,127,Mpopoma,MPO-RUBIA TIR 7400 15W40 500ML,2.0,6.0
2025-09-24,127,Mpopoma,MPO-RUBIA TIR 7400 SAE 15W40 5L,2.0,50.0
2025-09-24,129,Khami,KHAMI BULK DIESEL USD,2813.793103448276,4080.0
2025-09-24,129,Khami,KHAMI USD DIESEL,1340.8163265306123,1971.0
2025-09-24,129,Khami,KHAMI USD PETROL,968.0,1452.0
2025-09-24,129,Khami,KHA-RUBIA SX SAE40 500ML,2.0,6.0
2025-09-24,131,R Mugabe,R MUGABE USD DIESEL,582.6666666666666,874.0
2025-09-24,131,R Mugabe,R MUGABE USD PETROL,1632.236842105263,2481.0
2025-09-24,135,Cripps,CRIPPS BULK DIESEL USD,2296.3310344827587,3329.68
2025-09-24,135,Cripps,CRIPPS DIESEL USD,1230.821917808219,1797.0
2025-09-24,135,Cripps,CRIPPS PETROL USD,1714.864864864865,2538.0
2025-09-24,140,Mutare Second Street,MUTARE SECOND USD DIESEL,521.917808219178,762.0
2025-09-24,140,Mutare Second Street,MUTARE SECOND USD PETROL,824.3243243243245,1220.0
2025-09-24,141,Troutbeck,TRO-RUBIA TIR 7400 SAE 15W40 5L,1.0,25.0
2025-09-24,141,Troutbeck,TROUTBECK BULK DIESEL ,2657.046979865772,3959.0
2025-09-24,141,Troutbeck,TROUTBECK USD DIESEL,1000.0,1500.0
2025-09-24,141,Troutbeck,TROUTBECK USD PETROL,3038.311688311688,4679.0
2025-09-24,145,Sunway City,SUN-FLUIDMATIC DIII MV 500ML,1.0,3.0
2025-09-24,145,Sunway City,SUN-QUARTZ 4X4 15W40 5L,1.0,20.0
2025-09-24,145,Sunway City,SUN-QUARTZ 9000 SAE 5W40 500ML,1.0,5.0
2025-09-24,145,Sunway City,SUNWAY BULK DIESEL USD,1643.5405405405406,2432.44
2025-09-24,145,Sunway City,SUNWAY USD DIESEL,1845.3333333333333,2768.0
2025-09-24,145,Sunway City,SUNWAY USD PETROL,2226.4900662251653,3362.0
2025-09-24,146,Banket,BANKET BULK DIESEL USD,494.722602739726,722.29
2025-09-24,146,Banket,BANKET USD DIESEL,347.3333333333334,521.0
2025-09-24,146,Banket,BANKET USD PETROL,1957.894736842104,2976.0
2025-09-24,147,Chinhoyi Main,CHINHOYI BULK DIESEL USD,500.0,735.0
2025-09-24,147,Chinhoyi Main,CHINHOYI MAIN USD DIESEL,655.3333333333334,983.0
2025-09-24,147,Chinhoyi Main,CHINHOYI MAIN USD PETROL,1945.0980392156862,2976.0
2025-09-24,147,Chinhoyi Main,CHI-QUARTZ 5000 20W50 500ML,2.0,6.0
2025-09-24,147,Chinhoyi Main,CHI-RUBIA TIR 7400 15W40 500ML,1.0,3.0
2025-09-24,148,Chegutu,CHEGUTU BULK DIESEL USD,806.8027210884354,1186.0
2025-09-24,148,Chegutu,CHEGUTU USD DIESEL,1248.9932885906042,1861.0
2025-09-24,148,Chegutu,CHEGUTU USD PETROL,1381.4569536423837,2086.0
2025-09-24,149,Turnpike,TUR-FLUIDMATIC CVT MV 1L,1.0,10.0
2025-09-24,149,Turnpike,TURNPIKE BULK DIESEL USD,726.97,1075.91
2025-09-24,149,Turnpike,TURNPIKE USD DIESEL,880.0,1320.0
2025-09-24,149,Turnpike,TURNPIKE USD PETROL,740.1315789473684,1125.0
2025-09-24,150,Mutare One Stop,MUTARE ONE STOP DIESEL,133.56164383561645,195.0
2025-09-24,150,Mutare One Stop,MUTARE ONE STOP PETROL,190.54054054054052,282.0
2025-09-24,157,Hatfield,HATFIELD USD DIESEL,73.8255033557047,110.0
2025-09-24,157,Hatfield,HATFIELD USD PETROL,90.63758389261744,135.05
2025-09-24,159,Gwanda ,GWANDA BULK USD DIESEL ,120.0,180.0
2025-09-24,159,Gwanda ,GWANDA USD DIESEL,144.15584415584416,222.0
2025-09-24,82,Runiville,RUNIVILLE BULK DIESEL USD,125.34246575342466,183.0
2025-09-24,82,Runiville,RUNIVILLE USD DIESEL,143.6241610738255,214.0
2025-09-24,82,Runiville,RUNIVILLE USD PETROL,344.07894736842104,523.0
2025-09-24,82,Runiville,RUN-QUARTZ 3000 SG 20W50 500ML,2.0,6.0
2025-09-24,84,Avondale,AVONDALE USD DIESEL,316.2162162162162,468.0
2025-09-24,84,Avondale,AVONDALE USD PETROL,1521.3333333333333,2282.0
2025-09-24,86,Charter,CHARTER BULK/TAXI DIESEL ,2682.8767123287676,3917.0
2025-09-24,86,Charter,CHARTER USD DIESEL,547.972972972973,811.0
2025-09-24,86,Charter,CHARTER USD PETROL,1241.3333333333335,1862.0
2025-09-24,88,Seke,SEKE USD DIESEL,1431.0810810810813,2118.0
2025-09-24,88,Seke,SEKE USD PETROL,806.6666666666667,1210.0
2025-09-24,92,Msasa,MSASA BULK DIESEL,1454.9662162162163,2153.35
2025-09-24,92,Msasa,MSASA USD DIESEL,783.372549019608,1198.55
2025-09-24,92,Msasa,MSASA USD PETROL,957.1883116883116,1474.07
2025-09-24,96,Samora,SAMORA USD DIESEL,72.8476821192053,110.0
2025-09-24,96,Samora,SAMORA USD PETROL,939.7350993377485,1419.0
2025-09-24,96,Samora,SAMORA USD TAXI DIESEL ,185.90604026845637,277.0
2025-09-24,96,Samora,SAM-QUARTZ 5000 20W50 500ML,2.0,6.0
2025-09-24,98,Roadport,ROADPORT USD DIESEL,1063.8157894736842,1617.0
2025-09-24,98,Roadport,ROADPORT USD DIESEL BUS,762.8437837837838,1129.0
2025-09-24,98,Roadport,ROAPORT USD PETROL,2603.896103896104,4010.0
2025-09-25,102,Kirkman,KIRKMAN BULK DIESEL USD,699.9986206896551,1014.99
2025-09-25,102,Kirkman,KIRKMAN USD DIESEL,385.90604026845637,575.0
2025-09-25,102,Kirkman,KIRKMAN USD PETROL,495.7302631578948,753.51
2025-09-25,110,Mutare Green Market,MUTARE GREEN MARKET BULK DIESEL,938.0281690140846,1332.0
2025-09-25,110,Mutare Green Market,MUTARE GREENMARKET USD DIESEL,424.86301369863014,620.29
2025-09-25,110,Mutare Green Market,MUTARE GREENMARKET USD PETROL,730.6756756756757,1081.4
2025-09-25,112,Marondera,MARONDERA USD DIESEL,782.312925170068,1150.0
2025-09-25,112,Marondera,MARONDERA USD PETROL,1288.7417218543046,1946.0
2025-09-25,112,Marondera,MAR-RACE BRAKEFLUID DOT4+ 500ML,1.0,4.0
2025-09-25,114,Kadoma,KADOMA USD BULK DIESEL ,525.1700680272108,772.0
2025-09-25,114,Kadoma,KADOMA USD DIESEL,1374.324324324324,2034.0
2025-09-25,114,Kadoma,KADOMA USD PETROL,1686.0,2529.0
2025-09-25,114,Kadoma,KAD-QUARTZ 9000 SAE 5W40 500ML,2.0,10.0
2025-09-25,121,Gweru,GWE-FLUIDMATIC DIII MV 500ML,1.0,3.0
2025-09-25,121,Gweru,GWE-QUARTZ 5000 20W50 500ML,4.0,12.0
2025-09-25,121,Gweru,GWE-QUARTZ 5000 20W50 5L,1.0,22.0
2025-09-25,121,Gweru,GWE-RACE BRAKEFLUID DOT4+ 500ML,1.0,4.0
2025-09-25,121,Gweru,GWE-RUBIA SX SAE40 500ML,1.0,3.0
2025-09-25,121,Gweru,GWERU USD DIESEL,2025.9010810810812,2998.33
2025-09-25,121,Gweru,GWERU USD PETROL,1774.7333333333333,2662.1
2025-09-25,123,Fife Street,FIFE USD DIESEL,1200.3013698630139,1752.44
2025-09-25,123,Fife Street,FIFE USD PETROL,1007.3333333333333,1511.0
2025-09-25,125,Fort Street,FORT STR BULK DIESEL USD,630.3448275862069,914.0
2025-09-25,125,Fort Street,FORT USD DIESEL,687.0748299319728,1010.0
2025-09-25,125,Fort Street,FORT USD PETROL,1040.6666666666665,1561.0
2025-09-25,127,Mpopoma,MPOPOMA BULK DIESEL USD,2479.310344827586,3595.0
2025-09-25,127,Mpopoma,MPOPOMA USD DIESEL,538.7755102040817,792.0
2025-09-25,127,Mpopoma,MPOPOMA USD PETROL,1304.6666666666665,1957.0
2025-09-25,129,Khami,KHAMI BULK DIESEL USD,1109.655172413793,1609.0
2025-09-25,129,Khami,KHAMI USD DIESEL,1462.5850340136055,2150.0
2025-09-25,129,Khami,KHAMI USD PETROL,874.0,1311.0
2025-09-25,131,R Mugabe,R MUGABE USD DIESEL,1032.0,1548.0
2025-09-25,131,R Mugabe,R MUGABE USD PETROL,1118.421052631579,1700.0
2025-09-25,135,Cripps,CRIPPS BULK DIESEL USD,2900.689655172414,4206.0
2025-09-25,135,Cripps,CRIPPS DIESEL USD,1183.4246575342465,1727.8
2025-09-25,135,Cripps,CRIPPS PETROL USD,2104.72972972973,3115.0
2025-09-25,140,Mutare Second Street,MUTARE SECOND USD BULK DIESEL,154.22535211267606,219.0
2025-09-25,140,Mutare Second Street,MUTARE SECOND USD DIESEL,983.8630136986301,1436.44
2025-09-25,140,Mutare Second Street,MUTARE SECOND USD PETROL,897.972972972973,1329.0
2025-09-25,141,Troutbeck,TRO-QUARTZ 9000 SAE 5W40 5L,2.0,60.0
2025-09-25,141,Troutbeck,TRO-RUBIA TIR 7400 SAE 15W40 5L,3.0,75.0
2025-09-25,141,Troutbeck,TROUTBECK BULK DIESEL ,1940.939597315436,2892.0
2025-09-25,141,Troutbeck,TROUTBECK USD DIESEL,848.6666666666667,1273.0
2025-09-25,141,Troutbeck,TROUTBECK USD PETROL,1453.7662337662337,2238.8
2025-09-25,145,Sunway City,SUN-FLUIDMATIC CVT MV 1L,1.0,10.0
2025-09-25,145,Sunway City,SUN-QUARTZ 4X4 15W40 500ML,2.0,6.0
2025-09-25,145,Sunway City,SUN-QUARTZ 5000 20W50 500ML,2.0,6.0
2025-09-25,145,Sunway City,SUN-QUARTZ 9000 SAE 5W40 500ML,2.0,10.0
2025-09-25,145,Sunway City,SUN-RUBIA TIR 7400 15W40 500ML,5.0,15.0
2025-09-25,145,Sunway City,SUNWAY BULK DIESEL USD,1781.0810810810813,2636.0
2025-09-25,145,Sunway City,SUNWAY USD DIESEL,1509.3333333333335,2264.0
2025-09-25,145,Sunway City,SUNWAY USD PETROL,3521.8543046357613,5318.0
2025-09-25,146,Banket,BANKET BULK DIESEL USD,533.63,779.09
2025-09-25,146,Banket,BANKET USD DIESEL,990.6666666666666,1486.0
2025-09-25,146,Banket,BANKET USD PETROL,2369.0789473684213,3601.0
2025-09-25,146,Banket,BAN-NEPTUNA 2T SUPER SPORT 500ML,2.0,8.0
2025-09-25,147,Chinhoyi Main,CHINHOYI BULK DIESEL USD,406.12244897959187,597.0
2025-09-25,147,Chinhoyi Main,CHINHOYI MAIN USD DIESEL,755.3333333333334,1133.0
2025-09-25,147,Chinhoyi Main,CHINHOYI MAIN USD PETROL,2882.3529411764707,4410.0
2025-09-25,148,Chegutu,CHEGUTU BULK DIESEL USD,505.4421768707483,743.0
2025-09-25,148,Chegutu,CHEGUTU USD DIESEL,936.241610738255,1395.0
2025-09-25,148,Chegutu,CHEGUTU USD PETROL,1955.6291390728475,2953.0
2025-09-25,149,Turnpike,TURNPIKE BULK DIESEL USD,686.6600000000001,1016.24
2025-09-25,149,Turnpike,TURNPIKE USD DIESEL,888.6666666666666,1333.0
2025-09-25,149,Turnpike,TURNPIKE USD PETROL,1178.2894736842106,1791.0
2025-09-25,149,Turnpike,TUR-QUARTZ 5000 20W50 500ML,1.0,3.0
2025-09-25,149,Turnpike,TUR-QUARTZ 9000 SAE 5W40 500ML,1.0,5.0
2025-09-25,149,Turnpike,TUR-RACE BRAKEFLUID DOT4+ 500ML,3.0,12.0
2025-09-25,149,Turnpike,TUR-RUBIA SX SAE40 500ML,1.0,3.0
2025-09-25,150,Mutare One Stop,MUTARE ONE STOP DIESEL,1619.3150684931509,2364.2
2025-09-25,150,Mutare One Stop,MUTARE ONE STOP PETROL,844.5743243243244,1249.97
2025-09-25,157,Hatfield,HATFIELD USD DIESEL,67.11409395973155,100.0
2025-09-25,157,Hatfield,HATFIELD USD PETROL,13.422818791946309,20.0
2025-09-25,159,Gwanda ,GWANDA USD DIESEL,168.83116883116884,260.0
2025-09-25,82,Runiville,RUNIVILLE BULK DIESEL USD,205.47945205479454,300.0
2025-09-25,82,Runiville,RUNIVILLE USD DIESEL,120.80536912751677,180.0
2025-09-25,82,Runiville,RUNIVILLE USD PETROL,340.7894736842105,518.0
2025-09-25,84,Avondale,AVONDALE USD DIESEL,170.94594594594597,253.0
2025-09-25,84,Avondale,AVONDALE USD PETROL,1064.6666666666667,1597.0
2025-09-25,86,Charter,CHARTER BULK/TAXI DIESEL ,3741.095890410959,5462.0
2025-09-25,86,Charter,CHARTER USD DIESEL,667.5675675675676,988.0
2025-09-25,86,Charter,CHARTER USD PETROL,1930.6666666666665,2896.0
2025-09-25,86,Charter,CHA-RUBIA TIR 7400 15W40 500ML,2.0,6.0
2025-09-25,88,Seke,SEKE USD DIESEL,1816.8918918918919,2689.0
2025-09-25,88,Seke,SEKE USD PETROL,2216.666666666667,3325.0
2025-09-25,92,Msasa,MSASA BULK DIESEL,1901.945945945946,2814.88
2025-09-25,92,Msasa,MSASA USD DIESEL,793.156862745098,1213.53
2025-09-25,92,Msasa,MSASA USD PETROL,727.3051948051949,1120.05
2025-09-25,96,Samora,SAMORA USD DIESEL,252.9801324503311,382.0
2025-09-25,96,Samora,SAMORA USD PETROL,1335.4768211920532,2016.57
2025-09-25,96,Samora,SAMORA USD TAXI DIESEL ,179.86577181208054,268.0
2025-09-25,98,Roadport,ROADPORT USD DIESEL,510.52631578947364,776.0
2025-09-25,98,Roadport,ROADPORT USD DIESEL BUS,1005.4054054054054,1488.0
2025-09-25,98,Roadport,ROAPORT USD PETROL,3417.532467532467,5263.0
2025-09-26,102,Kirkman,KIRKMAN BULK DIESEL USD,1475.85,2139.97
2025-09-26,102,Kirkman,KIRKMAN USD DIESEL,942.9530201342282,1405.0
2025-09-26,102,Kirkman,KIRKMAN USD PETROL,1003.9473684210525,1526.0
2025-09-26,102,Kirkman,KIR-QUARTZ 3000 SG 20W50 500ML,1.0,3.0
2025-09-26,102,Kirkman,KIR-QUARTZ 4X4 15W40 500ML,1.0,3.0
2025-09-26,102,Kirkman,KIR-QUARTZ 7000 SAE 15W50 500ML,2.0,8.0
2025-09-26,102,Kirkman,KIR-RACE BRAKEFLUID DOT4+ 500ML,2.0,8.0
2025-09-26,110,Mutare Green Market,MUTARE GREEN MARKET BULK DIESEL,980.2732394366197,1391.98
2025-09-26,110,Mutare Green Market,MUTARE GREENMARKET USD DIESEL,1392.3246575342466,2032.79
2025-09-26,110,Mutare Green Market,MUTARE GREENMARKET USD PETROL,1575.9189189189187,2332.35
2025-09-26,112,Marondera,MARONDERA USD DIESEL,640.1360544217687,941.0
2025-09-26,112,Marondera,MARONDERA USD PETROL,1298.6754966887418,1961.0
2025-09-26,114,Kadoma,KADOMA USD BULK DIESEL ,394.5578231292517,580.0
2025-09-26,114,Kadoma,KADOMA USD DIESEL,658.1081081081081,974.0
2025-09-26,114,Kadoma,KADOMA USD PETROL,1894.6666666666665,2842.0
2025-09-26,121,Gweru,GWERU BULK DIESEL USD,833.0,1216.18
2025-09-26,121,Gweru,GWERU USD DIESEL,2394.5945945945946,3544.0
2025-09-26,121,Gweru,GWERU USD PETROL,2844.1566666666668,4266.23
2025-09-26,123,Fife Street,FIFE USD DIESEL,1809.5890410958903,2642.0
2025-09-26,123,Fife Street,FIFE USD PETROL,2258.6666666666665,3388.0
2025-09-26,125,Fort Street,FORT STR BULK DIESEL USD,1723.4482758620688,2499.0
2025-09-26,125,Fort Street,FORT USD DIESEL,631.9727891156463,929.0
2025-09-26,125,Fort Street,FORT USD PETROL,618.0,927.0
2025-09-26,127,Mpopoma,MPOPOMA BULK DIESEL USD,2110.344827586207,3060.0
2025-09-26,127,Mpopoma,MPOPOMA USD DIESEL,391.83673469387753,576.0
2025-09-26,127,Mpopoma,MPOPOMA USD PETROL,1191.3333333333335,1787.0
2025-09-26,129,Khami,KHAMI BULK DIESEL USD,579.3103448275863,840.0
2025-09-26,129,Khami,KHAMI USD DIESEL,1391.156462585034,2045.0
2025-09-26,129,Khami,KHAMI USD PETROL,885.3333333333335,1328.0
2025-09-26,129,Khami,KHA-RACE BRAKEFLUID DOT4+ 500ML,1.0,4.0
2025-09-26,131,R Mugabe,RM-QUARTZ 5000 20W50 500ML,1.0,3.0
2025-09-26,131,R Mugabe,RM-RACE BRAKEFLUID DOT4+ 500ML,2.0,8.0
2025-09-26,131,R Mugabe,RM-RUBIA TIR 7400 15W40 500ML,5.0,15.0
2025-09-26,131,R Mugabe,R MUGABE USD DIESEL,361.33333333333337,542.0
2025-09-26,131,R Mugabe,R MUGABE USD PETROL,1909.2105263157891,2902.0
2025-09-26,135,Cripps,CRIPPS BULK DIESEL USD,982.7586206896552,1425.0
2025-09-26,135,Cripps,CRIPPS DIESEL USD,1174.6575342465753,1715.0
2025-09-26,135,Cripps,CRIPPS PETROL USD,692.5675675675678,1025.0
2025-09-26,140,Mutare Second Street,MUTARE SECOND USD BULK DIESEL,105.63380281690141,150.0
2025-09-26,140,Mutare Second Street,MUTARE SECOND USD DIESEL,668.4931506849315,976.0
2025-09-26,140,Mutare Second Street,MUTARE SECOND USD PETROL,654.054054054054,968.0
2025-09-26,145,Sunway City,SUN-QUARTZ 9000 SAE 5W40 500ML,1.0,5.0
2025-09-26,145,Sunway City,SUNWAY BULK DIESEL USD,553.3783783783783,819.0
2025-09-26,145,Sunway City,SUNWAY USD DIESEL,3724.0,5586.0
2025-09-26,145,Sunway City,SUNWAY USD PETROL,2541.271523178808,3837.32
2025-09-26,146,Banket,BANKET BULK DIESEL USD,691.7808219178082,1010.0
2025-09-26,146,Banket,BANKET USD DIESEL,1312.6666666666667,1969.0
2025-09-26,146,Banket,BANKET USD PETROL,1469.7368421052631,2234.0
2025-09-26,146,Banket,BAN-RUBIA TIR 7400 15W40 500ML,4.0,12.0
2025-09-26,147,Chinhoyi Main,CHINHOYI BULK DIESEL USD,400.0,588.0
2025-09-26,147,Chinhoyi Main,CHINHOYI MAIN USD DIESEL,581.3333333333333,872.0
2025-09-26,147,Chinhoyi Main,CHINHOYI MAIN USD PETROL,4193.4640522875825,6416.0
2025-09-26,148,Chegutu,CHEGUTU BULK DIESEL USD,1244.21768707483,1829.0
2025-09-26,148,Chegutu,CHEGUTU USD DIESEL,706.0402684563761,1052.0
2025-09-26,148,Chegutu,CHEGUTU USD PETROL,2431.788079470198,3672.0
2025-09-26,148,Chegutu,CHE-QUARTZ 9000 SAE 5W40 500ML,4.0,20.0
2025-09-26,149,Turnpike,TURNPIKE USD DIESEL,670.6666666666666,1006.0
2025-09-26,149,Turnpike,TURNPIKE USD PETROL,1186.842105263158,1804.0
2025-09-26,150,Mutare One Stop,MUTARE ONE STOP DIESEL,1158.9383561643838,1692.05
2025-09-26,150,Mutare One Stop,MUTARE ONE STOP PETROL,1060.2297297297298,1569.14
2025-09-26,157,Hatfield,HATFIELD USD DIESEL,34.22818791946309,51.0
2025-09-26,157,Hatfield,HATFIELD USD PETROL,27.516778523489933,41.0
2025-09-26,159,Gwanda ,GWANDA USD DIESEL,76.62337662337661,118.0
2025-09-26,82,Runiville,RUN-FLUIDMATIC DIII MV 500ML,1.0,3.0
2025-09-26,82,Runiville,RUNIVILLE BULK DIESEL USD,88.35616438356165,129.0
2025-09-26,82,Runiville,RUNIVILLE USD DIESEL,111.46308724832215,166.08
2025-09-26,82,Runiville,RUNIVILLE USD PETROL,328.9473684210526,500.0
2025-09-26,82,Runiville,RUN-QUARTZ 4X4 15W40 500ML,3.0,9.0
2025-09-26,82,Runiville,RUN-QUARTZ 5000 20W50 500ML,1.0,3.0
2025-09-26,82,Runiville,RUN-RUBIA TIR 7400 15W40 500ML,1.0,3.0
2025-09-26,84,Avondale,AVONDALE USD DIESEL,145.27027027027026,215.0
2025-09-26,84,Avondale,AVONDALE USD PETROL,848.0,1272.0
2025-09-26,86,Charter,CHARTER BULK/TAXI DIESEL ,2037.6712328767123,2975.0
2025-09-26,86,Charter,CHARTER USD DIESEL,795.9459459459459,1178.0
2025-09-26,86,Charter,CHARTER USD PETROL,1560.6666666666667,2341.0
2025-09-26,86,Charter,CHA-RUBIA TIR 7400 15W40 500ML,1.0,3.0
2025-09-26,88,Seke,SEKE DIESEL BULK,400.0,584.0
2025-09-26,88,Seke,SEKE USD DIESEL,1566.2162162162158,2318.0
2025-09-26,88,Seke,SEKE USD PETROL,2088.0,3132.0
2025-09-26,92,Msasa,MSASA BULK DIESEL,279.72972972972974,414.0
2025-09-26,92,Msasa,MSASA USD DIESEL,611.7647058823529,936.0
2025-09-26,92,Msasa,MSASA USD PETROL,664.2857142857142,1023.0
2025-09-26,96,Samora,SAMORA USD DIESEL,211.25827814569536,319.0
2025-09-26,96,Samora,SAMORA USD PETROL,1152.9801324503312,1741.0
2025-09-26,96,Samora,SAMORA USD TAXI DIESEL ,69.79865771812081,104.0
2025-09-26,98,Roadport,ROADPORT USD DIESEL,1119.078947368421,1701.0
2025-09-26,98,Roadport,ROADPORT USD DIESEL BUS,1100.6756756756758,1629.0
2025-09-26,98,Roadport,ROAPORT USD PETROL,2779.4675324675322,4280.38
2025-09-26,98,Roadport,ROD-SWIFTEX BATTERY 631C,1.0,85.0
2025-09-27,102,Kirkman,KIR-FLUIDMATIC CVT MV 1L,1.0,10.0
2025-09-27,102,Kirkman,KIRKMAN BULK DIESEL USD,2631.0344827586205,3815.0
2025-09-27,102,Kirkman,KIRKMAN USD DIESEL,825.503355704698,1230.0
2025-09-27,102,Kirkman,KIRKMAN USD PETROL,1308.5526315789473,1989.0
2025-09-27,110,Mutare Green Market,MUTARE GREEN MARKET BULK DIESEL,488.02816901408454,693.0
2025-09-27,110,Mutare Green Market,MUTARE GREENMARKET USD DIESEL,763.0890410958905,1114.11
2025-09-27,110,Mutare Green Market,MUTARE GREENMARKET USD PETROL,1725.8040540540544,2554.19
2025-09-27,112,Marondera,MARONDERA USD DIESEL,621.7687074829932,914.0
2025-09-27,112,Marondera,MARONDERA USD PETROL,1337.0860927152319,2019.0
2025-09-27,114,Kadoma,KADOMA USD BULK DIESEL ,136.0544217687075,200.0
2025-09-27,114,Kadoma,KADOMA USD DIESEL,835.1351351351352,1236.0
2025-09-27,114,Kadoma,KADOMA USD PETROL,1568.6666666666665,2353.0
2025-09-27,114,Kadoma,KAD-RACE BRAKEFLUID DOT4+ 500ML,1.0,4.0
2025-09-27,121,Gweru,GWERU BULK DIESEL USD,2251.0,3286.46
2025-09-27,121,Gweru,GWERU USD DIESEL,2599.368648648648,3847.06
2025-09-27,121,Gweru,GWERU USD PETROL,2054.8933333333334,3082.34
2025-09-27,123,Fife Street,FIFE USD DIESEL,1754.1095890410961,2561.0
2025-09-27,123,Fife Street,FIFE USD PETROL,2302.0,3453.0
2025-09-27,123,Fife Street,FIF-QUARTZ 5000 20W50 500ML,1.0,3.0
2025-09-27,123,Fife Street,FIF-QUARTZ 9000 SAE 5W40 500ML,2.0,10.0
2025-09-27,125,Fort Street,FOR-QUARTZ 4X4 15W40 500ML,1.0,3.0
2025-09-27,125,Fort Street,FOR-RACE BRAKEFLUID DOT4+ 500ML,1.0,4.0
2025-09-27,125,Fort Street,FORT USD DIESEL,48.29931972789116,71.0
2025-09-27,125,Fort Street,FORT USD PETROL,670.6666666666666,1006.0
2025-09-27,127,Mpopoma,MPO-NEPTUNA 2T SUPER SPORT 500ML,4.0,16.0
2025-09-27,127,Mpopoma,MPOPOMA BULK DIESEL USD,330.3448275862069,479.0
2025-09-27,127,Mpopoma,MPOPOMA USD DIESEL,306.80272108843536,451.0
2025-09-27,127,Mpopoma,MPOPOMA USD PETROL,770.0,1155.0
2025-09-27,127,Mpopoma,MPO-QUARTZ 5000 20W50 500ML,1.0,3.0
2025-09-27,127,Mpopoma,MPO-QUARTZ 9000 SAE 5W40 500ML,2.0,10.0
2025-09-27,127,Mpopoma,MPO-RACE BRAKEFLUID DOT4+ 500ML,1.0,4.0
2025-09-27,129,Khami,KHAMI BULK DIESEL USD,786.8965517241379,1141.0
2025-09-27,129,Khami,KHAMI USD DIESEL,611.5646258503402,899.0
2025-09-27,129,Khami,KHAMI USD PETROL,677.3333333333334,1016.0
2025-09-27,129,Khami,KHA-QUARTZ 9000 SAE 5W40 500ML,1.0,5.0
2025-09-27,131,R Mugabe,R MUGABE USD DIESEL,965.3333333333334,1448.0
2025-09-27,131,R Mugabe,R MUGABE USD PETROL,1938.157894736842,2946.0
2025-09-27,135,Cripps,CRIPPS BULK DIESEL USD,310.3448275862069,450.0
2025-09-27,135,Cripps,CRIPPS DIESEL USD,1080.13698630137,1577.0
2025-09-27,135,Cripps,CRIPPS PETROL USD,1904.0540540540535,2818.0
2025-09-27,140,Mutare Second Street,MUTARE SECOND USD BULK DIESEL,205.6338028169014,292.0
2025-09-27,140,Mutare Second Street,MUTARE SECOND USD DIESEL,1379.4520547945206,2014.0
2025-09-27,140,Mutare Second Street,MUTARE SECOND USD PETROL,1401.3513513513515,2074.0
2025-09-27,141,Troutbeck,TRO-RACE BRAKEFLUID DOT4+ 500ML,1.0,4.0
2025-09-27,141,Troutbeck,TROUTBECK BULK DIESEL ,200.0,298.0
2025-09-27,141,Troutbeck,TROUTBECK USD DIESEL,2916.0,4374.0
2025-09-27,141,Troutbeck,TROUTBECK USD PETROL,2757.7922077922076,4247.0
2025-09-27,145,Sunway City,SUN-QUARTZ 5000 20W50 500ML,1.0,3.0
2025-09-27,145,Sunway City,SUNWAY BULK DIESEL USD,1259.4594594594594,1864.0
2025-09-27,145,Sunway City,SUNWAY USD DIESEL,1650.24,2475.36
2025-09-27,145,Sunway City,SUNWAY USD PETROL,3176.7682119205306,4796.92
2025-09-27,146,Banket,BAN-FLUIDMATIC CVT MV 1L,1.0,10.0
2025-09-27,146,Banket,BANKET BULK DIESEL USD,2231.5068493150684,3258.0
2025-09-27,146,Banket,BANKET USD DIESEL,400.0,600.0
2025-09-27,146,Banket,BANKET USD PETROL,2027.6315789473683,3082.0
2025-09-27,147,Chinhoyi Main,CHINHOYI BULK DIESEL USD,73.46938775510205,108.0
2025-09-27,147,Chinhoyi Main,CHINHOYI MAIN USD DIESEL,622.6666666666666,934.0
2025-09-27,147,Chinhoyi Main,CHINHOYI MAIN USD PETROL,2758.823529411765,4221.0
2025-09-27,148,Chegutu,CHEGUTU BULK DIESEL USD,768.7074829931973,1130.0
2025-09-27,148,Chegutu,CHEGUTU USD DIESEL,1068.456375838926,1592.0
2025-09-27,148,Chegutu,CHEGUTU USD PETROL,1778.8079470198675,2686.0
2025-09-27,149,Turnpike,TURNPIKE BULK DIESEL USD,833.1351351351351,1233.04
2025-09-27,149,Turnpike,TURNPIKE USD DIESEL,1540.6666666666665,2311.0
2025-09-27,149,Turnpike,TURNPIKE USD PETROL,1383.552631578947,2103.0
2025-09-27,149,Turnpike,TUR-QUARTZ 9000 SAE 5W40 500ML,4.0,20.0
2025-09-27,150,Mutare One Stop,MUTARE ONE STOP DIESEL,1634.9657534246576,2387.05
2025-09-27,150,Mutare One Stop,MUTARE ONE STOP PETROL,1285.5067567567567,1902.55
2025-09-27,157,Hatfield,HATFIELD USD DIESEL,83.89261744966444,125.0
2025-09-27,157,Hatfield,HATFIELD USD PETROL,18.79194630872483,28.0
2025-09-27,82,Runiville,RUN-FLUIDMATIC CVT MV 1L,3.0,30.0
2025-09-27,82,Runiville,RUN-FLUIDMATIC DIII MV 500ML,1.0,3.0
2025-09-27,82,Runiville,RUNIVILLE BULK DIESEL USD,205.47945205479454,300.0
2025-09-27,82,Runiville,RUNIVILLE USD DIESEL,88.59060402684564,132.0
2025-09-27,82,Runiville,RUNIVILLE USD PETROL,82.23684210526315,125.0
2025-09-27,82,Runiville,RUN-QUARTZ 4X4 15W40 500ML,1.0,3.0
2025-09-27,84,Avondale,AVONDALE USD DIESEL,422.97297297297297,626.0
2025-09-27,84,Avondale,AVONDALE USD PETROL,1046.0000000000002,1569.0
2025-09-27,86,Charter,CHA-QUARTZ 4X4 15W40 500ML,2.0,6.0
2025-09-27,86,Charter,CHARTER BULK/TAXI DIESEL ,4565.068493150684,6665.0
2025-09-27,86,Charter,CHARTER USD DIESEL,507.0675675675676,750.46
2025-09-27,86,Charter,CHARTER USD PETROL,2088.6666666666665,3133.0
2025-09-27,88,Seke,SEKE DIESEL BULK,200.0,292.0
2025-09-27,88,Seke,SEKE USD DIESEL,1924.3243243243244,2847.99
2025-09-27,88,Seke,SEKE USD PETROL,2642.000000000001,3963.0
2025-09-27,92,Msasa,MSASA BULK DIESEL,822.972972972973,1218.0
2025-09-27,92,Msasa,MSASA USD DIESEL,154.2483660130719,236.0
2025-09-27,92,Msasa,MSASA USD PETROL,181.8181818181818,280.0
2025-09-27,96,Samora,SAMORA USD DIESEL,283.44370860927154,428.0
2025-09-27,96,Samora,SAMORA USD PETROL,1878.1456953642382,2836.0
2025-09-27,96,Samora,SAMORA USD TAXI DIESEL ,31.54362416107383,47.0
2025-09-27,98,Roadport,ROADPORT USD DIESEL,1520.3947368421052,2311.0
2025-09-27,98,Roadport,ROADPORT USD DIESEL BUS,1477.027027027027,2186.0
2025-09-27,98,Roadport,ROAPORT USD PETROL,3024.980519480519,4658.47
2025-09-28,102,Kirkman,KIRKMAN BULK DIESEL USD,808.9655172413793,1173.0
2025-09-28,102,Kirkman,KIRKMAN USD DIESEL,1037.5838926174497,1546.0
2025-09-28,102,Kirkman,KIRKMAN USD PETROL,942.1052631578945,1432.0
2025-09-28,110,Mutare Green Market,MUTARE GREEN MARKET BULK DIESEL,1073.943661971831,1525.0
2025-09-28,110,Mutare Green Market,MUTARE GREENMARKET USD DIESEL,646.7945205479452,944.32
2025-09-28,110,Mutare Green Market,MUTARE GREENMARKET USD PETROL,1267.7297297297298,1876.24
2025-09-28,112,Marondera,MARONDERA USD DIESEL,312.9251700680272,460.0
2025-09-28,112,Marondera,MARONDERA USD PETROL,1592.9139072847681,2405.3
2025-09-28,114,Kadoma,KADOMA USD BULK DIESEL ,653.0612244897959,960.0
2025-09-28,114,Kadoma,KADOMA USD DIESEL,817.5675675675676,1210.0
2025-09-28,114,Kadoma,KADOMA USD PETROL,1636.6666666666667,2455.0
2025-09-28,121,Gweru,GWERU BULK DIESEL USD,1010.0,1474.6
2025-09-28,121,Gweru,GWERU USD DIESEL,1382.9894594594593,2046.82
2025-09-28,121,Gweru,GWERU USD PETROL,1999.0100000000002,2998.51
2025-09-28,123,Fife Street,FIFE USD DIESEL,1529.4520547945208,2233.0
2025-09-28,123,Fife Street,FIFE USD PETROL,1326.6666666666667,1990.0
2025-09-28,125,Fort Street,FORT USD DIESEL,114.28571428571429,168.0
2025-09-28,125,Fort Street,FORT USD PETROL,253.33333333333334,380.0
2025-09-28,127,Mpopoma,MPOPOMA BULK DIESEL USD,2690.344827586207,3901.0
2025-09-28,127,Mpopoma,MPOPOMA USD DIESEL,682.3129251700682,1003.0
2025-09-28,127,Mpopoma,MPOPOMA USD PETROL,2258.666666666667,3388.0
2025-09-28,129,Khami,KHAMI BULK DIESEL USD,299.31,433.99
2025-09-28,129,Khami,KHAMI USD DIESEL,482.312925170068,709.0
2025-09-28,129,Khami,KHAMI USD PETROL,472.0,708.0
2025-09-28,131,R Mugabe,R MUGABE USD DIESEL,803.9999999999999,1206.0
2025-09-28,131,R Mugabe,R MUGABE USD PETROL,1918.4210526315787,2916.0
2025-09-28,135,Cripps,CRIPPS BULK DIESEL USD,410.3448275862069,595.0
2025-09-28,135,Cripps,CRIPPS DIESEL USD,447.26027397260276,653.0
2025-09-28,135,Cripps,CRIPPS PETROL USD,1345.9459459459456,1992.0
2025-09-28,140,Mutare Second Street,MUTARE SECOND USD DIESEL,379.45205479452056,554.0
2025-09-28,140,Mutare Second Street,MUTARE SECOND USD PETROL,950.0,1406.0
2025-09-28,141,Troutbeck,TRO-QUARTZ 5000 20W50 5L,1.0,22.0
2025-09-28,141,Troutbeck,TRO-RACE BRAKEFLUID DOT4+ 500ML,1.0,4.0
2025-09-28,141,Troutbeck,TRO-RUBIA SX SAE40 500ML,2.0,6.0
2025-09-28,141,Troutbeck,TROUTBECK BULK DIESEL ,573.1543624161073,854.0
2025-09-28,141,Troutbeck,TROUTBECK USD DIESEL,1139.3333333333333,1709.0
2025-09-28,141,Troutbeck,TROUTBECK USD PETROL,1281.8181818181818,1974.0
2025-09-28,145,Sunway City,SUN-QUARTZ 5000 20W50 5L,2.0,44.0
2025-09-28,145,Sunway City,SUN-QUARTZ 9000 SAE 5W40 500ML,2.0,10.0
2025-09-28,145,Sunway City,SUN-RUBIA TIR 7400 15W40 500ML,2.0,6.0
2025-09-28,145,Sunway City,SUNWAY BULK DIESEL USD,1222.972972972973,1810.0
2025-09-28,145,Sunway City,SUNWAY USD DIESEL,2730.6666666666665,4096.0
2025-09-28,145,Sunway City,SUNWAY USD PETROL,4801.324503311259,7250.0
2025-09-28,146,Banket,BAN-FLUIDMATIC DIII MV 500ML,1.0,3.0
2025-09-28,146,Banket,BANKET BULK DIESEL USD,1681.0031506849316,2454.26
2025-09-28,146,Banket,BANKET USD DIESEL,920.6666666666667,1381.0
2025-09-28,146,Banket,BANKET USD PETROL,2000.6578947368412,3041.0
2025-09-28,146,Banket,BAN-NEPTUNA 2T SUPER SPORT 500ML,1.0,4.0
2025-09-28,147,Chinhoyi Main,CHINHOYI BULK DIESEL USD,638.0952380952381,938.0
2025-09-28,147,Chinhoyi Main,CHINHOYI MAIN USD DIESEL,236.66666666666669,355.0
2025-09-28,147,Chinhoyi Main,CHINHOYI MAIN USD PETROL,2594.771241830064,3970.0
2025-09-28,148,Chegutu,CHEGUTU BULK DIESEL USD,376.87074829931976,554.0
2025-09-28,148,Chegutu,CHEGUTU USD DIESEL,604.0268456375838,900.0
2025-09-28,148,Chegutu,CHEGUTU USD PETROL,1770.8609271523171,2674.0
2025-09-28,148,Chegutu,CHE-RACE BRAKEFLUID DOT4+ 500ML,1.0,4.0
2025-09-28,148,Chegutu,CHE-RUBIA TIR 7400 15W40 500ML,2.0,6.0
2025-09-28,149,Turnpike,TURNPIKE USD DIESEL,713.3333333333333,1070.0
2025-09-28,149,Turnpike,TURNPIKE USD PETROL,296.7105263157895,451.0
2025-09-28,149,Turnpike,TUR-QUARTZ 4X4 15W40 500ML,3.0,9.0
2025-09-28,149,Turnpike,TUR-QUARTZ 9000 SAE 5W40 500ML,2.0,10.0
2025-09-28,149,Turnpike,TUR-RACE BRAKEFLUID DOT4+ 500ML,2.0,8.0
2025-09-28,150,Mutare One Stop,MUTARE ONE STOP DIESEL,1047.9315068493152,1529.98
2025-09-28,150,Mutare One Stop,MUTARE ONE STOP PETROL,1613.1824324324325,2387.51
2025-09-28,157,Hatfield,HATFIELD USD DIESEL,115.7,172.39
2025-09-28,159,Gwanda ,GWANDA BULK USD DIESEL ,480.0,720.0
2025-09-28,159,Gwanda ,GWANDA USD DIESEL,255.84415584415584,394.0
2025-09-28,82,Runiville,RUN-FLUIDMATIC CVT MV 1L,2.0,20.0
2025-09-28,82,Runiville,RUNIVILLE BULK DIESEL USD,113.01369863013699,165.0
2025-09-28,82,Runiville,RUNIVILLE USD DIESEL,88.59060402684564,132.0
2025-09-28,82,Runiville,RUNIVILLE USD PETROL,326.9736842105263,497.0
2025-09-28,82,Runiville,RUN-RUBIA TIR 7400 SAE 15W40 5L,1.0,25.0
2025-09-28,84,Avondale,AVONDALE USD DIESEL,314.1891891891892,465.0
2025-09-28,84,Avondale,AVONDALE USD PETROL,952.0333333333332,1428.05
2025-09-28,86,Charter,CHARTER BULK/TAXI DIESEL ,1691.7808219178082,2470.0
2025-09-28,86,Charter,CHARTER USD DIESEL,646.6216216216217,957.0
2025-09-28,86,Charter,CHARTER USD PETROL,1322.0,1983.0
2025-09-28,88,Seke,SEKE USD DIESEL,1498.6486486486485,2218.0
2025-09-28,88,Seke,SEKE USD PETROL,2052.6666666666665,3079.0
2025-09-28,92,Msasa,MSASA BULK DIESEL,462.83783783783787,685.0
2025-09-28,92,Msasa,MSASA USD DIESEL,385.6209150326797,590.0
2025-09-28,92,Msasa,MSASA USD PETROL,435.06493506493507,670.0
2025-09-28,96,Samora,SAMORA USD DIESEL,180.13245033112582,272.0
2025-09-28,96,Samora,SAMORA USD PETROL,859.0728476821193,1297.2
2025-09-28,96,Samora,SAMORA USD TAXI DIESEL ,53.691275167785236,80.0
2025-09-28,98,Roadport,ROADPORT USD DIESEL,873.0723684210525,1327.07
2025-09-28,98,Roadport,ROADPORT USD DIESEL BUS,965.2702702702702,1428.6
2025-09-28,98,Roadport,ROAPORT USD PETROL,2601.298701298701,4006.0
2025-09-29,102,Kirkman,KIRKMAN BULK DIESEL USD,2529.655172413793,3668.0
2025-09-29,102,Kirkman,KIRKMAN USD DIESEL,1016.7785234899327,1515.0
2025-09-29,102,Kirkman,KIRKMAN USD PETROL,763.1578947368421,1160.0
2025-09-29,110,Mutare Green Market,MUTARE GREEN MARKET BULK DIESEL,1059.1549295774646,1504.0
2025-09-29,110,Mutare Green Market,MUTARE GREENMARKET USD DIESEL,662.9041095890411,967.83
2025-09-29,110,Mutare Green Market,MUTARE GREENMARKET USD PETROL,1285.5135135135135,1902.56
2025-09-29,112,Marondera,MARONDERA USD DIESEL,959.8639455782313,1411.0
2025-09-29,112,Marondera,MARONDERA USD PETROL,2005.2980132450334,3028.0
2025-09-29,114,Kadoma,KADOMA USD BULK DIESEL ,608.1632653061225,894.0
2025-09-29,114,Kadoma,KADOMA USD DIESEL,769.5945945945946,1139.0
2025-09-29,114,Kadoma,KADOMA USD PETROL,1986.8101545253862,2996.01
2025-09-29,114,Kadoma,KAD-RACE BRAKEFLUID DOT4+ 500ML,1.0,4.0
2025-09-29,121,Gweru,GWE-RUBIA TIR 7400 SAE 15W40 5L,1.0,25.0
2025-09-29,121,Gweru,GWERU USD DIESEL,2017.0935135135137,2985.29
2025-09-29,121,Gweru,GWERU USD PETROL,1075.6066666666666,1613.41
2025-09-29,123,Fife Street,FIFE USD DIESEL,1559.5890410958903,2277.0
2025-09-29,123,Fife Street,FIFE USD PETROL,1766.0,2649.0
2025-09-29,125,Fort Street,FOR-QUARTZ 4X4 15W40 500ML,1.0,3.0
2025-09-29,125,Fort Street,FORT STR BULK DIESEL USD,1080.0,1566.0
2025-09-29,125,Fort Street,FORT USD DIESEL,439.4557823129252,646.0
2025-09-29,125,Fort Street,FORT USD PETROL,854.578947368421,1282.0
2025-09-29,127,Mpopoma,MPOPOMA BULK DIESEL USD,2228.9655172413795,3232.0
2025-09-29,127,Mpopoma,MPOPOMA USD DIESEL,839.4557823129252,1234.0
2025-09-29,127,Mpopoma,MPOPOMA USD PETROL,1079.3333333333335,1619.0
2025-09-29,129,Khami,KHAMI BULK DIESEL USD,1050.344827586207,1523.0
2025-09-29,129,Khami,KHAMI USD DIESEL,1354.421768707483,1991.0
2025-09-29,129,Khami,KHAMI USD PETROL,996.3929359823398,1504.0
2025-09-29,131,R Mugabe,R MUGABE USD DIESEL,517.3333333333334,776.0
2025-09-29,131,R Mugabe,R MUGABE USD PETROL,2401.973684210526,3651.0
2025-09-29,135,Cripps,CRIPPS BULK DIESEL USD,1243.103448275862,1802.5
2025-09-29,135,Cripps,CRIPPS DIESEL USD,1947.9452054794526,2844.0
2025-09-29,135,Cripps,CRIPPS PETROL USD,2089.8648648648646,3093.0
2025-09-29,140,Mutare Second Street,MUTARE SECOND USD BULK DIESEL,523.943661971831,744.0
2025-09-29,140,Mutare Second Street,MUTARE SECOND USD DIESEL,583.5616438356165,852.0
2025-09-29,140,Mutare Second Street,MUTARE SECOND USD PETROL,712.8378378378378,1055.0
2025-09-29,141,Troutbeck,TROUTBECK BULK DIESEL ,500.0,745.0
2025-09-29,141,Troutbeck,TROUTBECK USD DIESEL,1126.0,1689.0
2025-09-29,141,Troutbeck,TROUTBECK USD PETROL,1425.3246753246754,2195.0
2025-09-29,145,Sunway City,SUN-QUARTZ 5000 20W50 500ML,1.0,3.0
2025-09-29,145,Sunway City,SUN-QUARTZ 9000 SAE 5W40 500ML,1.0,5.0
2025-09-29,145,Sunway City,SUNWAY BULK DIESEL USD,837.1621621621622,1239.0
2025-09-29,145,Sunway City,SUNWAY USD DIESEL,2406.6666666666665,3610.0
2025-09-29,145,Sunway City,SUNWAY USD PETROL,2317.811084001394,3502.0
2025-09-29,146,Banket,BANKET BULK DIESEL USD,952.7401369863013,1391.0
2025-09-29,146,Banket,BANKET USD DIESEL,1075.3333333333333,1613.0
2025-09-29,146,Banket,BANKET USD PETROL,2608.5526315789475,3965.0
2025-09-29,146,Banket,BAN-NEPTUNA 2T SUPER SPORT 500ML,3.0,12.0
2025-09-29,146,Banket,BAN-QUARTZ 9000 SAE 5W40 500ML,4.0,20.0
2025-09-29,146,Banket,BAN-QUARTZ 9000 SAE 5W40 5L,1.0,30.0
2025-09-29,146,Banket,BAN-RACE BRAKEFLUID DOT4+ 500ML,2.0,8.0
2025-09-29,146,Banket,BAN-RUBIA TIR 7400 15W40 500ML,2.0,6.0
2025-09-29,147,Chinhoyi Main,CHINHOYI BULK DIESEL USD,424.48979591836735,624.0
2025-09-29,147,Chinhoyi Main,CHINHOYI MAIN USD DIESEL,987.3333333333334,1481.0
2025-09-29,147,Chinhoyi Main,CHINHOYI MAIN USD PETROL,3085.6209150326795,4721.0
2025-09-29,148,Chegutu,CHEGUTU BULK DIESEL USD,741.4965986394558,1090.0
2025-09-29,148,Chegutu,CHEGUTU USD DIESEL,1087.9194630872482,1621.0
2025-09-29,148,Chegutu,CHEGUTU USD PETROL,1933.1125827814565,2919.0
2025-09-29,148,Chegutu,CHE-QUARTZ 9000 SAE 5W40 500ML,1.0,5.0
2025-09-29,148,Chegutu,CHE-RACE BRAKEFLUID DOT4+ 500ML,3.0,12.0
2025-09-29,148,Chegutu,CHE-RUBIA TIR 7400 15W40 500ML,2.0,6.0
2025-09-29,149,Turnpike,TURNPIKE BULK DIESEL USD,875.6756756756756,1296.0
2025-09-29,149,Turnpike,TURNPIKE USD DIESEL,1517.9999999999998,2277.0
2025-09-29,149,Turnpike,TURNPIKE USD PETROL,1227.6315789473683,1866.0
2025-09-29,149,Turnpike,TUR-RACE BRAKEFLUID DOT4+ 500ML,1.0,4.0
2025-09-29,150,Mutare One Stop,MUTARE ONE STOP DIESEL,1587.6986301369864,2318.04
2025-09-29,150,Mutare One Stop,MUTARE ONE STOP PETROL,902.0945945945946,1335.1
2025-09-29,157,Hatfield,HATFIELD USD DIESEL,195.97315436241612,292.0
2025-09-29,157,Hatfield,HATFIELD USD PETROL,63.08724832214766,94.0
2025-09-29,82,Runiville,RUN-FLUIDMATIC DIII MV 500ML,4.0,12.0
2025-09-29,82,Runiville,RUNIVILLE BULK DIESEL USD,277.3972602739726,405.0
2025-09-29,82,Runiville,RUNIVILLE USD DIESEL,172.48322147651007,257.0
2025-09-29,82,Runiville,RUNIVILLE USD PETROL,320.39473684210526,487.0
2025-09-29,82,Runiville,RUN-QUARTZ 9000 SAE 5W40 500ML,1.0,5.0
2025-09-29,82,Runiville,RUN-RUBIA SX SAE40 500ML,1.0,3.0
2025-09-29,84,Avondale,AVONDALE USD DIESEL,291.2162162162162,431.0
2025-09-29,84,Avondale,AVONDALE USD PETROL,1165.4210526315792,1768.0
2025-09-29,86,Charter,CHA-FLUIDMATIC DIII MV 500ML,1.0,3.0
2025-09-29,86,Charter,CHARTER BULK/TAXI DIESEL ,4678.767123287672,6831.0
2025-09-29,86,Charter,CHARTER USD DIESEL,897.972972972973,1329.0
2025-09-29,86,Charter,CHARTER USD PETROL,978.0,1467.0
2025-09-29,88,Seke,SEKE DIESEL BULK,226.03,330.0
2025-09-29,88,Seke,SEKE USD DIESEL,1914.864864864865,2834.0
2025-09-29,88,Seke,SEKE USD PETROL,2442.0,3663.0
2025-09-29,92,Msasa,MSASA BULK DIESEL,1401.3513513513515,2074.0
2025-09-29,92,Msasa,MSASA USD DIESEL,218.9542483660131,335.0
2025-09-29,92,Msasa,MSASA USD PETROL,799.9999999999999,1232.0
2025-09-29,96,Samora,SAMORA USD DIESEL,92.71523178807948,140.0
2025-09-29,96,Samora,SAMORA USD PETROL,665.4104217497385,1005.0
2025-09-29,96,Samora,SAM-QUARTZ 5000 20W50 500ML,4.0,12.0
2025-09-29,98,Roadport,ROADPORT USD DIESEL,956.0986842105261,1453.27
2025-09-29,98,Roadport,ROADPORT USD DIESEL BUS,1791.2162162162163,2651.0
2025-09-29,98,Roadport,ROAPORT USD PETROL,2024.6753246753244,3118.0
2025-09-30,102,Kirkman,KIRKMAN BULK DIESEL USD,2180.689655172414,3162.0
2025-09-30,102,Kirkman,KIRKMAN USD DIESEL,981.8791946308723,1463.0
2025-09-30,102,Kirkman,KIRKMAN USD PETROL,931.578947368421,1416.0
2025-09-30,102,Kirkman,KIR-QUARTZ 5000 20W50 500ML,1.0,3.0
2025-09-30,110,Mutare Green Market,MUTARE GREEN MARKET BULK DIESEL,1492.9577464788733,2120.0
2025-09-30,110,Mutare Green Market,MUTARE GREENMARKET USD DIESEL,510.93835616438355,745.97
2025-09-30,110,Mutare Green Market,MUTARE GREENMARKET USD PETROL,872.1351351351352,1290.76
2025-09-30,112,Marondera,MARONDERA USD DIESEL,587.7551020408164,864.0
2025-09-30,112,Marondera,MARONDERA USD PETROL,1669.5364238410596,2521.0
2025-09-30,114,Kadoma,KADOMA USD BULK DIESEL ,299.31972789115645,440.0
2025-09-30,114,Kadoma,KADOMA USD DIESEL,431.08108108108104,638.0
2025-09-30,114,Kadoma,KADOMA USD PETROL,1612.5827814569539,2435.0
2025-09-30,114,Kadoma,KAD-QUARTZ 9000 SAE 5W40 5L,1.0,30.0
2025-09-30,121,Gweru,GWE-FLUIDMATIC DIII MV 500ML,1.0,3.0
2025-09-30,121,Gweru,GWE-MULTIS EP 2 500G,1.0,7.0
2025-09-30,121,Gweru,GWE-QUARTZ 5000 20W50 500ML,1.0,3.0
2025-09-30,121,Gweru,GWERU BULK DIESEL USD,3795.958904109589,5542.09
2025-09-30,121,Gweru,GWERU USD DIESEL,2051.425675675676,3036.11
2025-09-30,121,Gweru,GWERU USD PETROL,1611.48,2417.22
2025-09-30,123,Fife Street,FIFE USD DIESEL,2267.123287671233,3310.0
2025-09-30,123,Fife Street,FIFE USD PETROL,2152.666666666667,3229.0
2025-09-30,125,Fort Street,FOR-RACE BRAKEFLUID DOT4+ 500ML,2.0,8.0
2025-09-30,125,Fort Street,FORT USD DIESEL,193.19727891156464,284.0
2025-09-30,125,Fort Street,FORT USD PETROL,388.1578947368421,590.0
2025-09-30,127,Mpopoma,MPOPOMA BULK DIESEL USD,1685.5172413793105,2444.0
2025-09-30,127,Mpopoma,MPOPOMA USD DIESEL,327.89115646258506,482.0
2025-09-30,127,Mpopoma,MPOPOMA USD PETROL,1217.8807947019866,1839.0
2025-09-30,129,Khami,KHAMI BULK DIESEL USD,1356.5517241379312,1967.0
2025-09-30,129,Khami,KHAMI USD DIESEL,1374.1496598639455,2020.0
2025-09-30,129,Khami,KHAMI USD PETROL,680.1523178807947,1027.03
2025-09-30,129,Khami,KHA-QUARTZ 9000 SAE 5W40 500ML,1.0,5.0
2025-09-30,129,Khami,KHA-RACE BRAKEFLUID DOT4+ 500ML,1.0,4.0
2025-09-30,131,R Mugabe,R MUGABE USD DIESEL,674.6666666666667,1012.0
2025-09-30,131,R Mugabe,R MUGABE USD PETROL,1030.921052631579,1567.0
2025-09-30,135,Cripps,CRIPPS BULK DIESEL USD,1704.137931034483,2471.0
2025-09-30,135,Cripps,CRIPPS DIESEL USD,2133.5616438356165,3115.0
2025-09-30,135,Cripps,CRIPPS PETROL USD,1255.4054054054056,1858.0
2025-09-30,140,Mutare Second Street,MUTARE SECOND USD BULK DIESEL,200.0,284.0
2025-09-30,140,Mutare Second Street,MUTARE SECOND USD DIESEL,1069.178082191781,1561.0
2025-09-30,140,Mutare Second Street,MUTARE SECOND USD PETROL,1027.7027027027027,1521.0
2025-09-30,141,Troutbeck,TRO-QUARTZ 5000 20W50 5L,1.0,22.0
2025-09-30,141,Troutbeck,TROUTBECK BULK DIESEL ,408.7248322147651,609.0
2025-09-30,141,Troutbeck,TROUTBECK USD DIESEL,1105.3333333333333,1658.0
2025-09-30,141,Troutbeck,TROUTBECK USD PETROL,1505.1948051948052,2318.0
2025-09-30,145,Sunway City,SUNWAY BULK DIESEL USD,1486.4864864864865,2200.0
2025-09-30,145,Sunway City,SUNWAY USD DIESEL,3043.3333333333335,4565.0
2025-09-30,145,Sunway City,SUNWAY USD PETROL,7773.684210526315,11816.0
2025-09-30,146,Banket,BAN-FLUIDMATIC DIII MV 500ML,4.0,12.0
2025-09-30,146,Banket,BANKET BULK DIESEL USD,2098.6301369863013,3064.0
2025-09-30,146,Banket,BANKET USD DIESEL,868.0,1302.0
2025-09-30,146,Banket,BANKET USD PETROL,4368.42105263158,6640.0
2025-09-30,147,Chinhoyi Main,CHINHOYI BULK DIESEL USD,655.1020408163265,963.0
2025-09-30,147,Chinhoyi Main,CHINHOYI MAIN USD DIESEL,680.0000000000001,1020.0
2025-09-30,147,Chinhoyi Main,CHINHOYI MAIN USD PETROL,3343.137254901961,5115.0
2025-09-30,148,Chegutu,CHEGUTU BULK DIESEL USD,1054.4217687074831,1550.0
2025-09-30,148,Chegutu,CHEGUTU USD DIESEL,809.3959731543623,1206.0
2025-09-30,148,Chegutu,CHEGUTU USD PETROL,1785.4304635761587,2696.0
2025-09-30,149,Turnpike,TURNPIKE BULK DIESEL USD,500.0,740.0
2025-09-30,149,Turnpike,TURNPIKE USD DIESEL,1322.6666666666665,1984.0
2025-09-30,149,Turnpike,TURNPIKE USD PETROL,1325.6578947368423,2015.0
2025-09-30,149,Turnpike,TUR-QUARTZ 9000 SAE 5W40 500ML,3.0,15.0
2025-09-30,150,Mutare One Stop,MUTARE ONE STOP DIESEL,2001.109589041096,2921.61
2025-09-30,150,Mutare One Stop,MUTARE ONE STOP PETROL,986.8783783783786,1460.58
2025-09-30,157,Hatfield,HATFIELD USD DIESEL,87.24832214765101,130.0
2025-09-30,157,Hatfield,HATFIELD USD PETROL,26.845637583892618,40.0
2025-09-30,82,Runiville,RUNIVILLE USD DIESEL,365.7718120805369,545.0
2025-09-30,82,Runiville,RUNIVILLE USD PETROL,500.0,760.0
2025-09-30,82,Runiville,RUN-NEPTUNA 2T SUPER SPORT 500ML,5.0,20.0
2025-09-30,82,Runiville,RUN-QUARTZ 9000 SAE 5W40 500ML,5.0,25.0
2025-09-30,82,Runiville,RUN-RUBIA SX SAE40 500ML,1.0,3.0
2025-09-30,84,Avondale,AVONDALE USD DIESEL,513.5135135135134,760.0
2025-09-30,84,Avondale,AVONDALE USD PETROL,899.2302631578947,1366.83
2025-09-30,86,Charter,CHARTER BULK/TAXI DIESEL ,3242.4657534246576,4734.0
2025-09-30,86,Charter,CHARTER USD DIESEL,495.27027027027026,733.0
2025-09-30,86,Charter,CHARTER USD PETROL,2419.3333333333335,3629.0
2025-09-30,88,Seke,SEKE DIESEL BULK,850.0,1241.0
2025-09-30,88,Seke,SEKE USD DIESEL,2129.054054054054,3151.0
2025-09-30,88,Seke,SEKE USD PETROL,2250.0000000000005,3375.0
2025-09-30,92,Msasa,MSASA BULK DIESEL,1165.5405405405404,1725.0
2025-09-30,92,Msasa,MSASA USD DIESEL,467.32026143790847,715.0
2025-09-30,92,Msasa,MSASA USD PETROL,1122.7272727272725,1729.0
2025-09-30,92,Msasa,MSA-SWIFTEX BATTERY 658P,1.0,160.0
2025-09-30,96,Samora,SAMORA USD DIESEL,442.3841059602649,668.0
2025-09-30,96,Samora,SAMORA USD PETROL,2514.4736842105262,3822.0
2025-09-30,96,Samora,SAMORA USD TAXI DIESEL ,114.76510067114094,171.0
2025-09-30,96,Samora,SAM-QUARTZ 3000 SG 20W50 500ML,1.0,3.0
2025-09-30,96,Samora,SAM-QUARTZ 9000 SAE 5W40 500ML,1.0,5.0
2025-09-30,98,Roadport,ROADPORT USD DIESEL,960.5263157894736,1460.0
2025-09-30,98,Roadport,ROADPORT USD DIESEL BUS,1311.0472972972973,1940.35
2025-09-30,98,Roadport,ROAPORT USD PETROL,3596.8636363636356,5539.17
2025-10-01,102,Kirkman,KIR-FLUIDMATIC CVT MV 1L,2.0,20.0
2025-10-01,102,Kirkman,KIRKMAN BULK DIESEL USD,1869.655172413793,2711.0
2025-10-01,102,Kirkman,KIRKMAN USD DIESEL,817.4496644295301,1218.0
2025-10-01,102,Kirkman,KIRKMAN USD PETROL,889.4736842105264,1352.0
2025-10-01,102,Kirkman,KIR-RACE BRAKEFLUID DOT4+ 500ML,1.0,4.0
2025-10-01,110,Mutare Green Market,MUTARE GREEN MARKET BULK DIESEL,1399.2957746478874,1987.0
2025-10-01,110,Mutare Green Market,MUTARE GREENMARKET USD DIESEL,1062.9109589041095,1551.84
2025-10-01,110,Mutare Green Market,MUTARE GREENMARKET USD PETROL,1680.2770270270266,2486.81
2025-10-01,112,Marondera,MARONDERA USD DIESEL,769.387755102041,1131.0
2025-10-01,112,Marondera,MARONDERA USD PETROL,1862.251655629139,2812.0
2025-10-01,114,Kadoma,KADOMA USD BULK DIESEL ,197.27891156462584,290.0
2025-10-01,114,Kadoma,KADOMA USD DIESEL,1043.918918918919,1545.0
2025-10-01,114,Kadoma,KADOMA USD PETROL,1503.9735099337747,2271.0
2025-10-01,121,Gweru,GWE-RACE BRAKEFLUID DOT4+ 500ML,2.0,8.0
2025-10-01,121,Gweru,GWERU BULK DIESEL USD,1918.972602739726,2801.7
2025-10-01,121,Gweru,GWERU USD DIESEL,2133.274864864865,3157.24
2025-10-01,121,Gweru,GWERU USD PETROL,1879.0166666666669,2818.52
2025-10-01,123,Fife Street,FIFE USD DIESEL,2480.1369863013697,3621.0
2025-10-01,123,Fife Street,FIFE USD PETROL,1749.9999999999998,2625.0
2025-10-01,125,Fort Street,FOR-QUARTZ 4X4 15W40 500ML,1.0,3.0
2025-10-01,125,Fort Street,FOR-QUARTZ 9000 SAE 5W40 500ML,2.0,10.0
2025-10-01,125,Fort Street,FOR-QUARTZ 9000 SAE 5W40 5L,1.0,30.0
2025-10-01,125,Fort Street,FORT STR BULK DIESEL USD,1806.896551724138,2620.0
2025-10-01,125,Fort Street,FORT USD DIESEL,732.6530612244899,1077.0
2025-10-01,125,Fort Street,FORT USD PETROL,876.3157894736842,1332.0
2025-10-01,127,Mpopoma,MPO-FLUIDMATIC DIII MV 500ML,1.0,3.0
2025-10-01,127,Mpopoma,MPO-NEPTUNA 2T SUPER SPORT 500ML,1.0,4.0
2025-10-01,127,Mpopoma,MPOPOMA BULK DIESEL USD,2327.5862068965516,3375.0
2025-10-01,127,Mpopoma,MPOPOMA USD DIESEL,474.82993197278915,698.0
2025-10-01,127,Mpopoma,MPOPOMA USD PETROL,1084.7682119205297,1638.0
2025-10-01,127,Mpopoma,MPO-QUARTZ 5000 20W50 500ML,4.0,12.0
2025-10-01,127,Mpopoma,MPO-RACE BRAKEFLUID DOT4+ 500ML,1.0,4.0
2025-10-01,127,Mpopoma,MPO-RUBIA SX SAE40 500ML,2.0,6.0
2025-10-01,127,Mpopoma,MPO-RUBIA TIR 7400 SAE 15W40 5L,2.0,50.0
2025-10-01,129,Khami,KHAMI BULK DIESEL USD,2347.3755172413794,3403.69
2025-10-01,129,Khami,KHAMI USD DIESEL,1431.624489795918,2104.48
2025-10-01,129,Khami,KHAMI USD PETROL,649.6688741721855,981.0
2025-10-01,129,Khami,KHA-QUARTZ 5000 20W50 5L,3.0,66.0
2025-10-01,131,R Mugabe,RM-MULTIS EP 2 500G,1.0,7.0
2025-10-01,131,R Mugabe,RM-NEPTUNA 2T SUPER SPORT 500ML,1.0,4.0
2025-10-01,131,R Mugabe,RM-QUARTZ 5000 20W50 500ML,2.0,6.0
2025-10-01,131,R Mugabe,RM-RACE BRAKEFLUID DOT4+ 500ML,2.0,8.0
2025-10-01,131,R Mugabe,RM-RUBIA SX SAE40 500ML,1.0,3.0
2025-10-01,131,R Mugabe,R MUGABE USD DIESEL,863.3333333333334,1295.0
2025-10-01,131,R Mugabe,R MUGABE USD PETROL,2390.1315789473683,3633.0
2025-10-01,135,Cripps,CRIPPS BULK DIESEL USD,468.9655172413793,680.0
2025-10-01,135,Cripps,CRIPPS DIESEL USD,1051.3698630136987,1535.0
2025-10-01,135,Cripps,CRIPPS PETROL USD,1628.378378378378,2410.0
2025-10-01,135,Cripps,CRI-RACE BRAKEFLUID DOT4+ 500ML,1.0,4.0
2025-10-01,140,Mutare Second Street,MUTARE SECOND USD BULK DIESEL,337.32394366197184,479.0
2025-10-01,140,Mutare Second Street,MUTARE SECOND USD DIESEL,1691.0958904109586,2469.0
2025-10-01,140,Mutare Second Street,MUTARE SECOND USD PETROL,1351.3513513513515,2000.0
2025-10-01,141,Troutbeck,TRO-RUBIA TIR 7400 15W40 500ML,3.0,9.0
2025-10-01,141,Troutbeck,TROUTBECK BULK DIESEL ,1694.14,2524.26
2025-10-01,141,Troutbeck,TROUTBECK USD DIESEL,1226.0,1839.0
2025-10-01,141,Troutbeck,TROUTBECK USD PETROL,1488.3116883116882,2292.0
2025-10-01,145,Sunway City,SUNWAY BULK DIESEL USD,1379.0540540540542,2041.0
2025-10-01,145,Sunway City,SUNWAY USD DIESEL,2470.6666666666665,3706.0
2025-10-01,145,Sunway City,SUNWAY USD PETROL,3969.0789473684213,6033.0
2025-10-01,146,Banket,BANKET BULK DIESEL USD,205.48,300.0
2025-10-01,146,Banket,BANKET USD PETROL,2426.3157894736846,3688.0
2025-10-01,146,Banket,BAN-QUARTZ 9000 SAE 5W40 500ML,2.0,10.0
2025-10-01,146,Banket,BAN-RUBIA TIR 7400 15W40 500ML,1.0,3.0
2025-10-01,147,Chinhoyi Main,CHINHOYI BULK DIESEL USD,751.7006802721089,1105.0
2025-10-01,147,Chinhoyi Main,CHINHOYI MAIN USD DIESEL,603.3333333333334,905.0
2025-10-01,147,Chinhoyi Main,CHINHOYI MAIN USD PETROL,2613.0718954248373,3998.0
2025-10-01,148,Chegutu,CHEGUTU BULK DIESEL USD,863.9455782312925,1270.0
2025-10-01,148,Chegutu,CHEGUTU USD DIESEL,983.8926174496643,1466.0
2025-10-01,148,Chegutu,CHEGUTU USD PETROL,2201.3245033112585,3324.0
2025-10-01,149,Turnpike,TURNPIKE BULK DIESEL USD,1074.8551351351352,1590.77
2025-10-01,149,Turnpike,TURNPIKE USD DIESEL,876.6666666666667,1315.0
2025-10-01,149,Turnpike,TURNPIKE USD PETROL,833.5526315789473,1267.0
2025-10-01,149,Turnpike,TUR-QUARTZ 4X4 15W40 500ML,1.0,3.0
2025-10-01,149,Turnpike,TUR-QUARTZ 9000 SAE 5W40 500ML,2.0,10.0
2025-10-01,149,Turnpike,TUR-RACE BRAKEFLUID DOT4+ 500ML,1.0,4.0
2025-10-01,150,Mutare One Stop,MUTARE ONE STOP DIESEL,659.1986301369864,962.43
2025-10-01,150,Mutare One Stop,MUTARE ONE STOP PETROL,966.0945945945946,1429.82
2025-10-01,157,Hatfield,HATFIELD USD DIESEL,814.0939597315436,1213.0
2025-10-01,157,Hatfield,HATFIELD USD PETROL,38.255033557046985,57.0
2025-10-01,159,Gwanda ,GWANDA USD DIESEL,139.6103896103896,215.0
2025-10-01,82,Runiville,RUN-FLUIDMATIC DIII MV 500ML,1.0,3.0
2025-10-01,82,Runiville,RUNIVILLE BULK DIESEL USD,239.72602739726028,350.0
2025-10-01,82,Runiville,RUNIVILLE USD DIESEL,275.83892617449663,411.0
2025-10-01,82,Runiville,RUNIVILLE USD PETROL,528.2894736842105,803.0
2025-10-01,84,Avondale,AVONDALE USD DIESEL,514.1891891891892,761.0
2025-10-01,84,Avondale,AVONDALE USD PETROL,815.1315789473683,1239.0
2025-10-01,86,Charter,CHARTER BULK/TAXI DIESEL ,3380.13698630137,4935.0
2025-10-01,86,Charter,CHARTER USD DIESEL,803.3783783783783,1189.0
2025-10-01,86,Charter,CHARTER USD PETROL,2009.8666666666666,3014.8
2025-10-01,88,Seke,SEKE DIESEL BULK,410.95890410958907,600.0
2025-10-01,88,Seke,SEKE USD DIESEL,2018.2432432432436,2987.0
2025-10-01,88,Seke,SEKE USD PETROL,2159.333333333334,3239.0
2025-10-01,88,Seke,SEK-QUARTZ 5000 20W50 500ML,1.0,3.0
2025-10-01,88,Seke,SEK-QUARTZ 9000 SAE 5W40 500ML,1.0,5.0
2025-10-01,92,Msasa,MSASA BULK DIESEL,2994.5945945945946,4432.0
2025-10-01,92,Msasa,MSASA USD DIESEL,913.7254901960785,1398.0
2025-10-01,92,Msasa,MSASA USD PETROL,1388.9610389610389,2139.0
2025-10-01,96,Samora,SAMORA USD DIESEL,215.2317880794702,325.0
2025-10-01,96,Samora,SAMORA USD PETROL,342.7631578947369,521.0
2025-10-01,96,Samora,SAMORA USD TAXI DIESEL ,107.38255033557047,160.0
2025-10-01,98,Roadport,ROADPORT USD DIESEL,609.8684210526313,927.0
2025-10-01,98,Roadport,ROADPORT USD DIESEL BUS,1292.614864864865,1913.07
2025-10-01,98,Roadport,ROAPORT USD PETROL,2355.844155844156,3628.0
2025-10-02,102,Kirkman,KIRKMAN BULK DIESEL USD,1312.4137931034484,1903.0
2025-10-02,102,Kirkman,KIRKMAN USD DIESEL,706.0402684563759,1052.0
2025-10-02,102,Kirkman,KIRKMAN USD PETROL,1007.236842105263,1531.0
2025-10-02,102,Kirkman,KIR-RUBIA SX SAE40 500ML,1.0,3.0
2025-10-02,110,Mutare Green Market,MUTARE GREEN MARKET BULK DIESEL,1839.4366197183097,2612.0
2025-10-02,110,Mutare Green Market,MUTARE GREENMARKET USD DIESEL,646.986301369863,944.6
2025-10-02,110,Mutare Green Market,MUTARE GREENMARKET USD PETROL,1476.4797297297298,2185.19
2025-10-02,112,Marondera,MARONDERA USD DIESEL,1000.3469387755102,1470.51
2025-10-02,112,Marondera,MARONDERA USD PETROL,1014.5695364238411,1532.0
2025-10-02,114,Kadoma,KAD-FLUIDMATIC DIII MV 500ML,1.0,3.0
2025-10-02,114,Kadoma,KADOMA USD BULK DIESEL ,725.8503401360545,1067.0
2025-10-02,114,Kadoma,KADOMA USD DIESEL,1267.8378378378377,1876.4
2025-10-02,114,Kadoma,KADOMA USD PETROL,1803.3112582781457,2723.0
2025-10-02,121,Gweru,GWE-QUARTZ 5000 20W50 5L,1.0,22.0
2025-10-02,121,Gweru,GWE-RUBIA TIR 7400 SAE 15W40 5L,1.0,25.0
2025-10-02,121,Gweru,GWERU BULK DIESEL USD,1888.2054794520548,2756.77
2025-10-02,121,Gweru,GWERU USD DIESEL,3120.265405405406,4617.99
2025-10-02,121,Gweru,GWERU USD PETROL,1942.3333333333333,2913.5
2025-10-02,123,Fife Street,FIFE USD DIESEL,1647.2602739726028,2405.0
2025-10-02,123,Fife Street,FIFE USD PETROL,1496.0,2244.0
2025-10-02,123,Fife Street,FIF-NEPTUNA 2T SUPER SPORT 500ML,2.0,8.0
2025-10-02,123,Fife Street,FIF-QUARTZ 4X4 15W40 500ML,6.0,18.0
2025-10-02,123,Fife Street,FIF-QUARTZ 5000 20W50 500ML,6.0,18.0
2025-10-02,123,Fife Street,FIF-QUARTZ 9000 SAE 5W40 500ML,4.0,20.0
2025-10-02,123,Fife Street,FIF-RACE BRAKEFLUID DOT4+ 500ML,3.0,12.0
2025-10-02,125,Fort Street,FOR-RACE BRAKEFLUID DOT4+ 500ML,1.0,4.0
2025-10-02,125,Fort Street,FORT STR BULK DIESEL USD,1451.0344827586207,2104.0
2025-10-02,125,Fort Street,FORT USD DIESEL,553.0612244897959,813.0
2025-10-02,125,Fort Street,FORT USD PETROL,911.1842105263158,1385.0
2025-10-02,127,Mpopoma,MPOPOMA BULK DIESEL USD,519.3103448275863,753.0
2025-10-02,127,Mpopoma,MPOPOMA USD DIESEL,514.2857142857142,756.0
2025-10-02,127,Mpopoma,MPOPOMA USD PETROL,1617.2185430463576,2442.0
2025-10-02,129,Khami,KHAMI BULK DIESEL USD,289.65517241379314,420.0
2025-10-02,129,Khami,KHAMI USD DIESEL,668.0272108843537,982.0
2025-10-02,129,Khami,KHAMI USD PETROL,1059.602582781457,1599.99
2025-10-02,131,R Mugabe,R MUGABE USD DIESEL,809.3333333333334,1214.0
2025-10-02,131,R Mugabe,R MUGABE USD PETROL,2069.078947368421,3145.0
2025-10-02,135,Cripps,CRIPPS BULK DIESEL USD,973.7931034482758,1412.0
2025-10-02,135,Cripps,CRIPPS DIESEL USD,2019.8630136986305,2949.0
2025-10-02,135,Cripps,CRIPPS PETROL USD,1622.2972972972968,2401.0
2025-10-02,140,Mutare Second Street,MUTARE SECOND USD BULK DIESEL,100.0,142.0
2025-10-02,140,Mutare Second Street,MUTARE SECOND USD DIESEL,415.06849315068496,606.0
2025-10-02,140,Mutare Second Street,MUTARE SECOND USD PETROL,345.02702702702703,510.64
2025-10-02,141,Troutbeck,TROUTBECK BULK DIESEL ,100.0,149.0
2025-10-02,141,Troutbeck,TROUTBECK USD DIESEL,1204.6666666666667,1807.0
2025-10-02,141,Troutbeck,TROUTBECK USD PETROL,1281.168831168831,1973.0
2025-10-02,145,Sunway City,SUN-QUARTZ 3000 SG 20W50 500ML,1.0,3.0
2025-10-02,145,Sunway City,SUN-QUARTZ 4X4 15W40 500ML,3.0,9.0
2025-10-02,145,Sunway City,SUN-QUARTZ 5000 20W50 500ML,3.0,9.0
2025-10-02,145,Sunway City,SUN-QUARTZ 5000 20W50 5L,1.0,22.0
2025-10-02,145,Sunway City,SUN-QUARTZ 9000 SAE 5W40 500ML,1.0,5.0
2025-10-02,145,Sunway City,SUNWAY BULK DIESEL USD,1900.6756756756758,2813.0
2025-10-02,145,Sunway City,SUNWAY USD DIESEL,2105.3333333333335,3158.0
2025-10-02,145,Sunway City,SUNWAY USD PETROL,3672.368421052631,5582.0
2025-10-02,146,Banket,BANKET BULK DIESEL USD,1851.387397260274,2703.02
2025-10-02,146,Banket,BANKET USD DIESEL,647.3333333333335,971.0
2025-10-02,146,Banket,BANKET USD PETROL,1853.9473684210523,2818.0
2025-10-02,146,Banket,BAN-NEPTUNA 2T SUPER SPORT 500ML,1.0,4.0
2025-10-02,146,Banket,BAN-RUBIA TIR 7400 SAE 15W40 5L,2.0,50.0
2025-10-02,147,Chinhoyi Main,CHINHOYI BULK DIESEL USD,400.0,588.0
2025-10-02,147,Chinhoyi Main,CHINHOYI MAIN USD DIESEL,1060.0,1590.0
2025-10-02,147,Chinhoyi Main,CHINHOYI MAIN USD PETROL,2943.790849673203,4504.0
2025-10-02,148,Chegutu,CHEGUTU BULK DIESEL USD,763.265306122449,1122.0
2025-10-02,148,Chegutu,CHEGUTU USD DIESEL,1069.798657718121,1594.0
2025-10-02,148,Chegutu,CHEGUTU USD PETROL,1779.4701986754958,2687.0
2025-10-02,148,Chegutu,CHE-RACE BRAKEFLUID DOT4+ 500ML,1.0,4.0
2025-10-02,149,Turnpike,TURNPIKE BULK DIESEL USD,304.05405405405406,450.0
2025-10-02,149,Turnpike,TURNPIKE USD DIESEL,1154.0,1731.0
2025-10-02,149,Turnpike,TURNPIKE USD PETROL,1023.6842105263158,1556.0
2025-10-02,149,Turnpike,TUR-QUARTZ 9000 SAE 5W40 500ML,2.0,10.0
2025-10-02,150,Mutare One Stop,MUTARE ONE STOP DIESEL,2143.8493150684926,3130.01
2025-10-02,150,Mutare One Stop,MUTARE ONE STOP PETROL,1033.2297297297298,1529.18
2025-10-02,159,Gwanda ,GWANDA USD DIESEL,66.88311688311688,103.0
2025-10-02,82,Runiville,RUN-FLUIDMATIC CVT MV 1L,1.0,10.0
2025-10-02,82,Runiville,RUNIVILLE USD DIESEL,98.65771812080537,147.0
2025-10-02,82,Runiville,RUNIVILLE USD PETROL,211.18421052631578,321.0
2025-10-02,82,Runiville,RUN-RUBIA SX SAE40 500ML,1.0,3.0
2025-10-02,84,Avondale,AVONDALE USD DIESEL,181.0810810810811,268.0
2025-10-02,84,Avondale,AVONDALE USD PETROL,830.921052631579,1263.0
2025-10-02,86,Charter,CHA-NEPTUNA 2T SUPER SPORT 500ML,1.0,4.0
2025-10-02,86,Charter,CHARTER BULK/TAXI DIESEL ,2629.4520547945203,3839.0
2025-10-02,86,Charter,CHARTER USD DIESEL,596.6216216216216,883.0
2025-10-02,86,Charter,CHARTER USD PETROL,1227.3333333333335,1841.0
2025-10-02,88,Seke,SEKE DIESEL BULK,600.0,876.0
2025-10-02,88,Seke,SEKE USD DIESEL,2556.0810810810813,3783.0
2025-10-02,88,Seke,SEKE USD PETROL,1959.3333333333335,2939.0
2025-10-02,92,Msasa,MSASA BULK DIESEL,704.7297297297298,1043.0
2025-10-02,92,Msasa,MSASA USD DIESEL,722.875816993464,1106.0
2025-10-02,92,Msasa,MSASA USD PETROL,808.4415584415584,1245.0
2025-10-02,96,Samora,SAMORA USD DIESEL,192.05298013245033,290.0
2025-10-02,96,Samora,SAMORA USD PETROL,793.4210526315788,1206.0
2025-10-02,96,Samora,SAMORA USD TAXI DIESEL ,33.557046979865774,50.0
2025-10-02,96,Samora,SAM-QUARTZ 5000 20W50 500ML,1.0,3.0
2025-10-02,96,Samora,SAM-QUARTZ 9000 SAE 5W40 500ML,2.0,10.0
2025-10-02,98,Roadport,ROADPORT USD DIESEL,821.0526315789473,1248.0
2025-10-02,98,Roadport,ROADPORT USD DIESEL BUS,1358.1081081081081,2010.0
2025-10-02,98,Roadport,ROAPORT USD PETROL,3406.4935064935066,5246.0
2025-10-03,102,Kirkman,KIRKMAN BULK DIESEL USD,2800.0,4060.0
2025-10-03,102,Kirkman,KIRKMAN USD DIESEL,914.0939597315436,1362.0
2025-10-03,102,Kirkman,KIRKMAN USD PETROL,1098.6842105263156,1670.0
2025-10-03,110,Mutare Green Market,MUTARE GREEN MARKET BULK DIESEL,704.9295774647887,1001.0
2025-10-03,110,Mutare Green Market,MUTARE GREENMARKET USD DIESEL,1181.2465753424658,1724.62
2025-10-03,110,Mutare Green Market,MUTARE GREENMARKET USD PETROL,2083.6486486486488,3083.8
2025-10-03,112,Marondera,MARONDERA USD DIESEL,1038.7755102040817,1527.0
2025-10-03,112,Marondera,MARONDERA USD PETROL,1877.4834437086095,2835.0
2025-10-03,114,Kadoma,KADOMA USD DIESEL,795.9459459459459,1178.0
2025-10-03,114,Kadoma,KADOMA USD PETROL,1537.0860927152312,2321.0
2025-10-03,121,Gweru,GWERU BULK DIESEL USD,1855.0,2708.3
2025-10-03,121,Gweru,GWERU USD DIESEL,2060.810810810811,3050.0
2025-10-03,121,Gweru,GWERU USD PETROL,1948.6766666666665,2923.01
2025-10-03,123,Fife Street,FIFE USD DIESEL,2167.123287671233,3164.0
2025-10-03,123,Fife Street,FIFE USD PETROL,2380.0,3570.0
2025-10-03,125,Fort Street,FOR-RACE BRAKEFLUID DOT4+ 500ML,1.0,4.0
2025-10-03,125,Fort Street,FOR-RUBIA TIR 7400 15W40 500ML,2.0,6.0
2025-10-03,125,Fort Street,FORT STR BULK DIESEL USD,3189.6475862068964,4624.98
2025-10-03,125,Fort Street,FORT USD DIESEL,594.5578231292517,874.0
2025-10-03,125,Fort Street,FORT USD PETROL,1398.0263157894738,2125.0
2025-10-03,127,Mpopoma,MPOPOMA BULK DIESEL USD,732.4137931034483,1062.0
2025-10-03,127,Mpopoma,MPOPOMA USD DIESEL,48.29931972789116,71.0
2025-10-03,127,Mpopoma,MPOPOMA USD PETROL,630.4635761589404,952.0
2025-10-03,129,Khami,KHAMI BULK DIESEL USD,1446.896551724138,2098.0
2025-10-03,129,Khami,KHAMI USD DIESEL,1473.4693877551022,2166.0
2025-10-03,129,Khami,KHAMI USD PETROL,509.2715231788079,769.0
2025-10-03,131,R Mugabe,R MUGABE USD DIESEL,1009.3333333333333,1514.0
2025-10-03,131,R Mugabe,R MUGABE USD PETROL,2015.7894736842102,3064.0
2025-10-03,135,Cripps,CRIPPS BULK DIESEL USD,103.44827586206897,150.0
2025-10-03,135,Cripps,CRIPPS DIESEL USD,1526.7123287671234,2229.0
2025-10-03,135,Cripps,CRIPPS PETROL USD,591.8918918918921,876.0
2025-10-03,140,Mutare Second Street,MUTARE SECOND USD DIESEL,489.04109589041076,714.0
2025-10-03,140,Mutare Second Street,MUTARE SECOND USD PETROL,713.5135135135134,1056.0
2025-10-03,141,Troutbeck,TROUTBECK BULK DIESEL ,912.0,1358.88
2025-10-03,141,Troutbeck,TROUTBECK USD DIESEL,916.0,1374.0
2025-10-03,141,Troutbeck,TROUTBECK USD PETROL,1650.6493506493507,2542.0
2025-10-03,145,Sunway City,SUN-QUARTZ 9000 SAE 5W40 500ML,2.0,10.0
2025-10-03,145,Sunway City,SUN-RUBIA TIR 7400 15W40 500ML,1.0,3.0
2025-10-03,145,Sunway City,SUN-SWIFTEX BATTERY 650C,1.0,160.0
2025-10-03,145,Sunway City,SUNWAY BULK DIESEL USD,2195.945945945946,3250.0
2025-10-03,145,Sunway City,SUNWAY USD DIESEL,1726.6666666666667,2590.0
2025-10-03,145,Sunway City,SUNWAY USD PETROL,3542.1052631578946,5384.0
2025-10-03,146,Banket,BANKET BULK DIESEL USD,2023.4931506849316,2954.3
2025-10-03,146,Banket,BANKET USD DIESEL,332.6666666666667,499.0
2025-10-03,146,Banket,BANKET USD PETROL,2021.052631578947,3072.0
2025-10-03,146,Banket,BAN-QUARTZ 9000 SAE 5W40 500ML,2.0,10.0
2025-10-03,146,Banket,BAN-RACE BRAKEFLUID DOT4+ 500ML,1.0,4.0
2025-10-03,147,Chinhoyi Main,CHINHOYI BULK DIESEL USD,489.795918367347,720.0
2025-10-03,147,Chinhoyi Main,CHINHOYI MAIN USD DIESEL,732.0,1098.0
2025-10-03,147,Chinhoyi Main,CHINHOYI MAIN USD PETROL,2998.6928104575163,4588.0
2025-10-03,148,Chegutu,CHEGUTU BULK DIESEL USD,808.843537414966,1189.0
2025-10-03,148,Chegutu,CHEGUTU USD DIESEL,1026.1744966442952,1529.0
2025-10-03,148,Chegutu,CHEGUTU USD PETROL,2043.0463576158945,3085.0
2025-10-03,149,Turnpike,TUR-FLUIDMATIC DIII MV 500ML,2.0,6.0
2025-10-03,149,Turnpike,TURNPIKE USD DIESEL,1531.3333333333335,2297.0
2025-10-03,149,Turnpike,TURNPIKE USD PETROL,701.9736842105264,1067.0
2025-10-03,149,Turnpike,TUR-QUARTZ 4X4 15W40 500ML,1.0,3.0
2025-10-03,149,Turnpike,TUR-QUARTZ 5000 20W50 500ML,5.0,15.0
2025-10-03,149,Turnpike,TUR-RUBIA SX SAE40 500ML,2.0,6.0
2025-10-03,149,Turnpike,TUR-RUBIA TIR 7400 SAE 15W40 5L,1.0,25.0
2025-10-03,150,Mutare One Stop,MUTARE ONE STOP DIESEL,696.6164383561644,1017.06
2025-10-03,150,Mutare One Stop,MUTARE ONE STOP PETROL,1058.304054054054,1566.29
2025-10-03,82,Runiville,RUN-FLUIDMATIC DIII MV 500ML,1.0,3.0
2025-10-03,82,Runiville,RUNIVILLE USD DIESEL,56.375838926174495,84.0
2025-10-03,82,Runiville,RUNIVILLE USD PETROL,461.1842105263157,701.0
2025-10-03,82,Runiville,RUN-RUBIA SX SAE40 500ML,3.0,9.0
2025-10-03,84,Avondale,AVONDALE USD DIESEL,314.86486486486484,466.0
2025-10-03,84,Avondale,AVONDALE USD PETROL,483.91447368421046,735.55
2025-10-03,84,Avondale,AVO-QUARTZ 5000 20W50 5L,1.0,22.0
2025-10-03,84,Avondale,AVO-QUARTZ 9000 SAE 5W40 500ML,4.0,20.0
2025-10-03,84,Avondale,AVO-QUARTZ 9000 SAE 5W40 5L,1.0,30.0
2025-10-03,84,Avondale,AVO-RACE BRAKEFLUID DOT4+ 500ML,1.0,4.0
2025-10-03,84,Avondale,AVO-RUBIA TIR 7400 SAE 15W40 5L,1.0,25.0
2025-10-03,86,Charter,CHARTER BULK/TAXI DIESEL ,2993.150684931507,4370.0
2025-10-03,86,Charter,CHARTER USD DIESEL,760.1351351351351,1125.0
2025-10-03,86,Charter,CHARTER USD PETROL,2144.666666666667,3217.0
2025-10-03,88,Seke,SEKE DIESEL BULK,100.0,146.0
2025-10-03,88,Seke,SEKE USD DIESEL,2068.2432432432433,3061.0
2025-10-03,88,Seke,SEKE USD PETROL,2514.666666666667,3772.0
2025-10-03,88,Seke,SEK-QUARTZ 4X4 15W40 500ML,1.0,3.0
2025-10-03,92,Msasa,MSASA BULK DIESEL,1908.0540540540542,2823.92
2025-10-03,92,Msasa,MSASA USD DIESEL,808.8300653594771,1237.51
2025-10-03,92,Msasa,MSASA USD PETROL,534.7142857142857,823.46
2025-10-03,96,Samora,SAMORA USD DIESEL,141.05960264900662,213.0
2025-10-03,96,Samora,SAMORA USD PETROL,975.6578947368421,1483.0
2025-10-03,96,Samora,SAMORA USD TAXI DIESEL ,30.201342281879196,45.0
2025-10-03,98,Roadport,ROADPORT USD DIESEL,1061.1842105263158,1613.0
2025-10-03,98,Roadport,ROADPORT USD DIESEL BUS,1350.0,1998.0
2025-10-03,98,Roadport,ROAPORT USD PETROL,3236.3636363636356,4984.0
2025-10-04,102,Kirkman,KIRKMAN BULK DIESEL USD,3222.413793103448,4672.5
2025-10-04,102,Kirkman,KIRKMAN USD DIESEL,3170.4697986577175,4724.0
2025-10-04,102,Kirkman,KIRKMAN USD PETROL,1009.8684210526316,1535.0
2025-10-04,102,Kirkman,KIR-RACE BRAKEFLUID DOT4+ 500ML,1.0,4.0
2025-10-04,110,Mutare Green Market,MUTARE GREEN MARKET BULK DIESEL,1395.0704225352115,1981.0
2025-10-04,110,Mutare Green Market,MUTARE GREENMARKET USD DIESEL,535.6438356164383,782.04
2025-10-04,110,Mutare Green Market,MUTARE GREENMARKET USD PETROL,1263.6891891891892,1870.25
2025-10-04,112,Marondera,MARONDERA USD DIESEL,663.9455782312925,976.0
2025-10-04,112,Marondera,MARONDERA USD PETROL,1284.1059602649007,1939.0
2025-10-04,114,Kadoma,KADOMA USD BULK DIESEL ,102.04081632653062,150.0
2025-10-04,114,Kadoma,KADOMA USD DIESEL,1385.8108108108108,2051.0
2025-10-04,114,Kadoma,KADOMA USD PETROL,1284.7682119205297,1940.0
2025-10-04,121,Gweru,GWE-RACE BRAKEFLUID DOT4+ 500ML,1.0,4.0
2025-10-04,121,Gweru,GWERU BULK DIESEL USD,2705.0,3949.3
2025-10-04,121,Gweru,GWERU USD DIESEL,2861.4864864864867,4235.0
2025-10-04,121,Gweru,GWERU USD PETROL,1875.2033333333334,2812.8
2025-10-04,123,Fife Street,FIFE USD DIESEL,1884.931506849315,2752.0
2025-10-04,123,Fife Street,FIFE USD PETROL,3520.666666666667,5281.0
2025-10-04,125,Fort Street,FORT STR BULK DIESEL USD,613.7931034482759,890.0
2025-10-04,125,Fort Street,FORT USD DIESEL,870.7482993197278,1280.0
2025-10-04,125,Fort Street,FORT USD PETROL,911.8421052631579,1386.0
2025-10-04,127,Mpopoma,MPOPOMA BULK DIESEL USD,1380.6896551724137,2002.0
2025-10-04,127,Mpopoma,MPOPOMA USD DIESEL,636.7346938775511,936.0
2025-10-04,127,Mpopoma,MPOPOMA USD PETROL,1244.3708609271523,1879.0
2025-10-04,129,Khami,KHAMI BULK DIESEL USD,1424.1379310344828,2065.0
2025-10-04,129,Khami,KHAMI USD DIESEL,1431.9727891156465,2105.0
2025-10-04,129,Khami,KHAMI USD PETROL,1011.2582781456954,1527.0
2025-10-04,131,R Mugabe,R MUGABE USD DIESEL,679.3333333333334,1019.0
2025-10-04,131,R Mugabe,R MUGABE USD PETROL,2016.4473684210525,3065.0
2025-10-04,135,Cripps,CRIPPS BULK DIESEL USD,1528.2758620689656,2216.0
2025-10-04,135,Cripps,CRIPPS DIESEL USD,1764.3835616438355,2576.0
2025-10-04,135,Cripps,CRIPPS PETROL USD,3161.4864864864862,4679.0
2025-10-04,140,Mutare Second Street,MUTARE SECOND USD DIESEL,1323.2876712328766,1932.0
2025-10-04,140,Mutare Second Street,MUTARE SECOND USD PETROL,1464.1891891891892,2167.0
2025-10-04,141,Troutbeck,TROUTBECK BULK DIESEL ,750.0,1117.5
2025-10-04,141,Troutbeck,TROUTBECK USD DIESEL,742.6666666666666,1114.0
2025-10-04,141,Troutbeck,TROUTBECK USD PETROL,1062.3376623376623,1636.0
2025-10-04,145,Sunway City,SUN-QUARTZ 5000 20W50 500ML,1.0,3.0
2025-10-04,145,Sunway City,SUNWAY BULK DIESEL USD,3221.6756756756754,4768.08
2025-10-04,145,Sunway City,SUNWAY USD DIESEL,2382.433333333334,3573.65
2025-10-04,145,Sunway City,SUNWAY USD PETROL,4757.894736842105,7232.0
2025-10-04,146,Banket,BANKET BULK DIESEL USD,560.2739726027397,818.0
2025-10-04,146,Banket,BANKET USD DIESEL,348.0,522.0
2025-10-04,146,Banket,BANKET USD PETROL,1538.1578947368416,2338.0
2025-10-04,146,Banket,BAN-NEPTUNA 2T SUPER SPORT 500ML,1.0,4.0
2025-10-04,146,Banket,BAN-RUBIA SX SAE40 500ML,1.0,3.0
2025-10-04,146,Banket,BAN-RUBIA TIR 7400 15W40 500ML,2.0,6.0
2025-10-04,147,Chinhoyi Main,CHINHOYI BULK DIESEL USD,200.0,294.0
2025-10-04,147,Chinhoyi Main,CHINHOYI MAIN USD DIESEL,813.3333333333334,1220.0
2025-10-04,147,Chinhoyi Main,CHINHOYI MAIN USD PETROL,3005.8823529411766,4599.0
2025-10-04,148,Chegutu,CHEGUTU BULK DIESEL USD,766.6666666666666,1127.0
2025-10-04,148,Chegutu,CHEGUTU USD DIESEL,1031.543624161074,1537.0
2025-10-04,148,Chegutu,CHEGUTU USD PETROL,2284.7682119205297,3450.0
2025-10-04,149,Turnpike,TUR-FLUIDMATIC DIII MV 500ML,2.0,6.0
2025-10-04,149,Turnpike,TURNPIKE BULK DIESEL USD,534.8918918918919,791.64
2025-10-04,149,Turnpike,TURNPIKE USD DIESEL,1560.0000000000002,2340.0
2025-10-04,149,Turnpike,TURNPIKE USD PETROL,1096.7105263157894,1667.0
2025-10-04,149,Turnpike,TUR-QUARTZ 4X4 15W40 500ML,1.0,3.0
2025-10-04,149,Turnpike,TUR-QUARTZ 5000 20W50 500ML,2.0,6.0
2025-10-04,149,Turnpike,TUR-RUBIA TIR 7400 15W40 500ML,1.0,3.0
2025-10-04,150,Mutare One Stop,MUTARE ONE STOP DIESEL,1662.6164383561645,2427.41
2025-10-04,150,Mutare One Stop,MUTARE ONE STOP PETROL,2580.97972972973,3819.85
2025-10-04,159,Gwanda ,GWANDA USD DIESEL,107.14285714285714,165.0
2025-10-04,82,Runiville,RUNIVILLE BULK DIESEL USD,119.86301369863014,175.0
2025-10-04,82,Runiville,RUNIVILLE USD DIESEL,207.38255033557047,309.0
2025-10-04,82,Runiville,RUNIVILLE USD PETROL,207.23684210526315,315.0
2025-10-04,84,Avondale,AVONDALE USD DIESEL,444.5945945945946,658.0
2025-10-04,84,Avondale,AVONDALE USD PETROL,418.4210526315789,636.0
2025-10-04,86,Charter,CHA-QUARTZ 4X4 15W40 500ML,1.0,3.0
2025-10-04,86,Charter,CHARTER BULK/TAXI DIESEL ,2451.3698630136987,3579.0
2025-10-04,86,Charter,CHARTER USD DIESEL,891.2162162162164,1319.0
2025-10-04,86,Charter,CHARTER USD PETROL,2014.6666666666665,3022.0
2025-10-04,86,Charter,CHA-RUBIA TIR 7400 15W40 500ML,1.0,3.0
2025-10-04,88,Seke,SEKE USD DIESEL,2015.5405405405406,2983.0
2025-10-04,88,Seke,SEKE USD PETROL,3033.9999999999995,4551.0
2025-10-04,92,Msasa,MSASA BULK DIESEL,1013.6486486486486,1500.2
2025-10-04,92,Msasa,MSASA USD DIESEL,971.4248366013071,1486.28
2025-10-04,92,Msasa,MSASA USD PETROL,974.5779220779222,1500.85
2025-10-04,96,Samora,SAMORA USD DIESEL,313.2450331125828,473.0
2025-10-04,96,Samora,SAMORA USD PETROL,1580.2631578947369,2402.0
2025-10-04,96,Samora,SAMORA USD TAXI DIESEL ,42.95302013422819,64.0
2025-10-04,98,Roadport,ROADPORT USD DIESEL,452.6315789473684,688.0
2025-10-04,98,Roadport,ROADPORT USD DIESEL BUS,1555.4054054054054,2302.0
2025-10-04,98,Roadport,ROAPORT USD PETROL,3186.363636363636,4907.0
2025-10-05,102,Kirkman,KIRKMAN USD DIESEL,1082.55033557047,1613.0
2025-10-05,102,Kirkman,KIRKMAN USD PETROL,834.8684210526311,1269.0
2025-10-05,110,Mutare Green Market,MUTARE GREEN MARKET BULK DIESEL,1042.0674647887324,1479.73
2025-10-05,110,Mutare Green Market,MUTARE GREENMARKET USD DIESEL,805.527397260274,1176.07
2025-10-05,110,Mutare Green Market,MUTARE GREENMARKET USD PETROL,1847.0202702702702,2733.59
2025-10-05,112,Marondera,MARONDERA USD DIESEL,635.374149659864,934.0
2025-10-05,112,Marondera,MARONDERA USD PETROL,1664.9006622516556,2514.0
2025-10-05,114,Kadoma,KADOMA USD BULK DIESEL ,544.21768707483,800.0
2025-10-05,114,Kadoma,KADOMA USD DIESEL,798.6486486486486,1182.0
2025-10-05,114,Kadoma,KADOMA USD PETROL,1227.8145695364237,1854.0
2025-10-05,121,Gweru,GWE-FLUIDMATIC DIII MV 500ML,2.0,6.0
2025-10-05,121,Gweru,GWE-RACE BRAKEFLUID DOT4+ 500ML,3.0,12.0
2025-10-05,121,Gweru,GWERU BULK DIESEL USD,680.0,992.8
2025-10-05,121,Gweru,GWERU USD DIESEL,2106.4254054054054,3117.5
2025-10-05,121,Gweru,GWERU USD PETROL,1943.8933333333332,2915.84
2025-10-05,123,Fife Street,FIFE USD DIESEL,1308.2191780821918,1910.0
2025-10-05,123,Fife Street,FIFE USD PETROL,2016.0,3024.0
2025-10-05,123,Fife Street,FIF-FLUIDMATIC DIII MV 500ML,3.0,9.0
2025-10-05,123,Fife Street,FIF-QUARTZ 4X4 15W40 500ML,2.0,6.0
2025-10-05,123,Fife Street,FIF-QUARTZ 5000 20W50 500ML,2.0,6.0
2025-10-05,123,Fife Street,FIF-QUARTZ 9000 SAE 5W40 500ML,2.0,10.0
2025-10-05,123,Fife Street,FIF-QUARTZ 9000 SAE 5W40 5L,1.0,30.0
2025-10-05,123,Fife Street,FIF-RACE BRAKEFLUID DOT4+ 500ML,4.0,16.0
2025-10-05,123,Fife Street,FIF-RUBIA SX SAE40 500ML,2.0,6.0
2025-10-05,123,Fife Street,FIF-RUBIA TIR 7400 SAE 15W40 5L,1.0,25.0
2025-10-05,125,Fort Street,FORT STR BULK DIESEL USD,1410.344827586207,2045.0
2025-10-05,125,Fort Street,FORT USD DIESEL,806.8027210884354,1186.0
2025-10-05,125,Fort Street,FORT USD PETROL,507.8947368421052,772.0
2025-10-05,127,Mpopoma,MPOPOMA BULK DIESEL USD,1271.0344827586207,1843.0
2025-10-05,127,Mpopoma,MPOPOMA USD DIESEL,295.9183673469388,435.0
2025-10-05,127,Mpopoma,MPOPOMA USD PETROL,1229.1390728476822,1856.0
2025-10-05,129,Khami,KHAMI BULK DIESEL USD,158.6206896551724,230.0
2025-10-05,129,Khami,KHAMI USD DIESEL,420.4081632653061,618.0
2025-10-05,129,Khami,KHAMI USD PETROL,729.1390728476821,1101.0
2025-10-05,131,R Mugabe,R MUGABE USD DIESEL,270.6666666666667,406.0
2025-10-05,131,R Mugabe,R MUGABE USD PETROL,1957.894736842105,2976.0
2025-10-05,135,Cripps,CRIPPS BULK DIESEL USD,1279.3103448275863,1855.0
2025-10-05,135,Cripps,CRIPPS DIESEL USD,1028.0821917808219,1501.0
2025-10-05,135,Cripps,CRIPPS PETROL USD,1726.3513513513512,2555.0
2025-10-05,140,Mutare Second Street,MUTARE SECOND USD DIESEL,332.8767123287671,486.0
2025-10-05,140,Mutare Second Street,MUTARE SECOND USD PETROL,291.89189189189193,432.0
2025-10-05,141,Troutbeck,TRO-FLUIDMATIC DIII MV 500ML,1.0,3.0
2025-10-05,141,Troutbeck,TRO-QUARTZ 9000 SAE 5W40 5L,1.0,30.0
2025-10-05,141,Troutbeck,TRO-RUBIA SX SAE40 500ML,1.0,3.0
2025-10-05,141,Troutbeck,TROUTBECK BULK DIESEL ,320.13,476.99
2025-10-05,141,Troutbeck,TROUTBECK USD DIESEL,1190.6666666666667,1786.0
2025-10-05,141,Troutbeck,TROUTBECK USD PETROL,1539.6103896103896,2371.0
2025-10-05,145,Sunway City,SUN-FLUIDMATIC DIII MV 500ML,1.0,3.0
2025-10-05,145,Sunway City,SUN-QUARTZ 5000 20W50 500ML,7.0,21.0
2025-10-05,145,Sunway City,SUN-QUARTZ 5000 20W50 5L,1.0,22.0
2025-10-05,145,Sunway City,SUN-RACE BRAKEFLUID DOT4+ 500ML,1.0,4.0
2025-10-05,145,Sunway City,SUN-RUBIA TIR 7400 15W40 500ML,2.0,6.0
2025-10-05,145,Sunway City,SUN-SWIFTEX BATTERY 658P,1.0,160.0
2025-10-05,145,Sunway City,SUNWAY BULK DIESEL USD,826.2794594594595,1222.88
2025-10-05,145,Sunway City,SUNWAY USD DIESEL,2490.6666666666665,3736.0
2025-10-05,145,Sunway City,SUNWAY USD PETROL,4732.236842105262,7193.0
2025-10-05,146,Banket,BANKET BULK DIESEL USD,664.78,970.57
2025-10-05,146,Banket,BANKET USD DIESEL,362.66666666666674,544.0
2025-10-05,146,Banket,BANKET USD PETROL,1972.3684210526314,2998.0
2025-10-05,146,Banket,BAN-RUBIA SX SAE40 500ML,2.0,6.0
2025-10-05,147,Chinhoyi Main,CHINHOYI BULK DIESEL USD,329.2517006802721,484.0
2025-10-05,147,Chinhoyi Main,CHINHOYI MAIN USD DIESEL,821.9733333333334,1232.96
2025-10-05,147,Chinhoyi Main,CHINHOYI MAIN USD PETROL,1863.3986928104575,2851.0
2025-10-05,148,Chegutu,CHEGUTU BULK DIESEL USD,646.2585034013606,950.0
2025-10-05,148,Chegutu,CHEGUTU USD DIESEL,862.4161073825502,1285.0
2025-10-05,148,Chegutu,CHEGUTU USD PETROL,1484.105960264901,2241.0
2025-10-05,149,Turnpike,TUR-NEPTUNA 2T SUPER SPORT 500ML,1.0,4.0
2025-10-05,149,Turnpike,TURNPIKE USD DIESEL,1036.6666666666667,1555.0
2025-10-05,149,Turnpike,TURNPIKE USD PETROL,1289.4736842105262,1960.0
2025-10-05,149,Turnpike,TUR-QUARTZ 5000 20W50 500ML,2.0,6.0
2025-10-05,149,Turnpike,TUR-RUBIA TIR 7400 15W40 500ML,1.0,3.0
2025-10-05,150,Mutare One Stop,MUTARE ONE STOP DIESEL,434.24657534246575,634.0
2025-10-05,150,Mutare One Stop,MUTARE ONE STOP PETROL,410.13513513513516,607.0
2025-10-05,82,Runiville,RUN-FLUIDMATIC DIII MV 500ML,1.0,3.0
2025-10-05,82,Runiville,RUNIVILLE BULK DIESEL USD,136.986301369863,200.0
2025-10-05,82,Runiville,RUNIVILLE USD DIESEL,121.47651006711409,181.0
2025-10-05,82,Runiville,RUNIVILLE USD PETROL,152.6315789473684,232.0
2025-10-05,82,Runiville,RUN-RACE BRAKEFLUID DOT4+ 500ML,2.0,8.0
2025-10-05,84,Avondale,AVONDALE USD DIESEL,614.1891891891892,909.0
2025-10-05,84,Avondale,AVONDALE USD PETROL,675.6578947368421,1027.0
2025-10-05,86,Charter,CHARTER BULK/TAXI DIESEL ,1128.7671232876712,1648.0
2025-10-05,86,Charter,CHARTER USD DIESEL,420.27027027027026,622.0
2025-10-05,86,Charter,CHARTER USD PETROL,2212.666666666667,3319.0
2025-10-05,88,Seke,SEKE USD DIESEL,1151.3513513513512,1704.0
2025-10-05,88,Seke,SEKE USD PETROL,2321.9999999999995,3483.0
2025-10-05,88,Seke,SEK-QUARTZ 5000 20W50 500ML,2.0,6.0
2025-10-05,88,Seke,SEK-QUARTZ 5000 20W50 5L,1.0,22.0
2025-10-05,88,Seke,SEK-QUARTZ 9000 SAE 5W40 500ML,1.0,5.0
2025-10-05,92,Msasa,MSASA BULK DIESEL,250.0,370.0
2025-10-05,92,Msasa,MSASA USD DIESEL,414.45751633986924,634.12
2025-10-05,92,Msasa,MSASA USD PETROL,404.57142857142856,623.04
2025-10-05,96,Samora,SAMORA USD DIESEL,103.97350993377484,157.0
2025-10-05,96,Samora,SAMORA USD PETROL,1309.2105263157891,1990.0
2025-10-05,96,Samora,SAMORA USD TAXI DIESEL ,53.691275167785236,80.0
2025-10-05,98,Roadport,ROADPORT USD DIESEL,288.1578947368421,438.0
2025-10-05,98,Roadport,ROADPORT USD DIESEL BUS,1795.9459459459458,2658.0
2025-10-05,98,Roadport,ROAPORT USD PETROL,2758.4415584415588,4248.0
2025-10-06,102,Kirkman,KIRKMAN BULK DIESEL USD,1224.1379310344828,1775.0
2025-10-06,102,Kirkman,KIRKMAN USD DIESEL,1278.523489932886,1905.0
2025-10-06,102,Kirkman,KIRKMAN USD PETROL,1252.6315789473686,1904.0
2025-10-06,110,Mutare Green Market,MUTARE GREEN MARKET BULK DIESEL,445.77464788732397,633.0
2025-10-06,110,Mutare Green Market,MUTARE GREENMARKET USD DIESEL,560.6095890410959,818.49
2025-10-06,110,Mutare Green Market,MUTARE GREENMARKET USD PETROL,1225.6689189189185,1813.99
2025-10-06,112,Marondera,MARONDERA USD DIESEL,651.7006802721088,958.0
2025-10-06,112,Marondera,MARONDERA USD PETROL,1954.9668874172185,2952.0
2025-10-06,114,Kadoma,KADOMA USD BULK DIESEL ,921.7687074829931,1355.0
2025-10-06,114,Kadoma,KADOMA USD DIESEL,1327.7027027027027,1965.0
2025-10-06,114,Kadoma,KADOMA USD PETROL,2233.774834437086,3373.0
2025-10-06,114,Kadoma,KAD-RACE BRAKEFLUID DOT4+ 500ML,1.0,4.0
2025-10-06,121,Gweru,GWE-PROSYLVA 2 STROKE 200ML,1.0,2.0
2025-10-06,121,Gweru,GWERU BULK DIESEL USD,256.8493150684932,375.0
2025-10-06,121,Gweru,GWERU USD DIESEL,2033.66,3009.81
2025-10-06,121,Gweru,GWERU USD PETROL,1821.6800000000003,2732.52
2025-10-06,123,Fife Street,FIFE USD DIESEL,1117.8082191780823,1632.0
2025-10-06,123,Fife Street,FIFE USD PETROL,2177.3333333333335,3266.0
2025-10-06,125,Fort Street,FOR-RUBIA SX SAE40 500ML,1.0,3.0
2025-10-06,125,Fort Street,FORT STR BULK DIESEL USD,884.8199999999999,1282.98
2025-10-06,125,Fort Street,FORT USD DIESEL,732.6530612244898,1077.0
2025-10-06,125,Fort Street,FORT USD PETROL,942.1052631578948,1432.0
2025-10-06,127,Mpopoma,MPO-FLUIDMATIC DIII MV 500ML,5.0,15.0
2025-10-06,127,Mpopoma,MPOPOMA BULK DIESEL USD,2400.0,3480.0
2025-10-06,127,Mpopoma,MPOPOMA USD DIESEL,532.6530612244899,783.0
2025-10-06,127,Mpopoma,MPOPOMA USD PETROL,1307.2847682119204,1974.0
2025-10-06,127,Mpopoma,MPO-QUARTZ 5000 20W50 500ML,1.0,3.0
2025-10-06,127,Mpopoma,MPO-RACE BRAKEFLUID DOT4+ 500ML,1.0,4.0
2025-10-06,127,Mpopoma,MPO-RUBIA SX SAE40 500ML,2.0,6.0
2025-10-06,129,Khami,KHAMI BULK DIESEL USD,1949.6551724137933,2827.0
2025-10-06,129,Khami,KHAMI USD DIESEL,1510.204081632653,2220.0
2025-10-06,129,Khami,KHAMI USD PETROL,941.0596026490066,1421.0
2025-10-06,131,R Mugabe,RM-FLUIDMATIC CVT MV 1L,2.0,20.0
2025-10-06,131,R Mugabe,RM-QUARTZ 5000 20W50 500ML,3.0,9.0
2025-10-06,131,R Mugabe,RM-RACE BRAKEFLUID DOT4+ 500ML,1.0,4.0
2025-10-06,131,R Mugabe,RM-RUBIA SX SAE40 500ML,3.0,9.0
2025-10-06,131,R Mugabe,RM-RUBIA TIR 7400 15W40 500ML,6.0,18.0
2025-10-06,131,R Mugabe,R MUGABE USD DIESEL,396.66666666666663,595.0
2025-10-06,131,R Mugabe,R MUGABE USD PETROL,1457.2368421052631,2215.0
2025-10-06,135,Cripps,CRIPPS BULK DIESEL USD,816.5475862068965,1183.99
2025-10-06,135,Cripps,CRIPPS DIESEL USD,1623.972602739726,2371.0
2025-10-06,135,Cripps,CRIPPS PETROL USD,1960.8108108108108,2902.0
2025-10-06,140,Mutare Second Street,MUTARE SECOND USD BULK DIESEL,200.0,284.0
2025-10-06,140,Mutare Second Street,MUTARE SECOND USD DIESEL,889.5890410958903,1298.8
2025-10-06,140,Mutare Second Street,MUTARE SECOND USD PETROL,672.972972972973,996.0
2025-10-06,141,Troutbeck,TRO-FLUIDMATIC DIII MV 500ML,1.0,3.0
2025-10-06,141,Troutbeck,TRO-RUBIA SX SAE40 500ML,2.0,6.0
2025-10-06,141,Troutbeck,TROUTBECK BULK DIESEL ,499.31543624161077,743.98
2025-10-06,141,Troutbeck,TROUTBECK USD DIESEL,1382.6666666666667,2074.0
2025-10-06,141,Troutbeck,TROUTBECK USD PETROL,1524.6753246753246,2348.0
2025-10-06,145,Sunway City,SUNWAY BULK DIESEL USD,1737.1621621621623,2571.0
2025-10-06,145,Sunway City,SUNWAY USD DIESEL,1816.666666666667,2725.0
2025-10-06,145,Sunway City,SUNWAY USD PETROL,3158.5526315789475,4801.0
2025-10-06,146,Banket,BANKET BULK DIESEL USD,474.6575342465753,693.0
2025-10-06,146,Banket,BANKET USD DIESEL,821.3333333333333,1232.0
2025-10-06,146,Banket,BANKET USD PETROL,2674.3421052631575,4065.0
2025-10-06,146,Banket,BAN-NEPTUNA 2T SUPER SPORT 500ML,1.0,4.0
2025-10-06,146,Banket,BAN-RUBIA SX SAE40 500ML,4.0,12.0
2025-10-06,147,Chinhoyi Main,CHINHOYI BULK DIESEL USD,200.0,294.0
2025-10-06,147,Chinhoyi Main,CHINHOYI MAIN USD DIESEL,1220.0,1830.0
2025-10-06,147,Chinhoyi Main,CHINHOYI MAIN USD PETROL,2871.8954248366013,4394.0
2025-10-06,148,Chegutu,CHEGUTU BULK DIESEL USD,743.5374149659865,1093.0
2025-10-06,148,Chegutu,CHEGUTU USD DIESEL,1157.7181208053694,1725.0
2025-10-06,148,Chegutu,CHEGUTU USD PETROL,2470.1986754966897,3730.0
2025-10-06,149,Turnpike,TUR-NEPTUNA 2T SUPER SPORT 500ML,1.0,4.0
2025-10-06,149,Turnpike,TURNPIKE BULK DIESEL USD,650.0,962.0
2025-10-06,149,Turnpike,TURNPIKE USD DIESEL,694.0,1041.0
2025-10-06,149,Turnpike,TURNPIKE USD PETROL,1676.3157894736842,2548.0
2025-10-06,149,Turnpike,TUR-QUARTZ 5000 20W50 500ML,1.0,3.0
2025-10-06,149,Turnpike,TUR-RUBIA SX SAE40 500ML,2.0,6.0
2025-10-06,149,Turnpike,TUR-RUBIA TIR 7400 SAE 15W40 5L,1.0,25.0
2025-10-06,150,Mutare One Stop,MUTARE ONE STOP DIESEL,1048.6301369863015,1531.0
2025-10-06,150,Mutare One Stop,MUTARE ONE STOP PETROL,1243.918918918919,1841.0
2025-10-06,159,Gwanda ,GWANDA BULK USD DIESEL ,130.0,195.0
2025-10-06,159,Gwanda ,GWANDA USD DIESEL,188.96103896103895,291.0
2025-10-06,82,Runiville,RUNIVILLE BULK DIESEL USD,497.94520547945206,727.0
2025-10-06,82,Runiville,RUNIVILLE USD DIESEL,296.64429530201346,442.0
2025-10-06,82,Runiville,RUNIVILLE USD PETROL,221.05263157894734,336.0
2025-10-06,82,Runiville,RUN-QUARTZ 9000 SAE 5W40 500ML,1.0,5.0
2025-10-06,84,Avondale,AVONDALE USD DIESEL,251.4864864864865,372.2
2025-10-06,84,Avondale,AVONDALE USD PETROL,346.7105263157894,527.0
2025-10-06,86,Charter,CHARTER BULK/TAXI DIESEL ,1608.219178082192,2348.0
2025-10-06,86,Charter,CHARTER USD DIESEL,523.6486486486486,775.0
2025-10-06,86,Charter,CHARTER USD PETROL,1176.1000000000001,1764.15
2025-10-06,88,Seke,SEKE DIESEL BULK,600.0,876.0
2025-10-06,88,Seke,SEKE USD DIESEL,2251.3513513513512,3332.0
2025-10-06,88,Seke,SEKE USD PETROL,2069.333333333333,3104.0
2025-10-06,88,Seke,SEK-QUARTZ 5000 20W50 500ML,1.0,3.0
2025-10-06,92,Msasa,MSASA BULK DIESEL,683.7837837837837,1012.0
2025-10-06,92,Msasa,MSASA USD DIESEL,462.0915032679739,707.0
2025-10-06,92,Msasa,MSASA USD PETROL,959.74025974026,1478.0
2025-10-06,96,Samora,SAMORA USD DIESEL,221.19205298013242,334.0
2025-10-06,96,Samora,SAMORA USD PETROL,1303.9473684210527,1982.0
2025-10-06,96,Samora,SAMORA USD TAXI DIESEL ,92.61744966442953,138.0
2025-10-06,98,Roadport,ROADPORT USD DIESEL,738.8157894736843,1123.0
2025-10-06,98,Roadport,ROADPORT USD DIESEL BUS,1266.8918918918919,1875.0
2025-10-06,98,Roadport,ROAPORT USD PETROL,2600.6493506493507,4005.0
2025-10-07,102,Kirkman,KIRKMAN USD DIESEL,1397.3154362416105,2082.0
2025-10-07,102,Kirkman,KIRKMAN USD PETROL,867.7631578947368,1319.0
2025-10-07,110,Mutare Green Market,MUTARE GREEN MARKET BULK DIESEL,793.661971830986,1127.0
2025-10-07,110,Mutare Green Market,MUTARE GREENMARKET USD DIESEL,1100.3356164383563,1606.49
2025-10-07,110,Mutare Green Market,MUTARE GREENMARKET USD PETROL,2202.5135135135133,3259.72
2025-10-07,112,Marondera,MARONDERA USD DIESEL,430.61224489795916,633.0
2025-10-07,112,Marondera,MARONDERA USD PETROL,1345.0331125827815,2031.0
2025-10-07,114,Kadoma,KADOMA USD BULK DIESEL ,680.2721088435375,1000.0
2025-10-07,114,Kadoma,KADOMA USD DIESEL,1185.8108108108108,1755.0
2025-10-07,114,Kadoma,KADOMA USD PETROL,1784.1059602649002,2694.0
2025-10-07,114,Kadoma,KAD-QUARTZ 9000 SAE 5W40 500ML,1.0,5.0
2025-10-07,121,Gweru,GWE-FLUIDMATIC DIII MV 500ML,3.0,9.0
2025-10-07,121,Gweru,GWE-QUARTZ 4X4 15W40 500ML,1.0,3.0
2025-10-07,121,Gweru,GWERU BULK DIESEL USD,2442.7397260273974,3566.4
2025-10-07,121,Gweru,GWERU USD DIESEL,2763.545135135135,4090.04
2025-10-07,121,Gweru,GWERU USD PETROL,2166.026666666666,3249.04
2025-10-07,123,Fife Street,FIFE USD DIESEL,1617.8082191780825,2362.0
2025-10-07,123,Fife Street,FIFE USD PETROL,2502.666666666667,3754.0
2025-10-07,125,Fort Street,FORT STR BULK DIESEL USD,1422.75,2062.97
2025-10-07,125,Fort Street,FORT USD DIESEL,1221.0884353741496,1795.0
2025-10-07,125,Fort Street,FORT USD PETROL,803.2894736842105,1221.0
2025-10-07,127,Mpopoma,MPOPOMA BULK DIESEL USD,1464.1379310344828,2123.0
2025-10-07,127,Mpopoma,MPOPOMA USD DIESEL,645.578231292517,949.0
2025-10-07,127,Mpopoma,MPOPOMA USD PETROL,1149.0066225165563,1735.0
2025-10-07,127,Mpopoma,MPO-QUARTZ 9000 SAE 5W40 5L,1.0,30.0
2025-10-07,129,Khami,KHAMI BULK DIESEL USD,2026.2068965517242,2938.0
2025-10-07,129,Khami,KHAMI USD DIESEL,963.9455782312925,1417.0
2025-10-07,129,Khami,KHAMI USD PETROL,963.5761589403972,1455.0
2025-10-07,131,R Mugabe,R MUGABE USD DIESEL,1098.6666666666665,1648.0
2025-10-07,131,R Mugabe,R MUGABE USD PETROL,1675.6578947368423,2547.0
2025-10-07,135,Cripps,CRI-FLUIDMATIC DIII MV 500ML,2.0,6.0
2025-10-07,135,Cripps,CRIPPS BULK DIESEL USD,1300.0,1885.0
2025-10-07,135,Cripps,CRIPPS DIESEL USD,802.0547945205478,1171.0
2025-10-07,135,Cripps,CRIPPS PETROL USD,699.3243243243244,1035.0
2025-10-07,140,Mutare Second Street,MUTARE SECOND USD BULK DIESEL,100.0,142.0
2025-10-07,140,Mutare Second Street,MUTARE SECOND USD DIESEL,1104.390410958904,1612.41
2025-10-07,140,Mutare Second Street,MUTARE SECOND USD PETROL,791.8918918918919,1172.0
2025-10-07,141,Troutbeck,TRO-QUARTZ 5000 20W50 500ML,3.0,9.0
2025-10-07,141,Troutbeck,TRO-QUARTZ 9000 SAE 5W40 5L,1.0,30.0
2025-10-07,141,Troutbeck,TRO-RACE BRAKEFLUID DOT4+ 500ML,1.0,4.0
2025-10-07,141,Troutbeck,TROUTBECK BULK DIESEL ,2120.1342281879197,3159.0
2025-10-07,141,Troutbeck,TROUTBECK USD DIESEL,1488.0,2232.0
2025-10-07,141,Troutbeck,TROUTBECK USD PETROL,1686.3636363636363,2597.0
2025-10-07,145,Sunway City,SUN-QUARTZ 5000 20W50 500ML,2.0,6.0
2025-10-07,145,Sunway City,SUN-QUARTZ 5000 20W50 5L,1.0,22.0
2025-10-07,145,Sunway City,SUN-QUARTZ 9000 SAE 5W40 500ML,1.0,5.0
2025-10-07,145,Sunway City,SUN-RACE BRAKEFLUID DOT4+ 500ML,1.0,4.0
2025-10-07,145,Sunway City,SUN-RUBIA TIR 7400 15W40 500ML,1.0,3.0
2025-10-07,145,Sunway City,SUNWAY BULK DIESEL USD,1710.0000000000002,2530.8
2025-10-07,145,Sunway City,SUNWAY USD DIESEL,1936.0733333333333,2904.11
2025-10-07,145,Sunway City,SUNWAY USD PETROL,3702.6315789473683,5628.0
2025-10-07,146,Banket,BANKET BULK DIESEL USD,1228.0821917808219,1793.0
2025-10-07,146,Banket,BANKET USD DIESEL,758.6666666666669,1138.0
2025-10-07,146,Banket,BANKET USD PETROL,1682.236842105263,2557.0
2025-10-07,146,Banket,BAN-NEPTUNA 2T SUPER SPORT 500ML,2.0,8.0
2025-10-07,146,Banket,BAN-RUBIA SX SAE40 500ML,2.0,6.0
2025-10-07,147,Chinhoyi Main,CHINHOYI BULK DIESEL USD,504.0816326530612,741.0
2025-10-07,147,Chinhoyi Main,CHINHOYI MAIN USD DIESEL,1192.6666666666667,1789.0
2025-10-07,147,Chinhoyi Main,CHINHOYI MAIN USD PETROL,2178.4313725490197,3333.0
2025-10-07,148,Chegutu,CHEGUTU USD DIESEL,469.12751677852356,699.0
2025-10-07,148,Chegutu,CHEGUTU USD PETROL,2006.6225165562914,3030.0
2025-10-07,148,Chegutu,CHE-QUARTZ 5000 20W50 5L,2.0,44.0
2025-10-07,148,Chegutu,CHE-QUARTZ 9000 SAE 5W40 500ML,1.0,5.0
2025-10-07,148,Chegutu,CHE-RUBIA TIR 7400 15W40 500ML,3.0,9.0
2025-10-07,149,Turnpike,TURNPIKE BULK DIESEL USD,590.0,873.19
2025-10-07,149,Turnpike,TURNPIKE USD DIESEL,1438.6666666666667,2158.0
2025-10-07,149,Turnpike,TURNPIKE USD PETROL,1099.342105263158,1671.0
2025-10-07,149,Turnpike,TUR-RUBIA SX SAE40 500ML,3.0,9.0
2025-10-07,149,Turnpike,TUR-RUBIA TIR 7400 15W40 500ML,2.0,6.0
2025-10-07,150,Mutare One Stop,MUTARE ONE STOP DIESEL,1612.3287671232877,2354.0
2025-10-07,150,Mutare One Stop,MUTARE ONE STOP PETROL,1466.2162162162163,2170.0
2025-10-07,82,Runiville,RUNIVILLE USD DIESEL,179.20805369127515,267.02
2025-10-07,82,Runiville,RUNIVILLE USD PETROL,421.05263157894734,640.0
2025-10-07,82,Runiville,RUN-RACE BRAKEFLUID DOT4+ 500ML,3.0,12.0
2025-10-07,84,Avondale,AVONDALE USD DIESEL,483.7837837837838,716.0
2025-10-07,84,Avondale,AVONDALE USD PETROL,328.2960526315789,499.01
2025-10-07,86,Charter,CHARTER BULK/TAXI DIESEL ,5220.54794520548,7622.0
2025-10-07,86,Charter,CHARTER USD DIESEL,942.5675675675675,1395.0
2025-10-07,86,Charter,CHARTER USD PETROL,3469.333333333333,5204.0
2025-10-07,88,Seke,SEKE DIESEL BULK,273.972602739726,400.0
2025-10-07,88,Seke,SEKE USD DIESEL,2324.3243243243246,3440.0
2025-10-07,88,Seke,SEKE USD PETROL,2563.3333333333326,3845.0
2025-10-07,88,Seke,SEK-QUARTZ 5000 20W50 5L,1.0,22.0
2025-10-07,92,Msasa,MSASA BULK DIESEL,1814.135135135135,2684.92
2025-10-07,92,Msasa,MSASA USD DIESEL,756.0522875816994,1156.76
2025-10-07,92,Msasa,MSASA USD PETROL,410.1818181818183,631.68
2025-10-07,96,Samora,SAMORA USD DIESEL,285.43046357615896,431.0
2025-10-07,96,Samora,SAMORA USD PETROL,1748.0263157894733,2657.0
2025-10-07,96,Samora,SAMORA USD TAXI DIESEL ,93.95973154362416,140.0
2025-10-07,96,Samora,SAM-RUBIA SX SAE40 500ML,1.0,3.0
2025-10-07,98,Roadport,ROADPORT USD DIESEL,101.3157894736842,154.0
2025-10-07,98,Roadport,ROADPORT USD DIESEL BUS,116.89189189189189,173.0
2025-10-07,98,Roadport,ROAPORT USD PETROL,3581.1753246753233,5515.0
2025-10-08,102,Kirkman,KIRKMAN BULK DIESEL USD,338.23,490.42
2025-10-08,102,Kirkman,KIRKMAN USD DIESEL,1262.4161073825503,1881.0
2025-10-08,102,Kirkman,KIRKMAN USD PETROL,728.2894736842105,1107.0
2025-10-08,110,Mutare Green Market,MUTARE GREEN MARKET BULK DIESEL,1859.8477464788734,2640.98
2025-10-08,110,Mutare Green Market,MUTARE GREENMARKET USD DIESEL,1650.9246575342468,2410.35
2025-10-08,110,Mutare Green Market,MUTARE GREENMARKET USD PETROL,2530.385135135135,3744.97
2025-10-08,112,Marondera,MARONDERA USD DIESEL,599.3197278911564,881.0
2025-10-08,112,Marondera,MARONDERA USD PETROL,1521.1920529801325,2297.0
2025-10-08,114,Kadoma,KADOMA USD BULK DIESEL ,312.9251700680272,460.0
2025-10-08,114,Kadoma,KADOMA USD DIESEL,1125.6756756756758,1666.0
2025-10-08,114,Kadoma,KADOMA USD PETROL,1595.364238410596,2409.0
2025-10-08,121,Gweru,GWERU BULK DIESEL USD,932.69,1361.72
2025-10-08,121,Gweru,GWERU USD DIESEL,3235.8108108108113,4789.0
2025-10-08,121,Gweru,GWERU USD PETROL,1942.6733333333332,2914.0
2025-10-08,123,Fife Street,FIFE USD DIESEL,2693.1506849315065,3932.0
2025-10-08,123,Fife Street,FIFE USD PETROL,2254.666666666667,3382.0
2025-10-08,125,Fort Street,FOR-QUARTZ 9000 SAE 5W40 500ML,1.0,5.0
2025-10-08,125,Fort Street,FORT STR BULK DIESEL USD,1811.0344827586207,2626.0
2025-10-08,125,Fort Street,FORT USD DIESEL,971.4285714285714,1428.0
2025-10-08,125,Fort Street,FORT USD PETROL,909.2105263157894,1382.0
2025-10-08,127,Mpopoma,MPOPOMA BULK DIESEL USD,2106.896551724138,3055.0
2025-10-08,127,Mpopoma,MPOPOMA USD DIESEL,903.4013605442176,1328.0
2025-10-08,127,Mpopoma,MPOPOMA USD PETROL,928.476821192053,1402.0
2025-10-08,129,Khami,KHAMI BULK DIESEL USD,1450.344827586207,2103.0
2025-10-08,129,Khami,KHAMI USD DIESEL,970.748299319728,1427.0
2025-10-08,129,Khami,KHAMI USD PETROL,852.9801324503312,1288.0
2025-10-08,131,R Mugabe,RM-FLUIDMATIC CVT MV 1L,2.0,20.0
2025-10-08,131,R Mugabe,RM-RUBIA TIR 7400 15W40 500ML,3.0,9.0
2025-10-08,131,R Mugabe,R MUGABE USD DIESEL,1112.6666666666667,1669.0
2025-10-08,131,R Mugabe,R MUGABE USD PETROL,1467.1052631578946,2230.0
2025-10-08,135,Cripps,CRIPPS BULK DIESEL USD,1020.0,1479.0
2025-10-08,135,Cripps,CRIPPS DIESEL USD,1431.5068493150688,2090.0
2025-10-08,135,Cripps,CRIPPS PETROL USD,1652.0270270270269,2445.0
2025-10-08,135,Cripps,CRI-RUBIA SX SAE40 500ML,3.0,9.0
2025-10-08,139,Head Office,DIESEL,0.13580246913580246,0.22
2025-10-08,139,Head Office,PETROL,0.02564102564102564,0.04
2025-10-08,140,Mutare Second Street,MUTARE SECOND USD BULK DIESEL,111.9718309859155,159.0
2025-10-08,140,Mutare Second Street,MUTARE SECOND USD DIESEL,968.4931506849314,1414.0
2025-10-08,140,Mutare Second Street,MUTARE SECOND USD PETROL,962.162162162162,1424.0
2025-10-08,141,Troutbeck,TROUTBECK BULK DIESEL ,100.0,149.0
2025-10-08,141,Troutbeck,TROUTBECK USD DIESEL,717.3333333333334,1076.0
2025-10-08,141,Troutbeck,TROUTBECK USD PETROL,620.1298701298701,955.0
2025-10-08,145,Sunway City,SUN-FLUIDMATIC DIII MV 500ML,1.0,3.0
2025-10-08,145,Sunway City,SUN-QUARTZ 5000 20W50 500ML,1.0,3.0
2025-10-08,145,Sunway City,SUN-QUARTZ 5000 20W50 5L,2.0,44.0
2025-10-08,145,Sunway City,SUN-RACE BRAKEFLUID DOT4+ 500ML,1.0,4.0
2025-10-08,145,Sunway City,SUNWAY BULK DIESEL USD,1331.864864864865,1971.16
2025-10-08,145,Sunway City,SUNWAY USD DIESEL,2298.6666666666665,3448.0
2025-10-08,145,Sunway City,SUNWAY USD PETROL,4812.499999999999,7315.0
2025-10-08,146,Banket,BAN-FLUIDMATIC DIII MV 500ML,1.0,3.0
2025-10-08,146,Banket,BANKET BULK DIESEL USD,2007.6399999999999,2931.12
2025-10-08,146,Banket,BANKET USD DIESEL,628.0000000000001,942.0
2025-10-08,146,Banket,BANKET USD PETROL,1277.6315789473676,1942.0
2025-10-08,146,Banket,BAN-RUBIA SX SAE40 500ML,1.0,3.0
2025-10-08,147,Chinhoyi Main,CHINHOYI BULK DIESEL USD,359.8639455782313,529.0
2025-10-08,147,Chinhoyi Main,CHINHOYI MAIN USD DIESEL,630.6666666666667,946.0
2025-10-08,147,Chinhoyi Main,CHINHOYI MAIN USD PETROL,2996.732026143791,4585.0
2025-10-08,148,Chegutu,CHEGUTU BULK DIESEL USD,136.0544217687075,200.0
2025-10-08,148,Chegutu,CHEGUTU USD DIESEL,751.006711409396,1119.0
2025-10-08,148,Chegutu,CHEGUTU USD PETROL,1853.642384105961,2799.0
2025-10-08,149,Turnpike,TUR-NEPTUNA 2T SUPER SPORT 500ML,1.0,4.0
2025-10-08,149,Turnpike,TURNPIKE BULK DIESEL USD,1226.6599999999999,1815.44
2025-10-08,149,Turnpike,TURNPIKE USD DIESEL,660.0,990.0
2025-10-08,149,Turnpike,TURNPIKE USD PETROL,1103.9473684210525,1678.0
2025-10-08,149,Turnpike,TUR-QUARTZ 5000 20W50 500ML,1.0,3.0
2025-10-08,150,Mutare One Stop,MUTARE ONE STOP DIESEL,1902.054794520548,2777.0
2025-10-08,150,Mutare One Stop,MUTARE ONE STOP PETROL,1556.7567567567567,2304.0
2025-10-08,82,Runiville,RUNIVILLE USD DIESEL,140.93959731543623,210.0
2025-10-08,82,Runiville,RUNIVILLE USD PETROL,218.42105263157893,332.0
2025-10-08,82,Runiville,RUN-QUARTZ 9000 SAE 5W40 500ML,1.0,5.0
2025-10-08,82,Runiville,RUN-QUARTZ 9000 SAE 5W40 5L,1.0,30.0
2025-10-08,82,Runiville,RUN-RUBIA TIR 7400 15W40 500ML,2.0,6.0
2025-10-08,84,Avondale,AVONDALE USD DIESEL,302.02702702702703,447.0
2025-10-08,84,Avondale,AVONDALE USD PETROL,994.0921052631578,1511.02
2025-10-08,86,Charter,CHARTER BULK/TAXI DIESEL ,2622.6027397260273,3829.0
2025-10-08,86,Charter,CHARTER USD DIESEL,213.51351351351352,316.0
2025-10-08,86,Charter,CHARTER USD PETROL,936.0000000000001,1404.0
2025-10-08,88,Seke,SEKE USD DIESEL,1418.2432432432433,2099.0
2025-10-08,88,Seke,SEKE USD PETROL,2330.0000000000005,3495.0
2025-10-08,88,Seke,SEK-QUARTZ 5000 20W50 500ML,1.0,3.0
2025-10-08,92,Msasa,MSASA BULK DIESEL,1969.2972972972973,2914.56
2025-10-08,92,Msasa,MSASA USD DIESEL,1370.705882352941,2097.18
2025-10-08,92,Msasa,MSASA USD PETROL,669.8181818181818,1031.52
2025-10-08,96,Samora,SAMORA USD DIESEL,248.34437086092714,375.0
2025-10-08,96,Samora,SAMORA USD PETROL,1152.6315789473683,1752.0
2025-10-08,96,Samora,SAMORA USD TAXI DIESEL ,6.7114093959731544,10.0
2025-10-08,96,Samora,SAM-RUBIA SX SAE40 500ML,1.0,3.0
2025-10-08,98,Roadport,ROADPORT USD DIESEL,368.8457894736842,560.64
2025-10-08,98,Roadport,ROADPORT USD DIESEL BUS,963.5135135135135,1426.0
2025-10-08,98,Roadport,ROAPORT USD PETROL,1628.5714285714287,2508.0
2025-10-09,102,Kirkman,KIRKMAN BULK DIESEL USD,648.2758620689656,940.0
2025-10-09,102,Kirkman,KIRKMAN USD DIESEL,1173.825503355705,1749.0
2025-10-09,102,Kirkman,KIRKMAN USD PETROL,1286.8421052631575,1956.0
2025-10-09,110,Mutare Green Market,MUTARE GREEN MARKET BULK DIESEL,840.1408450704225,1193.0
2025-10-09,110,Mutare Green Market,MUTARE GREENMARKET USD DIESEL,636.6986301369863,929.58
2025-10-09,110,Mutare Green Market,MUTARE GREENMARKET USD PETROL,1817.2635135135133,2689.55
2025-10-09,112,Marondera,MAR-FLUIDMATIC DIII MV 500ML,1.0,3.0
2025-10-09,112,Marondera,MARONDERA USD DIESEL,589.795918367347,867.0
2025-10-09,112,Marondera,MARONDERA USD PETROL,1498.0132450331128,2262.0
2025-10-09,114,Kadoma,KADOMA USD DIESEL,1172.972972972973,1736.0
2025-10-09,114,Kadoma,KADOMA USD PETROL,1735.7615894039725,2621.0
2025-10-09,121,Gweru,GWE-QUARTZ 4X4 15W40 500ML,1.0,3.0
2025-10-09,121,Gweru,GWERU BULK DIESEL USD,2520.0,3679.2
2025-10-09,121,Gweru,GWERU USD DIESEL,2448.50054054054,3623.78
2025-10-09,121,Gweru,GWERU USD PETROL,1895.8600000000001,2843.79
2025-10-09,123,Fife Street,FIFE USD DIESEL,2192.4657534246576,3201.0
2025-10-09,123,Fife Street,FIFE USD PETROL,2630.6666666666665,3946.0
2025-10-09,125,Fort Street,FOR-QUARTZ 4X4 15W40 500ML,1.0,3.0
2025-10-09,125,Fort Street,FOR-RUBIA SX SAE40 500ML,1.0,3.0
2025-10-09,125,Fort Street,FORT STR BULK DIESEL USD,482.75482758620694,699.99
2025-10-09,125,Fort Street,FORT USD DIESEL,1202.7210884353742,1768.0
2025-10-09,125,Fort Street,FORT USD PETROL,960.5263157894735,1460.0
2025-10-09,127,Mpopoma,MPOPOMA BULK DIESEL USD,2129.6551724137935,3088.0
2025-10-09,127,Mpopoma,MPOPOMA USD DIESEL,800.6802721088436,1177.0
2025-10-09,127,Mpopoma,MPOPOMA USD PETROL,872.1854304635762,1317.0
2025-10-09,127,Mpopoma,MPO-QUARTZ 5000 20W50 500ML,2.0,6.0
2025-10-09,127,Mpopoma,MPO-RUBIA TIR 7400 15W40 500ML,2.0,6.0
2025-10-09,129,Khami,KHAMI BULK DIESEL USD,2495.1724137931033,3618.0
2025-10-09,129,Khami,KHAMI USD DIESEL,1552.3809523809523,2282.0
2025-10-09,129,Khami,KHAMI USD PETROL,863.5761589403974,1304.0
2025-10-09,131,R Mugabe,R MUGABE USD DIESEL,770.6666666666667,1156.0
2025-10-09,131,R Mugabe,R MUGABE USD PETROL,2056.578947368421,3126.0
2025-10-09,135,Cripps,CRIPPS BULK DIESEL USD,1107.5862068965516,1606.0
2025-10-09,135,Cripps,CRIPPS DIESEL USD,2324.6575342465753,3394.0
2025-10-09,135,Cripps,CRIPPS PETROL USD,1883.108108108108,2787.0
2025-10-09,139,Head Office,DIESEL,0.012345679012345678,0.02
2025-10-09,139,Head Office,PETROL,0.00641025641025641,0.01
2025-10-09,140,Mutare Second Street,MUTARE SECOND USD BULK DIESEL,318.3098591549296,452.0
2025-10-09,140,Mutare Second Street,MUTARE SECOND USD DIESEL,669.1780821917808,977.0
2025-10-09,140,Mutare Second Street,MUTARE SECOND USD PETROL,649.3243243243244,961.0
2025-10-09,145,Sunway City,SUN-RACE BRAKEFLUID DOT4+ 500ML,2.0,8.0
2025-10-09,145,Sunway City,SUNWAY BULK DIESEL USD,1027.027027027027,1520.0
2025-10-09,145,Sunway City,SUNWAY USD DIESEL,2604.000000000001,3906.0
2025-10-09,145,Sunway City,SUNWAY USD PETROL,3052.6315789473683,4640.0
2025-10-09,146,Banket,BANKET BULK DIESEL USD,660.2739726027397,964.0
2025-10-09,146,Banket,BANKET USD DIESEL,1776.666666666667,2665.0
2025-10-09,146,Banket,BANKET USD PETROL,1785.5263157894733,2714.0
2025-10-09,146,Banket,BAN-RUBIA TIR 7400 SAE 15W40 5L,1.0,25.0
2025-10-09,147,Chinhoyi Main,CHINHOYI BULK DIESEL USD,340.1360544217687,500.0
2025-10-09,147,Chinhoyi Main,CHINHOYI MAIN USD DIESEL,1156.6666666666667,1735.0
2025-10-09,147,Chinhoyi Main,CHINHOYI MAIN USD PETROL,3294.1176470588234,5040.0
2025-10-09,148,Chegutu,CHEGUTU BULK DIESEL USD,451.7006802721089,664.0
2025-10-09,148,Chegutu,CHEGUTU USD DIESEL,1094.6308724832215,1631.0
2025-10-09,148,Chegutu,CHEGUTU USD PETROL,1839.7880794701982,2778.08
2025-10-09,149,Turnpike,TURNPIKE BULK DIESEL USD,416.0,615.68
2025-10-09,149,Turnpike,TURNPIKE USD DIESEL,724.0,1086.0
2025-10-09,149,Turnpike,TURNPIKE USD PETROL,963.815789473684,1465.0
2025-10-09,149,Turnpike,TUR-QUARTZ 5000 20W50 500ML,3.0,9.0
2025-10-09,149,Turnpike,TUR-QUARTZ 5000 20W50 5L,1.0,22.0
2025-10-09,149,Turnpike,TUR-RUBIA SX SAE40 500ML,1.0,3.0
2025-10-09,150,Mutare One Stop,MUTARE ONE STOP DIESEL,991.7808219178082,1448.0
2025-10-09,150,Mutare One Stop,MUTARE ONE STOP PETROL,1087.1621621621623,1609.0
2025-10-09,159,Gwanda ,GWANDA BULK USD DIESEL ,700.0,1050.0
2025-10-09,159,Gwanda ,GWANDA USD DIESEL,246.75324675324674,380.0
2025-10-09,82,Runiville,RUNIVILLE USD DIESEL,236.91275167785233,353.0
2025-10-09,82,Runiville,RUNIVILLE USD PETROL,186.8421052631579,284.0
2025-10-09,82,Runiville,RUN-QUARTZ 5000 20W50 500ML,3.0,9.0
2025-10-09,84,Avondale,AVONDALE USD DIESEL,483.78378378378375,716.0
2025-10-09,84,Avondale,AVONDALE USD PETROL,1173.6842105263156,1784.0
2025-10-09,86,Charter,CHARTER BULK/TAXI DIESEL ,1559.5890410958905,2277.0
2025-10-09,86,Charter,CHARTER USD DIESEL,1050.9459459459458,1555.4
2025-10-09,86,Charter,CHARTER USD PETROL,1961.1021052631575,2955.14
2025-10-09,88,Seke,SEKE DIESEL BULK,600.0,876.0
2025-10-09,88,Seke,SEKE USD DIESEL,1670.9459459459454,2473.0
2025-10-09,88,Seke,SEKE USD PETROL,1947.3333333333335,2921.0
2025-10-09,88,Seke,SEK-QUARTZ 5000 20W50 500ML,2.0,6.0
2025-10-09,92,Msasa,MSA-QUARTZ 4X4 15W40 500ML,2.0,6.0
2025-10-09,92,Msasa,MSA-QUARTZ 5000 20W50 500ML,1.0,3.0
2025-10-09,92,Msasa,MSA-QUARTZ 9000 SAE 5W40 500ML,1.0,5.0
2025-10-09,92,Msasa,MSA-RACE BRAKEFLUID DOT4+ 500ML,2.0,8.0
2025-10-09,92,Msasa,MSASA BULK DIESEL,740.4121621621622,1095.81
2025-10-09,92,Msasa,MSASA USD DIESEL,1486.4640522875818,2274.29
2025-10-09,92,Msasa,MSASA USD PETROL,839.7142857142857,1293.16
2025-10-09,96,Samora,SAMORA USD DIESEL,508.60927152317885,768.0
2025-10-09,96,Samora,SAMORA USD PETROL,1430.9210526315787,2175.0
2025-10-09,96,Samora,SAMORA USD TAXI DIESEL ,20.13422818791946,30.0
2025-10-09,98,Roadport,ROADPORT USD DIESEL,518.421052631579,788.0
2025-10-09,98,Roadport,ROADPORT USD DIESEL BUS,1195.2702702702702,1769.0
2025-10-09,98,Roadport,ROAPORT USD PETROL,2858.441558441558,4402.0
2025-10-10,102,Kirkman,KIRKMAN BULK DIESEL USD,627.5862068965517,910.0
2025-10-10,102,Kirkman,KIRKMAN USD DIESEL,995.9731543624163,1484.0
2025-10-10,102,Kirkman,KIRKMAN USD PETROL,653.9473684210525,994.0
2025-10-10,102,Kirkman,KIR-QUARTZ 9000 SAE 5W40 500ML,2.0,10.0
2025-10-10,110,Mutare Green Market,MUTARE GREEN MARKET BULK DIESEL,879.0000000000001,1248.18
2025-10-10,110,Mutare Green Market,MUTARE GREENMARKET USD DIESEL,169.86301369863017,248.0
2025-10-10,110,Mutare Green Market,MUTARE GREENMARKET USD PETROL,1640.918918918919,2428.56
2025-10-10,112,Marondera,MARONDERA USD DIESEL,656.4625850340136,965.0
2025-10-10,112,Marondera,MARONDERA USD PETROL,1654.9668874172185,2499.0
2025-10-10,114,Kadoma,KADOMA USD BULK DIESEL ,204.08163265306123,300.0
2025-10-10,114,Kadoma,KADOMA USD DIESEL,1360.1351351351352,2013.0
2025-10-10,114,Kadoma,KADOMA USD PETROL,1819.2052980132448,2747.0
2025-10-10,121,Gweru,GWERU BULK DIESEL USD,431.0,629.26
2025-10-10,121,Gweru,GWERU USD DIESEL,2745.2702702702704,4063.0
2025-10-10,121,Gweru,GWERU USD PETROL,2861.7395584988967,4301.51
2025-10-10,123,Fife Street,FIFE USD DIESEL,1660.5053683820809,2443.0
2025-10-10,123,Fife Street,FIFE USD PETROL,1436.8245614035088,2161.0
2025-10-10,125,Fort Street,FORT STR BULK DIESEL USD,900.0,1323.0
2025-10-10,125,Fort Street,FORT USD DIESEL,496.2401176686891,734.0
2025-10-10,125,Fort Street,FORT USD PETROL,348.6842105263157,530.0
2025-10-10,127,Mpopoma,MPOPOMA BULK DIESEL USD,811.7241379310344,1177.0
2025-10-10,127,Mpopoma,MPOPOMA USD DIESEL,886.201507630079,1304.0
2025-10-10,127,Mpopoma,MPOPOMA USD PETROL,1198.675496688742,1810.0
2025-10-10,127,Mpopoma,MPO-QUARTZ 4X4 15W40 500ML,1.0,3.0
2025-10-10,127,Mpopoma,MPO-QUARTZ 9000 SAE 5W40 500ML,2.0,10.0
2025-10-10,129,Khami,KHAMI BULK DIESEL USD,805.4421768707483,1184.0
2025-10-10,129,Khami,KHAMI USD DIESEL,44.21768707482993,65.0
2025-10-10,129,Khami,KHAMI USD PETROL,781.4569536423842,1180.0
2025-10-10,131,R Mugabe,R MUGABE USD DIESEL,1041.3333333333333,1562.0
2025-10-10,131,R Mugabe,R MUGABE USD PETROL,2094.078947368421,3183.0
2025-10-10,135,Cripps,CRIPPS BULK DIESEL USD,1110.344827586207,1610.0
2025-10-10,135,Cripps,CRIPPS DIESEL USD,1669.8630136986303,2438.0
2025-10-10,135,Cripps,CRIPPS PETROL USD,2751.3513513513512,4072.0
2025-10-10,140,Mutare Second Street,MUTARE SECOND USD BULK DIESEL,207.04225352112678,294.0
2025-10-10,140,Mutare Second Street,MUTARE SECOND USD DIESEL,752.7397260273973,1099.0
2025-10-10,140,Mutare Second Street,MUTARE SECOND USD PETROL,1229.7297297297296,1820.0
2025-10-10,141,Troutbeck,TROUTBECK BULK DIESEL ,402.013422818792,599.0
2025-10-10,141,Troutbeck,TROUTBECK USD DIESEL,1392.6666666666667,2089.0
2025-10-10,141,Troutbeck,TROUTBECK USD PETROL,1845.4545454545455,2842.0
2025-10-10,145,Sunway City,SUN-QUARTZ 5000 20W50 5L,1.0,22.0
2025-10-10,145,Sunway City,SUN-QUARTZ 9000 SAE 5W40 500ML,1.0,5.0
2025-10-10,145,Sunway City,SUNWAY BULK DIESEL USD,1810.8108108108108,2680.0
2025-10-10,145,Sunway City,SUNWAY USD DIESEL,2672.0,4008.0
2025-10-10,145,Sunway City,SUNWAY USD PETROL,3723.328947368421,5659.46
2025-10-10,146,Banket,BANKET BULK DIESEL USD,1721.880533035132,2515.0
2025-10-10,146,Banket,BANKET USD DIESEL,232.6666666666667,349.0
2025-10-10,146,Banket,BANKET USD PETROL,1278.801169590643,1954.0
2025-10-10,146,Banket,BAN-NEPTUNA 2T SUPER SPORT 500ML,1.0,4.0
2025-10-10,146,Banket,BAN-QUARTZ 5000 20W50 500ML,1.0,3.0
2025-10-10,146,Banket,BAN-RUBIA SX SAE40 500ML,1.0,3.0
2025-10-10,147,Chinhoyi Main,CHINHOYI BULK DIESEL USD,100.0,149.0
2025-10-10,147,Chinhoyi Main,CHINHOYI MAIN USD DIESEL,796.644591611479,1202.0
2025-10-10,147,Chinhoyi Main,CHINHOYI MAIN USD PETROL,3367.97385620915,5153.0
2025-10-10,148,Chegutu,CHEGUTU BULK DIESEL USD,1168.7074829931971,1718.0
2025-10-10,148,Chegutu,CHEGUTU USD DIESEL,1330.2013422818795,1982.0
2025-10-10,148,Chegutu,CHEGUTU USD PETROL,2618.268560474032,3975.0
2025-10-10,149,Turnpike,TUR-NEPTUNA 2T SUPER SPORT 500ML,4.0,16.0
2025-10-10,149,Turnpike,TURNPIKE BULK DIESEL USD,556.1294594594594,823.07
2025-10-10,149,Turnpike,TURNPIKE USD DIESEL,696.6666666666665,1045.0
2025-10-10,149,Turnpike,TURNPIKE USD PETROL,539.4736842105262,820.0
2025-10-10,150,Mutare One Stop,MUTARE ONE STOP DIESEL,2708.9794520547944,3955.11
2025-10-10,150,Mutare One Stop,MUTARE ONE STOP PETROL,1195.2905405405406,1769.03
2025-10-10,159,Gwanda ,GWANDA USD DIESEL,37.66233766233766,58.0
2025-10-10,82,Runiville,RUN-FLUIDMATIC DIII MV 500ML,1.0,3.0
2025-10-10,82,Runiville,RUNIVILLE USD DIESEL,321.4765100671141,479.0
2025-10-10,82,Runiville,RUNIVILLE USD PETROL,229.6052631578947,349.0
2025-10-10,82,Runiville,RUN-QUARTZ 9000 SAE 5W40 500ML,2.0,10.0
2025-10-10,82,Runiville,RUN-RUBIA TIR 7400 SAE 15W40 5L,1.0,25.0
2025-10-10,84,Avondale,AVONDALE USD DIESEL,615.1554054054053,910.43
2025-10-10,84,Avondale,AVONDALE USD PETROL,411.1842105263158,625.0
2025-10-10,86,Charter,CHA-RACE BRAKEFLUID DOT4+ 500ML,1.0,4.0
2025-10-10,86,Charter,CHARTER BULK/TAXI DIESEL ,3775.342465753425,5512.0
2025-10-10,86,Charter,CHARTER USD DIESEL,301.35135135135135,446.0
2025-10-10,86,Charter,CHARTER USD PETROL,1717.1052631578948,2610.0
2025-10-10,86,Charter,CHA-RUBIA SX SAE40 500ML,3.0,9.0
2025-10-10,88,Seke,SEKE USD DIESEL,1693.918918918919,2507.0
2025-10-10,88,Seke,SEKE USD PETROL,2636.666666666667,3955.0
2025-10-10,88,Seke,SEK-RUBIA SX SAE40 500ML,2.0,6.0
2025-10-10,88,Seke,SEK-RUBIA TIR 7400 SAE 15W40 5L,1.0,25.0
2025-10-10,92,Msasa,MSA-QUARTZ 9000 SAE 5W40 500ML,2.0,10.0
2025-10-10,92,Msasa,MSASA BULK DIESEL,646.6666666666666,970.0
2025-10-10,92,Msasa,MSASA USD DIESEL,548.741302972802,846.0
2025-10-10,92,Msasa,MSASA USD PETROL,1052.2769166317553,1625.3
2025-10-10,96,Samora,SAMORA USD DIESEL,166.2251655629139,251.0
2025-10-10,96,Samora,SAMORA USD PETROL,949.3421052631577,1443.0
2025-10-10,96,Samora,SAMORA USD TAXI DIESEL ,93.95973154362417,140.0
2025-10-10,98,Roadport,ROADPORT USD DIESEL,742.7631578947368,1129.0
2025-10-10,98,Roadport,ROADPORT USD DIESEL BUS,1102.7027027027027,1632.0
2025-10-10,98,Roadport,ROAPORT USD PETROL,2994.3766233766223,4611.34
2025-10-11,102,Kirkman,KIRKMAN BULK DIESEL USD,744.8275862068965,1080.0
2025-10-11,102,Kirkman,KIRKMAN USD DIESEL,727.51677852349,1084.0
2025-10-11,102,Kirkman,KIRKMAN USD PETROL,1467.7631578947362,2231.0
2025-10-11,110,Mutare Green Market,MUTARE GREEN MARKET BULK DIESEL,411.2676056338028,584.0
2025-10-11,110,Mutare Green Market,MUTARE GREENMARKET USD DIESEL,796.3356164383563,1162.65
2025-10-11,110,Mutare Green Market,MUTARE GREENMARKET USD PETROL,2365.6959459459463,3501.23
2025-10-11,112,Marondera,MARONDERA USD DIESEL,567.6734693877552,834.48
2025-10-11,112,Marondera,MARONDERA USD PETROL,1851.655629139073,2796.0
2025-10-11,114,Kadoma,KADOMA USD BULK DIESEL ,380.95238095238096,560.0
2025-10-11,114,Kadoma,KADOMA USD DIESEL,1142.5675675675675,1691.0
2025-10-11,114,Kadoma,KADOMA USD PETROL,1529.1390728476822,2309.0
2025-10-11,121,Gweru,GWERU BULK DIESEL USD,2673.903265306122,3930.63
2025-10-11,121,Gweru,GWERU USD DIESEL,2029.7297297297298,3004.0
2025-10-11,121,Gweru,GWERU USD PETROL,2319.796953642384,3502.89
2025-10-11,123,Fife Street,FIFE USD DIESEL,1466.2162162162163,2170.0
2025-10-11,123,Fife Street,FIFE USD PETROL,2596.7105263157896,3947.0
2025-10-11,125,Fort Street,FORT STR BULK DIESEL USD,780.2721088435375,1147.0
2025-10-11,125,Fort Street,FORT USD DIESEL,202.027027027027,299.0
2025-10-11,125,Fort Street,FORT USD PETROL,592.1052631578947,900.0
2025-10-11,127,Mpopoma,MPOPOMA BULK DIESEL USD,1289.1156462585031,1895.0
2025-10-11,127,Mpopoma,MPOPOMA USD DIESEL,704.7297297297297,1043.0
2025-10-11,127,Mpopoma,MPOPOMA USD PETROL,977.4834437086092,1476.0
2025-10-11,129,Khami,KHAMI USD DIESEL,1515.5405405405404,2243.0
2025-10-11,129,Khami,KHAMI USD PETROL,445.6953642384106,673.0
2025-10-11,131,R Mugabe,R MUGABE USD DIESEL,758.6666666666667,1138.0
2025-10-11,131,R Mugabe,R MUGABE USD PETROL,1884.8684210526314,2865.0
2025-10-11,135,Cripps,CRIPPS BULK DIESEL USD,551.7241379310345,800.0
2025-10-11,135,Cripps,CRIPPS DIESEL USD,1758.9041095890414,2568.0
2025-10-11,135,Cripps,CRIPPS PETROL USD,1758.108108108108,2602.0
2025-10-11,140,Mutare Second Street,MUTARE SECOND USD DIESEL,1250.6849315068494,1826.0
2025-10-11,140,Mutare Second Street,MUTARE SECOND USD PETROL,1543.918918918919,2285.0
2025-10-11,141,Troutbeck,TRO-RACE BRAKEFLUID DOT4+ 500ML,1.0,4.0
2025-10-11,141,Troutbeck,TROUTBECK BULK DIESEL ,865.1006711409395,1289.0
2025-10-11,141,Troutbeck,TROUTBECK USD DIESEL,982.0,1473.0
2025-10-11,141,Troutbeck,TROUTBECK USD PETROL,1575.9740259740258,2427.0
2025-10-11,145,Sunway City,SUN-QUARTZ 4X4 15W40 500ML,4.0,12.0
2025-10-11,145,Sunway City,SUN-RACE BRAKEFLUID DOT4+ 500ML,1.0,4.0
2025-10-11,145,Sunway City,SUNWAY USD DIESEL,3957.3333333333335,5936.0
2025-10-11,145,Sunway City,SUNWAY USD PETROL,5588.157894736842,8494.0
2025-10-11,146,Banket,BANKET BULK DIESEL USD,230.61,338.99
2025-10-11,146,Banket,BANKET USD DIESEL,597.3333333333336,896.0
2025-10-11,146,Banket,BANKET USD PETROL,1775.16339869281,2716.0
2025-10-11,146,Banket,BAN-NEPTUNA 2T SUPER SPORT 500ML,1.0,4.0
2025-10-11,146,Banket,BAN-QUARTZ 5000 20W50 5L,1.0,22.0
2025-10-11,146,Banket,BAN-RUBIA SX SAE40 500ML,1.0,3.0
2025-10-11,147,Chinhoyi Main,CHINHOYI BULK DIESEL USD,600.0,894.0
2025-10-11,147,Chinhoyi Main,CHINHOYI MAIN USD DIESEL,1072.1854304635763,1619.0
2025-10-11,147,Chinhoyi Main,CHINHOYI MAIN USD PETROL,3055.555555555555,4675.0
2025-10-11,148,Chegutu,CHE-FLUIDMATIC DIII MV 500ML,2.0,6.0
2025-10-11,148,Chegutu,CHEGUTU BULK DIESEL USD,510.20408163265313,750.0
2025-10-11,148,Chegutu,CHEGUTU USD DIESEL,855.0335570469799,1274.0
2025-10-11,148,Chegutu,CHEGUTU USD PETROL,2749.9999999999995,4180.0
2025-10-11,148,Chegutu,CHE-RUBIA TIR 7400 15W40 500ML,1.0,3.0
2025-10-11,149,Turnpike,TURNPIKE BULK DIESEL USD,200.0,296.0
2025-10-11,149,Turnpike,TURNPIKE USD DIESEL,1808.6666666666665,2713.0
2025-10-11,149,Turnpike,TURNPIKE USD PETROL,2040.7894736842104,3102.0
2025-10-11,149,Turnpike,TUR-QUARTZ 5000 20W50 5L,1.0,22.0
2025-10-11,149,Turnpike,TUR-QUARTZ 9000 SAE 5W40 500ML,4.0,20.0
2025-10-11,150,Mutare One Stop,MUTARE ONE STOP DIESEL,39.04109589041096,57.0
2025-10-11,150,Mutare One Stop,MUTARE ONE STOP PETROL,2173.3175675675675,3216.51
2025-10-11,159,Gwanda ,GWANDA BULK USD DIESEL ,150.0,225.0
2025-10-11,159,Gwanda ,GWANDA USD DIESEL,27.92207792207792,43.0
2025-10-11,82,Runiville,RUNIVILLE USD DIESEL,60.402684563758385,90.0
2025-10-11,82,Runiville,RUNIVILLE USD PETROL,242.76315789473682,369.0
2025-10-11,82,Runiville,RUN-QUARTZ 9000 SAE 5W40 500ML,1.0,5.0
2025-10-11,82,Runiville,RUN-RUBIA SX SAE40 500ML,1.0,3.0
2025-10-11,84,Avondale,AVONDALE USD DIESEL,338.51351351351354,501.0
2025-10-11,84,Avondale,AVONDALE USD PETROL,586.8421052631579,892.0
2025-10-11,86,Charter,CHAR-SWIFTEX BATTERY 652P,1.0,105.0
2025-10-11,86,Charter,CHARTER BULK/TAXI DIESEL ,3717.123287671233,5427.0
2025-10-11,86,Charter,CHARTER USD DIESEL,1696.621621621622,2511.0
2025-10-11,86,Charter,CHARTER USD PETROL,1736.8421052631577,2640.0
2025-10-11,86,Charter,CHA-RUBIA TIR 7400 15W40 500ML,1.0,3.0
2025-10-11,88,Seke,SEKE USD DIESEL,1533.7837837837835,2270.0
2025-10-11,88,Seke,SEKE USD PETROL,2342.0000000000005,3513.0
2025-10-11,88,Seke,SEK-RUBIA SX SAE40 500ML,1.0,3.0
2025-10-11,92,Msasa,MSASA BULK DIESEL,1960.6666666666665,2941.0
2025-10-11,92,Msasa,MSASA USD DIESEL,285.1612903225806,442.0
2025-10-11,92,Msasa,MSASA USD PETROL,298.7096774193548,463.0
2025-10-11,96,Samora,SAMORA USD DIESEL,358.1721854304636,540.84
2025-10-11,96,Samora,SAMORA USD PETROL,1506.5131578947367,2289.89
2025-10-11,96,Samora,SAMORA USD TAXI DIESEL ,13.422818791946309,20.0
2025-10-11,96,Samora,SAM-RACE BRAKEFLUID DOT4+ 500ML,1.0,4.0
2025-10-11,98,Roadport,ROADPORT USD DIESEL,913.3157894736842,1388.24
2025-10-11,98,Roadport,ROADPORT USD DIESEL BUS,2079.0705405405406,3077.02
2025-10-11,98,Roadport,ROAPORT USD PETROL,3818.116883116882,5879.9
2025-10-12,102,Kirkman,KIR-FLUIDMATIC CVT MV 1L,1.0,10.0
2025-10-12,102,Kirkman,KIRKMAN BULK DIESEL USD,410.3448275862069,595.0
2025-10-12,102,Kirkman,KIRKMAN USD DIESEL,914.0939597315434,1362.0
2025-10-12,102,Kirkman,KIRKMAN USD PETROL,1251.315789473684,1902.0
2025-10-12,102,Kirkman,KIR-QUARTZ 9000 SAE 5W40 500ML,1.0,5.0
2025-10-12,110,Mutare Green Market,MUTARE GREEN MARKET BULK DIESEL,444.2323943661972,630.81
2025-10-12,110,Mutare Green Market,MUTARE GREENMARKET USD DIESEL,655.4589041095891,956.97
2025-10-12,110,Mutare Green Market,MUTARE GREENMARKET USD PETROL,2384.4932432432433,3529.05
2025-10-12,112,Marondera,MARONDERA USD DIESEL,386.3945578231293,568.0
2025-10-12,112,Marondera,MARONDERA USD PETROL,1317.8807947019868,1990.0
2025-10-12,114,Kadoma,KADOMA USD BULK DIESEL ,530.6122448979592,780.0
2025-10-12,114,Kadoma,KADOMA USD DIESEL,866.8918918918919,1283.0
2025-10-12,114,Kadoma,KADOMA USD PETROL,1778.8079470198675,2686.0
2025-10-12,121,Gweru,GWE-FLUIDMATIC DIII MV 500ML,1.0,3.0
2025-10-12,121,Gweru,GWE-RACE BRAKEFLUID DOT4+ 500ML,1.0,4.0
2025-10-12,121,Gweru,GWE-RUBIA TIR 7400 15W40 500ML,3.0,9.0
2025-10-12,121,Gweru,GWERU BULK DIESEL USD,1217.687074829932,1790.0
2025-10-12,121,Gweru,GWERU USD DIESEL,1321.9632432432434,1956.5
2025-10-12,121,Gweru,GWERU USD PETROL,2044.274701986755,3086.85
2025-10-12,123,Fife Street,FIFE USD DIESEL,1435.1351351351352,2124.0
2025-10-12,123,Fife Street,FIFE USD PETROL,1815.1315789473686,2759.0
2025-10-12,125,Fort Street,FORT STR BULK DIESEL USD,872.1088435374149,1282.0
2025-10-12,125,Fort Street,FORT USD DIESEL,698.6486486486488,1034.0
2025-10-12,125,Fort Street,FORT USD PETROL,928.2894736842105,1411.0
2025-10-12,127,Mpopoma,MPOPOMA BULK DIESEL USD,1621.0884353741496,2383.0
2025-10-12,127,Mpopoma,MPOPOMA USD DIESEL,505.4054054054054,748.0
2025-10-12,127,Mpopoma,MPOPOMA USD PETROL,1279.470198675497,1932.0
2025-10-12,129,Khami,KHAMI BULK DIESEL USD,175.68,258.24
2025-10-12,129,Khami,KHAMI USD DIESEL,825.0862162162163,1221.12
2025-10-12,129,Khami,KHAMI USD PETROL,594.0397350993378,897.0
2025-10-12,129,Khami,KHA-RACE BRAKEFLUID DOT4+ 500ML,1.0,4.0
2025-10-12,131,R Mugabe,R MUGABE USD DIESEL,600.0,900.0
2025-10-12,131,R Mugabe,R MUGABE USD PETROL,1832.2368421052633,2785.0
2025-10-12,135,Cripps,CRIPPS BULK DIESEL USD,679.3103448275862,985.0
2025-10-12,135,Cripps,CRIPPS DIESEL USD,1052.7397260273974,1537.0
2025-10-12,135,Cripps,CRIPPS PETROL USD,2064.864864864865,3056.0
2025-10-12,140,Mutare Second Street,MUTARE SECOND USD BULK DIESEL,205.6338028169014,292.0
2025-10-12,140,Mutare Second Street,MUTARE SECOND USD DIESEL,482.1917808219178,704.0
2025-10-12,140,Mutare Second Street,MUTARE SECOND USD PETROL,1362.8378378378377,2017.0
2025-10-12,141,Troutbeck,TROUTBECK BULK DIESEL ,565.1006711409397,842.0
2025-10-12,141,Troutbeck,TROUTBECK USD DIESEL,891.3333333333334,1337.0
2025-10-12,141,Troutbeck,TROUTBECK USD PETROL,1585.7142857142858,2442.0
2025-10-12,145,Sunway City,SUNWAY BULK DIESEL USD,868.0,1284.64
2025-10-12,145,Sunway City,SUNWAY USD DIESEL,1641.4333333333334,2462.15
2025-10-12,145,Sunway City,SUNWAY USD PETROL,2779.2631578947367,4224.48
2025-10-12,146,Banket,BANKET BULK DIESEL USD,850.83,1250.72
2025-10-12,146,Banket,BANKET USD DIESEL,218.0,327.0
2025-10-12,146,Banket,BANKET USD PETROL,1824.183006535948,2791.0
2025-10-12,146,Banket,BAN-NEPTUNA 2T SUPER SPORT 500ML,1.0,4.0
2025-10-12,147,Chinhoyi Main,CHINHOYI BULK DIESEL USD,346.3087248322148,516.0
2025-10-12,147,Chinhoyi Main,CHINHOYI MAIN USD DIESEL,688.0794701986754,1039.0
2025-10-12,147,Chinhoyi Main,CHINHOYI MAIN USD PETROL,2071.8954248366013,3170.0
2025-10-12,148,Chegutu,CHEGUTU BULK DIESEL USD,1414.2857142857142,2079.0
2025-10-12,148,Chegutu,CHEGUTU USD DIESEL,734.2281879194633,1094.0
2025-10-12,148,Chegutu,CHEGUTU USD PETROL,2253.947368421051,3426.0
2025-10-12,148,Chegutu,CHE-QUARTZ 5000 20W50 500ML,1.0,3.0
2025-10-12,148,Chegutu,CHE-RUBIA TIR 7400 15W40 500ML,2.0,6.0
2025-10-12,149,Turnpike,TURNPIKE USD DIESEL,1458.6666666666665,2188.0
2025-10-12,149,Turnpike,TURNPIKE USD PETROL,884.8684210526314,1345.0
2025-10-12,149,Turnpike,TUR-QUARTZ 4X4 15W40 5L,1.0,20.0
2025-10-12,150,Mutare One Stop,MUTARE ONE STOP DIESEL,535.1712328767123,781.35
2025-10-12,150,Mutare One Stop,MUTARE ONE STOP PETROL,1539.1081081081081,2277.88
2025-10-12,82,Runiville,RUNIVILLE BULK DIESEL USD,216.8918918918919,321.0
2025-10-12,82,Runiville,RUNIVILLE USD DIESEL,180.53691275167785,269.0
2025-10-12,82,Runiville,RUNIVILLE USD PETROL,232.23684210526315,353.0
2025-10-12,84,Avondale,AVONDALE USD DIESEL,140.54054054054055,208.0
2025-10-12,84,Avondale,AVONDALE USD PETROL,690.1315789473684,1049.0
2025-10-12,86,Charter,CHARTER BULK/TAXI DIESEL ,3898.6301369863013,5692.0
2025-10-12,86,Charter,CHARTER USD DIESEL,843.9189189189188,1249.0
2025-10-12,86,Charter,CHARTER USD PETROL,1407.2368421052631,2139.0
2025-10-12,88,Seke,SEKE USD DIESEL,1743.2432432432433,2580.0
2025-10-12,88,Seke,SEKE USD PETROL,2362.0,3543.0
2025-10-12,88,Seke,SEK-QUARTZ 5000 20W50 5L,1.0,22.0
2025-10-12,92,Msasa,MSASA BULK DIESEL,180.0,270.0
2025-10-12,92,Msasa,MSASA USD DIESEL,420.64516129032256,652.0
2025-10-12,92,Msasa,MSASA USD PETROL,493.54838709677415,765.0
2025-10-12,96,Samora,SAMORA USD DIESEL,170.19867549668874,257.0
2025-10-12,96,Samora,SAMORA USD PETROL,1332.2631578947367,2025.04
2025-10-12,96,Samora,SAMORA USD TAXI DIESEL ,26.845637583892618,40.0
2025-10-12,98,Roadport,ROADPORT USD DIESEL,563.4407894736842,856.43
2025-10-12,98,Roadport,ROADPORT USD DIESEL BUS,627.7027027027027,929.0
2025-10-12,98,Roadport,ROAPORT USD PETROL,1679.8181818181818,2586.92
2025-10-13,102,Kirkman,KIRKMAN BULK DIESEL USD,772.4137931034483,1120.0
2025-10-13,102,Kirkman,KIRKMAN USD DIESEL,1073.1543624161075,1599.0
2025-10-13,102,Kirkman,KIRKMAN USD PETROL,852.6315789473683,1296.0
2025-10-13,110,Mutare Green Market,MUTARE GREEN MARKET BULK DIESEL,819.7183098591549,1164.0
2025-10-13,110,Mutare Green Market,MUTARE GREENMARKET USD DIESEL,623.2054794520548,909.88
2025-10-13,110,Mutare Green Market,MUTARE GREENMARKET USD PETROL,1647.0810810810808,2437.68
2025-10-13,112,Marondera,MARONDERA USD DIESEL,780.952380952381,1148.0
2025-10-13,112,Marondera,MARONDERA USD PETROL,1726.456953642384,2606.95
2025-10-13,114,Kadoma,KAD-NEPTUNA 2T SUPER SPORT 500ML,2.0,8.0
2025-10-13,114,Kadoma,KADOMA USD BULK DIESEL ,1378.9115646258506,2027.0
2025-10-13,114,Kadoma,KADOMA USD DIESEL,1160.8108108108108,1718.0
2025-10-13,114,Kadoma,KADOMA USD PETROL,1933.7748344370862,2920.0
2025-10-13,121,Gweru,GWE-FLUIDMATIC DIII MV 500ML,2.0,6.0
2025-10-13,121,Gweru,GWE-QUARTZ 5000 20W50 500ML,1.0,3.0
2025-10-13,121,Gweru,GWE-QUARTZ 5000 20W50 5L,1.0,22.0
2025-10-13,121,Gweru,GWERU BULK DIESEL USD,2211.96,3251.58
2025-10-13,121,Gweru,GWERU USD DIESEL,1962.3683783783786,2904.3
2025-10-13,121,Gweru,GWERU USD PETROL,1689.4701986754967,2551.1
2025-10-13,123,Fife Street,FIFE USD DIESEL,1746.6216216216217,2585.0
2025-10-13,123,Fife Street,FIFE USD PETROL,1779.6052631578948,2705.0
2025-10-13,123,Fife Street,FIF-FLUIDMATIC DIII MV 500ML,4.0,12.0
2025-10-13,123,Fife Street,FIF-NEPTUNA 2T SUPER SPORT 500ML,1.0,4.0
2025-10-13,123,Fife Street,FIF-QUARTZ 5000 20W50 500ML,6.0,18.0
2025-10-13,123,Fife Street,FIF-RACE BRAKEFLUID DOT4+ 500ML,5.0,20.0
2025-10-13,123,Fife Street,FIF-RUBIA TIR 7400 15W40 500ML,4.0,12.0
2025-10-13,123,Fife Street,FIF-RUBIA TIR 7400 SAE 15W40 5L,1.0,25.0
2025-10-13,125,Fort Street,FOR-QUARTZ 9000 SAE 5W40 500ML,2.0,10.0
2025-10-13,125,Fort Street,FORT USD DIESEL,770.2702702702702,1140.0
2025-10-13,125,Fort Street,FORT USD PETROL,398.68421052631584,606.0
2025-10-13,127,Mpopoma,MPOPOMA BULK DIESEL USD,2795.238095238096,4109.0
2025-10-13,127,Mpopoma,MPOPOMA USD DIESEL,641.2162162162163,949.0
2025-10-13,127,Mpopoma,MPOPOMA USD PETROL,1374.1721854304635,2075.0
2025-10-13,127,Mpopoma,MPO-QUARTZ 5000 20W50 500ML,1.0,3.0
2025-10-13,127,Mpopoma,MPO-RACE BRAKEFLUID DOT4+ 500ML,3.0,12.0
2025-10-13,129,Khami,KHAMI BULK DIESEL USD,2116.1721088435374,3110.77
2025-10-13,129,Khami,KHAMI USD DIESEL,1058.1081081081081,1566.0
2025-10-13,129,Khami,KHAMI USD PETROL,927.1523178807947,1400.0
2025-10-13,129,Khami,KHA-QUARTZ 9000 SAE 5W40 500ML,1.0,5.0
2025-10-13,131,R Mugabe,R MUGABE USD DIESEL,962.6666666666665,1444.0
2025-10-13,131,R Mugabe,R MUGABE USD PETROL,2866.4473684210525,4357.0
2025-10-13,135,Cripps,CRIPPS BULK DIESEL USD,1568.9655172413793,2275.0
2025-10-13,135,Cripps,CRIPPS DIESEL USD,2129.452054794521,3109.0
2025-10-13,135,Cripps,CRIPPS PETROL USD,2631.7567567567567,3895.0
2025-10-13,140,Mutare Second Street,MUTARE SECOND USD DIESEL,247.94520547945206,362.0
2025-10-13,140,Mutare Second Street,MUTARE SECOND USD PETROL,610.8108108108107,904.0
2025-10-13,141,Troutbeck,TROUTBECK BULK DIESEL ,330.8724832214765,493.0
2025-10-13,141,Troutbeck,TROUTBECK USD DIESEL,1662.0,2493.0
2025-10-13,141,Troutbeck,TROUTBECK USD PETROL,2990.909090909091,4606.0
2025-10-13,144,Bessemer,BESSEMER USD DIESEL,30.0,42.59
2025-10-13,145,Sunway City,SUN-QUARTZ 5000 20W50 500ML,6.0,18.0
2025-10-13,145,Sunway City,SUN-QUARTZ 9000 SAE 5W40 500ML,3.0,15.0
2025-10-13,145,Sunway City,SUN-RACE BRAKEFLUID DOT4+ 500ML,2.0,8.0
2025-10-13,145,Sunway City,SUN-RUBIA TIR 7400 15W40 500ML,1.0,3.0
2025-10-13,145,Sunway City,SUNWAY BULK DIESEL USD,893.918918918919,1323.0
2025-10-13,145,Sunway City,SUNWAY USD DIESEL,2914.6666666666665,4372.0
2025-10-13,145,Sunway City,SUNWAY USD PETROL,5507.2368421052615,8371.0
2025-10-13,146,Banket,BANKET BULK DIESEL USD,859.8639455782313,1264.0
2025-10-13,146,Banket,BANKET USD DIESEL,1294.666666666666,1942.0
2025-10-13,146,Banket,BANKET USD PETROL,2647.7124183006526,4051.0
2025-10-13,146,Banket,BAN-NEPTUNA 2T SUPER SPORT 500ML,4.0,16.0
2025-10-13,146,Banket,BAN-QUARTZ 9000 SAE 5W40 500ML,1.0,5.0
2025-10-13,146,Banket,BAN-RUBIA SX SAE40 500ML,1.0,3.0
2025-10-13,147,Chinhoyi Main,CHINHOYI MAIN USD DIESEL,1396.0264900662253,2108.0
2025-10-13,147,Chinhoyi Main,CHINHOYI MAIN USD PETROL,3780.392156862744,5784.0
2025-10-13,148,Chegutu,CHEGUTU BULK DIESEL USD,408.1632653061225,600.0
2025-10-13,148,Chegutu,CHEGUTU USD DIESEL,651.6778523489933,971.0
2025-10-13,148,Chegutu,CHEGUTU USD PETROL,2637.5,4009.0
2025-10-13,149,Turnpike,TURNPIKE BULK DIESEL USD,680.0,1006.4
2025-10-13,149,Turnpike,TURNPIKE USD DIESEL,846.6666666666667,1270.0
2025-10-13,149,Turnpike,TURNPIKE USD PETROL,1402.6315789473686,2132.0
2025-10-13,149,Turnpike,TUR-QUARTZ 4X4 15W40 500ML,1.0,3.0
2025-10-13,150,Mutare One Stop,MUTARE ONE STOP DIESEL,1735.6849315068494,2534.1
2025-10-13,150,Mutare One Stop,MUTARE ONE STOP PETROL,2307.9864864864867,3415.82
2025-10-13,82,Runiville,RUNIVILLE USD DIESEL,157.71812080536913,235.0
2025-10-13,82,Runiville,RUNIVILLE USD PETROL,506.5855263157895,770.01
2025-10-13,82,Runiville,RUN-QUARTZ 9000 SAE 5W40 500ML,1.0,5.0
2025-10-13,84,Avondale,AVONDALE USD DIESEL,595.9459459459459,882.0
2025-10-13,84,Avondale,AVONDALE USD PETROL,745.3947368421052,1133.0
2025-10-13,86,Charter,CHARTER BULK/TAXI DIESEL ,3196.5753424657532,4667.0
2025-10-13,86,Charter,CHARTER USD DIESEL,1085.135135135135,1606.0
2025-10-13,86,Charter,CHARTER USD PETROL,1665.1315789473686,2531.0
2025-10-13,86,Charter,CHA-RUBIA SX SAE40 500ML,3.0,9.0
2025-10-13,88,Seke,SEKE DIESEL BULK,205.47945205479454,300.0
2025-10-13,88,Seke,SEKE USD DIESEL,1956.7567567567567,2896.0
2025-10-13,88,Seke,SEKE USD PETROL,2148.0,3222.0
2025-10-13,88,Seke,SEK-RUBIA TIR 7400 15W40 500ML,1.0,3.0
2025-10-13,92,Msasa,MSA-FLUIDMATIC DIII MV 500ML,2.0,6.0
2025-10-13,92,Msasa,MSA-QUARTZ 5000 20W50 500ML,4.0,12.0
2025-10-13,92,Msasa,MSASA BULK DIESEL,337.3333333333333,506.0
2025-10-13,92,Msasa,MSASA USD DIESEL,283.8709677419355,440.0
2025-10-13,92,Msasa,MSASA USD PETROL,646.4516129032259,1002.0
2025-10-13,96,Samora,SAMORA USD DIESEL,267.5496688741722,404.0
2025-10-13,96,Samora,SAMORA USD PETROL,748.0263157894736,1137.0
2025-10-13,96,Samora,SAMORA USD TAXI DIESEL ,10.06711409395973,15.0
2025-10-13,98,Roadport,ROADPORT USD DIESEL,1036.0986842105265,1574.87
2025-10-13,98,Roadport,ROADPORT USD DIESEL BUS,1496.6216216216217,2215.0
2025-10-13,98,Roadport,ROAPORT USD PETROL,3042.058441558442,4684.77
2025-10-14,102,Kirkman,KIRKMAN BULK DIESEL USD,3230.3358620689655,4683.98
2025-10-14,102,Kirkman,KIRKMAN USD DIESEL,602.6845637583893,898.0
2025-10-14,102,Kirkman,KIRKMAN USD PETROL,1176.3157894736842,1788.0
2025-10-14,110,Mutare Green Market,MUTARE GREEN MARKET BULK DIESEL,640.1408450704225,909.0
2025-10-14,110,Mutare Green Market,MUTARE GREENMARKET USD DIESEL,968.4520547945203,1413.94
2025-10-14,110,Mutare Green Market,MUTARE GREENMARKET USD PETROL,2051.0067567567567,3035.49
2025-10-14,112,Marondera,MARONDERA USD DIESEL,955.0974443831587,1413.0
2025-10-14,112,Marondera,MARONDERA USD PETROL,1146.7976646915301,1743.0
2025-10-14,114,Kadoma,KADOMA USD DIESEL,488.5135135135135,723.0
2025-10-14,114,Kadoma,KADOMA USD PETROL,1769.5364238410593,2672.0
2025-10-14,121,Gweru,GWE-QUARTZ 4X4 15W40 500ML,1.0,3.0
2025-10-14,121,Gweru,GWE-RUBIA TIR 7400 15W40 500ML,3.0,9.0
2025-10-14,121,Gweru,GWERU BULK DIESEL USD,914.9659863945578,1345.0
2025-10-14,121,Gweru,GWERU USD DIESEL,2016.8918918918919,2985.0
2025-10-14,121,Gweru,GWERU USD PETROL,2062.9139072847684,3115.0
2025-10-14,123,Fife Street,FIFE USD DIESEL,1435.135135135135,2124.0
2025-10-14,123,Fife Street,FIFE USD PETROL,1475.657894736842,2243.0
2025-10-14,123,Fife Street,FIF-QUARTZ 4X4 15W40 500ML,1.0,3.0
2025-10-14,125,Fort Street,FORT STR BULK DIESEL USD,408.16326530612247,600.0
2025-10-14,125,Fort Street,FORT USD DIESEL,191.21621621621622,283.0
2025-10-14,125,Fort Street,FORT USD PETROL,585.5263157894736,890.0
2025-10-14,127,Mpopoma,MPOPOMA BULK DIESEL USD,1571.4285714285713,2310.0
2025-10-14,127,Mpopoma,MPOPOMA USD DIESEL,961.4864864864866,1423.0
2025-10-14,127,Mpopoma,MPOPOMA USD PETROL,1057.607880794702,1596.98
2025-10-14,127,Mpopoma,MPO-QUARTZ 5000 20W50 500ML,1.0,3.0
2025-10-14,129,Khami,KHA-FLUIDMATIC DIII MV 500ML,1.0,3.0
2025-10-14,129,Khami,KHAMI BULK DIESEL USD,216.22,317.84
2025-10-14,129,Khami,KHAMI USD DIESEL,1593.243243243243,2358.0
2025-10-14,129,Khami,KHAMI USD PETROL,471.523178807947,712.0
2025-10-14,131,R Mugabe,RM-QUARTZ 5000 20W50 500ML,1.0,3.0
2025-10-14,131,R Mugabe,RM-QUARTZ 9000 SAE 5W40 500ML,1.0,5.0
2025-10-14,131,R Mugabe,RM-RACE BRAKEFLUID DOT4+ 500ML,3.0,12.0
2025-10-14,131,R Mugabe,R MUGABE USD DIESEL,448.6666666666667,673.0
2025-10-14,131,R Mugabe,R MUGABE USD PETROL,1936.1842105263158,2943.0
2025-10-14,135,Cripps,CRI-FLUIDMATIC CVT MV 1L,1.0,10.0
2025-10-14,135,Cripps,CRIPPS BULK DIESEL USD,2206.896551724138,3200.0
2025-10-14,135,Cripps,CRIPPS DIESEL USD,2071.2328767123295,3024.0
2025-10-14,135,Cripps,CRIPPS PETROL USD,2136.621621621621,3162.2
2025-10-14,140,Mutare Second Street,MUTARE SECOND USD BULK DIESEL,200.0,284.0
2025-10-14,140,Mutare Second Street,MUTARE SECOND USD DIESEL,995.2054794520548,1453.0
2025-10-14,140,Mutare Second Street,MUTARE SECOND USD PETROL,1327.0270270270269,1964.0
2025-10-14,141,Troutbeck,TRO-QUARTZ 5000 20W50 500ML,2.0,6.0
2025-10-14,141,Troutbeck,TRO-QUARTZ 9000 SAE 5W40 5L,1.0,30.0
2025-10-14,141,Troutbeck,TRO-RUBIA SX SAE40 500ML,2.0,6.0
2025-10-14,141,Troutbeck,TROUTBECK BULK DIESEL ,365.7718120805369,545.0
2025-10-14,141,Troutbeck,TROUTBECK USD PETROL,5.194805194805195,8.0
2025-10-14,145,Sunway City,SUN-QUARTZ 9000 SAE 5W40 500ML,1.0,5.0
2025-10-14,145,Sunway City,SUN-RACE BRAKEFLUID DOT4+ 500ML,4.0,16.0
2025-10-14,145,Sunway City,SUNWAY BULK DIESEL USD,1213.5135135135135,1796.0
2025-10-14,145,Sunway City,SUNWAY USD DIESEL,2779.3333333333326,4169.0
2025-10-14,145,Sunway City,SUNWAY USD PETROL,2882.3157894736846,4381.12
2025-10-14,146,Banket,BANKET BULK DIESEL USD,1893.1,2782.85
2025-10-14,146,Banket,BANKET USD DIESEL,400.6666666666665,601.0
2025-10-14,146,Banket,BANKET USD PETROL,2163.3986928104578,3310.0
2025-10-14,146,Banket,BAN-RUBIA SX SAE40 500ML,1.0,3.0
2025-10-14,147,Chinhoyi Main,CHINHOYI BULK DIESEL USD,214.76510067114094,320.0
2025-10-14,147,Chinhoyi Main,CHINHOYI MAIN USD DIESEL,654.9668874172185,989.0
2025-10-14,147,Chinhoyi Main,CHINHOYI MAIN USD PETROL,2867.9738562091497,4388.0
2025-10-14,148,Chegutu,CHEGUTU BULK DIESEL USD,1236.0544217687075,1817.0
2025-10-14,148,Chegutu,CHEGUTU USD DIESEL,1216.778523489933,1813.0
2025-10-14,148,Chegutu,CHEGUTU USD PETROL,1767.1052631578937,2686.0
2025-10-14,148,Chegutu,CHE-RUBIA TIR 7400 15W40 500ML,1.0,3.0
2025-10-14,149,Turnpike,TURNPIKE USD DIESEL,262.66666666666663,394.0
2025-10-14,149,Turnpike,TURNPIKE USD PETROL,1409.2105263157896,2142.0
2025-10-14,149,Turnpike,TUR-QUARTZ 4X4 15W40 500ML,1.0,3.0
2025-10-14,149,Turnpike,TUR-QUARTZ 4X4 15W40 5L,2.0,40.0
2025-10-14,150,Mutare One Stop,MUTARE ONE STOP DIESEL,973.2602739726027,1420.96
2025-10-14,150,Mutare One Stop,MUTARE ONE STOP PETROL,945.8445945945946,1399.85
2025-10-14,82,Runiville,RUNIVILLE BULK DIESEL USD,202.7027027027027,300.0
2025-10-14,82,Runiville,RUNIVILLE USD DIESEL,275.1677852348993,410.0
2025-10-14,82,Runiville,RUNIVILLE USD PETROL,392.10526315789474,596.0
2025-10-14,82,Runiville,RUN-QUARTZ 4X4 15W40 500ML,1.0,3.0
2025-10-14,82,Runiville,RUN-QUARTZ 9000 SAE 5W40 500ML,1.0,5.0
2025-10-14,82,Runiville,RUN-RACE BRAKEFLUID DOT4+ 500ML,3.0,12.0
2025-10-14,84,Avondale,AVONDALE USD DIESEL,374.99999999999994,555.0
2025-10-14,84,Avondale,AVONDALE USD PETROL,442.76315789473676,673.0
2025-10-14,86,Charter,CHARTER BULK/TAXI DIESEL ,3360.2739726027394,4906.0
2025-10-14,86,Charter,CHARTER USD DIESEL,824.3243243243243,1220.0
2025-10-14,86,Charter,CHARTER USD PETROL,1729.6052631578946,2629.0
2025-10-14,88,Seke,SEKE DIESEL BULK,600.0,876.0
2025-10-14,88,Seke,SEKE USD DIESEL,2025.6756756756758,2998.0
2025-10-14,88,Seke,SEKE USD PETROL,2536.666666666667,3805.0
2025-10-14,88,Seke,SEK-QUARTZ 5000 20W50 500ML,2.0,6.0
2025-10-14,92,Msasa,MSA-QUARTZ 9000 SAE 5W40 500ML,1.0,5.0
2025-10-14,92,Msasa,MSA-RACE BRAKEFLUID DOT4+ 500ML,1.0,4.0
2025-10-14,92,Msasa,MSASA BULK DIESEL,1458.0,2187.0
2025-10-14,92,Msasa,MSASA USD DIESEL,882.5806451612902,1368.0
2025-10-14,92,Msasa,MSASA USD PETROL,818.7548387096776,1269.07
2025-10-14,96,Samora,SAMORA USD DIESEL,278.1456953642384,420.0
2025-10-14,96,Samora,SAMORA USD PETROL,860.5263157894738,1308.0
2025-10-14,96,Samora,SAMORA USD TAXI DIESEL ,13.422818791946309,20.0
2025-10-14,98,Roadport,ROADPORT USD DIESEL,969.7565789473684,1474.03
2025-10-14,98,Roadport,ROADPORT USD DIESEL BUS,1010.25,1495.17
2025-10-14,98,Roadport,ROAPORT USD PETROL,3330.5649350649355,5129.07
2025-10-15,102,Kirkman,KIRKMAN BULK DIESEL USD,1431.0344827586207,2075.0
2025-10-15,102,Kirkman,KIRKMAN USD DIESEL,759.7315436241611,1132.0
2025-10-15,102,Kirkman,KIRKMAN USD PETROL,1140.1315789473683,1733.0
2025-10-15,110,Mutare Green Market,MUTARE GREEN MARKET BULK DIESEL,2246.82,3190.48
2025-10-15,110,Mutare Green Market,MUTARE GREENMARKET USD DIESEL,993.3356164383562,1450.27
2025-10-15,110,Mutare Green Market,MUTARE GREENMARKET USD PETROL,1928.5135135135133,2854.2
2025-10-15,112,Marondera,MARONDERA USD DIESEL,701.6216216216217,1038.4
2025-10-15,112,Marondera,MARONDERA USD PETROL,1257.046052631579,1910.71
2025-10-15,114,Kadoma,KADOMA USD BULK DIESEL ,536.0544217687075,788.0
2025-10-15,114,Kadoma,KADOMA USD DIESEL,1095.2702702702702,1621.0
2025-10-15,114,Kadoma,KADOMA USD PETROL,962.9139072847681,1454.0
2025-10-15,121,Gweru,GWE-RACE BRAKEFLUID DOT4+ 500ML,1.0,4.0
2025-10-15,121,Gweru,GWE-RUBIA TIR 7400 SAE 15W40 5L,1.0,25.0
2025-10-15,121,Gweru,GWERU BULK DIESEL USD,470.2040816326531,691.2
2025-10-15,121,Gweru,GWERU USD DIESEL,2381.7567567567567,3525.0
2025-10-15,121,Gweru,GWERU USD PETROL,1518.547284768212,2293.0
2025-10-15,123,Fife Street,FIFE USD DIESEL,1040.5405405405404,1540.0
2025-10-15,123,Fife Street,FIFE USD PETROL,2017.1052631578946,3066.0
2025-10-15,125,Fort Street,FORT STR BULK DIESEL USD,2185.714285714286,3213.0
2025-10-15,125,Fort Street,FORT USD DIESEL,1235.1351351351352,1828.0
2025-10-15,125,Fort Street,FORT USD PETROL,2065.7894736842104,3140.0
2025-10-15,127,Mpopoma,MPOPOMA BULK DIESEL USD,1924.9319727891157,2829.65
2025-10-15,127,Mpopoma,MPOPOMA USD DIESEL,775.6756756756757,1148.0
2025-10-15,127,Mpopoma,MPOPOMA USD PETROL,1098.0132450331125,1658.0
2025-10-15,127,Mpopoma,MPO-QUARTZ 5000 20W50 500ML,1.0,3.0
2025-10-15,127,Mpopoma,MPO-RUBIA TIR 7400 15W40 500ML,4.0,12.0
2025-10-15,129,Khami,KHAMI BULK DIESEL USD,2242.8571428571427,3297.0
2025-10-15,129,Khami,KHAMI USD DIESEL,3232.432432432432,4784.0
2025-10-15,129,Khami,KHAMI USD PETROL,915.2317880794702,1382.0
2025-10-15,129,Khami,KHA-QUARTZ 9000 SAE 5W40 500ML,1.0,5.0
2025-10-15,129,Khami,KHA-RACE BRAKEFLUID DOT4+ 500ML,4.0,16.0
2025-10-15,131,R Mugabe,R MUGABE USD DIESEL,779.3333333333334,1169.0
2025-10-15,135,Cripps,CRIPPS BULK DIESEL USD,1484.1379310344828,2152.0
2025-10-15,135,Cripps,CRIPPS DIESEL USD,1886.3013698630134,2754.0
2025-10-15,135,Cripps,CRIPPS PETROL USD,1775.0,2627.0
2025-10-15,140,Mutare Second Street,MUTARE SECOND USD DIESEL,776.7123287671234,1134.0
2025-10-15,140,Mutare Second Street,MUTARE SECOND USD PETROL,1668.2432432432431,2469.0
2025-10-15,141,Troutbeck,TROUTBECK BULK DIESEL ,1035.5704697986578,1543.0
2025-10-15,141,Troutbeck,TROUTBECK USD DIESEL,709.8684210526316,1079.0
2025-10-15,141,Troutbeck,TROUTBECK USD PETROL,1046.103896103896,1611.0
2025-10-15,145,Sunway City,SUNWAY BULK DIESEL USD,1404.837837837838,2079.16
2025-10-15,145,Sunway City,SUNWAY USD DIESEL,2280.22,3420.33
2025-10-15,145,Sunway City,SUNWAY USD PETROL,4983.552631578948,7575.0
2025-10-15,146,Banket,BANKET BULK DIESEL USD,614.9659863945578,904.0
2025-10-15,146,Banket,BANKET USD DIESEL,536.0,804.0
2025-10-15,146,Banket,BANKET USD PETROL,2724.1830065359463,4168.0
2025-10-15,146,Banket,BAN-QUARTZ 9000 SAE 5W40 500ML,1.0,5.0
2025-10-15,146,Banket,BAN-QUARTZ 9000 SAE 5W40 5L,1.0,30.0
2025-10-15,146,Banket,BAN-RACE BRAKEFLUID DOT4+ 500ML,2.0,8.0
2025-10-15,146,Banket,BAN-RUBIA SX SAE40 500ML,1.0,3.0
2025-10-15,147,Chinhoyi Main,CHINHOYI MAIN USD DIESEL,966.887417218543,1460.0
2025-10-15,147,Chinhoyi Main,CHINHOYI MAIN USD PETROL,3032.67973856209,4640.0
2025-10-15,148,Chegutu,CHE-FLUIDMATIC DIII MV 500ML,1.0,3.0
2025-10-15,148,Chegutu,CHEGUTU BULK DIESEL USD,1209.5238095238096,1778.0
2025-10-15,148,Chegutu,CHEGUTU USD DIESEL,1295.3020134228188,1930.0
2025-10-15,148,Chegutu,CHEGUTU USD PETROL,1866.447368421052,2837.0
2025-10-15,148,Chegutu,CHE-RACE BRAKEFLUID DOT4+ 500ML,1.0,4.0
2025-10-15,149,Turnpike,TURNPIKE BULK DIESEL USD,200.0,296.0
2025-10-15,149,Turnpike,TURNPIKE USD DIESEL,1096.666666666667,1645.0
2025-10-15,149,Turnpike,TURNPIKE USD PETROL,1234.8684210526314,1877.0
2025-10-15,150,Mutare One Stop,MUTARE ONE STOP DIESEL,1622.6369863013697,2369.05
2025-10-15,150,Mutare One Stop,MUTARE ONE STOP PETROL,1487.8445945945946,2202.01
2025-10-15,82,Runiville,RUNIVILLE USD DIESEL,182.5503355704698,272.0
2025-10-15,82,Runiville,RUNIVILLE USD PETROL,467.7631578947368,711.0
2025-10-15,82,Runiville,RUN-NEPTUNA 2T SUPER SPORT 500ML,2.0,8.0
2025-10-15,82,Runiville,RUN-QUARTZ 9000 SAE 5W40 500ML,3.0,15.0
2025-10-15,84,Avondale,AVONDALE USD DIESEL,483.78378378378386,716.0
2025-10-15,84,Avondale,AVONDALE USD PETROL,955.9210526315786,1453.0
2025-10-15,86,Charter,CHA-QUARTZ 4X4 15W40 500ML,3.0,9.0
2025-10-15,86,Charter,CHARTER BULK/TAXI DIESEL ,3099.3150684931506,4525.0
2025-10-15,86,Charter,CHARTER USD DIESEL,839.1891891891893,1242.0
2025-10-15,86,Charter,CHARTER USD PETROL,1646.7105263157894,2503.0
2025-10-15,86,Charter,CHA-RUBIA TIR 7400 15W40 500ML,2.0,6.0
2025-10-15,88,Seke,SEKE USD DIESEL,2308.108108108109,3416.0
2025-10-15,88,Seke,SEKE USD PETROL,2713.333333333333,4070.0
2025-10-15,88,Seke,SEK-RACE BRAKEFLUID DOT4+ 500ML,1.0,4.0
2025-10-15,92,Msasa,MSASA BULK DIESEL,718.0,1077.0
2025-10-15,92,Msasa,MSASA USD DIESEL,934.8387096774194,1449.0
2025-10-15,92,Msasa,MSASA USD PETROL,526.4516129032257,816.0
2025-10-15,96,Samora,SAMORA USD DIESEL,227.81456953642385,344.0
2025-10-15,96,Samora,SAMORA USD PETROL,722.3947368421052,1098.04
2025-10-15,96,Samora,SAMORA USD TAXI DIESEL ,180.53691275167785,269.0
2025-10-15,98,Roadport,ROADPORT USD DIESEL,1668.28947368421,2535.8
2025-10-15,98,Roadport,ROADPORT USD DIESEL BUS,1037.1621621621623,1535.0
2025-10-15,98,Roadport,ROAPORT USD PETROL,3405.772727272727,5244.89
2025-10-16,102,Kirkman,KIRKMAN BULK DIESEL USD,868.9655172413793,1260.0
2025-10-16,102,Kirkman,KIRKMAN USD DIESEL,1193.959731543624,1779.0
2025-10-16,102,Kirkman,KIRKMAN USD PETROL,954.6052631578945,1451.0
2025-10-16,102,Kirkman,KIR-QUARTZ 5000 20W50 500ML,1.0,3.0
2025-10-16,110,Mutare Green Market,MUTARE GREEN MARKET BULK DIESEL,515.4929577464789,732.0
2025-10-16,110,Mutare Green Market,MUTARE GREENMARKET USD DIESEL,477.43835616438355,697.06
2025-10-16,110,Mutare Green Market,MUTARE GREENMARKET USD PETROL,1143.027027027027,1691.68
2025-10-16,112,Marondera,MARONDERA USD DIESEL,612.8378378378378,907.0
2025-10-16,112,Marondera,MARONDERA USD PETROL,864.4736842105264,1314.0
2025-10-16,114,Kadoma,KADOMA USD BULK DIESEL ,340.13605442176873,500.0
2025-10-16,114,Kadoma,KADOMA USD DIESEL,1119.5945945945946,1657.0
2025-10-16,114,Kadoma,KADOMA USD PETROL,2529.139072847682,3819.0
2025-10-16,121,Gweru,GWE-FLUIDMATIC CVT MV 1L,2.0,20.0
2025-10-16,121,Gweru,GWE-FLUIDMATIC DIII MV 500ML,2.0,6.0
2025-10-16,121,Gweru,GWE-RUBIA SX SAE40 500ML,1.0,3.0
2025-10-16,121,Gweru,GWERU BULK DIESEL USD,1520.0,2234.4
2025-10-16,121,Gweru,GWERU USD DIESEL,1164.932432432432,1724.1
2025-10-16,121,Gweru,GWERU USD PETROL,1923.8410596026492,2905.0
2025-10-16,123,Fife Street,FIFE USD DIESEL,1509.4594594594596,2234.0
2025-10-16,123,Fife Street,FIFE USD PETROL,1886.842105263158,2868.0
2025-10-16,125,Fort Street,FORT USD DIESEL,101.35135135135135,150.0
2025-10-16,125,Fort Street,FORT USD PETROL,13.157894736842104,20.0
2025-10-16,127,Mpopoma,MPOPOMA BULK DIESEL USD,1500.0,2205.0
2025-10-16,127,Mpopoma,MPOPOMA USD DIESEL,700.0,1036.0
2025-10-16,127,Mpopoma,MPOPOMA USD PETROL,1253.6423841059602,1893.0
2025-10-16,127,Mpopoma,MPO-RUBIA TIR 7400 15W40 500ML,1.0,3.0
2025-10-16,129,Khami,KHA-FLUIDMATIC DIII MV 500ML,1.0,3.0
2025-10-16,129,Khami,KHAMI BULK DIESEL USD,1730.7482993197277,2544.2
2025-10-16,129,Khami,KHAMI USD DIESEL,1261.1721621621623,1866.53
2025-10-16,129,Khami,KHAMI USD PETROL,930.4635761589404,1405.0
2025-10-16,131,R Mugabe,R MUGABE USD DIESEL,636.6666666666667,955.0
2025-10-16,131,R Mugabe,R MUGABE USD PETROL,1450.657894736842,2205.0
2025-10-16,135,Cripps,CRI-FLUIDMATIC DIII MV 500ML,2.0,6.0
2025-10-16,135,Cripps,CRIPPS BULK DIESEL USD,1417.9310344827588,2056.0
2025-10-16,135,Cripps,CRIPPS DIESEL USD,1667.8082191780823,2435.0
2025-10-16,135,Cripps,CRIPPS PETROL USD,1825.0000000000002,2701.0
2025-10-16,140,Mutare Second Street,MUTARE SECOND USD BULK DIESEL,200.0,284.0
2025-10-16,140,Mutare Second Street,MUTARE SECOND USD DIESEL,604.7945205479452,883.0
2025-10-16,140,Mutare Second Street,MUTARE SECOND USD PETROL,885.8108108108108,1311.0
2025-10-16,141,Troutbeck,TRO-NEPTUNA 2T SUPER SPORT 500ML,1.0,4.0
2025-10-16,141,Troutbeck,TROUTBECK BULK DIESEL ,3422.818791946309,5100.0
2025-10-16,144,Bessemer,BESSEMER USD DIESEL,30.281690140845072,43.0
2025-10-16,145,Sunway City,SUN-QUARTZ 5000 20W50 500ML,3.0,9.0
2025-10-16,145,Sunway City,SUN-QUARTZ 7000 SAE 10W40 SN 5L,1.0,25.0
2025-10-16,145,Sunway City,SUN-QUARTZ 7000 SAE 15W50 500ML,2.0,8.0
2025-10-16,145,Sunway City,SUN-RACE BRAKEFLUID DOT4+ 500ML,1.0,4.0
2025-10-16,145,Sunway City,SUNWAY BULK DIESEL USD,1817.5675675675675,2690.0
2025-10-16,145,Sunway City,SUNWAY USD DIESEL,2824.666666666667,4237.0
2025-10-16,145,Sunway City,SUNWAY USD PETROL,4457.236842105264,6775.0
2025-10-16,146,Banket,BANKET BULK DIESEL USD,204.08163265306123,300.0
2025-10-16,146,Banket,BANKET USD DIESEL,653.9999999999999,981.0
2025-10-16,146,Banket,BANKET USD PETROL,2287.581699346405,3500.0
2025-10-16,146,Banket,BAN-NEPTUNA 2T SUPER SPORT 500ML,1.0,4.0
2025-10-16,146,Banket,BAN-QUARTZ 9000 SAE 5W40 500ML,4.0,20.0
2025-10-16,147,Chinhoyi Main,CHINHOYI BULK DIESEL USD,665.1006711409397,991.0
2025-10-16,147,Chinhoyi Main,CHINHOYI MAIN USD DIESEL,1238.4105960264899,1870.0
2025-10-16,147,Chinhoyi Main,CHINHOYI MAIN USD PETROL,3147.0588235294117,4815.0
2025-10-16,148,Chegutu,CHEGUTU BULK DIESEL USD,615.6462585034013,905.0
2025-10-16,148,Chegutu,CHEGUTU USD DIESEL,954.3624161073826,1422.0
2025-10-16,148,Chegutu,CHEGUTU USD PETROL,2219.078947368421,3373.0
2025-10-16,148,Chegutu,CHE-QUARTZ 5000 20W50 500ML,1.0,3.0
2025-10-16,149,Turnpike,TURNPIKE BULK DIESEL USD,620.2702702702703,918.0
2025-10-16,149,Turnpike,TURNPIKE USD DIESEL,692.0,1038.0
2025-10-16,149,Turnpike,TURNPIKE USD PETROL,59.21052631578947,90.0
2025-10-16,149,Turnpike,TUR-QUARTZ 4X4 15W40 5L,1.0,20.0
2025-10-16,149,Turnpike,TUR-QUARTZ 9000 SAE 5W40 500ML,2.0,10.0
2025-10-16,150,Mutare One Stop,MUTARE ONE STOP DIESEL,1924.678082191781,2810.03
2025-10-16,150,Mutare One Stop,MUTARE ONE STOP PETROL,1121.1148648648648,1659.25
2025-10-16,82,Runiville,RUN-FLUIDMATIC CVT MV 1L,1.0,10.0
2025-10-16,82,Runiville,RUNIVILLE USD DIESEL,168.45637583892616,251.0
2025-10-16,82,Runiville,RUNIVILLE USD PETROL,528.2894736842105,803.0
2025-10-16,84,Avondale,AVONDALE USD DIESEL,518.2432432432433,767.0
2025-10-16,84,Avondale,AVONDALE USD PETROL,924.2763157894735,1404.9
2025-10-16,86,Charter,CHA-RACE BRAKEFLUID DOT4+ 500ML,1.0,4.0
2025-10-16,86,Charter,CHARTER BULK/TAXI DIESEL ,3550.6849315068494,5184.0
2025-10-16,86,Charter,CHARTER USD DIESEL,863.5135135135135,1278.0
2025-10-16,86,Charter,CHARTER USD PETROL,1997.3684210526317,3036.0
2025-10-16,88,Seke,SEKE DIESEL BULK,445.20547945205476,650.0
2025-10-16,88,Seke,SEKE USD DIESEL,1951.3513513513515,2888.0
2025-10-16,88,Seke,SEKE USD PETROL,1249.3333333333335,1874.0
2025-10-16,92,Msasa,MSASA BULK DIESEL,140.66666666666666,211.0
2025-10-16,92,Msasa,MSASA USD DIESEL,1489.6774193548388,2309.0
2025-10-16,92,Msasa,MSASA USD PETROL,660.0,1023.0
2025-10-16,96,Samora,SAMORA USD DIESEL,178.1456953642384,269.0
2025-10-16,96,Samora,SAMORA USD PETROL,1322.3684210526317,2010.0
2025-10-16,96,Samora,SAMORA USD TAXI DIESEL ,179.86577181208054,268.0
2025-10-16,98,Roadport,ROADPORT USD DIESEL,1139.7631578947367,1732.44
2025-10-16,98,Roadport,ROADPORT USD DIESEL BUS,1819.168918918919,2692.37
2025-10-16,98,Roadport,ROAPORT USD PETROL,2717.902597402597,4185.57
2025-10-17,102,Kirkman,KIRKMAN BULK DIESEL USD,1862.0689655172414,2700.0
2025-10-17,102,Kirkman,KIRKMAN USD DIESEL,1265.1006711409395,1885.0
2025-10-17,102,Kirkman,KIRKMAN USD PETROL,1502.6315789473686,2284.0
2025-10-17,110,Mutare Green Market,MUTARE GREEN MARKET BULK DIESEL,2341.5426760563378,3324.99
2025-10-17,110,Mutare Green Market,MUTARE GREENMARKET USD DIESEL,1542.178082191781,2251.57
2025-10-17,110,Mutare Green Market,MUTARE GREENMARKET USD PETROL,3189.5337837837833,4720.5
2025-10-17,112,Marondera,MARONDERA USD DIESEL,581.0810810810812,860.0
2025-10-17,112,Marondera,MARONDERA USD PETROL,1381.578947368421,2100.0
2025-10-17,114,Kadoma,KADOMA USD BULK DIESEL ,353.74149659863946,520.0
2025-10-17,114,Kadoma,KADOMA USD DIESEL,1390.5405405405404,2058.0
2025-10-17,114,Kadoma,KADOMA USD PETROL,1843.046357615894,2783.0
2025-10-17,121,Gweru,GWERU BULK DIESEL USD,110.0,161.69
2025-10-17,121,Gweru,GWERU USD DIESEL,329.72972972972974,488.0
2025-10-17,121,Gweru,GWERU USD PETROL,760.2649006622516,1148.0
2025-10-17,123,Fife Street,FIFE USD DIESEL,1564.1891891891892,2315.0
2025-10-17,123,Fife Street,FIFE USD PETROL,1263.8157894736842,1921.0
2025-10-17,125,Fort Street,FOR-QUARTZ 4X4 15W40 500ML,1.0,3.0
2025-10-17,125,Fort Street,FORT STR BULK DIESEL USD,1582.9748299319729,2326.96
2025-10-17,125,Fort Street,FORT USD DIESEL,1058.7837837837837,1567.0
2025-10-17,125,Fort Street,FORT USD PETROL,1535.5263157894738,2334.0
2025-10-17,127,Mpopoma,MPOPOMA BULK DIESEL USD,998.6394557823129,1468.0
2025-10-17,127,Mpopoma,MPOPOMA USD DIESEL,561.4864864864865,831.0
2025-10-17,127,Mpopoma,MPOPOMA USD PETROL,1323.1788079470198,1998.0
2025-10-17,129,Khami,KHA-FLUIDMATIC DIII MV 500ML,2.0,6.0
2025-10-17,129,Khami,KHAMI BULK DIESEL USD,1004.7619047619048,1477.0
2025-10-17,129,Khami,KHAMI USD DIESEL,1020.9459459459459,1511.0
2025-10-17,129,Khami,KHAMI USD PETROL,980.794701986755,1481.0
2025-10-17,129,Khami,KHA-RUBIA SX SAE40 500ML,2.0,6.0
2025-10-17,131,R Mugabe,RM-FLUIDMATIC CVT MV 1L,2.0,20.0
2025-10-17,131,R Mugabe,RM-FLUIDMATIC DIII MV 500ML,1.0,3.0
2025-10-17,131,R Mugabe,RM-QUARTZ 5000 20W50 500ML,1.0,3.0
2025-10-17,131,R Mugabe,RM-RUBIA SX SAE40 500ML,1.0,3.0
2025-10-17,131,R Mugabe,R MUGABE USD DIESEL,811.3333333333333,1217.0
2025-10-17,131,R Mugabe,R MUGABE USD PETROL,1880.9210526315787,2859.0
2025-10-17,135,Cripps,CRIPPS BULK DIESEL USD,1956.5517241379312,2837.0
2025-10-17,135,Cripps,CRIPPS DIESEL USD,630.13698630137,920.0
2025-10-17,135,Cripps,CRIPPS PETROL USD,1042.567567567568,1543.0
2025-10-17,135,Cripps,CRI-RUBIA SX SAE40 500ML,1.0,3.0
2025-10-17,140,Mutare Second Street,MUTARE SECOND USD BULK DIESEL,300.0,426.0
2025-10-17,140,Mutare Second Street,MUTARE SECOND USD DIESEL,1156.849315068493,1689.0
2025-10-17,140,Mutare Second Street,MUTARE SECOND USD PETROL,1292.5675675675675,1913.0
2025-10-17,141,Troutbeck,TRO-RACE BRAKEFLUID DOT4+ 500ML,1.0,4.0
2025-10-17,141,Troutbeck,TRO-RUBIA TIR 7400 15W40 500ML,3.0,9.0
2025-10-17,141,Troutbeck,TROUTBECK BULK DIESEL ,4428.187919463087,6598.0
2025-10-17,141,Troutbeck,TROUTBECK USD DIESEL,1445.3947368421052,2197.0
2025-10-17,141,Troutbeck,TROUTBECK USD PETROL,3211.688311688312,4946.0
2025-10-17,145,Sunway City,SUN-QUARTZ 5000 20W50 500ML,1.0,3.0
2025-10-17,145,Sunway City,SUNWAY BULK DIESEL USD,1333.7837837837837,1974.0
2025-10-17,145,Sunway City,SUNWAY USD DIESEL,2277.3333333333335,3416.0
2025-10-17,145,Sunway City,SUNWAY USD PETROL,2252.631578947369,3424.0
2025-10-17,146,Banket,BANKET BULK DIESEL USD,929.9319727891157,1367.0
2025-10-17,146,Banket,BANKET USD DIESEL,1139.3333333333333,1709.0
2025-10-17,146,Banket,BANKET USD PETROL,2786.274509803921,4263.0
2025-10-17,146,Banket,BAN-RACE BRAKEFLUID DOT4+ 500ML,3.0,12.0
2025-10-17,147,Chinhoyi Main,CHINHOYI BULK DIESEL USD,600.0,894.0
2025-10-17,147,Chinhoyi Main,CHI-QUARTZ 9000 SAE 5W40 5L,1.0,30.0
2025-10-17,148,Chegutu,CHEGUTU BULK DIESEL USD,170.06802721088437,250.0
2025-10-17,148,Chegutu,CHEGUTU USD DIESEL,912.751677852349,1360.0
2025-10-17,148,Chegutu,CHEGUTU USD PETROL,1896.0526315789464,2882.0
2025-10-17,148,Chegutu,CHE-RUBIA TIR 7400 15W40 500ML,1.0,3.0
2025-10-17,149,Turnpike,TURNPIKE BULK DIESEL USD,186.67,276.27
2025-10-17,149,Turnpike,TURNPIKE USD DIESEL,544.6666666666666,817.0
2025-10-17,149,Turnpike,TURNPIKE USD PETROL,119.73684210526315,182.0
2025-10-17,150,Mutare One Stop,MUTARE ONE STOP DIESEL,1536.9794520547946,2243.99
2025-10-17,150,Mutare One Stop,MUTARE ONE STOP PETROL,916.2499999999999,1356.05
2025-10-17,82,Runiville,RUNIVILLE BULK DIESEL USD,104.05405405405405,154.0
2025-10-17,82,Runiville,RUNIVILLE USD DIESEL,55.033557046979865,82.0
2025-10-17,82,Runiville,RUNIVILLE USD PETROL,161.8421052631579,246.0
2025-10-17,84,Avondale,AVONDALE USD DIESEL,256.7567567567567,380.0
2025-10-17,84,Avondale,AVONDALE USD PETROL,579.7565789473684,881.23
2025-10-17,86,Charter,CHAR-SWIFTEX BATTERY 650C,1.0,160.0
2025-10-17,86,Charter,CHARTER BULK/TAXI DIESEL ,3789.041095890411,5532.0
2025-10-17,86,Charter,CHARTER USD DIESEL,701.3513513513512,1038.0
2025-10-17,86,Charter,CHARTER USD PETROL,1261.1842105263156,1917.0
2025-10-17,88,Seke,SEKE USD DIESEL,2010.135135135135,2975.0
2025-10-17,88,Seke,SEKE USD PETROL,1970.0,2955.0
2025-10-17,92,Msasa,MSASA BULK DIESEL,1242.76,1864.14
2025-10-17,92,Msasa,MSASA USD DIESEL,530.3225806451612,822.0
2025-10-17,92,Msasa,MSASA USD PETROL,1089.677419354839,1689.0
2025-10-17,96,Samora,SAMORA USD DIESEL,166.88741721854305,252.0
2025-10-17,96,Samora,SAMORA USD PETROL,1479.605263157894,2249.0
2025-10-17,96,Samora,SAMORA USD TAXI DIESEL ,53.691275167785236,80.0
2025-10-17,98,Roadport,ROADPORT USD DIESEL,1103.7631578947367,1677.72
2025-10-17,98,Roadport,ROADPORT USD DIESEL BUS,1286.972972972973,1904.72
2025-10-17,98,Roadport,ROAPORT USD PETROL,4091.6818181818176,6301.19
2025-10-18,102,Kirkman,KIRKMAN BULK DIESEL USD,1664.4827586206898,2413.5
2025-10-18,102,Kirkman,KIRKMAN USD DIESEL,1314.765100671141,1959.0
2025-10-18,102,Kirkman,KIRKMAN USD PETROL,607.8947368421052,924.0
2025-10-18,102,Kirkman,KIR-QUARTZ 5000 20W50 500ML,4.0,12.0
2025-10-18,102,Kirkman,KIR-RUBIA SX SAE40 500ML,6.0,18.0
2025-10-18,110,Mutare Green Market,MUTARE GREEN MARKET BULK DIESEL,1692.2467605633803,2402.98
2025-10-18,110,Mutare Green Market,MUTARE GREENMARKET USD DIESEL,355.3150684931507,518.76
2025-10-18,110,Mutare Green Market,MUTARE GREENMARKET USD PETROL,2466.2432432432433,3650.03
2025-10-18,112,Marondera,MARONDERA USD DIESEL,498.64864864864865,738.0
2025-10-18,112,Marondera,MARONDERA USD PETROL,1205.2631578947367,1832.0
2025-10-18,114,Kadoma,KADOMA USD DIESEL,1156.0810810810813,1711.0
2025-10-18,114,Kadoma,KADOMA USD PETROL,1532.4503311258272,2314.0
2025-10-18,121,Gweru,GWERU BULK DIESEL USD,2764.965986394558,4064.5
2025-10-18,121,Gweru,GWERU USD DIESEL,1826.6613513513512,2703.45
2025-10-18,121,Gweru,GWERU USD PETROL,1854.7695364238411,2800.7
2025-10-18,123,Fife Street,FIFE USD DIESEL,1585.135135135135,2346.0
2025-10-18,123,Fife Street,FIFE USD PETROL,2442.7631578947367,3713.0
2025-10-18,125,Fort Street,FORT STR BULK DIESEL USD,645.578231292517,949.0
2025-10-18,125,Fort Street,FORT USD DIESEL,1002.0270270270271,1483.0
2025-10-18,125,Fort Street,FORT USD PETROL,1007.8947368421053,1532.0
2025-10-18,127,Mpopoma,MPOPOMA BULK DIESEL USD,2562.5850340136053,3767.0
2025-10-18,127,Mpopoma,MPOPOMA USD DIESEL,476.35135135135135,705.0
2025-10-18,127,Mpopoma,MPOPOMA USD PETROL,1253.6423841059602,1893.0
2025-10-18,129,Khami,KHAMI BULK DIESEL USD,697.2789115646259,1025.0
2025-10-18,129,Khami,KHAMI USD DIESEL,293.9189189189189,435.0
2025-10-18,129,Khami,KHAMI USD PETROL,625.8278145695364,945.0
2025-10-18,131,R Mugabe,RM-QUARTZ 5000 20W50 5L,1.0,22.0
2025-10-18,131,R Mugabe,RM-QUARTZ 7000 SAE 10W40 SN 5L,1.0,25.0
2025-10-18,131,R Mugabe,R MUGABE USD DIESEL,534.0,801.0
2025-10-18,131,R Mugabe,R MUGABE USD PETROL,2250.657894736842,3421.0
2025-10-18,135,Cripps,CRIPPS BULK DIESEL USD,1411.034482758621,2046.0
2025-10-18,135,Cripps,CRIPPS DIESEL USD,1563.013698630137,2282.0
2025-10-18,135,Cripps,CRIPPS PETROL USD,2976.351351351351,4405.0
2025-10-18,140,Mutare Second Street,MUTARE SECOND USD DIESEL,850.0000000000001,1241.0
2025-10-18,140,Mutare Second Street,MUTARE SECOND USD PETROL,1774.3243243243242,2626.0
2025-10-18,141,Troutbeck,TROUTBECK BULK DIESEL ,273.15436241610735,407.0
2025-10-18,141,Troutbeck,TROUTBECK USD DIESEL,1040.7894736842104,1582.0
2025-10-18,141,Troutbeck,TROUTBECK USD PETROL,2029.2207792207791,3125.0
2025-10-18,145,Sunway City,SUNWAY BULK DIESEL USD,1288.5135135135133,1907.0
2025-10-18,145,Sunway City,SUNWAY USD DIESEL,3455.333333333334,5183.0
2025-10-18,145,Sunway City,SUNWAY USD PETROL,5323.039473684211,8091.02
2025-10-18,146,Banket,BAN-FLUIDMATIC DIII MV 500ML,2.0,6.0
2025-10-18,146,Banket,BANKET BULK DIESEL USD,2660.1099999999997,3910.34
2025-10-18,146,Banket,BANKET USD DIESEL,930.6666666666665,1396.0
2025-10-18,146,Banket,BANKET USD PETROL,3780.3921568627443,5784.0
2025-10-18,146,Banket,BAN-NEPTUNA 2T SUPER SPORT 500ML,1.0,4.0
2025-10-18,146,Banket,BAN-QUARTZ 5000 20W50 5L,1.0,22.0
2025-10-18,147,Chinhoyi Main,CHINHOYI BULK DIESEL USD,214.76510067114094,320.0
2025-10-18,147,Chinhoyi Main,CHINHOYI MAIN USD DIESEL,927.8145695364238,1401.0
2025-10-18,147,Chinhoyi Main,CHINHOYI MAIN USD PETROL,2637.908496732026,4036.0
2025-10-18,148,Chegutu,CHEGUTU BULK DIESEL USD,612.2448979591837,900.0
2025-10-18,148,Chegutu,CHEGUTU USD DIESEL,1032.8859060402685,1539.0
2025-10-18,148,Chegutu,CHEGUTU USD PETROL,1815.7894736842097,2760.0
2025-10-18,148,Chegutu,CHE-RUBIA SX SAE40 500ML,2.0,6.0
2025-10-18,149,Turnpike,TURNPIKE BULK DIESEL USD,200.0,296.0
2025-10-18,149,Turnpike,TURNPIKE USD DIESEL,1422.6666666666667,2134.0
2025-10-18,149,Turnpike,TURNPIKE USD PETROL,1660.5263157894733,2524.0
2025-10-18,149,Turnpike,TUR-RACE BRAKEFLUID DOT4+ 500ML,3.0,12.0
2025-10-18,150,Mutare One Stop,MUTARE ONE STOP DIESEL,1120.5479452054794,1636.0
2025-10-18,150,Mutare One Stop,MUTARE ONE STOP PETROL,847.9729729729729,1255.0
2025-10-18,82,Runiville,RUN-FLUIDMATIC DIII MV 500ML,4.0,12.0
2025-10-18,82,Runiville,RUNIVILLE USD DIESEL,586.5771812080537,874.0
2025-10-18,82,Runiville,RUNIVILLE USD PETROL,315.7894736842105,480.0
2025-10-18,82,Runiville,RUN-QUARTZ 9000 SAE 5W40 500ML,1.0,5.0
2025-10-18,84,Avondale,AVONDALE USD DIESEL,482.4324324324325,714.0
2025-10-18,84,Avondale,AVONDALE USD PETROL,506.57894736842104,770.0
2025-10-18,86,Charter,CHARTER BULK/TAXI DIESEL ,3586.986301369863,5237.0
2025-10-18,86,Charter,CHARTER USD DIESEL,633.7837837837839,938.0
2025-10-18,86,Charter,CHARTER USD PETROL,1139.4736842105262,1732.0
2025-10-18,86,Charter,CHA-RUBIA SX SAE40 500ML,1.0,3.0
2025-10-18,88,Seke,SEKE USD DIESEL,2054.72972972973,3041.0
2025-10-18,88,Seke,SEKE USD PETROL,2655.333333333333,3983.0
2025-10-18,88,Seke,SEK-QUARTZ 5000 20W50 500ML,1.0,3.0
2025-10-18,92,Msasa,MSA-RACE BRAKEFLUID DOT4+ 200ML,1.0,2.0
2025-10-18,92,Msasa,MSASA BULK DIESEL,1428.0,2142.0
2025-10-18,92,Msasa,MSASA USD DIESEL,630.9677419354838,978.0
2025-10-18,92,Msasa,MSASA USD PETROL,558.8967741935485,866.29
2025-10-18,96,Samora,SAMORA USD DIESEL,200.0,302.0
2025-10-18,96,Samora,SAMORA USD PETROL,1392.28947368421,2116.28
2025-10-18,96,Samora,SAMORA USD TAXI DIESEL ,153.69127516778525,229.0
2025-10-18,98,Roadport,ROADPORT USD DIESEL,643.5526315789474,978.2
2025-10-18,98,Roadport,ROADPORT USD DIESEL BUS,1158.7837837837837,1715.0
2025-10-18,98,Roadport,ROAPORT USD PETROL,2870.1298701298706,4420.0
2025-10-19,102,Kirkman,KIRKMAN BULK DIESEL USD,1060.0,1537.0
2025-10-19,102,Kirkman,KIRKMAN USD DIESEL,416.10738255033544,620.0
2025-10-19,102,Kirkman,KIRKMAN USD PETROL,1021.7105263157895,1553.0
2025-10-19,102,Kirkman,KIR-QUARTZ 9000 SAE 5W40 500ML,1.0,5.0
2025-10-19,110,Mutare Green Market,MUTARE GREEN MARKET BULK DIESEL,2434.5,3456.99
2025-10-19,110,Mutare Green Market,MUTARE GREENMARKET USD DIESEL,828.5684931506848,1209.71
2025-10-19,110,Mutare Green Market,MUTARE GREENMARKET USD PETROL,1789.033783783784,2647.77
2025-10-19,112,Marondera,MARONDERA USD DIESEL,479.05405405405406,709.0
2025-10-19,112,Marondera,MARONDERA USD PETROL,1126.3157894736842,1712.0
2025-10-19,114,Kadoma,KADOMA USD BULK DIESEL ,238.0952380952381,350.0
2025-10-19,114,Kadoma,KADOMA USD DIESEL,920.2702702702701,1362.0
2025-10-19,114,Kadoma,KADOMA USD PETROL,1268.2119205298013,1915.0
2025-10-19,121,Gweru,GWERU BULK DIESEL USD,684.2560544217688,1005.85
2025-10-19,121,Gweru,GWERU USD DIESEL,1475.3562162162161,2183.52
2025-10-19,121,Gweru,GWERU USD PETROL,1248.6837086092714,1885.51
2025-10-19,123,Fife Street,FIFE USD DIESEL,1739.864864864865,2575.0
2025-10-19,123,Fife Street,FIFE USD PETROL,1719.0789473684208,2613.0
2025-10-19,125,Fort Street,FORT STR BULK DIESEL USD,555.7823129251701,817.0
2025-10-19,125,Fort Street,FORT USD DIESEL,739.8648648648649,1095.0
2025-10-19,125,Fort Street,FORT USD PETROL,461.1842105263158,701.0
2025-10-19,127,Mpopoma,MPO-FLUIDMATIC DIII MV 500ML,1.0,3.0
2025-10-19,127,Mpopoma,MPOPOMA BULK DIESEL USD,1065.9863945578231,1567.0
2025-10-19,127,Mpopoma,MPOPOMA USD DIESEL,1211.4864864864867,1793.0
2025-10-19,127,Mpopoma,MPOPOMA USD PETROL,1786.092715231788,2697.0
2025-10-19,127,Mpopoma,MPO-QUARTZ 5000 20W50 500ML,2.0,6.0
2025-10-19,127,Mpopoma,MPO-QUARTZ 9000 SAE 5W40 500ML,4.0,20.0
2025-10-19,127,Mpopoma,MPO-RACE BRAKEFLUID DOT4+ 500ML,4.0,16.0
2025-10-19,127,Mpopoma,MPO-RUBIA TIR 7400 15W40 500ML,2.0,6.0
2025-10-19,129,Khami,KHAMI BULK DIESEL USD,1568.2108843537414,2305.27
2025-10-19,129,Khami,KHAMI USD DIESEL,731.0810810810812,1082.0
2025-10-19,129,Khami,KHAMI USD PETROL,754.9668874172186,1140.0
2025-10-19,131,R Mugabe,R MUGABE USD DIESEL,1212.6666666666665,1819.0
2025-10-19,131,R Mugabe,R MUGABE USD PETROL,1192.1052631578946,1812.0
2025-10-19,135,Cripps,CRIPPS BULK DIESEL USD,1136.5517241379312,1648.0
2025-10-19,135,Cripps,CRIPPS DIESEL USD,1359.3150684931506,1984.6
2025-10-19,135,Cripps,CRIPPS PETROL USD,2055.4054054054054,3042.0
2025-10-19,135,Cripps,CRI-RUBIA SX SAE40 500ML,2.0,6.0
2025-10-19,140,Mutare Second Street,MUTARE SECOND USD DIESEL,595.8904109589041,870.0
2025-10-19,140,Mutare Second Street,MUTARE SECOND USD PETROL,1419.5945945945946,2101.0
2025-10-19,141,Troutbeck,TROUTBECK BULK DIESEL ,100.0,149.0
2025-10-19,141,Troutbeck,TROUTBECK USD DIESEL,926.3157894736842,1408.0
2025-10-19,141,Troutbeck,TROUTBECK USD PETROL,2213.6363636363635,3409.0
2025-10-19,145,Sunway City,SUNWAY BULK DIESEL USD,549.0,812.52
2025-10-19,145,Sunway City,SUNWAY USD DIESEL,2064.6666666666665,3097.0
2025-10-19,145,Sunway City,SUNWAY USD PETROL,2909.8684210526317,4423.0
2025-10-19,146,Banket,BAN-FLUIDMATIC DIII MV 500ML,1.0,3.0
2025-10-19,146,Banket,BANKET USD DIESEL,442.6666666666667,664.0
2025-10-19,146,Banket,BANKET USD PETROL,2554.2483660130724,3908.0
2025-10-19,146,Banket,BAN-NEPTUNA 2T SUPER SPORT 500ML,3.0,12.0
2025-10-19,147,Chinhoyi Main,CHINHOYI BULK DIESEL USD,500.6711409395973,746.0
2025-10-19,147,Chinhoyi Main,CHINHOYI MAIN USD DIESEL,878.8079470198675,1327.0
2025-10-19,147,Chinhoyi Main,CHINHOYI MAIN USD PETROL,2132.0261437908493,3262.0
2025-10-19,147,Chinhoyi Main,CHI-QUARTZ 5000 20W50 500ML,2.0,6.0
2025-10-19,147,Chinhoyi Main,CHI-QUARTZ 5000 20W50 5L,1.0,22.0
2025-10-19,148,Chegutu,CHEGUTU USD DIESEL,959.7315436241608,1430.0
2025-10-19,148,Chegutu,CHEGUTU USD PETROL,1363.1578947368416,2072.0
2025-10-19,148,Chegutu,CHE-RUBIA SX SAE40 500ML,1.0,3.0
2025-10-19,149,Turnpike,TURNPIKE BULK DIESEL USD,901.5732432432433,1334.32
2025-10-19,149,Turnpike,TURNPIKE USD DIESEL,1347.9999999999998,2022.0
2025-10-19,149,Turnpike,TURNPIKE USD PETROL,1927.6315789473683,2930.0
2025-10-19,149,Turnpike,TUR-QUARTZ 9000 SAE 5W40 500ML,1.0,5.0
2025-10-19,150,Mutare One Stop,MUTARE ONE STOP DIESEL,1265.0684931506848,1847.0
2025-10-19,150,Mutare One Stop,MUTARE ONE STOP PETROL,643.918918918919,953.0
2025-10-19,82,Runiville,RUNIVILLE USD DIESEL,30.872483221476507,46.0
2025-10-19,82,Runiville,RUNIVILLE USD PETROL,191.44736842105263,291.0
2025-10-19,84,Avondale,AVONDALE USD DIESEL,374.86486486486484,554.8
2025-10-19,84,Avondale,AVONDALE USD PETROL,520.3947368421052,791.0
2025-10-19,86,Charter,CHARTER BULK/TAXI DIESEL ,2464.3835616438355,3598.0
2025-10-19,86,Charter,CHARTER USD DIESEL,827.8716216216217,1225.25
2025-10-19,86,Charter,CHARTER USD PETROL,2328.28947368421,3539.0
2025-10-19,88,Seke,SEKE DIESEL BULK,136.986301369863,200.0
2025-10-19,88,Seke,SEKE USD DIESEL,1560.1351351351352,2309.0
2025-10-19,88,Seke,SEKE USD PETROL,2491.3333333333335,3737.0
2025-10-19,88,Seke,SEK-RACE BRAKEFLUID DOT4+ 500ML,1.0,4.0
2025-10-19,92,Msasa,MSASA BULK DIESEL,351.3333333333333,527.0
2025-10-19,92,Msasa,MSASA USD DIESEL,200.0,310.0
2025-10-19,92,Msasa,MSASA USD PETROL,425.3354838709677,659.27
2025-10-19,96,Samora,SAMORA USD DIESEL,66.33774834437085,100.17
2025-10-19,96,Samora,SAMORA USD PETROL,852.3815789473683,1295.62
2025-10-19,96,Samora,SAMORA USD TAXI DIESEL ,6.7114093959731544,10.0
2025-10-19,98,Roadport,ROADPORT USD DIESEL,369.07894736842104,561.0
2025-10-19,98,Roadport,ROADPORT USD DIESEL BUS,1330.4054054054054,1969.0
2025-10-19,98,Roadport,ROAPORT USD PETROL,2203.2467532467526,3393.0
2025-10-20,102,Kirkman,KIRKMAN BULK DIESEL USD,1231.0344827586207,1785.0
2025-10-20,102,Kirkman,KIRKMAN USD DIESEL,914.765100671141,1363.0
2025-10-20,102,Kirkman,KIRKMAN USD PETROL,868.4210526315788,1320.0
2025-10-20,102,Kirkman,KIR-QUARTZ 5000 20W50 500ML,2.0,6.0
2025-10-20,110,Mutare Green Market,MUTARE GREEN MARKET BULK DIESEL,1000.0,1420.0
2025-10-20,110,Mutare Green Market,MUTARE GREENMARKET USD DIESEL,404.2328767123288,590.18
2025-10-20,110,Mutare Green Market,MUTARE GREENMARKET USD PETROL,2240.1959459459463,3315.49
2025-10-20,112,Marondera,MARONDERA USD DIESEL,858.2191780821919,1253.0
2025-10-20,112,Marondera,MARONDERA USD PETROL,1436.2719298245615,2155.0
2025-10-20,114,Kadoma,KADOMA USD BULK DIESEL ,1687.7551020408162,2481.0
2025-10-20,114,Kadoma,KADOMA USD DIESEL,1419.5945945945946,2101.0
2025-10-20,114,Kadoma,KADOMA USD PETROL,1672.1854304635758,2525.0
2025-10-20,121,Gweru,GWERU USD DIESEL,2047.297297297297,3030.0
2025-10-20,121,Gweru,GWERU USD PETROL,2070.7535099337747,3126.83
2025-10-20,123,Fife Street,FIFE USD DIESEL,1579.0540540540544,2337.0
2025-10-20,123,Fife Street,FIFE USD PETROL,1729.6052631578948,2629.0
2025-10-20,123,Fife Street,FIF-NEPTUNA 2T SUPER SPORT 500ML,3.0,12.0
2025-10-20,123,Fife Street,FIF-RACE BRAKEFLUID DOT4+ 500ML,3.0,12.0
2025-10-20,123,Fife Street,FIF-RUBIA SX SAE40 500ML,2.0,6.0
2025-10-20,123,Fife Street,FIF-RUBIA TIR 7400 15W40 500ML,6.0,18.0
2025-10-20,125,Fort Street,FOR-NEPTUNA 2T SUPER SPORT 500ML,1.0,4.0
2025-10-20,125,Fort Street,FORT STR BULK DIESEL USD,923.157074829932,1357.04
2025-10-20,125,Fort Street,FORT USD DIESEL,1123.6486486486488,1663.0
2025-10-20,125,Fort Street,FORT USD PETROL,1027.6315789473683,1562.0
2025-10-20,127,Mpopoma,MPOPOMA BULK DIESEL USD,2429.2517006802723,3571.0
2025-10-20,127,Mpopoma,MPOPOMA USD DIESEL,841.2162162162163,1245.0
2025-10-20,127,Mpopoma,MPOPOMA USD PETROL,1328.476821192053,2006.0
2025-10-20,129,Khami,KHAMI BULK DIESEL USD,2020.408163265306,2970.0
2025-10-20,129,Khami,KHAMI USD DIESEL,1546.6216216216217,2289.0
2025-10-20,129,Khami,KHAMI USD PETROL,1387.4172185430464,2095.0
2025-10-20,131,R Mugabe,R MUGABE USD DIESEL,766.0,1149.0
2025-10-20,131,R Mugabe,R MUGABE USD PETROL,1653.9473684210525,2514.0
2025-10-20,135,Cripps,CRIPPS BULK DIESEL USD,1645.5172413793102,2386.0
2025-10-20,135,Cripps,CRIPPS DIESEL USD,1052.0547945205478,1536.0
2025-10-20,135,Cripps,CRIPPS PETROL USD,1365.5405405405404,2021.0
2025-10-20,140,Mutare Second Street,MUTARE SECOND USD DIESEL,1093.1506849315067,1596.0
2025-10-20,140,Mutare Second Street,MUTARE SECOND USD PETROL,1395.9459459459465,2066.0
2025-10-20,141,Troutbeck,TROUTBECK BULK DIESEL ,200.0,298.0
2025-10-20,141,Troutbeck,TROUTBECK USD DIESEL,1686.1842105263158,2563.0
2025-10-20,141,Troutbeck,TROUTBECK USD PETROL,1378.5714285714287,2123.0
2025-10-20,145,Sunway City,SUN-QUARTZ 5000 20W50 500ML,7.0,21.0
2025-10-20,145,Sunway City,SUN-RACE BRAKEFLUID DOT4+ 500ML,2.0,8.0
2025-10-20,145,Sunway City,SUN-RUBIA TIR 7400 15W40 500ML,2.0,6.0
2025-10-20,145,Sunway City,SUNWAY BULK DIESEL USD,1248.6486486486488,1848.0
2025-10-20,145,Sunway City,SUNWAY USD DIESEL,2593.333333333334,3890.0
2025-10-20,145,Sunway City,SUNWAY USD PETROL,4371.71052631579,6645.0
2025-10-20,146,Banket,BANKET BULK DIESEL USD,2885.8503401360545,4242.2
2025-10-20,146,Banket,BANKET USD DIESEL,1237.333333333333,1856.0
2025-10-20,146,Banket,BANKET USD PETROL,2775.1633986928096,4246.0
2025-10-20,146,Banket,BAN-NEPTUNA 2T SUPER SPORT 500ML,1.0,4.0
2025-10-20,146,Banket,BAN-QUARTZ 5000 20W50 5L,1.0,22.0
2025-10-20,146,Banket,BAN-RACE BRAKEFLUID DOT4+ 500ML,1.0,4.0
2025-10-20,147,Chinhoyi Main,CHINHOYI BULK DIESEL USD,204.38926174496646,304.54
2025-10-20,147,Chinhoyi Main,CHINHOYI MAIN USD DIESEL,668.2980132450331,1009.13
2025-10-20,147,Chinhoyi Main,CHINHOYI MAIN USD PETROL,3241.908496732026,4960.12
2025-10-20,148,Chegutu,CHEGUTU BULK DIESEL USD,799.3197278911566,1175.0
2025-10-20,148,Chegutu,CHEGUTU USD DIESEL,1001.3422818791944,1492.0
2025-10-20,148,Chegutu,CHEGUTU USD PETROL,1986.8421052631568,3020.0
2025-10-20,148,Chegutu,CHE-QUARTZ 5000 20W50 500ML,2.0,6.0
2025-10-20,148,Chegutu,CHE-RACE BRAKEFLUID DOT4+ 500ML,2.0,8.0
2025-10-20,148,Chegutu,CHE-RUBIA SX SAE40 500ML,2.0,6.0
2025-10-20,149,Turnpike,TUR-FLUIDMATIC CVT MV 1L,1.0,10.0
2025-10-20,149,Turnpike,TURNPIKE BULK DIESEL USD,666.67,986.67
2025-10-20,149,Turnpike,TURNPIKE USD DIESEL,751.3333333333334,1127.0
2025-10-20,149,Turnpike,TURNPIKE USD PETROL,972.3684210526317,1478.0
2025-10-20,149,Turnpike,TUR-QUARTZ 5000 20W50 500ML,2.0,6.0
2025-10-20,149,Turnpike,TUR-QUARTZ 9000 SAE 5W40 500ML,2.0,10.0
2025-10-20,149,Turnpike,TUR-RUBIA TIR 7400 15W40 500ML,4.0,12.0
2025-10-20,150,Mutare One Stop,MUTARE ONE STOP DIESEL,180.82191780821918,264.0
2025-10-20,150,Mutare One Stop,MUTARE ONE STOP PETROL,168.91891891891893,250.0
2025-10-20,82,Runiville,RUN-FLUIDMATIC DIII MV 500ML,1.0,3.0
2025-10-20,82,Runiville,RUNIVILLE BULK DIESEL USD,202.7027027027027,300.0
2025-10-20,82,Runiville,RUNIVILLE USD DIESEL,217.4496644295302,324.0
2025-10-20,82,Runiville,RUNIVILLE USD PETROL,418.42105263157896,636.0
2025-10-20,82,Runiville,RUN-RACE BRAKEFLUID DOT4+ 500ML,1.0,4.0
2025-10-20,84,Avondale,AVONDALE USD DIESEL,337.83783783783787,500.0
2025-10-20,84,Avondale,AVONDALE USD PETROL,418.3092105263157,635.83
2025-10-20,86,Charter,CHARTER BULK/TAXI DIESEL ,4219.863013698629,6161.0
2025-10-20,86,Charter,CHARTER USD DIESEL,1093.2432432432433,1618.0
2025-10-20,86,Charter,CHARTER USD PETROL,956.5789473684208,1454.0
2025-10-20,88,Seke,SEKE USD DIESEL,2566.216216216216,3798.0
2025-10-20,88,Seke,SEKE USD PETROL,2264.0,3396.0
2025-10-20,88,Seke,SEK-RACE BRAKEFLUID DOT4+ 500ML,1.0,4.0
2025-10-20,88,Seke,SEK-RUBIA SX SAE40 500ML,1.0,3.0
2025-10-20,92,Msasa,MSASA BULK DIESEL,1232.6666666666665,1849.0
2025-10-20,92,Msasa,MSASA USD DIESEL,981.9354838709677,1522.0
2025-10-20,92,Msasa,MSASA USD PETROL,1067.0967741935485,1654.0
2025-10-20,96,Samora,SAMORA USD DIESEL,122.51655629139073,185.0
2025-10-20,96,Samora,SAMORA USD PETROL,1701.3157894736837,2586.0
2025-10-20,96,Samora,SAMORA USD TAXI DIESEL ,91.94630872483222,137.0
2025-10-20,96,Samora,SAM-RUBIA TIR 7400 15W40 500ML,1.0,3.0
2025-10-20,98,Roadport,ROADPORT USD DIESEL,1092.7631578947369,1661.0
2025-10-20,98,Roadport,ROADPORT USD DIESEL BUS,1472.2972972972973,2179.0
2025-10-20,98,Roadport,ROAPORT USD PETROL,3411.6883116883105,5254.0
2025-10-21,102,Kirkman,KIRKMAN BULK DIESEL USD,1270.344827586207,1842.0
2025-10-21,102,Kirkman,KIRKMAN USD DIESEL,2791.2751677852343,4159.0
2025-10-21,102,Kirkman,KIRKMAN USD PETROL,856.5789473684208,1302.0
2025-10-21,110,Mutare Green Market,MUTARE GREEN MARKET BULK DIESEL,606.056338028169,860.6
2025-10-21,110,Mutare Green Market,MUTARE GREENMARKET USD DIESEL,381.53424657534254,557.04
2025-10-21,110,Mutare Green Market,MUTARE GREENMARKET USD PETROL,2166.6824324324325,3206.69
2025-10-21,112,Marondera,MARONDERA USD DIESEL,694.5205479452054,1014.0
2025-10-21,112,Marondera,MARONDERA USD PETROL,1130.0,1695.0
2025-10-21,114,Kadoma,KADOMA USD BULK DIESEL ,557.8231292517007,820.0
2025-10-21,114,Kadoma,KADOMA USD DIESEL,1148.6486486486485,1700.0
2025-10-21,114,Kadoma,KADOMA USD PETROL,1633.774834437086,2467.0
2025-10-21,114,Kadoma,KAD-QUARTZ 4X4 15W40 500ML,1.0,3.0
2025-10-21,121,Gweru,GWERU BULK DIESEL USD,6473.0,9515.31
2025-10-21,121,Gweru,GWERU USD DIESEL,1413.5135135135135,2092.0
2025-10-21,121,Gweru,GWERU USD PETROL,3525.569006622517,5323.6
2025-10-21,123,Fife Street,FIFE USD DIESEL,1344.5945945945946,1990.0
2025-10-21,123,Fife Street,FIFE USD PETROL,1278.2894736842104,1943.0
2025-10-21,123,Fife Street,FIF-FLUIDMATIC DIII MV 500ML,1.0,3.0
2025-10-21,123,Fife Street,FIF-QUARTZ 5000 20W50 500ML,7.0,21.0
2025-10-21,123,Fife Street,FIF-RACE BRAKEFLUID DOT4+ 500ML,1.0,4.0
2025-10-21,123,Fife Street,FIF-RUBIA SX SAE40 500ML,1.0,3.0
2025-10-21,125,Fort Street,FORT STR BULK DIESEL USD,467.34693877551024,687.0
2025-10-21,125,Fort Street,FORT USD DIESEL,1372.027027027027,2030.6
2025-10-21,125,Fort Street,FORT USD PETROL,985.5263157894736,1498.0
2025-10-21,127,Mpopoma,MPOPOMA BULK DIESEL USD,1721.0884353741496,2530.0
2025-10-21,127,Mpopoma,MPOPOMA USD DIESEL,431.0810810810811,638.0
2025-10-21,127,Mpopoma,MPOPOMA USD PETROL,1647.0198675496688,2487.0
2025-10-21,127,Mpopoma,MPO-RUBIA TIR 7400 15W40 500ML,3.0,9.0
2025-10-21,129,Khami,KHAMI BULK DIESEL USD,1100.0,1617.0
2025-10-21,129,Khami,KHAMI USD DIESEL,1560.1351351351352,2309.0
2025-10-21,129,Khami,KHAMI USD PETROL,879.4701986754967,1328.0
2025-10-21,131,R Mugabe,RM-FLUIDMATIC CVT MV 1L,1.0,10.0
2025-10-21,131,R Mugabe,RM-RACE BRAKEFLUID DOT4+ 500ML,2.0,8.0
2025-10-21,131,R Mugabe,R MUGABE USD DIESEL,602.0,903.0
2025-10-21,131,R Mugabe,R MUGABE USD PETROL,2336.842105263158,3552.0
2025-10-21,135,Cripps,CRIPPS BULK DIESEL USD,1633.1034482758623,2368.0
2025-10-21,135,Cripps,CRIPPS DIESEL USD,2006.8493150684933,2930.0
2025-10-21,135,Cripps,CRIPPS PETROL USD,1804.7297297297293,2671.0
2025-10-21,140,Mutare Second Street,MUTARE SECOND USD BULK DIESEL,1061.0,1506.62
2025-10-21,140,Mutare Second Street,MUTARE SECOND USD DIESEL,617.9520547945207,902.21
2025-10-21,140,Mutare Second Street,MUTARE SECOND USD PETROL,546.6216216216217,809.0
2025-10-21,141,Troutbeck,TRO-QUARTZ 4X4 15W40 500ML,3.0,9.0
2025-10-21,141,Troutbeck,TROUTBECK BULK DIESEL ,1591.9463087248323,2372.0
2025-10-21,145,Sunway City,SUNWAY BULK DIESEL USD,1645.2702702702704,2435.0
2025-10-21,145,Sunway City,SUNWAY USD DIESEL,2747.3333333333335,4121.0
2025-10-21,145,Sunway City,SUNWAY USD PETROL,3198.0263157894738,4861.0
2025-10-21,146,Banket,BANKET BULK DIESEL USD,1204.44,1770.51
2025-10-21,146,Banket,BANKET USD DIESEL,540.0,810.0
2025-10-21,146,Banket,BANKET USD PETROL,2150.9803921568628,3291.0
2025-10-21,147,Chinhoyi Main,CHINHOYI MAIN USD DIESEL,757.6158940397352,1144.0
2025-10-21,147,Chinhoyi Main,CHINHOYI MAIN USD PETROL,2581.156862745098,3949.17
2025-10-21,147,Chinhoyi Main,CHI-QUARTZ 5000 20W50 500ML,2.0,6.0
2025-10-21,148,Chegutu,CHEGUTU BULK DIESEL USD,1114.2857142857142,1638.0
2025-10-21,148,Chegutu,CHEGUTU USD DIESEL,920.8053691275168,1372.0
2025-10-21,148,Chegutu,CHEGUTU USD PETROL,2092.1052631578946,3180.0
2025-10-21,149,Turnpike,TURNPIKE BULK DIESEL USD,520.2702702702702,770.0
2025-10-21,149,Turnpike,TURNPIKE USD DIESEL,1810.6666666666663,2716.0
2025-10-21,149,Turnpike,TURNPIKE USD PETROL,517.7631578947369,787.0
2025-10-21,149,Turnpike,TUR-QUARTZ 9000 SAE 5W40 500ML,2.0,10.0
2025-10-21,150,Mutare One Stop,MUTARE ONE STOP DIESEL,1083.5616438356165,1582.0
2025-10-21,150,Mutare One Stop,MUTARE ONE STOP PETROL,855.4054054054054,1266.0
2025-10-21,82,Runiville,RUNIVILLE USD DIESEL,289.26174496644296,431.0
2025-10-21,82,Runiville,RUNIVILLE USD PETROL,411.6973684210526,625.78
2025-10-21,82,Runiville,RUN-QUARTZ 3000 SG 20W50 500ML,4.0,12.0
2025-10-21,82,Runiville,RUN-QUARTZ 4X4 15W40 500ML,3.0,9.0
2025-10-21,84,Avondale,AVONDALE USD DIESEL,279.7297297297297,414.0
2025-10-21,84,Avondale,AVONDALE USD PETROL,1044.7565789473683,1588.03
2025-10-21,86,Charter,CHARTER BULK/TAXI DIESEL ,2921.917808219178,4266.0
2025-10-21,86,Charter,CHARTER USD DIESEL,872.2972972972972,1291.0
2025-10-21,86,Charter,CHARTER USD PETROL,1575.657894736842,2395.0
2025-10-21,88,Seke,SEKE DIESEL BULK,100.0,146.0
2025-10-21,88,Seke,SEKE USD DIESEL,2200.0,3256.0
2025-10-21,88,Seke,SEKE USD PETROL,1006.6666666666665,1510.0
2025-10-21,88,Seke,SEK-RUBIA TIR 7400 15W40 500ML,3.0,9.0
2025-10-21,92,Msasa,MSA-QUARTZ 9000 SAE 5W40 500ML,2.0,10.0
2025-10-21,92,Msasa,MSASA BULK DIESEL,826.6666666666666,1240.0
2025-10-21,92,Msasa,MSASA USD DIESEL,1076.6129032258063,1668.75
2025-10-21,92,Msasa,MSASA USD PETROL,921.8967741935483,1428.94
2025-10-21,96,Samora,SAM-FLUIDMATIC DIII MV 500ML,4.0,12.0
2025-10-21,96,Samora,SAMORA USD DIESEL,226.49006622516555,342.0
2025-10-21,96,Samora,SAMORA USD PETROL,1344.0789473684208,2043.0
2025-10-21,96,Samora,SAMORA USD TAXI DIESEL ,140.93959731543623,210.0
2025-10-21,96,Samora,SAM-QUARTZ 4X4 15W40 500ML,6.0,18.0
2025-10-21,96,Samora,SAM-RACE BRAKEFLUID DOT4+ 500ML,2.0,8.0
2025-10-21,98,Roadport,ROADPORT USD DIESEL,939.4736842105262,1428.0
2025-10-21,98,Roadport,ROADPORT USD DIESEL BUS,836.4864864864865,1238.0
2025-10-21,98,Roadport,ROAPORT USD PETROL,3262.987012987013,5025.0
2025-10-22,102,Kirkman,KIRKMAN BULK DIESEL USD,1310.344827586207,1900.0
2025-10-22,102,Kirkman,KIRKMAN USD DIESEL,4147.6510067114095,6180.0
2025-10-22,102,Kirkman,KIRKMAN USD PETROL,899.3421052631577,1367.0
2025-10-22,102,Kirkman,KIR-QUARTZ 3000 SG 20W50 500ML,1.0,3.0
2025-10-22,110,Mutare Green Market,MUTARE GREEN MARKET BULK DIESEL,2967.7464788732395,4214.2
2025-10-22,110,Mutare Green Market,MUTARE GREENMARKET USD DIESEL,972.7534246575343,1420.22
2025-10-22,110,Mutare Green Market,MUTARE GREENMARKET USD PETROL,3434.2162162162163,5082.64
2025-10-22,112,Marondera,MARONDERA USD DIESEL,359.5890410958904,525.0
2025-10-22,112,Marondera,MARONDERA USD PETROL,1506.0,2259.0
2025-10-22,114,Kadoma,KADOMA USD BULK DIESEL ,559.8639455782313,823.0
2025-10-22,114,Kadoma,KADOMA USD DIESEL,1721.6216216216217,2548.0
2025-10-22,114,Kadoma,KADOMA USD PETROL,1333.112582781457,2013.0
2025-10-22,114,Kadoma,KAD-RUBIA SX SAE40 500ML,1.0,3.0
2025-10-22,121,Gweru,GWE-PROSYLVA 2 STROKE 200ML,1.0,2.0
2025-10-22,121,Gweru,GWERU BULK DIESEL USD,4047.0,5949.09
2025-10-22,121,Gweru,GWERU USD DIESEL,1604.8402702702704,2375.16
2025-10-22,121,Gweru,GWERU USD PETROL,1767.070463576159,2668.27
2025-10-22,123,Fife Street,FIFE USD DIESEL,1485.8108108108106,2199.0
2025-10-22,123,Fife Street,FIFE USD PETROL,2442.105263157895,3712.0
2025-10-22,123,Fife Street,FIF-QUARTZ 4X4 15W40 500ML,1.0,3.0
2025-10-22,125,Fort Street,FOR-FLUIDMATIC DIII MV 500ML,1.0,3.0
2025-10-22,125,Fort Street,FOR-RACE BRAKEFLUID DOT4+ 500ML,2.0,8.0
2025-10-22,125,Fort Street,FORT STR BULK DIESEL USD,612.23,899.97
2025-10-22,125,Fort Street,FORT USD DIESEL,1613.7786486486486,2388.39
2025-10-22,125,Fort Street,FORT USD PETROL,813.8157894736842,1237.0
2025-10-22,127,Mpopoma,MPOPOMA BULK DIESEL USD,2578.91156462585,3791.0
2025-10-22,127,Mpopoma,MPOPOMA USD DIESEL,543.2432432432432,804.0
2025-10-22,127,Mpopoma,MPOPOMA USD PETROL,1381.4569536423842,2086.0
2025-10-22,129,Khami,KHAMI BULK DIESEL USD,950.3401360544218,1397.0
2025-10-22,129,Khami,KHAMI USD DIESEL,2001.3513513513512,2962.0
2025-10-22,129,Khami,KHAMI USD PETROL,1098.0132450331128,1658.0
2025-10-22,131,R Mugabe,RM-RUBIA SX SAE40 500ML,2.0,6.0
2025-10-22,131,R Mugabe,R MUGABE USD DIESEL,906.0,1359.0
2025-10-22,131,R Mugabe,R MUGABE USD PETROL,1725.6578947368423,2623.0
2025-10-22,135,Cripps,CRIPPS BULK DIESEL USD,1864.1379310344832,2703.0
2025-10-22,135,Cripps,CRIPPS DIESEL USD,1373.2876712328768,2005.0
2025-10-22,135,Cripps,CRIPPS PETROL USD,2050.0,3034.0
2025-10-22,140,Mutare Second Street,MUTARE SECOND USD BULK DIESEL,111.9718309859155,159.0
2025-10-22,140,Mutare Second Street,MUTARE SECOND USD DIESEL,649.3150684931506,948.0
2025-10-22,140,Mutare Second Street,MUTARE SECOND USD PETROL,900.0000000000001,1332.0
2025-10-22,141,Troutbeck,TROUTBECK BULK DIESEL ,131.54362416107384,196.0
2025-10-22,141,Troutbeck,TROUTBECK USD DIESEL,1449.342105263158,2203.0
2025-10-22,141,Troutbeck,TROUTBECK USD PETROL,2313.6363636363635,3563.0
2025-10-22,144,Bessemer,BESSEMER USD PETROL,17.24137931034483,25.0
2025-10-22,145,Sunway City,SUNWAY BULK DIESEL USD,1032.135135135135,1527.56
2025-10-22,145,Sunway City,SUNWAY USD DIESEL,2615.333333333333,3923.0
2025-10-22,145,Sunway City,SUNWAY USD PETROL,3809.8684210526326,5791.0
2025-10-22,146,Banket,BANKET BULK DIESEL USD,2528.7074829931976,3717.2
2025-10-22,146,Banket,BANKET USD DIESEL,260.00000000000006,390.0
2025-10-22,146,Banket,BANKET USD PETROL,2194.1176470588234,3357.0
2025-10-22,146,Banket,BAN-NEPTUNA 2T SUPER SPORT 500ML,1.0,4.0
2025-10-22,146,Banket,BAN-QUARTZ 3000 SG 20W50 500ML,1.0,3.0
2025-10-22,147,Chinhoyi Main,CHINHOYI BULK DIESEL USD,1398.6577181208054,2084.0
2025-10-22,147,Chinhoyi Main,CHINHOYI MAIN USD DIESEL,903.3112582781457,1364.0
2025-10-22,147,Chinhoyi Main,CHINHOYI MAIN USD PETROL,2811.111111111111,4301.0
2025-10-22,147,Chinhoyi Main,CHI-QUARTZ 5000 20W50 500ML,1.0,3.0
2025-10-22,148,Chegutu,CHEGUTU BULK DIESEL USD,831.9727891156463,1223.0
2025-10-22,148,Chegutu,CHEGUTU USD DIESEL,1130.8724832214768,1685.0
2025-10-22,148,Chegutu,CHEGUTU USD PETROL,1873.6842105263152,2848.0
2025-10-22,149,Turnpike,TURNPIKE BULK DIESEL USD,894.1408108108109,1323.32
2025-10-22,149,Turnpike,TURNPIKE USD DIESEL,1188.6666666666665,1783.0
2025-10-22,149,Turnpike,TURNPIKE USD PETROL,1017.1052631578947,1546.0
2025-10-22,149,Turnpike,TUR-QUARTZ 5000 20W50 500ML,2.0,6.0
2025-10-22,149,Turnpike,TUR-QUARTZ 9000 SAE 5W40 500ML,1.0,5.0
2025-10-22,149,Turnpike,TUR-RACE BRAKEFLUID DOT4+ 500ML,1.0,4.0
2025-10-22,149,Turnpike,TUR-RUBIA SX SAE40 500ML,1.0,3.0
2025-10-22,150,Mutare One Stop,MUTARE ONE STOP DIESEL,472.4178082191781,689.73
2025-10-22,150,Mutare One Stop,MUTARE ONE STOP PETROL,277.02702702702703,410.0
2025-10-22,157,Hatfield,HATFIELD USD DIESEL,220.8053691275168,329.0
2025-10-22,157,Hatfield,HATFIELD USD PETROL,20.13422818791946,30.0
2025-10-22,82,Runiville,RUN-FLUIDMATIC DIII MV 500ML,16.0,48.0
2025-10-22,82,Runiville,RUNIVILLE BULK DIESEL USD,243.24324324324326,360.0
2025-10-22,82,Runiville,RUNIVILLE USD DIESEL,277.1812080536913,413.0
2025-10-22,82,Runiville,RUNIVILLE USD PETROL,355.2631578947369,540.0
2025-10-22,82,Runiville,RUN-QUARTZ 9000 SAE 5W40 500ML,1.0,5.0
2025-10-22,84,Avondale,AVONDALE USD DIESEL,214.92567567567568,318.09
2025-10-22,84,Avondale,AVONDALE USD PETROL,469.73684210526307,714.0
2025-10-22,86,Charter,CHARTER BULK/TAXI DIESEL ,4143.1506849315065,6049.0
2025-10-22,86,Charter,CHARTER USD DIESEL,522.2972972972973,773.0
2025-10-22,86,Charter,CHARTER USD PETROL,1025.0,1558.0
2025-10-22,88,Seke,SEKE DIESEL BULK,101.36986301369863,148.0
2025-10-22,88,Seke,SEKE USD DIESEL,2226.3513513513517,3295.0
2025-10-22,88,Seke,SEKE USD PETROL,1866.6666666666665,2800.0
2025-10-22,88,Seke,SEK-QUARTZ 3000 SG 20W50 500ML,2.0,6.0
2025-10-22,88,Seke,SEK-RACE BRAKEFLUID DOT4+ 500ML,1.0,4.0
2025-10-22,92,Msasa,MSA-QUARTZ 5000 20W50 500ML,2.0,6.0
2025-10-22,92,Msasa,MSASA BULK DIESEL,1581.3333333333333,2372.0
2025-10-22,92,Msasa,MSASA USD DIESEL,475.74193548387103,737.4
2025-10-22,92,Msasa,MSASA USD PETROL,730.967741935484,1133.0
2025-10-22,96,Samora,SAMORA USD DIESEL,217.94701986754964,329.1
2025-10-22,96,Samora,SAMORA USD PETROL,1180.263157894737,1794.0
2025-10-22,96,Samora,SAMORA USD TAXI DIESEL ,76.51006711409397,114.0
2025-10-22,98,Roadport,ROADPORT USD DIESEL,781.578947368421,1188.0
2025-10-22,98,Roadport,ROADPORT USD DIESEL BUS,1608.7837837837837,2381.0
2025-10-22,98,Roadport,ROAPORT USD PETROL,2575.324675324676,3966.0
2025-10-23,102,Kirkman,KIRKMAN BULK DIESEL USD,609.6551724137931,884.0
2025-10-23,102,Kirkman,KIRKMAN USD DIESEL,3663.624161073826,5458.8
2025-10-23,102,Kirkman,KIRKMAN USD PETROL,567.1052631578946,862.0
2025-10-23,102,Kirkman,KIR-QUARTZ 5000 20W50 5L,1.0,22.0
2025-10-23,110,Mutare Green Market,MGM-RACE BRAKEFLUID DOT4+ 500ML,1.0,4.0
2025-10-23,110,Mutare Green Market,MGM-RUBIA TIR 7400 SAE 15W40 5L,2.0,50.0
2025-10-23,110,Mutare Green Market,MUTARE GREEN MARKET BULK DIESEL,969.92,1377.28
2025-10-23,110,Mutare Green Market,MUTARE GREENMARKET USD DIESEL,928.6849315068494,1355.88
2025-10-23,110,Mutare Green Market,MUTARE GREENMARKET USD PETROL,2939.8445945945946,4350.97
2025-10-23,112,Marondera,MARONDERA USD DIESEL,402.054794520548,587.0
2025-10-23,112,Marondera,MARONDERA USD PETROL,1515.3333333333335,2273.0
2025-10-23,114,Kadoma,KADOMA USD BULK DIESEL ,517.0068027210884,760.0
2025-10-23,114,Kadoma,KADOMA USD DIESEL,328.3783783783784,486.0
2025-10-23,114,Kadoma,KADOMA USD PETROL,1346.3576158940398,2033.0
2025-10-23,114,Kadoma,KAD-QUARTZ 9000 SAE 5W40 500ML,2.0,10.0
2025-10-23,114,Kadoma,KAD-RUBIA SX SAE40 500ML,2.0,6.0
2025-10-23,121,Gweru,GWE-QUARTZ 4X4 15W40 500ML,1.0,3.0
2025-10-23,121,Gweru,GWE-QUARTZ 5000 20W50 500ML,3.0,9.0
2025-10-23,121,Gweru,GWE-RACE BRAKEFLUID DOT4+ 500ML,1.0,4.0
2025-10-23,121,Gweru,GWERU BULK DIESEL USD,880.2721088435375,1294.0
2025-10-23,121,Gweru,GWERU USD DIESEL,3206.9064864864863,4746.22
2025-10-23,121,Gweru,GWERU USD PETROL,1624.5033112582782,2453.0
2025-10-23,123,Fife Street,FIFE USD DIESEL,1435.1351351351352,2124.0
2025-10-23,123,Fife Street,FIFE USD PETROL,606.578947368421,922.0
2025-10-23,125,Fort Street,FORT USD DIESEL,1070.9459459459458,1585.0
2025-10-23,125,Fort Street,FORT USD PETROL,916.4473684210526,1393.0
2025-10-23,127,Mpopoma,MPOPOMA BULK DIESEL USD,1898.639455782313,2791.0
2025-10-23,127,Mpopoma,MPOPOMA USD DIESEL,473.64864864864865,701.0
2025-10-23,127,Mpopoma,MPOPOMA USD PETROL,38.41059602649007,58.0
2025-10-23,127,Mpopoma,MPO-QUARTZ 9000 SAE 5W40 500ML,1.0,5.0
2025-10-23,127,Mpopoma,MPO-RUBIA SX SAE40 500ML,1.0,3.0
2025-10-23,129,Khami,KHAMI USD DIESEL,2745.945945945946,4064.0
2025-10-23,129,Khami,KHAMI USD PETROL,223.84105960264898,338.0
2025-10-23,131,R Mugabe,R MUGABE USD DIESEL,709.3333333333334,1064.0
2025-10-23,131,R Mugabe,R MUGABE USD PETROL,452.6315789473684,688.0
2025-10-23,135,Cripps,CRIPPS BULK DIESEL USD,262.0689655172414,380.0
2025-10-23,135,Cripps,CRIPPS DIESEL USD,603.4246575342466,881.0
2025-10-23,135,Cripps,CRIPPS PETROL USD,465.972972972973,689.64
2025-10-23,140,Mutare Second Street,MUTARE SECOND USD DIESEL,1069.86301369863,1562.0
2025-10-23,140,Mutare Second Street,MUTARE SECOND USD PETROL,1347.2972972972973,1994.0
2025-10-23,141,Troutbeck,TROUTBECK BULK DIESEL ,1920.8053691275168,2862.0
2025-10-23,141,Troutbeck,TROUTBECK USD DIESEL,786.1842105263158,1195.0
2025-10-23,141,Troutbeck,TROUTBECK USD PETROL,1431.2922077922076,2204.19
2025-10-23,145,Sunway City,SUN-QUARTZ 3000 SG 20W50 500ML,1.0,3.0
2025-10-23,145,Sunway City,SUNWAY BULK DIESEL USD,1355.4054054054054,2006.0
2025-10-23,145,Sunway City,SUNWAY USD DIESEL,2214.6666666666674,3322.0
2025-10-23,145,Sunway City,SUNWAY USD PETROL,3193.421052631579,4854.0
2025-10-23,146,Banket,BANKET BULK DIESEL USD,1000.0,1470.0
2025-10-23,146,Banket,BANKET USD DIESEL,820.6666666666666,1231.0
2025-10-23,146,Banket,BANKET USD PETROL,2361.437908496731,3613.0
2025-10-23,146,Banket,BAN-QUARTZ 5000 20W50 500ML,4.0,12.0
2025-10-23,147,Chinhoyi Main,CHINHOYI BULK DIESEL USD,208.05369127516778,310.0
2025-10-23,147,Chinhoyi Main,CHINHOYI MAIN USD DIESEL,1259.6026490066224,1902.0
2025-10-23,147,Chinhoyi Main,CHINHOYI MAIN USD PETROL,2943.7908496732025,4504.0
2025-10-23,147,Chinhoyi Main,CHI-QUARTZ 5000 20W50 500ML,1.0,3.0
2025-10-23,147,Chinhoyi Main,CHI-RUBIA SX SAE40 500ML,1.0,3.0
2025-10-23,148,Chegutu,CHEGUTU BULK DIESEL USD,336.734693877551,495.0
2025-10-23,148,Chegutu,CHEGUTU USD DIESEL,1243.6241610738252,1853.0
2025-10-23,148,Chegutu,CHEGUTU USD PETROL,1384.2105263157891,2104.0
2025-10-23,149,Turnpike,TUR-NEPTUNA 2T SUPER SPORT 500ML,1.0,4.0
2025-10-23,149,Turnpike,TURNPIKE BULK DIESEL USD,456.6621621621622,675.86
2025-10-23,149,Turnpike,TURNPIKE USD DIESEL,1009.3333333333334,1514.0
2025-10-23,149,Turnpike,TURNPIKE USD PETROL,873.0263157894738,1327.0
2025-10-23,149,Turnpike,TURN -SWIFTEX - 639C,1.0,105.0
2025-10-23,149,Turnpike,TUR-QUARTZ 5000 20W50 5L,3.0,66.0
2025-10-23,149,Turnpike,TUR-RACE BRAKEFLUID DOT4+ 500ML,1.0,4.0
2025-10-23,149,Turnpike,TUR-RUBIA SX SAE40 500ML,1.0,3.0
2025-10-23,149,Turnpike,TUR-RUBIA TIR 7400 15W40 500ML,2.0,6.0
2025-10-23,150,Mutare One Stop,MUTARE ONE STOP DIESEL,733.5616438356165,1071.0
2025-10-23,150,Mutare One Stop,MUTARE ONE STOP PETROL,610.8108108108108,904.0
2025-10-23,157,Hatfield,HATFIELD USD DIESEL,194.63087248322148,290.0
2025-10-23,157,Hatfield,HATFIELD USD PETROL,13.422818791946309,20.0
2025-10-23,82,Runiville,RUNIVILLE USD DIESEL,630.8724832214765,940.0
2025-10-23,82,Runiville,RUNIVILLE USD PETROL,218.42105263157896,332.0
2025-10-23,84,Avondale,AVONDALE USD DIESEL,567.5675675675676,840.0
2025-10-23,84,Avondale,AVONDALE USD PETROL,542.1184210526314,824.02
2025-10-23,86,Charter,CHARTER BULK/TAXI DIESEL ,3408.219178082192,4976.0
2025-10-23,86,Charter,CHARTER USD DIESEL,1075.0,1591.0
2025-10-23,86,Charter,CHARTER USD PETROL,2088.8157894736846,3175.0
2025-10-23,88,Seke,SEKE USD DIESEL,2214.189189189189,3277.0
2025-10-23,88,Seke,SEKE USD PETROL,2226.6666666666665,3340.0
2025-10-23,92,Msasa,MSASA BULK DIESEL,904.4333333333334,1356.65
2025-10-23,92,Msasa,MSASA USD DIESEL,722.6709677419353,1120.13
2025-10-23,92,Msasa,MSASA USD PETROL,1077.2451612903228,1669.73
2025-10-23,96,Samora,SAMORA USD DIESEL,114.56953642384106,173.0
2025-10-23,96,Samora,SAMORA USD PETROL,1582.2368421052627,2405.0
2025-10-23,96,Samora,SAMORA USD TAXI DIESEL ,99.32885906040269,148.0
2025-10-23,98,Roadport,ROADPORT USD DIESEL,777.6315789473683,1182.0
2025-10-23,98,Roadport,ROADPORT USD DIESEL BUS,642.5675675675676,951.0
2025-10-23,98,Roadport,ROAPORT USD PETROL,2940.9090909090905,4529.0
2025-10-24,102,Kirkman,KIRKMAN BULK DIESEL USD,934.9724137931034,1355.71
2025-10-24,102,Kirkman,KIRKMAN USD DIESEL,1436.9127516778524,2141.0
2025-10-24,102,Kirkman,KIRKMAN USD PETROL,584.2105263157894,888.0
2025-10-24,110,Mutare Green Market,MUTARE GREEN MARKET BULK DIESEL,1542.1377151799688,2201.28
2025-10-24,110,Mutare Green Market,MUTARE GREENMARKET USD DIESEL,1766.4246575342468,2578.98
2025-10-24,110,Mutare Green Market,MUTARE GREENMARKET USD PETROL,2796.7635135135138,4139.21
2025-10-24,112,Marondera,MARONDERA USD DIESEL,1373.2876712328768,2005.0
2025-10-24,112,Marondera,MARONDERA USD PETROL,1501.3333333333335,2252.0
2025-10-24,114,Kadoma,KADOMA USD BULK DIESEL ,798.639455782313,1174.0
2025-10-24,114,Kadoma,KADOMA USD DIESEL,1053.3783783783783,1559.0
2025-10-24,114,Kadoma,KADOMA USD PETROL,1055.6291390728477,1594.0
2025-10-24,121,Gweru,GWE-FLUIDMATIC DIII MV 500ML,2.0,6.0
2025-10-24,121,Gweru,GWE-PROSYLVA 2 STROKE 200ML,1.0,2.0
2025-10-24,121,Gweru,GWE-QUARTZ 5000 20W50 500ML,1.0,3.0
2025-10-24,121,Gweru,GWE-RACE BRAKEFLUID DOT4+ 500ML,1.0,4.0
2025-10-24,121,Gweru,GWERU BULK DIESEL USD,710.0,1043.7
2025-10-24,121,Gweru,GWERU USD DIESEL,3145.842702702702,4655.84
2025-10-24,121,Gweru,GWERU USD PETROL,2660.0062251655627,4016.6
2025-10-24,123,Fife Street,FIFE USD DIESEL,1722.972972972973,2550.0
2025-10-24,123,Fife Street,FIFE USD PETROL,1410.5263157894738,2144.0
2025-10-24,123,Fife Street,FIF-RUBIA SX SAE40 500ML,1.0,3.0
2025-10-24,125,Fort Street,FORT STR BULK DIESEL USD,961.2239455782313,1412.99
2025-10-24,125,Fort Street,FORT USD DIESEL,703.3783783783783,1041.0
2025-10-24,125,Fort Street,FORT USD PETROL,634.2105263157895,964.0
2025-10-24,127,Mpopoma,MPOPOMA BULK DIESEL USD,992.5170068027212,1459.0
2025-10-24,127,Mpopoma,MPOPOMA USD DIESEL,560.1351351351352,829.0
2025-10-24,127,Mpopoma,MPOPOMA USD PETROL,364.9006622516556,551.0
2025-10-24,129,Khami,KHA-FLUIDMATIC DIII MV 500ML,1.0,3.0
2025-10-24,129,Khami,KHAMI BULK DIESEL USD,1941.428571428571,2853.9
2025-10-24,129,Khami,KHAMI USD DIESEL,1569.5945945945946,2323.0
2025-10-24,129,Khami,KHAMI USD PETROL,878.7384541652144,1335.54
2025-10-24,131,R Mugabe,R MUGABE USD DIESEL,1167.3333333333333,1751.0
2025-10-24,131,R Mugabe,R MUGABE USD PETROL,1151.9736842105262,1751.0
2025-10-24,135,Cripps,CRIPPS BULK DIESEL USD,827.5862068965519,1200.0
2025-10-24,135,Cripps,CRIPPS DIESEL USD,1120.6742465753423,1636.18
2025-10-24,135,Cripps,CRIPPS PETROL USD,3314.783783783783,4905.88
2025-10-24,140,Mutare Second Street,MUTARE SECOND USD BULK DIESEL,250.0,355.0
2025-10-24,140,Mutare Second Street,MUTARE SECOND USD DIESEL,872.6027397260275,1274.0
2025-10-24,140,Mutare Second Street,MUTARE SECOND USD PETROL,1290.5405405405409,1910.0
2025-10-24,141,Troutbeck,TROUTBECK BULK DIESEL ,796.3754362416107,1186.59
2025-10-24,141,Troutbeck,TROUTBECK USD DIESEL,484.86842105263156,737.0
2025-10-24,141,Troutbeck,TROUTBECK USD PETROL,1210.3896103896104,1864.0
2025-10-24,145,Sunway City,SUN-QUARTZ 5000 20W50 500ML,1.0,3.0
2025-10-24,145,Sunway City,SUNWAY BULK DIESEL USD,1270.945945945946,1881.0
2025-10-24,145,Sunway City,SUNWAY USD DIESEL,2019.333333333333,3029.0
2025-10-24,145,Sunway City,SUNWAY USD PETROL,3949.3421052631584,6003.0
2025-10-24,146,Banket,BANKET BULK DIESEL USD,1723.4051020408167,2533.39
2025-10-24,146,Banket,BANKET USD DIESEL,456.0,684.0
2025-10-24,146,Banket,BANKET USD PETROL,1394.7777353365589,2134.01
2025-10-24,146,Banket,BAN-NEPTUNA 2T SUPER SPORT 500ML,1.0,4.0
2025-10-24,146,Banket,BAN-QUARTZ 3000 SG 20W50 500ML,2.0,6.0
2025-10-24,146,Banket,BAN-QUARTZ 5000 20W50 500ML,1.0,3.0
2025-10-24,147,Chinhoyi Main,CHINHOYI MAIN USD DIESEL,1370.1986754966888,2069.0
2025-10-24,147,Chinhoyi Main,CHINHOYI MAIN USD PETROL,4362.745098039216,6675.0
2025-10-24,147,Chinhoyi Main,CHI-QUARTZ 5000 20W50 500ML,3.0,9.0
2025-10-24,148,Chegutu,CHEGUTU BULK DIESEL USD,538.0952380952381,791.0
2025-10-24,148,Chegutu,CHEGUTU USD DIESEL,1589.9328859060404,2369.0
2025-10-24,148,Chegutu,CHEGUTU USD PETROL,1821.710526315789,2769.0
2025-10-24,149,Turnpike,TUR-FLUIDMATIC CVT MV 1L,3.0,30.0
2025-10-24,149,Turnpike,TURNPIKE BULK DIESEL USD,200.0,296.0
2025-10-24,149,Turnpike,TURNPIKE USD DIESEL,1897.9999999999998,2847.0
2025-10-24,149,Turnpike,TURNPIKE USD PETROL,917.7631578947368,1395.0
2025-10-24,149,Turnpike,TUR-QUARTZ 4X4 15W40 500ML,1.0,3.0
2025-10-24,149,Turnpike,TUR-QUARTZ 9000 SAE 5W40 500ML,1.0,5.0
2025-10-24,149,Turnpike,TUR-RACE BRAKEFLUID DOT4+ 500ML,1.0,4.0
2025-10-24,149,Turnpike,TUR-RUBIA SX SAE40 500ML,3.0,9.0
2025-10-24,149,Turnpike,TUR-RUBIA TIR 7400 15W40 500ML,1.0,3.0
2025-10-24,150,Mutare One Stop,MUTARE ONE STOP DIESEL,2115.0890410958905,3088.03
2025-10-24,150,Mutare One Stop,MUTARE ONE STOP PETROL,1298.8513513513515,1922.3
2025-10-24,82,Runiville,RUNIVILLE BULK DIESEL USD,208.1081081081081,308.0
2025-10-24,82,Runiville,RUNIVILLE USD DIESEL,173.8255033557047,259.0
2025-10-24,82,Runiville,RUNIVILLE USD PETROL,520.7302631578947,791.51
2025-10-24,82,Runiville,RUN-RUBIA SX SAE40 500ML,2.0,6.0
2025-10-24,84,Avondale,AVONDALE USD DIESEL,132.43243243243242,196.0
2025-10-24,84,Avondale,AVONDALE USD PETROL,576.3157894736842,876.0
2025-10-24,86,Charter,CHA-FLUIDMATIC DIII MV 500ML,1.0,3.0
2025-10-24,86,Charter,CHARTER BULK/TAXI DIESEL ,2628.7671232876714,3838.0
2025-10-24,86,Charter,CHARTER USD DIESEL,872.9729729729729,1292.0
2025-10-24,86,Charter,CHARTER USD PETROL,1301.87908496732,1983.0
2025-10-24,88,Seke,SEKE DIESEL BULK,802.7397260273973,1172.0
2025-10-24,88,Seke,SEKE USD DIESEL,1341.2162162162163,1985.0
2025-10-24,88,Seke,SEKE USD PETROL,2300.0,3450.0
2025-10-24,88,Seke,SEK-QUARTZ 4X4 15W40 500ML,1.0,3.0
2025-10-24,88,Seke,SEK-RACE BRAKEFLUID DOT4+ 500ML,1.0,4.0
2025-10-24,88,Seke,SEK-RUBIA TIR 7400 15W40 500ML,2.0,6.0
2025-10-24,92,Msasa,MSA-RUBIA TIR 7400 SAE 15W40 5L,1.0,25.0
2025-10-24,92,Msasa,MSASA BULK DIESEL,450.0,675.0
2025-10-24,92,Msasa,MSASA USD DIESEL,730.3225806451612,1132.0
2025-10-24,92,Msasa,MSASA USD PETROL,689.0322580645161,1068.0
2025-10-24,96,Samora,SAMORA USD DIESEL,429.1390728476821,648.0
2025-10-24,96,Samora,SAMORA USD PETROL,1303.2894736842104,1981.0
2025-10-24,96,Samora,SAMORA USD TAXI DIESEL ,60.402684563758385,90.0
2025-10-24,98,Roadport,ROADPORT USD DIESEL,629.6052631578948,957.0
2025-10-24,98,Roadport,ROADPORT USD DIESEL BUS,1080.7567567567567,1599.52
2025-10-24,98,Roadport,ROAPORT USD PETROL,2381.4805194805194,3667.48
2025-10-25,102,Kirkman,KIRKMAN BULK DIESEL USD,620.6896551724137,900.0
2025-10-25,102,Kirkman,KIRKMAN USD DIESEL,1624.1610738255035,2420.0
2025-10-25,102,Kirkman,KIRKMAN USD PETROL,1059.8684210526317,1611.0
2025-10-25,102,Kirkman,KIRK-PROSYLVA 2 STROKE 200ML,1.0,2.0
2025-10-25,102,Kirkman,KIR-RUBIA TIR 7400 SAE 15W40 5L,1.0,25.0
2025-10-25,110,Mutare Green Market,MUTARE GREEN MARKET BULK DIESEL,487.50000000000006,702.0
2025-10-25,110,Mutare Green Market,MUTARE GREENMARKET USD DIESEL,775.417808219178,1132.11
2025-10-25,110,Mutare Green Market,MUTARE GREENMARKET USD PETROL,2685.7702702702704,3974.93
2025-10-25,112,Marondera,MARONDERA USD DIESEL,1181.5068493150686,1725.0
2025-10-25,112,Marondera,MARONDERA USD PETROL,2354.0,3531.0
2025-10-25,114,Kadoma,KADOMA USD BULK DIESEL ,197.27891156462584,290.0
2025-10-25,114,Kadoma,KADOMA USD DIESEL,1274.3243243243244,1886.0
2025-10-25,114,Kadoma,KADOMA USD PETROL,1866.8874172185429,2819.0
2025-10-25,121,Gweru,GWE-QUARTZ 3000 SG 20W50 500ML,1.0,3.0
2025-10-25,121,Gweru,GWE-QUARTZ 9000 SAE 5W40 5L,1.0,30.0
2025-10-25,121,Gweru,GWE-RACE BRAKEFLUID DOT4+ 500ML,1.0,4.0
2025-10-25,121,Gweru,GWERU BULK DIESEL USD,2908.0,4274.76
2025-10-25,121,Gweru,GWERU USD DIESEL,1432.5181081081082,2120.12
2025-10-25,121,Gweru,GWERU USD PETROL,2223.128013245033,3356.92
2025-10-25,123,Fife Street,FIFE USD DIESEL,1977.027027027027,2926.0
2025-10-25,123,Fife Street,FIFE USD PETROL,2330.2631578947367,3542.0
2025-10-25,123,Fife Street,FIF-RUBIA SX SAE40 500ML,1.0,3.0
2025-10-25,125,Fort Street,FOR-NEPTUNA 2T SUPER SPORT 500ML,1.0,4.0
2025-10-25,125,Fort Street,FOR-QUARTZ 9000 SAE 5W40 500ML,1.0,5.0
2025-10-25,125,Fort Street,FORT STR BULK DIESEL USD,925.4285714285716,1360.38
2025-10-25,125,Fort Street,FORT USD DIESEL,456.7567567567568,676.0
2025-10-25,125,Fort Street,FORT USD PETROL,219.07894736842104,333.0
2025-10-25,127,Mpopoma,MPOPOMA BULK DIESEL USD,1236.7346938775509,1818.0
2025-10-25,127,Mpopoma,MPOPOMA USD DIESEL,1053.3783783783783,1559.0
2025-10-25,127,Mpopoma,MPOPOMA USD PETROL,1171.0526315789475,1780.0
2025-10-25,129,Khami,KHA-FLUIDMATIC DIII MV 500ML,3.0,9.0
2025-10-25,129,Khami,KHAMI BULK DIESEL USD,1910.204081632653,2808.0
2025-10-25,129,Khami,KHAMI USD DIESEL,1081.7567567567569,1601.0
2025-10-25,129,Khami,KHAMI USD PETROL,529.6052631578947,805.0
2025-10-25,129,Khami,KHA-QUARTZ 9000 SAE 5W40 500ML,1.0,5.0
2025-10-25,129,Khami,KHA-RACE BRAKEFLUID DOT4+ 500ML,1.0,4.0
2025-10-25,129,Khami,KHA-RUBIA TIR 7400 15W40 500ML,1.0,3.0
2025-10-25,131,R Mugabe,R MUGABE USD DIESEL,501.3333333333333,752.0
2025-10-25,131,R Mugabe,R MUGABE USD PETROL,2031.5789473684208,3088.0
2025-10-25,135,Cripps,CRIPPS BULK DIESEL USD,1531.0344827586207,2220.0
2025-10-25,135,Cripps,CRIPPS DIESEL USD,1872.6027397260275,2734.0
2025-10-25,135,Cripps,CRIPPS PETROL USD,2447.972972972974,3623.0
2025-10-25,135,Cripps,CRI-QUARTZ 4X4 15W40 500ML,2.0,6.0
2025-10-25,140,Mutare Second Street,MUTARE SECOND USD BULK DIESEL,197.22222222222223,284.0
2025-10-25,140,Mutare Second Street,MUTARE SECOND USD DIESEL,1228.7671232876712,1794.0
2025-10-25,140,Mutare Second Street,MUTARE SECOND USD PETROL,1543.918918918919,2285.0
2025-10-25,141,Troutbeck,TROUTBECK BULK DIESEL ,838.9261744966443,1250.0
2025-10-25,141,Troutbeck,TROUTBECK USD DIESEL,840.1315789473683,1277.0
2025-10-25,141,Troutbeck,TROUTBECK USD PETROL,1315.5844155844156,2026.0
2025-10-25,144,Bessemer,BESSEMER USD PETROL,20.689655172413794,30.0
2025-10-25,145,Sunway City,SUN-QUARTZ 5000 20W50 500ML,4.0,12.0
2025-10-25,145,Sunway City,SUNWAY BULK DIESEL USD,590.5405405405405,874.0
2025-10-25,145,Sunway City,SUNWAY USD DIESEL,2120.6666666666665,3181.0
2025-10-25,145,Sunway City,SUNWAY USD PETROL,4840.131578947368,7357.0
2025-10-25,146,Banket,BAN-FLUIDMATIC DIII MV 500ML,1.0,3.0
2025-10-25,146,Banket,BANKET BULK DIESEL USD,2233.18,3282.77
2025-10-25,146,Banket,BANKET USD DIESEL,658.6666666666666,988.0
2025-10-25,146,Banket,BANKET USD PETROL,1629.8701298701299,2510.0
2025-10-25,146,Banket,BAN-MULTIS EP 2 500G,1.0,7.0
2025-10-25,146,Banket,BAN-RACE BRAKEFLUID DOT4+ 500ML,1.0,4.0
2025-10-25,147,Chinhoyi Main,CHI-NEPTUNA 2T SUPER SPORT 500ML,1.0,4.0
2025-10-25,147,Chinhoyi Main,CHINHOYI BULK DIESEL USD,288.59060402684565,430.0
2025-10-25,147,Chinhoyi Main,CHINHOYI MAIN USD DIESEL,655.6291390728476,990.0
2025-10-25,147,Chinhoyi Main,CHINHOYI MAIN USD PETROL,2764.705882352941,4230.0
2025-10-25,147,Chinhoyi Main,CHI-QUARTZ 5000 20W50 500ML,2.0,6.0
2025-10-25,148,Chegutu,CHEGUTU BULK DIESEL USD,1373.469387755102,2019.0
2025-10-25,148,Chegutu,CHEGUTU USD DIESEL,1530.8724832214768,2281.0
2025-10-25,148,Chegutu,CHEGUTU USD PETROL,2159.8684210526303,3283.0
2025-10-25,148,Chegutu,CHE-RUBIA TIR 7400 SAE 15W40 5L,1.0,25.0
2025-10-25,149,Turnpike,TURNPIKE BULK DIESEL USD,1132.6599999999999,1676.33
2025-10-25,149,Turnpike,TURNPIKE USD DIESEL,1787.9999999999995,2682.0
2025-10-25,149,Turnpike,TURNPIKE USD PETROL,1855.921052631579,2821.0
2025-10-25,149,Turnpike,TUR-QUARTZ 5000 20W50 500ML,2.0,6.0
2025-10-25,149,Turnpike,TUR-QUARTZ 9000 SAE 5W40 500ML,1.0,5.0
2025-10-25,150,Mutare One Stop,MUTARE ONE STOP DIESEL,577.3767123287671,842.97
2025-10-25,150,Mutare One Stop,MUTARE ONE STOP PETROL,2237.993243243244,3312.23
2025-10-25,157,Hatfield,HATFIELD USD PETROL,13.422818791946309,20.0
2025-10-25,82,Runiville,RUNIVILLE USD DIESEL,33.557046979865774,50.0
2025-10-25,82,Runiville,RUNIVILLE USD PETROL,251.3157894736842,382.0
2025-10-25,82,Runiville,RUN-RACE BRAKEFLUID DOT4+ 500ML,1.0,4.0
2025-10-25,84,Avondale,AVONDALE USD DIESEL,639.8648648648649,947.0
2025-10-25,84,Avondale,AVONDALE USD PETROL,545.4605263157895,829.1
2025-10-25,86,Charter,CHA-RACE BRAKEFLUID DOT4+ 500ML,1.0,4.0
2025-10-25,86,Charter,CHARTER BULK/TAXI DIESEL ,4676.027397260273,6827.0
2025-10-25,86,Charter,CHARTER USD DIESEL,536.6283783783784,794.2
2025-10-25,86,Charter,CHARTER USD PETROL,1997.6666666666665,3056.43
2025-10-25,88,Seke,SEKE USD DIESEL,2475.6756756756754,3664.0
2025-10-25,88,Seke,SEKE USD PETROL,3000.666666666667,4501.0
2025-10-25,88,Seke,SEK-RUBIA SX SAE40 500ML,3.0,9.0
2025-10-25,92,Msasa,MSASA BULK DIESEL,38.666666666666664,58.0
2025-10-25,92,Msasa,MSASA USD DIESEL,881.9354838709678,1367.0
2025-10-25,92,Msasa,MSASA USD PETROL,766.4516129032257,1188.0
2025-10-25,96,Samora,SAMORA USD DIESEL,426.49006622516555,644.0
2025-10-25,96,Samora,SAMORA USD PETROL,1410.5263157894735,2144.0
2025-10-25,96,Samora,SAMORA USD TAXI DIESEL ,60.40268456375839,90.0
2025-10-25,98,Roadport,ROADPORT USD DIESEL,1209.8684210526314,1839.0
2025-10-25,98,Roadport,ROADPORT USD DIESEL BUS,1513.5135135135138,2240.0
2025-10-25,98,Roadport,ROAPORT USD PETROL,3895.324675324675,5998.8
2025-10-26,102,Kirkman,KIRKMAN USD DIESEL,1678.5234899328862,2501.0
2025-10-26,102,Kirkman,KIRKMAN USD PETROL,643.4210526315788,978.0
2025-10-26,102,Kirkman,KIR-QUARTZ 9000 SAE 5W40 500ML,4.0,20.0
2025-10-26,110,Mutare Green Market,MUTARE GREEN MARKET BULK DIESEL,465.97222222222223,671.0
2025-10-26,110,Mutare Green Market,MUTARE GREENMARKET USD DIESEL,679.8835616438355,992.62
2025-10-26,110,Mutare Green Market,MUTARE GREENMARKET USD PETROL,2243.925675675676,3321.01
2025-10-26,112,Marondera,MARONDERA USD DIESEL,354.79452054794524,518.0
2025-10-26,112,Marondera,MARONDERA USD PETROL,1645.3333333333335,2468.0
2025-10-26,112,Marondera,MAR-RACE BRAKEFLUID DOT4+ 500ML,1.0,4.0
2025-10-26,114,Kadoma,KADOMA USD BULK DIESEL ,102.04081632653062,150.0
2025-10-26,114,Kadoma,KADOMA USD DIESEL,797.9729729729729,1181.0
2025-10-26,114,Kadoma,KADOMA USD PETROL,1036.4238410596026,1565.0
2025-10-26,121,Gweru,GWE-FLUIDMATIC DIII MV 500ML,1.0,3.0
2025-10-26,121,Gweru,GWE-QUARTZ 5000 20W50 500ML,2.0,6.0
2025-10-26,121,Gweru,GWE-RUBIA TIR 7400 15W40 500ML,2.0,6.0
2025-10-26,121,Gweru,GWERU BULK DIESEL USD,480.0,705.6
2025-10-26,121,Gweru,GWERU USD DIESEL,2540.25,3759.57
2025-10-26,121,Gweru,GWERU USD PETROL,1437.0647019867552,2169.96
2025-10-26,123,Fife Street,FIFE USD DIESEL,2523.6486486486483,3735.0
2025-10-26,123,Fife Street,FIFE USD PETROL,2434.8684210526317,3701.0
2025-10-26,123,Fife Street,FIF-RUBIA TIR 7400 15W40 500ML,1.0,3.0
2025-10-26,125,Fort Street,FORT STR BULK DIESEL USD,1504.7619047619048,2212.0
2025-10-26,125,Fort Street,FORT USD DIESEL,779.7297297297298,1154.0
2025-10-26,125,Fort Street,FORT USD PETROL,779.6052631578948,1185.0
2025-10-26,127,Mpopoma,MPOPOMA BULK DIESEL USD,2335.8282312925166,3433.66
2025-10-26,127,Mpopoma,MPOPOMA USD DIESEL,851.3513513513514,1260.0
2025-10-26,127,Mpopoma,MPOPOMA USD PETROL,1159.8684210526314,1763.0
2025-10-26,127,Mpopoma,MPO-QUARTZ 9000 SAE 5W40 500ML,1.0,5.0
2025-10-26,127,Mpopoma,MPO-RACE BRAKEFLUID DOT4+ 500ML,4.0,16.0
2025-10-26,127,Mpopoma,MPO-RUBIA SX SAE40 500ML,1.0,3.0
2025-10-26,127,Mpopoma,MPO-RUBIA TIR 7400 15W40 500ML,2.0,6.0
2025-10-26,129,Khami,KHAMI USD DIESEL,1070.2702702702704,1584.0
2025-10-26,129,Khami,KHAMI USD PETROL,585.5263157894736,890.0
2025-10-26,131,R Mugabe,RM-QUARTZ 5000 20W50 500ML,15.0,45.0
2025-10-26,131,R Mugabe,RM-QUARTZ 5000 20W50 5L,1.0,22.0
2025-10-26,131,R Mugabe,RM-RACE BRAKEFLUID DOT4+ 500ML,1.0,4.0
2025-10-26,131,R Mugabe,RM-RUBIA SX SAE40 500ML,2.0,6.0
2025-10-26,131,R Mugabe,RM-RUBIA TIR 7400 15W40 500ML,4.0,12.0
2025-10-26,131,R Mugabe,R MUGABE USD DIESEL,818.0,1227.0
2025-10-26,131,R Mugabe,R MUGABE USD PETROL,1684.2105263157894,2560.0
2025-10-26,135,Cripps,CRIPPS BULK DIESEL USD,1320.0,1914.0
2025-10-26,135,Cripps,CRIPPS DIESEL USD,906.8493150684932,1324.0
2025-10-26,135,Cripps,CRIPPS PETROL USD,1704.054054054054,2522.0
2025-10-26,135,Cripps,CRI-RUBIA SX SAE40 500ML,2.0,6.0
2025-10-26,135,Cripps,CRI-RUBIA TIR 7400 15W40 500ML,1.0,3.0
2025-10-26,140,Mutare Second Street,MUTARE SECOND USD BULK DIESEL,104.16666666666667,150.0
2025-10-26,140,Mutare Second Street,MUTARE SECOND USD DIESEL,1270.5479452054792,1855.0
2025-10-26,140,Mutare Second Street,MUTARE SECOND USD PETROL,1897.9729729729725,2809.0
2025-10-26,141,Troutbeck,TROUTBECK BULK DIESEL ,2085.234899328859,3107.0
2025-10-26,141,Troutbeck,TROUTBECK USD DIESEL,663.1578947368421,1008.0
2025-10-26,141,Troutbeck,TROUTBECK USD PETROL,1052.9675324675325,1621.57
2025-10-26,145,Sunway City,SUN-QUARTZ 4X4 15W40 5L,1.0,20.0
2025-10-26,145,Sunway City,SUN-QUARTZ 5000 20W50 500ML,1.0,3.0
2025-10-26,145,Sunway City,SUNWAY BULK DIESEL USD,141.8918918918919,210.0
2025-10-26,145,Sunway City,SUNWAY USD DIESEL,532.6666666666666,799.0
2025-10-26,145,Sunway City,SUNWAY USD PETROL,5113.815789473686,7773.0
2025-10-26,146,Banket,BANKET BULK DIESEL USD,1863.2653061224491,2739.0
2025-10-26,146,Banket,BANKET USD DIESEL,959.3333333333331,1439.0
2025-10-26,146,Banket,BANKET USD PETROL,1866.233766233766,2874.0
2025-10-26,147,Chinhoyi Main,CHINHOYI MAIN USD DIESEL,822.5165562913905,1242.0
2025-10-26,147,Chinhoyi Main,CHINHOYI MAIN USD PETROL,2477.1241830065355,3790.0
2025-10-26,148,Chegutu,CHEGUTU BULK DIESEL USD,627.8911564625851,923.0
2025-10-26,148,Chegutu,CHEGUTU USD DIESEL,897.9865771812081,1338.0
2025-10-26,148,Chegutu,CHEGUTU USD PETROL,1517.1052631578946,2306.0
2025-10-26,149,Turnpike,TUR-NEPTUNA 2T SUPER SPORT 500ML,2.0,8.0
2025-10-26,149,Turnpike,TURNPIKE BULK DIESEL USD,533.33,789.32
2025-10-26,149,Turnpike,TURNPIKE USD DIESEL,878.6666666666666,1318.0
2025-10-26,149,Turnpike,TURNPIKE USD PETROL,1375.657894736842,2091.0
2025-10-26,149,Turnpike,TUR-QUARTZ 9000 SAE 5W40 500ML,1.0,5.0
2025-10-26,149,Turnpike,TUR-RUBIA SX SAE40 500ML,4.0,12.0
2025-10-26,150,Mutare One Stop,MUTARE ONE STOP DIESEL,1629.3561643835617,2378.86
2025-10-26,150,Mutare One Stop,MUTARE ONE STOP PETROL,1616.277027027027,2392.09
2025-10-26,82,Runiville,RUNIVILLE BULK DIESEL USD,202.7027027027027,300.0
2025-10-26,82,Runiville,RUNIVILLE USD DIESEL,139.59731543624162,208.0
2025-10-26,82,Runiville,RUNIVILLE USD PETROL,248.0263157894737,377.0
2025-10-26,82,Runiville,RUN-RUBIA SX SAE40 500ML,4.0,12.0
2025-10-26,84,Avondale,AVONDALE USD DIESEL,470.94594594594594,697.0
2025-10-26,84,Avondale,AVONDALE USD PETROL,238.15789473684208,362.0
2025-10-26,86,Charter,CHARTER BULK/TAXI DIESEL ,4103.424657534246,5991.0
2025-10-26,86,Charter,CHARTER USD DIESEL,786.4864864864865,1164.0
2025-10-26,86,Charter,CHARTER USD PETROL,1220.2614379084966,1867.0
2025-10-26,88,Seke,SEKE DIESEL BULK,202.73972602739727,296.0
2025-10-26,88,Seke,SEKE USD DIESEL,1252.027027027027,1853.0
2025-10-26,88,Seke,SEKE USD PETROL,2602.0,3903.0
2025-10-26,88,Seke,SEK-QUARTZ 4X4 15W40 500ML,1.0,3.0
2025-10-26,88,Seke,SEK-RUBIA TIR 7400 15W40 500ML,1.0,3.0
2025-10-26,92,Msasa,MSA-QUARTZ 4X4 15W40 500ML,3.0,9.0
2025-10-26,92,Msasa,MSASA USD DIESEL,428.38709677419354,664.0
2025-10-26,92,Msasa,MSASA USD PETROL,586.4516129032257,909.0
2025-10-26,96,Samora,SAMORA USD DIESEL,187.41721854304637,283.0
2025-10-26,96,Samora,SAMORA USD PETROL,912.5,1387.0
2025-10-26,96,Samora,SAMORA USD TAXI DIESEL ,30.201342281879196,45.0
2025-10-26,96,Samora,SAM-RUBIA SX SAE40 500ML,2.0,6.0
2025-10-26,98,Roadport,ROADPORT USD DIESEL,536.8421052631579,816.0
2025-10-26,98,Roadport,ROADPORT USD DIESEL BUS,944.1891891891892,1397.4
2025-10-26,98,Roadport,ROAPORT USD PETROL,1989.7402597402595,3064.2
2025-10-27,102,Kirkman,KIR-FLUIDMATIC DIII MV 500ML,2.0,6.0
2025-10-27,102,Kirkman,KIRKMAN BULK DIESEL USD,100.0,145.0
2025-10-27,102,Kirkman,KIRKMAN USD DIESEL,1226.1744966442952,1827.0
2025-10-27,102,Kirkman,KIRKMAN USD PETROL,460.52631578947364,700.0
2025-10-27,110,Mutare Green Market,MUTARE GREEN MARKET BULK DIESEL,791.6666666666667,1140.0
2025-10-27,110,Mutare Green Market,MUTARE GREENMARKET USD DIESEL,737.3767123287671,1076.57
2025-10-27,110,Mutare Green Market,MUTARE GREENMARKET USD PETROL,1601.1351351351352,2369.67
2025-10-27,112,Marondera,MARONDERA USD DIESEL,886.9863013698631,1295.0
2025-10-27,112,Marondera,MARONDERA USD PETROL,1411.3333333333333,2117.0
2025-10-27,114,Kadoma,KAD-FLUIDMATIC CVT MV 1L,1.0,10.0
2025-10-27,114,Kadoma,KADOMA USD BULK DIESEL ,408.16326530612247,600.0
2025-10-27,114,Kadoma,KADOMA USD DIESEL,725.6756756756756,1074.0
2025-10-27,114,Kadoma,KADOMA USD PETROL,1323.841059602649,1999.0
2025-10-27,121,Gweru,GWE-RACE BRAKEFLUID DOT4+ 500ML,2.0,8.0
2025-10-27,121,Gweru,GWERU BULK DIESEL USD,224.48979591836735,330.0
2025-10-27,121,Gweru,GWERU USD DIESEL,2519.348108108108,3728.63
2025-10-27,121,Gweru,GWERU USD PETROL,1964.4822516556292,2966.36
2025-10-27,123,Fife Street,FIFE USD DIESEL,2806.0810810810813,4153.0
2025-10-27,123,Fife Street,FIFE USD PETROL,889.4736842105264,1352.0
2025-10-27,123,Fife Street,FIF-RACE BRAKEFLUID DOT4+ 500ML,1.0,4.0
2025-10-27,125,Fort Street,FORT STR BULK DIESEL USD,1610.204081632653,2367.0
2025-10-27,125,Fort Street,FORT USD DIESEL,452.02702702702703,669.0
2025-10-27,125,Fort Street,FORT USD PETROL,832.8947368421052,1266.0
2025-10-27,127,Mpopoma,MPOPOMA BULK DIESEL USD,1461.9047619047617,2149.0
2025-10-27,127,Mpopoma,MPOPOMA USD DIESEL,673.6486486486486,997.0
2025-10-27,127,Mpopoma,MPOPOMA USD PETROL,1222.3684210526314,1858.0
2025-10-27,129,Khami,KHAMI BULK DIESEL USD,2936.0544217687075,4316.0
2025-10-27,129,Khami,KHAMI USD DIESEL,1629.7297297297296,2412.0
2025-10-27,129,Khami,KHAMI USD PETROL,1072.3684210526314,1630.0
2025-10-27,131,R Mugabe,RM-QUARTZ 5000 20W50 500ML,2.0,6.0
2025-10-27,131,R Mugabe,RM-QUARTZ 9000 SAE 5W40 5L,1.0,30.0
2025-10-27,131,R Mugabe,RM-RACE BRAKEFLUID DOT4+ 500ML,4.0,16.0
2025-10-27,131,R Mugabe,RM-RUBIA TIR 7400 15W40 500ML,2.0,6.0
2025-10-27,131,R Mugabe,R MUGABE USD DIESEL,676.6666666666667,1015.0
2025-10-27,131,R Mugabe,R MUGABE USD PETROL,1952.6315789473686,2968.0
2025-10-27,135,Cripps,CRIPPS BULK DIESEL USD,1648.2758620689656,2390.0
2025-10-27,135,Cripps,CRIPPS DIESEL USD,2757.5342465753424,4026.0
2025-10-27,135,Cripps,CRIPPS PETROL USD,2822.2972972972957,4177.0
2025-10-27,140,Mutare Second Street,MUTARE SECOND USD BULK DIESEL,622.2222222222222,896.0
2025-10-27,140,Mutare Second Street,MUTARE SECOND USD DIESEL,953.4246575342466,1392.0
2025-10-27,140,Mutare Second Street,MUTARE SECOND USD PETROL,874.9999999999999,1295.0
2025-10-27,141,Troutbeck,TROUTBECK BULK DIESEL ,2128.95,3172.13
2025-10-27,141,Troutbeck,TROUTBECK USD DIESEL,1496.0855263157896,2274.05
2025-10-27,141,Troutbeck,TROUTBECK USD PETROL,1138.3116883116884,1753.0
2025-10-27,145,Sunway City,SUN-QUARTZ 5000 20W50 500ML,2.0,6.0
2025-10-27,145,Sunway City,SUNWAY BULK DIESEL USD,968.918918918919,1434.0
2025-10-27,145,Sunway City,SUNWAY USD DIESEL,3316.946666666667,4975.42
2025-10-27,145,Sunway City,SUNWAY USD PETROL,2742.763157894737,4169.0
2025-10-27,146,Banket,BANKET BULK DIESEL USD,625.8459183673469,919.99
2025-10-27,146,Banket,BANKET USD DIESEL,934.6666666666665,1402.0
2025-10-27,146,Banket,BANKET USD PETROL,2898.0519480519474,4463.0
2025-10-27,146,Banket,BAN-NEPTUNA 2T SUPER SPORT 500ML,1.0,4.0
2025-10-27,147,Chinhoyi Main,CHINHOYI BULK DIESEL USD,400.0,596.0
2025-10-27,147,Chinhoyi Main,CHINHOYI MAIN USD DIESEL,680.794701986755,1028.0
2025-10-27,147,Chinhoyi Main,CHINHOYI MAIN USD PETROL,3328.758169934641,5093.0
2025-10-27,147,Chinhoyi Main,CHI-QUARTZ 5000 20W50 500ML,1.0,3.0
2025-10-27,148,Chegutu,CHEGUTU BULK DIESEL USD,944.2176870748299,1388.0
2025-10-27,148,Chegutu,CHEGUTU USD DIESEL,780.5369127516775,1163.0
2025-10-27,148,Chegutu,CHEGUTU USD PETROL,1343.421052631578,2042.0
2025-10-27,149,Turnpike,TURNPIKE BULK DIESEL USD,1483.7837837837837,2196.0
2025-10-27,149,Turnpike,TURNPIKE USD DIESEL,1219.9999999999998,1830.0
2025-10-27,149,Turnpike,TURNPIKE USD PETROL,1217.1052631578948,1850.0
2025-10-27,149,Turnpike,TUR-QUARTZ 3000 SG 20W50 500ML,1.0,3.0
2025-10-27,149,Turnpike,TUR-QUARTZ 5000 20W50 500ML,1.0,3.0
2025-10-27,149,Turnpike,TUR-RACE BRAKEFLUID DOT4+ 500ML,3.0,12.0
2025-10-27,149,Turnpike,TUR-RUBIA TIR 7400 15W40 500ML,2.0,6.0
2025-10-27,150,Mutare One Stop,MUTARE ONE STOP DIESEL,889.2328767123288,1298.28
2025-10-27,150,Mutare One Stop,MUTARE ONE STOP PETROL,1577.2432432432433,2334.32
2025-10-27,157,Hatfield,HATFIELD USD DIESEL,67.11409395973155,100.0
2025-10-27,157,Hatfield,HATFIELD USD PETROL,20.13422818791946,30.0
2025-10-27,82,Runiville,RUNIVILLE BULK DIESEL USD,212.83783783783784,315.0
2025-10-27,82,Runiville,RUNIVILLE USD DIESEL,286.57718120805373,427.0
2025-10-27,82,Runiville,RUNIVILLE USD PETROL,304.60526315789474,463.0
2025-10-27,82,Runiville,RUN-QUARTZ 9000 SAE 5W40 5L,1.0,30.0
2025-10-27,82,Runiville,RUN-RUBIA SX SAE40 500ML,2.0,6.0
2025-10-27,84,Avondale,AVONDALE USD DIESEL,603.3783783783782,893.0
2025-10-27,84,Avondale,AVONDALE USD PETROL,907.236842105263,1379.0
2025-10-27,86,Charter,CHARTER BULK/TAXI DIESEL ,3322.6027397260277,4851.0
2025-10-27,86,Charter,CHARTER USD DIESEL,718.3175675675676,1063.11
2025-10-27,86,Charter,CHARTER USD PETROL,1138.5620915032678,1742.0
2025-10-27,88,Seke,SEKE USD DIESEL,1957.4324324324325,2897.0
2025-10-27,88,Seke,SEKE USD PETROL,2530.0000000000005,3795.0
2025-10-27,88,Seke,SEK-NEPTUNA 2T SUPER SPORT 500ML,1.0,4.0
2025-10-27,92,Msasa,MSASA BULK DIESEL,552.0,828.0
2025-10-27,92,Msasa,MSASA USD DIESEL,2210.967741935484,3427.0
2025-10-27,92,Msasa,MSASA USD PETROL,519.0322580645161,804.5
2025-10-27,96,Samora,SAMORA USD DIESEL,245.03311258278143,370.0
2025-10-27,96,Samora,SAMORA USD PETROL,1346.0526315789473,2046.0
2025-10-27,96,Samora,SAMORA USD TAXI DIESEL ,53.691275167785236,80.0
2025-10-27,98,Roadport,ROADPORT USD DIESEL,866.4473684210526,1317.0
2025-10-27,98,Roadport,ROADPORT USD DIESEL BUS,818.4256756756757,1211.27
2025-10-27,98,Roadport,ROAPORT USD PETROL,2633.9675324675313,4056.31
2025-10-28,102,Kirkman,KIRKMAN BULK DIESEL USD,137.93103448275863,200.0
2025-10-28,102,Kirkman,KIRKMAN USD DIESEL,1426.1744966442955,2125.0
2025-10-28,102,Kirkman,KIRKMAN USD PETROL,758.5526315789472,1153.0
2025-10-28,110,Mutare Green Market,MUTARE GREEN MARKET BULK DIESEL,850.0,1224.0
2025-10-28,110,Mutare Green Market,MUTARE GREENMARKET USD DIESEL,657.0068493150684,959.23
2025-10-28,110,Mutare Green Market,MUTARE GREENMARKET USD PETROL,1189.6013513513512,1760.61
2025-10-28,112,Marondera,MARONDERA USD DIESEL,779.4315068493149,1137.97
2025-10-28,112,Marondera,MARONDERA USD PETROL,1783.8933333333334,2675.84
2025-10-28,114,Kadoma,KAD-NEPTUNA 2T SUPER SPORT 500ML,1.0,4.0
2025-10-28,114,Kadoma,KADOMA USD BULK DIESEL ,190.47619047619048,280.0
2025-10-28,114,Kadoma,KADOMA USD DIESEL,1376.3513513513515,2037.0
2025-10-28,114,Kadoma,KADOMA USD PETROL,1338.41059602649,2021.0
2025-10-28,121,Gweru,GWERU BULK DIESEL USD,3026.0,4448.22
2025-10-28,121,Gweru,GWERU USD DIESEL,2572.147837837838,3806.77
2025-10-28,121,Gweru,GWERU USD PETROL,1341.6923841059604,2025.95
2025-10-28,123,Fife Street,FIFE USD DIESEL,2255.4054054054054,3338.0
2025-10-28,123,Fife Street,FIFE USD PETROL,1952.6315789473683,2968.0
2025-10-28,123,Fife Street,FIF-QUARTZ 5000 20W50 500ML,4.0,12.0
2025-10-28,125,Fort Street,FOR-NEPTUNA 2T SUPER SPORT 500ML,1.0,4.0
2025-10-28,125,Fort Street,FOR-RACE BRAKEFLUID DOT4+ 500ML,1.0,4.0
2025-10-28,125,Fort Street,FOR-RUBIA SX SAE40 500ML,1.0,3.0
2025-10-28,125,Fort Street,FORT STR BULK DIESEL USD,1297.2789115646258,1907.0
2025-10-28,125,Fort Street,FORT USD DIESEL,956.081081081081,1415.0
2025-10-28,125,Fort Street,FORT USD PETROL,684.8684210526317,1041.0
2025-10-28,127,Mpopoma,MPOPOMA BULK DIESEL USD,2125.170068027211,3124.0
2025-10-28,127,Mpopoma,MPOPOMA USD DIESEL,1054.054054054054,1560.0
2025-10-28,127,Mpopoma,MPOPOMA USD PETROL,1111.1842105263156,1689.0
2025-10-28,127,Mpopoma,MPO-QUARTZ 5000 20W50 500ML,1.0,3.0
2025-10-28,127,Mpopoma,MPO-QUARTZ 9000 SAE 5W40 500ML,1.0,5.0
2025-10-28,127,Mpopoma,MPO-RUBIA TIR 7400 15W40 500ML,2.0,6.0
2025-10-28,129,Khami,KHAMI BULK DIESEL USD,1280.2721088435374,1882.0
2025-10-28,129,Khami,KHAMI USD DIESEL,531.081081081081,786.0
2025-10-28,129,Khami,KHAMI USD PETROL,611.1842105263158,929.0
2025-10-28,131,R Mugabe,RM-FLUIDMATIC DIII MV 500ML,1.0,3.0
2025-10-28,131,R Mugabe,R MUGABE USD DIESEL,728.0,1092.0
2025-10-28,131,R Mugabe,R MUGABE USD PETROL,1898.6842105263156,2886.0
2025-10-28,135,Cripps,CRIPPS BULK DIESEL USD,1279.3103448275863,1855.0
2025-10-28,135,Cripps,CRIPPS DIESEL USD,1782.8767123287669,2603.0
2025-10-28,135,Cripps,CRIPPS PETROL USD,1886.4864864864855,2792.0
2025-10-28,140,Mutare Second Street,MUTARE SECOND USD BULK DIESEL,100.0,144.0
2025-10-28,140,Mutare Second Street,MUTARE SECOND USD DIESEL,1290.4109589041097,1884.0
2025-10-28,140,Mutare Second Street,MUTARE SECOND USD PETROL,1634.4594594594594,2419.0
2025-10-28,141,Troutbeck,TROUTBECK BULK DIESEL ,1103.2080536912752,1643.78
2025-10-28,141,Troutbeck,TROUTBECK USD DIESEL,892.1052631578946,1356.0
2025-10-28,141,Troutbeck,TROUTBECK USD PETROL,1387.012987012987,2136.0
2025-10-28,145,Sunway City,SUNWAY BULK DIESEL USD,909.4594594594595,1346.0
2025-10-28,145,Sunway City,SUNWAY USD DIESEL,2030.5,3045.75
2025-10-28,145,Sunway City,SUNWAY USD PETROL,2440.1315789473683,3709.0
2025-10-28,146,Banket,BANKET BULK DIESEL USD,1315.6462585034014,1934.0
2025-10-28,146,Banket,BANKET USD DIESEL,666.6666666666663,1000.0
2025-10-28,146,Banket,BANKET USD PETROL,1268.2337662337663,1953.08
2025-10-28,147,Chinhoyi Main,CHINHOYI BULK DIESEL USD,819.4630872483222,1221.0
2025-10-28,147,Chinhoyi Main,CHINHOYI MAIN USD DIESEL,844.3708609271523,1275.0
2025-10-28,147,Chinhoyi Main,CHINHOYI MAIN USD PETROL,3065.3594771241824,4690.0
2025-10-28,147,Chinhoyi Main,CHI-QUARTZ 5000 20W50 500ML,1.0,3.0
2025-10-28,148,Chegutu,CHEGUTU BULK DIESEL USD,1198.6394557823128,1762.0
2025-10-28,148,Chegutu,CHEGUTU USD DIESEL,777.1812080536913,1158.0
2025-10-28,148,Chegutu,CHEGUTU USD PETROL,1291.4473684210525,1963.0
2025-10-28,148,Chegutu,CHE-RUBIA SX SAE40 500ML,2.0,6.0
2025-10-28,148,Chegutu,CHE-RUBIA TIR 7400 SAE 15W40 5L,1.0,25.0
2025-10-28,149,Turnpike,TURNPIKE BULK DIESEL USD,416.21621621621625,616.0
2025-10-28,149,Turnpike,TURNPIKE USD DIESEL,1788.6666666666667,2683.0
2025-10-28,149,Turnpike,TURNPIKE USD PETROL,978.2894736842105,1487.0
2025-10-28,150,Mutare One Stop,MUTARE ONE STOP DIESEL,1000.0205479452054,1460.03
2025-10-28,150,Mutare One Stop,MUTARE ONE STOP PETROL,59.25,87.69
2025-10-28,82,Runiville,RUNIVILLE USD DIESEL,251.6778523489933,375.0
2025-10-28,82,Runiville,RUNIVILLE USD PETROL,410.52631578947364,624.0
2025-10-28,84,Avondale,AVONDALE USD DIESEL,251.35135135135135,372.0
2025-10-28,84,Avondale,AVONDALE USD PETROL,536.1842105263158,815.0
2025-10-28,86,Charter,CHARTER BULK/TAXI DIESEL ,1985.1164383561645,2898.27
2025-10-28,86,Charter,CHARTER USD DIESEL,330.4054054054054,489.0
2025-10-28,86,Charter,CHARTER USD PETROL,1454.2483660130715,2225.0
2025-10-28,88,Seke,SEKE DIESEL BULK,200.0,292.0
2025-10-28,88,Seke,SEKE USD DIESEL,2015.5405405405402,2983.0
2025-10-28,88,Seke,SEKE USD PETROL,2128.7999999999997,3193.2
2025-10-28,92,Msasa,MSASA BULK DIESEL,699.3333333333333,1049.0
2025-10-28,92,Msasa,MSASA USD DIESEL,773.5483870967741,1199.0
2025-10-28,92,Msasa,MSASA USD PETROL,1129.032258064516,1750.0
2025-10-28,96,Samora,SAMORA USD DIESEL,221.85430463576157,335.0
2025-10-28,96,Samora,SAMORA USD PETROL,1310.019736842105,1991.23
2025-10-28,96,Samora,SAMORA USD TAXI DIESEL ,67.11409395973155,100.0
2025-10-28,96,Samora,SAM-RACE BRAKEFLUID DOT4+ 500ML,1.0,4.0
2025-10-28,98,Roadport,ROADPORT USD DIESEL,816.7039473684209,1241.39
2025-10-28,98,Roadport,ROADPORT USD DIESEL BUS,1315.5405405405404,1947.0
2025-10-28,98,Roadport,ROAPORT USD PETROL,3907.110389610388,6016.95
2025-10-29,102,Kirkman,KIR-FLUIDMATIC DIII MV 500ML,2.0,6.0
2025-10-29,102,Kirkman,KIRKMAN BULK DIESEL USD,488.6,708.47
2025-10-29,102,Kirkman,KIRKMAN USD DIESEL,801.3422818791946,1194.0
2025-10-29,102,Kirkman,KIRKMAN USD PETROL,722.3684210526313,1098.0
2025-10-29,110,Mutare Green Market,MUTARE GREEN MARKET BULK DIESEL,600.0,864.0
2025-10-29,110,Mutare Green Market,MUTARE GREENMARKET USD DIESEL,1016.4657534246575,1484.03
2025-10-29,110,Mutare Green Market,MUTARE GREENMARKET USD PETROL,1240.4054054054054,1835.79
2025-10-29,112,Marondera,MAR-FLUIDMATIC CVT MV 1L,2.0,20.0
2025-10-29,112,Marondera,MARONDERA USD DIESEL,712.4109589041097,1040.12
2025-10-29,112,Marondera,MARONDERA USD PETROL,2087.44,3131.16
2025-10-29,114,Kadoma,KADOMA USD BULK DIESEL ,482.99319727891157,710.0
2025-10-29,114,Kadoma,KADOMA USD DIESEL,1101.3513513513512,1630.0
2025-10-29,114,Kadoma,KADOMA USD PETROL,1288.0794701986756,1945.0
2025-10-29,121,Gweru,GWE-QUARTZ 5000 20W50 500ML,2.0,6.0
2025-10-29,121,Gweru,GWERU BULK DIESEL USD,2483.0,3650.01
2025-10-29,121,Gweru,GWERU USD DIESEL,2823.8327027027026,4179.27
2025-10-29,121,Gweru,GWERU USD PETROL,1779.792582781457,2687.48
2025-10-29,123,Fife Street,FIFE USD DIESEL,1122.2972972972973,1661.0
2025-10-29,123,Fife Street,FIFE USD PETROL,1592.7631578947367,2421.0
2025-10-29,125,Fort Street,FORT STR BULK DIESEL USD,787.0748299319728,1157.0
2025-10-29,125,Fort Street,FORT USD DIESEL,233.1081081081081,345.0
2025-10-29,125,Fort Street,FORT USD PETROL,618.421052631579,940.0
2025-10-29,127,Mpopoma,MPOPOMA BULK DIESEL USD,2623.1292517006805,3856.0
2025-10-29,127,Mpopoma,MPOPOMA USD DIESEL,1415.5405405405406,2095.0
2025-10-29,127,Mpopoma,MPOPOMA USD PETROL,912.5000000000001,1387.0
2025-10-29,129,Khami,KHA-FLUIDMATIC DIII MV 500ML,1.0,3.0
2025-10-29,129,Khami,KHAMI BULK DIESEL USD,3286.394557823129,4831.0
2025-10-29,129,Khami,KHAMI USD DIESEL,1785.8108108108108,2643.0
2025-10-29,129,Khami,KHAMI USD PETROL,877.1052631578946,1333.2
2025-10-29,129,Khami,KHA-QUARTZ 9000 SAE 5W40 500ML,2.0,10.0
2025-10-29,129,Khami,KHA-RUBIA SX SAE40 500ML,1.0,3.0
2025-10-29,129,Khami,KHA-RUBIA TIR 7400 SAE 15W40 5L,1.0,25.0
2025-10-29,131,R Mugabe,RM-FLUIDMATIC DIII MV 500ML,1.0,3.0
2025-10-29,131,R Mugabe,RM-NEPTUNA 2T SUPER SPORT 500ML,2.0,8.0
2025-10-29,131,R Mugabe,RM-RUBIA TIR 7400 15W40 500ML,4.0,12.0
2025-10-29,131,R Mugabe,R MUGABE USD DIESEL,868.6666666666667,1303.0
2025-10-29,131,R Mugabe,R MUGABE USD PETROL,1739.4736842105262,2644.0
2025-10-29,135,Cripps,CRIPPS BULK DIESEL USD,1417.2413793103449,2055.0
2025-10-29,135,Cripps,CRIPPS DIESEL USD,2448.6301369863017,3575.0
2025-10-29,135,Cripps,CRIPPS PETROL USD,1997.9729729729727,2957.0
2025-10-29,140,Mutare Second Street,MUTARE SECOND USD DIESEL,1689.041095890411,2466.0
2025-10-29,140,Mutare Second Street,MUTARE SECOND USD PETROL,2089.1891891891887,3092.0
2025-10-29,141,Troutbeck,TROUTBECK BULK DIESEL ,1692.2281879194632,2521.42
2025-10-29,141,Troutbeck,TROUTBECK USD PETROL,41.55844155844156,64.0
2025-10-29,145,Sunway City,SUN-QUARTZ 5000 20W50 500ML,2.0,6.0
2025-10-29,145,Sunway City,SUNWAY BULK DIESEL USD,1256.7567567567567,1860.0
2025-10-29,145,Sunway City,SUNWAY USD DIESEL,1719.9999999999998,2580.0
2025-10-29,145,Sunway City,SUNWAY USD PETROL,3188.815789473684,4847.0
2025-10-29,146,Banket,BANKET BULK DIESEL USD,1073.2844897959183,1577.72
2025-10-29,146,Banket,BANKET USD DIESEL,893.3333333333334,1340.0
2025-10-29,146,Banket,BANKET USD PETROL,1601.2987012987012,2466.0
2025-10-29,146,Banket,BAN-NEPTUNA 2T SUPER SPORT 500ML,2.0,8.0
2025-10-29,147,Chinhoyi Main,CHI-NEPTUNA 2T SUPER SPORT 500ML,1.0,4.0
2025-10-29,147,Chinhoyi Main,CHINHOYI BULK DIESEL USD,2112.0805369127515,3147.0
2025-10-29,147,Chinhoyi Main,CHINHOYI MAIN USD DIESEL,231.78807947019865,350.0
2025-10-29,147,Chinhoyi Main,CHINHOYI MAIN USD PETROL,598.0392156862745,915.0
2025-10-29,148,Chegutu,CHEGUTU BULK DIESEL USD,1354.421768707483,1991.0
2025-10-29,148,Chegutu,CHEGUTU USD DIESEL,827.51677852349,1233.0
2025-10-29,148,Chegutu,CHEGUTU USD PETROL,2042.7631578947353,3105.0
2025-10-29,148,Chegutu,CHE-RUBIA SX SAE40 500ML,3.0,9.0
2025-10-29,148,Chegutu,CHE-RUBIA TIR 7400 15W40 500ML,3.0,9.0
2025-10-29,148,Chegutu,CHE-RUBIA TIR 7400 SAE 15W40 5L,2.0,50.0
2025-10-29,149,Turnpike,TURNPIKE BULK DIESEL USD,1010.8108108108108,1496.0
2025-10-29,149,Turnpike,TURNPIKE USD DIESEL,1299.9999999999998,1950.0
2025-10-29,149,Turnpike,TURNPIKE USD PETROL,1531.578947368421,2328.0
2025-10-29,149,Turnpike,TUR-QUARTZ 5000 20W50 500ML,1.0,3.0
2025-10-29,149,Turnpike,TUR-RACE BRAKEFLUID DOT4+ 500ML,1.0,4.0
2025-10-29,149,Turnpike,TUR-RUBIA SX SAE40 500ML,1.0,3.0
2025-10-29,150,Mutare One Stop,MUTARE ONE STOP DIESEL,1475.013698630137,2153.52
2025-10-29,150,Mutare One Stop,MUTARE ONE STOP PETROL,1231.168918918919,1822.13
2025-10-29,82,Runiville,RUNIVILLE BULK DIESEL USD,101.35135135135135,150.0
2025-10-29,82,Runiville,RUNIVILLE USD DIESEL,615.4362416107383,917.0
2025-10-29,82,Runiville,RUNIVILLE USD PETROL,536.8421052631579,816.0
2025-10-29,82,Runiville,RUN-QUARTZ 9000 SAE 5W40 500ML,3.0,15.0
2025-10-29,82,Runiville,RUN-QUARTZ 9000 SAE 5W40 5L,2.0,60.0
2025-10-29,84,Avondale,AVONDALE USD DIESEL,463.5135135135135,686.0
2025-10-29,84,Avondale,AVONDALE USD PETROL,569.7368421052631,866.0
2025-10-29,86,Charter,CHA-QUARTZ 4X4 15W40 500ML,2.0,6.0
2025-10-29,86,Charter,CHARTER BULK/TAXI DIESEL ,3722.9931506849316,5435.57
2025-10-29,86,Charter,CHARTER USD DIESEL,882.8175675675675,1306.57
2025-10-29,86,Charter,CHARTER USD PETROL,1757.2352941176464,2688.57
2025-10-29,88,Seke,SEKE USD DIESEL,2205.405405405406,3264.0
2025-10-29,88,Seke,SEKE USD PETROL,2526.666666666667,3790.0
2025-10-29,92,Msasa,MSASA BULK DIESEL,1062.0,1593.0
2025-10-29,92,Msasa,MSASA USD DIESEL,965.1612903225808,1496.0
2025-10-29,92,Msasa,MSASA USD PETROL,966.4516129032256,1498.0
2025-10-29,96,Samora,SAMORA USD DIESEL,62.913907284768214,95.0
2025-10-29,96,Samora,SAMORA USD PETROL,423.02631578947364,643.0
2025-10-29,96,Samora,SAMORA USD TAXI DIESEL ,66.44295302013423,99.0
2025-10-29,96,Samora,SAM-SWIFTEX BATTERY 650C,0.8125,130.0
2025-10-29,98,Roadport,ROADPORT USD DIESEL,740.1315789473683,1125.0
2025-10-29,98,Roadport,ROADPORT USD DIESEL BUS,1276.3513513513515,1889.0
2025-10-29,98,Roadport,ROAPORT USD PETROL,3672.8636363636365,5656.21
2025-10-30,102,Kirkman,KIR-FLUIDMATIC DIII MV 500ML,4.0,12.0
2025-10-30,102,Kirkman,KIRKMAN BULK DIESEL USD,160.0,232.0
2025-10-30,102,Kirkman,KIRKMAN USD DIESEL,762.4161073825504,1136.0
2025-10-30,102,Kirkman,KIRKMAN USD PETROL,384.2105263157895,584.0
2025-10-30,102,Kirkman,KIR-RUBIA SX SAE40 500ML,3.0,9.0
2025-10-30,110,Mutare Green Market,MUTARE GREEN MARKET BULK DIESEL,1150.0,1656.0
2025-10-30,110,Mutare Green Market,MUTARE GREENMARKET USD DIESEL,771.5068493150685,1126.4
2025-10-30,110,Mutare Green Market,MUTARE GREENMARKET USD PETROL,780.9391891891892,1155.79
2025-10-30,112,Marondera,MARONDERA USD DIESEL,694.5205479452055,1014.0
2025-10-30,112,Marondera,MARONDERA USD PETROL,788.6666666666666,1183.0
2025-10-30,114,Kadoma,KADOMA USD BULK DIESEL ,933.3333333333334,1372.0
2025-10-30,114,Kadoma,KADOMA USD DIESEL,20.27027027027027,30.0
2025-10-30,114,Kadoma,KAD-QUARTZ 3000 SG 20W50 500ML,4.0,12.0
2025-10-30,121,Gweru,GWERU BULK DIESEL USD,3174.0,4665.78
2025-10-30,121,Gweru,GWERU USD DIESEL,3150.672162162161,4662.99
2025-10-30,121,Gweru,GWERU USD PETROL,1665.422450331126,2514.78
2025-10-30,123,Fife Street,FIFE USD DIESEL,2159.4594594594596,3196.0
2025-10-30,123,Fife Street,FIFE USD PETROL,1673.6842105263158,2544.0
2025-10-30,125,Fort Street,FORT STR BULK DIESEL USD,978.2312925170069,1438.0
2025-10-30,125,Fort Street,FORT USD DIESEL,416.48648648648646,616.4
2025-10-30,125,Fort Street,FORT USD PETROL,515.1315789473684,783.0
2025-10-30,127,Mpopoma,MPOPOMA BULK DIESEL USD,1495.9183673469388,2199.0
2025-10-30,127,Mpopoma,MPOPOMA USD DIESEL,1001.3513513513515,1482.0
2025-10-30,127,Mpopoma,MPOPOMA USD PETROL,980.2631578947369,1490.0
2025-10-30,129,Khami,KHAMI BULK DIESEL USD,851.7006802721088,1252.0
2025-10-30,129,Khami,KHAMI USD DIESEL,925.6756756756757,1370.0
2025-10-30,129,Khami,KHAMI USD PETROL,787.578947368421,1197.12
2025-10-30,129,Khami,KHA-RACE BRAKEFLUID DOT4+ 500ML,1.0,4.0
2025-10-30,131,R Mugabe,R MUGABE USD DIESEL,1660.6666666666667,2491.0
2025-10-30,131,R Mugabe,R MUGABE USD PETROL,1338.157894736842,2034.0
2025-10-30,135,Cripps,CRIPPS BULK DIESEL USD,993.103448275862,1440.0
2025-10-30,135,Cripps,CRIPPS DIESEL USD,1475.3424657534247,2154.0
2025-10-30,135,Cripps,CRIPPS PETROL USD,1692.5675675675677,2505.0
2025-10-30,135,Cripps,CRI-QUARTZ 4X4 15W40 500ML,2.0,6.0
2025-10-30,135,Cripps,CRI-RUBIA TIR 7400 15W40 500ML,1.0,3.0
2025-10-30,140,Mutare Second Street,MUTARE SECOND USD DIESEL,337.67123287671234,493.0
2025-10-30,140,Mutare Second Street,MUTARE SECOND USD PETROL,354.7297297297297,525.0
2025-10-30,141,Troutbeck,TRO-FLUIDMATIC DIII MV 500ML,1.0,3.0
2025-10-30,141,Troutbeck,TRO-NEPTUNA 2T SUPER SPORT 500ML,25.0,100.0
2025-10-30,141,Troutbeck,TRO-QUARTZ 5000 20W50 500ML,3.0,9.0
2025-10-30,141,Troutbeck,TRO-RUBIA SX SAE40 500ML,3.0,9.0
2025-10-30,141,Troutbeck,TRO-RUBIA TIR 7400 15W40 500ML,5.0,15.0
2025-10-30,141,Troutbeck,TROUTBECK BULK DIESEL ,1700.0,2533.0
2025-10-30,141,Troutbeck,TROUTBECK USD DIESEL,730.9210526315788,1111.0
2025-10-30,141,Troutbeck,TROUTBECK USD PETROL,1146.7532467532467,1766.0
2025-10-30,145,Sunway City,SUNWAY BULK DIESEL USD,777.8918918918919,1151.28
2025-10-30,145,Sunway City,SUNWAY USD DIESEL,1932.6666666666663,2899.0
2025-10-30,145,Sunway City,SUNWAY USD PETROL,2747.3684210526317,4176.0
2025-10-30,146,Banket,BANKET BULK DIESEL USD,951.0268707482994,1398.0
2025-10-30,146,Banket,BANKET USD DIESEL,1468.0000000000002,2202.0
2025-10-30,146,Banket,BANKET USD PETROL,2671.428571428571,4114.0
2025-10-30,146,Banket,BAN-NEPTUNA 2T SUPER SPORT 500ML,2.0,8.0
2025-10-30,146,Banket,BAN-QUARTZ 5000 20W50 5L,1.0,22.0
2025-10-30,146,Banket,BAN-RUBIA SX SAE40 500ML,1.0,3.0
2025-10-30,146,Banket,BAN-RUBIA TIR 7400 SAE 15W40 5L,1.0,25.0
2025-10-30,147,Chinhoyi Main,CHINHOYI BULK DIESEL USD,1718.7919463087248,2561.0
2025-10-30,147,Chinhoyi Main,CHINHOYI MAIN USD DIESEL,1699.3377483443714,2566.0
2025-10-30,147,Chinhoyi Main,CHINHOYI MAIN USD PETROL,5852.941176470589,8955.0
2025-10-30,147,Chinhoyi Main,CHI-QUARTZ 5000 20W50 500ML,1.0,3.0
2025-10-30,147,Chinhoyi Main,CHI-QUARTZ 5000 20W50 5L,1.0,22.0
2025-10-30,148,Chegutu,CHE-FLUIDMATIC DIII MV 500ML,1.0,3.0
2025-10-30,148,Chegutu,CHEGUTU BULK DIESEL USD,583.6734693877552,858.0
2025-10-30,148,Chegutu,CHEGUTU USD DIESEL,1054.3624161073826,1571.0
2025-10-30,148,Chegutu,CHEGUTU USD PETROL,1826.3157894736835,2776.0
2025-10-30,148,Chegutu,CHE-NEPTUNA 2T SUPER SPORT 500ML,1.0,4.0
2025-10-30,149,Turnpike,TUR-NEPTUNA 2T SUPER SPORT 500ML,2.0,8.0
2025-10-30,149,Turnpike,TURNPIKE BULK DIESEL USD,2494.189189189189,3691.4
2025-10-30,149,Turnpike,TURNPIKE USD DIESEL,1500.6666666666667,2251.0
2025-10-30,149,Turnpike,TURNPIKE USD PETROL,978.9473684210525,1488.0
2025-10-30,149,Turnpike,TUR-QUARTZ 5000 20W50 500ML,2.0,6.0
2025-10-30,149,Turnpike,TUR-RACE BRAKEFLUID DOT4+ 500ML,1.0,4.0
2025-10-30,150,Mutare One Stop,MUTARE ONE STOP DIESEL,1011.4383561643837,1476.7
2025-10-30,150,Mutare One Stop,MUTARE ONE STOP PETROL,1791.0945945945944,2650.82
2025-10-30,82,Runiville,RUN-FLUIDMATIC DIII MV 500ML,2.0,6.0
2025-10-30,82,Runiville,RUNIVILLE USD DIESEL,224.16107382550337,334.0
2025-10-30,82,Runiville,RUNIVILLE USD PETROL,515.7894736842105,784.0
2025-10-30,82,Runiville,RUN-QUARTZ 5000 20W50 500ML,4.0,12.0
2025-10-30,82,Runiville,RUN-QUARTZ 5000 20W50 5L,1.0,22.0
2025-10-30,82,Runiville,RUN-QUARTZ 9000 SAE 5W40 500ML,1.0,5.0
2025-10-30,82,Runiville,RUN-RACE BRAKEFLUID DOT4+ 500ML,1.0,4.0
2025-10-30,84,Avondale,AVONDALE USD DIESEL,406.0810810810811,601.0
2025-10-30,84,Avondale,AVONDALE USD PETROL,728.9473684210525,1108.0
2025-10-30,86,Charter,CHA-QUARTZ 9000 SAE 5W40 500ML,1.0,5.0
2025-10-30,86,Charter,CHA-QUARTZ 9000 SAE 5W40 5L,1.0,30.0
2025-10-30,86,Charter,CHARTER BULK/TAXI DIESEL ,3608.219178082192,5268.0
2025-10-30,86,Charter,CHARTER USD DIESEL,543.2432432432432,804.0
2025-10-30,86,Charter,CHARTER USD PETROL,1525.4901960784314,2334.0
2025-10-30,86,Charter,CHA-RUBIA SX SAE40 500ML,2.0,6.0
2025-10-30,88,Seke,SEKE DIESEL BULK,280.13698630136986,409.0
2025-10-30,88,Seke,SEKE USD DIESEL,1789.8648648648648,2649.0
2025-10-30,88,Seke,SEKE USD PETROL,2134.6666666666665,3202.0
2025-10-30,88,Seke,SEK-NEPTUNA 2T SUPER SPORT 500ML,1.0,4.0
2025-10-30,88,Seke,SEK-QUARTZ 5000 20W50 500ML,3.0,9.0
2025-10-30,88,Seke,SEK-RUBIA TIR 7400 15W40 500ML,1.0,3.0
2025-10-30,92,Msasa,MSASA BULK DIESEL,708.6666666666667,1063.0
2025-10-30,92,Msasa,MSASA USD DIESEL,856.1290322580645,1327.0
2025-10-30,92,Msasa,MSASA USD PETROL,968.3870967741937,1501.0
2025-10-30,96,Samora,SAMORA USD DIESEL,347.682119205298,525.0
2025-10-30,96,Samora,SAMORA USD PETROL,1283.5526315789473,1951.0
2025-10-30,96,Samora,SAMORA USD TAXI DIESEL ,98.65771812080537,147.0
2025-10-30,96,Samora,SAM-RUBIA SX SAE40 500ML,1.0,3.0
2025-10-30,98,Roadport,ROADPORT USD DIESEL,555.2631578947368,844.0
2025-10-30,98,Roadport,ROADPORT USD DIESEL BUS,1658.6621621621623,2454.82
2025-10-30,98,Roadport,ROAPORT USD PETROL,3233.818181818182,4980.08
2025-10-31,102,Kirkman,KIRKMAN BULK DIESEL USD,275.17241379310343,399.0
2025-10-31,102,Kirkman,KIRKMAN USD DIESEL,2403.3557046979868,3581.0
2025-10-31,102,Kirkman,KIRKMAN USD PETROL,463.81578947368416,705.0
2025-10-31,110,Mutare Green Market,MUTARE GREEN MARKET BULK DIESEL,976.388888888889,1406.0
2025-10-31,110,Mutare Green Market,MUTARE GREENMARKET USD DIESEL,1124.5958904109589,1641.91
2025-10-31,110,Mutare Green Market,MUTARE GREENMARKET USD PETROL,2783.8108108108104,4120.04
2025-10-31,112,Marondera,MARONDERA USD DIESEL,581.6575342465753,849.22
2025-10-31,112,Marondera,MARONDERA USD PETROL,2258.2066666666665,3387.31
2025-10-31,114,Kadoma,KADOMA USD BULK DIESEL ,316.32653061224494,465.0
2025-10-31,114,Kadoma,KADOMA USD DIESEL,1581.7567567567567,2341.0
2025-10-31,114,Kadoma,KADOMA USD PETROL,3370.8609271523173,5090.0
2025-10-31,121,Gweru,GWE-PROSYLVA 2 STROKE 200ML,1.0,2.0
2025-10-31,121,Gweru,GWE-QUARTZ 4X4 15W40 500ML,1.0,3.0
2025-10-31,121,Gweru,GWE-RUBIA TIR 7400 15W40 500ML,1.0,3.0
2025-10-31,121,Gweru,GWERU BULK DIESEL USD,780.0,1146.59
2025-10-31,121,Gweru,GWERU USD DIESEL,3391.658011971703,5019.85
2025-10-31,121,Gweru,GWERU USD PETROL,1449.9339735099338,2189.4
2025-10-31,123,Fife Street,FIFE USD DIESEL,653.3783783783783,967.0
2025-10-31,123,Fife Street,FIFE USD PETROL,1315.1315789473686,1999.0
2025-10-31,125,Fort Street,FOR-FLUIDMATIC DIII MV 500ML,1.0,3.0
2025-10-31,125,Fort Street,FOR-QUARTZ 3000 SG 20W50 5L,1.0,18.0
2025-10-31,125,Fort Street,FOR-RACE BRAKEFLUID DOT4+ 500ML,1.0,4.0
2025-10-31,125,Fort Street,FOR-RUBIA SX SAE40 500ML,3.0,9.0
2025-10-31,125,Fort Street,FOR-RUBIA TIR 7400 15W40 500ML,1.0,3.0
2025-10-31,125,Fort Street,FORT STR BULK DIESEL USD,976.5245578231293,1435.49
2025-10-31,125,Fort Street,FORT USD DIESEL,878.3783783783783,1300.0
2025-10-31,125,Fort Street,FORT USD PETROL,1308.125,1988.35
2025-10-31,127,Mpopoma,MPOPOMA BULK DIESEL USD,1241.496598639456,1825.0
2025-10-31,127,Mpopoma,MPOPOMA USD DIESEL,713.5135135135135,1056.0
2025-10-31,127,Mpopoma,MPOPOMA USD PETROL,1222.3684210526317,1858.0
2025-10-31,129,Khami,KHAMI USD DIESEL,2686.4864864864862,3976.0
2025-10-31,129,Khami,KHAMI USD PETROL,1005.2631578947368,1528.0
2025-10-31,131,R Mugabe,R MUGABE USD DIESEL,2030.6666666666667,3046.0
2025-10-31,135,Cripps,CRIPPS BULK DIESEL USD,1437.9310344827586,2085.0
2025-10-31,135,Cripps,CRIPPS DIESEL USD,1728.7671232876717,2524.0
2025-10-31,135,Cripps,CRIPPS PETROL USD,1990.5405405405406,2946.0
2025-10-31,135,Cripps,CRI-RUBIA SX SAE40 500ML,1.0,3.0
2025-10-31,140,Mutare Second Street,MUTARE SECOND USD DIESEL,1211.6438356164388,1769.0
2025-10-31,140,Mutare Second Street,MUTARE SECOND USD PETROL,1172.9729729729725,1736.0
2025-10-31,141,Troutbeck,TRO-NEPTUNA 2T SUPER SPORT 500ML,3.0,12.0
2025-10-31,141,Troutbeck,TRO-QUARTZ 5000 20W50 500ML,2.0,6.0
2025-10-31,141,Troutbeck,TRO-RUBIA SX SAE40 500ML,1.0,3.0
2025-10-31,141,Troutbeck,TRO-RUBIA TIR 7400 SAE 15W40 5L,1.0,25.0
2025-10-31,141,Troutbeck,TROUTBECK BULK DIESEL ,888.4563758389262,1323.8
2025-10-31,141,Troutbeck,TROUTBECK USD DIESEL,1653.9473684210525,2514.0
2025-10-31,141,Troutbeck,TROUTBECK USD PETROL,1333.116883116883,2053.0
2025-10-31,145,Sunway City,SUNWAY BULK DIESEL USD,1727.702702702703,2557.0
2025-10-31,145,Sunway City,SUNWAY USD DIESEL,3144.666666666667,4717.0
2025-10-31,145,Sunway City,SUNWAY USD PETROL,3262.5,4959.0
2025-10-31,146,Banket,BANKET BULK DIESEL USD,1319.33,1939.4
2025-10-31,146,Banket,BANKET USD DIESEL,1115.3333333333333,1673.0
2025-10-31,146,Banket,BANKET USD PETROL,2168.831168831169,3340.0
2025-10-31,146,Banket,BAN-RUBIA SX SAE40 500ML,1.0,3.0
2025-10-31,147,Chinhoyi Main,CHI-NEPTUNA 2T SUPER SPORT 500ML,2.0,8.0
2025-10-31,147,Chinhoyi Main,CHINHOYI BULK DIESEL USD,3025.503355704698,4508.0
2025-10-31,147,Chinhoyi Main,CHINHOYI MAIN USD DIESEL,141.72185430463574,214.0
2025-10-31,147,Chinhoyi Main,CHINHOYI MAIN USD PETROL,676.4705882352941,1035.0
2025-10-31,147,Chinhoyi Main,CHI-RUBIA SX SAE40 500ML,4.0,12.0
2025-10-31,148,Chegutu,CHEGUTU BULK DIESEL USD,1022.2972972972973,1513.0
2025-10-31,148,Chegutu,CHEGUTU USD DIESEL,971.8120805369127,1448.0
2025-10-31,148,Chegutu,CHEGUTU USD PETROL,2450.0,3724.0
2025-10-31,149,Turnpike,TUR-FLUIDMATIC DIII MV 500ML,1.0,3.0
2025-10-31,149,Turnpike,TURNPIKE BULK DIESEL USD,1233.33,1825.32
2025-10-31,149,Turnpike,TURNPIKE USD DIESEL,1571.9646799117,2372.0
2025-10-31,149,Turnpike,TURNPIKE USD PETROL,1560.1952184382526,2387.0
2025-10-31,149,Turnpike,TUR-QUARTZ 5000 20W50 500ML,2.0,6.0
2025-10-31,149,Turnpike,TUR-RUBIA TIR 7400 15W40 500ML,3.0,9.0
2025-10-31,150,Mutare One Stop,MUTARE ONE STOP DIESEL,1684.2602739726026,2459.02
2025-10-31,150,Mutare One Stop,MUTARE ONE STOP PETROL,1855.4121621621623,2746.01
2025-10-31,82,Runiville,RUN-FLUIDMATIC CVT MV 1L,7.0,70.0
2025-10-31,82,Runiville,RUNIVILLE BULK DIESEL USD,114.86486486486487,170.0
2025-10-31,82,Runiville,RUNIVILLE USD DIESEL,285.23489932885906,425.0
2025-10-31,82,Runiville,RUNIVILLE USD PETROL,609.8684210526316,927.0
2025-10-31,82,Runiville,RUN-QUARTZ 3000 SG 20W50 500ML,2.0,6.0
2025-10-31,82,Runiville,RUN-QUARTZ 9000 SAE 5W40 5L,2.0,60.0
2025-10-31,84,Avondale,AVONDALE USD DIESEL,1515.7763468166154,2258.0
2025-10-31,84,Avondale,AVONDALE USD PETROL,795.4342105263157,1209.06
2025-10-31,86,Charter,CHARTER BULK/TAXI DIESEL ,3856.849315068493,5631.0
2025-10-31,86,Charter,CHARTER USD DIESEL,648.6486486486486,960.0
2025-10-31,86,Charter,CHARTER USD PETROL,1366.9607843137253,2091.45
2025-10-31,88,Seke,SEKE DIESEL BULK,1080.13698630137,1577.0
2025-10-31,88,Seke,SEKE USD DIESEL,1825.6756756756752,2702.0
2025-10-31,88,Seke,SEKE USD PETROL,2341.48,3512.22
2025-10-31,88,Seke,SEK-QUARTZ 4X4 15W40 500ML,1.0,3.0
2025-10-31,92,Msasa,MSA-RUBIA TIR 7400 15W40 500ML,2.0,6.0
2025-10-31,92,Msasa,MSASA BULK DIESEL,1176.0,1764.0
2025-10-31,92,Msasa,MSASA USD DIESEL,1033.5483870967741,1602.0
2025-10-31,92,Msasa,MSASA USD PETROL,912.6451612903226,1414.59
2025-10-31,96,Samora,SAMORA USD DIESEL,358.27814569536423,541.0
2025-10-31,96,Samora,SAMORA USD PETROL,1029.6052631578946,1565.0
2025-10-31,96,Samora,SAMORA USD TAXI DIESEL ,33.557046979865774,50.0
2025-10-31,98,Roadport,ROADPORT USD DIESEL,1276.2388926862604,1948.0
2025-10-31,98,Roadport,ROADPORT USD DIESEL BUS,1569.349718846363,2332.0
2025-10-31,98,Roadport,ROAPORT USD PETROL,4315.638877251782,6664.0
2025-11-01,102,Kirkman,KIRKMAN BULK DIESEL USD,448.2758620689655,650.0
2025-11-01,102,Kirkman,KIRKMAN USD DIESEL,5778.523489932884,8610.0
2025-11-01,102,Kirkman,KIRKMAN USD PETROL,1415.131578947368,2151.0
2025-11-01,110,Mutare Green Market,MUTARE GREEN MARKET BULK DIESEL,800.0,1152.0
2025-11-01,110,Mutare Green Market,MUTARE GREENMARKET USD DIESEL,781.6986301369864,1141.27
2025-11-01,110,Mutare Green Market,MUTARE GREENMARKET USD PETROL,2285.9189189189187,3383.16
2025-11-01,112,Marondera,MAR-FLUIDMATIC CVT MV 1L,1.0,10.0
2025-11-01,112,Marondera,MARONDERA USD DIESEL,303.4246575342466,443.0
2025-11-01,112,Marondera,MARONDERA USD PETROL,2607.333333333333,3911.0
2025-11-01,114,Kadoma,KAD-FLUIDMATIC CVT MV 1L,2.0,20.0
2025-11-01,114,Kadoma,KADOMA USD BULK DIESEL ,1320.408163265306,1941.0
2025-11-01,114,Kadoma,KADOMA USD DIESEL,731.7567567567568,1083.0
2025-11-01,114,Kadoma,KADOMA USD PETROL,1991.390728476821,3007.0
2025-11-01,114,Kadoma,KAD-RUBIA TIR 7400 SAE 15W40 5L,1.0,25.0
2025-11-01,121,Gweru,GWE-QUARTZ 3000 SG 20W50 500ML,2.0,6.0
2025-11-01,121,Gweru,GWERU BULK DIESEL USD,2292.0,3369.24
2025-11-01,121,Gweru,GWERU USD DIESEL,3748.3644966442953,5585.06
2025-11-01,121,Gweru,GWERU USD PETROL,1798.5394736842104,2733.78
2025-11-01,123,Fife Street,FIFE USD DIESEL,1005.4054054054054,1488.0
2025-11-01,123,Fife Street,FIFE USD PETROL,1409.8684210526314,2143.0
2025-11-01,125,Fort Street,FOR-RUBIA SX SAE40 500ML,2.0,6.0
2025-11-01,125,Fort Street,FORT STR BULK DIESEL USD,697.9591836734694,1026.0
2025-11-01,125,Fort Street,FORT USD DIESEL,1221.6216216216217,1808.0
2025-11-01,125,Fort Street,FORT USD PETROL,1080.2631578947369,1642.0
2025-11-01,127,Mpopoma,MPOPOMA BULK DIESEL USD,2257.8231292517007,3319.0
2025-11-01,127,Mpopoma,MPOPOMA USD DIESEL,978.3783783783784,1448.0
2025-11-01,127,Mpopoma,MPOPOMA USD PETROL,561.8421052631579,854.0
2025-11-01,129,Khami,KHAMI BULK DIESEL USD,450.3401360544218,662.0
2025-11-01,129,Khami,KHAMI USD DIESEL,1052.7027027027027,1558.0
2025-11-01,129,Khami,KHAMI USD PETROL,898.6842105263157,1366.0
2025-11-01,131,R Mugabe,R MUGABE USD DIESEL,1486.6666666666665,2230.0
2025-11-01,131,R Mugabe,R MUGABE USD PETROL,218.83116883116884,337.0
2025-11-01,135,Cripps,CRIPPS BULK DIESEL USD,2755.179310344828,3995.0
2025-11-01,135,Cripps,CRIPPS DIESEL USD,582.1917808219177,850.0
2025-11-01,135,Cripps,CRIPPS PETROL USD,1968.2432432432433,2913.0
2025-11-01,140,Mutare Second Street,MUTARE SECOND USD BULK DIESEL,691.6666666666667,996.0
2025-11-01,140,Mutare Second Street,MUTARE SECOND USD DIESEL,557.5342465753425,814.0
2025-11-01,140,Mutare Second Street,MUTARE SECOND USD PETROL,1137.8378378378377,1684.0
2025-11-01,141,Troutbeck,TRO-QUARTZ 9000 SAE 5W40 5L,1.0,30.0
2025-11-01,141,Troutbeck,TRO-RACE BRAKEFLUID DOT4+ 500ML,1.0,4.0
2025-11-01,141,Troutbeck,TRO-RUBIA SX SAE40 500ML,1.0,3.0
2025-11-01,141,Troutbeck,TROUTBECK BULK DIESEL ,585.5,872.39
2025-11-01,141,Troutbeck,TROUTBECK USD DIESEL,1783.5526315789475,2711.0
2025-11-01,141,Troutbeck,TROUTBECK USD PETROL,2885.064935064935,4443.0
2025-11-01,145,Sunway City,SUNWAY BULK DIESEL USD,534.7297297297298,791.4
2025-11-01,145,Sunway City,SUNWAY USD DIESEL,2406.666666666667,3610.0
2025-11-01,145,Sunway City,SUNWAY USD PETROL,4452.631578947368,6768.0
2025-11-01,146,Banket,BAN-FLUIDMATIC CVT MV 1L,1.0,10.0
2025-11-01,146,Banket,BANKET BULK DIESEL USD,2806.2198639455783,4125.14
2025-11-01,146,Banket,BANKET USD PETROL,3126.6233766233763,4815.0
2025-11-01,146,Banket,BAN-NEPTUNA 2T SUPER SPORT 500ML,1.0,4.0
2025-11-01,146,Banket,BAN-RUBIA SX SAE40 500ML,2.0,6.0
2025-11-01,147,Chinhoyi Main,CHINHOYI BULK DIESEL USD,1500.0,2235.0
2025-11-01,147,Chinhoyi Main,CHINHOYI MAIN USD DIESEL,608.6092715231789,919.0
2025-11-01,147,Chinhoyi Main,CHINHOYI MAIN USD PETROL,5976.470588235294,9144.0
2025-11-01,147,Chinhoyi Main,CHI-RUBIA SX SAE40 500ML,4.0,12.0
2025-11-01,148,Chegutu,CHEGUTU BULK DIESEL USD,959.4594594594595,1420.0
2025-11-01,148,Chegutu,CHEGUTU USD DIESEL,1238.9261744966443,1846.0
2025-11-01,148,Chegutu,CHEGUTU USD PETROL,2221.710526315789,3377.0
2025-11-01,149,Turnpike,TUR-FLUIDMATIC CVT MV 1L,1.0,10.0
2025-11-01,149,Turnpike,TURNPIKE BULK DIESEL USD,763.6241610738255,1137.78
2025-11-01,149,Turnpike,TURNPIKE USD DIESEL,1456.2913907284767,2199.0
2025-11-01,149,Turnpike,TURNPIKE USD PETROL,1390.8496732026142,2128.0
2025-11-01,149,Turnpike,TUR-QUARTZ 9000 SAE 5W40 500ML,1.0,5.0
2025-11-01,149,Turnpike,TUR-RUBIA TIR 7400 15W40 500ML,4.0,12.0
2025-11-01,150,Mutare One Stop,MUTARE ONE STOP DIESEL,1556.164383561644,2272.0
2025-11-01,150,Mutare One Stop,MUTARE ONE STOP PETROL,1916.8918918918916,2837.0
2025-11-01,82,Runiville,RUNIVILLE USD DIESEL,123.48993288590604,184.0
2025-11-01,82,Runiville,RUNIVILLE USD PETROL,417.7631578947369,635.0
2025-11-01,82,Runiville,RUN-QUARTZ 9000 SAE 5W40 5L,1.0,30.0
2025-11-01,82,Runiville,RUN-RACE BRAKEFLUID DOT4+ 500ML,1.0,4.0
2025-11-01,84,Avondale,AVONDALE USD DIESEL,374.6040268456376,558.16
2025-11-01,84,Avondale,AVONDALE USD PETROL,425.0,646.0
2025-11-01,86,Charter,CHARTER BULK/TAXI DIESEL ,3671.917808219179,5361.0
2025-11-01,86,Charter,CHARTER USD DIESEL,1012.1621621621623,1498.0
2025-11-01,86,Charter,CHARTER USD PETROL,1686.2745098039215,2580.0
2025-11-01,88,Seke,SEKE DIESEL BULK,298.63013698630135,436.0
2025-11-01,88,Seke,SEKE USD DIESEL,1737.8378378378375,2572.0
2025-11-01,88,Seke,SEKE USD PETROL,2928.666666666667,4393.0
2025-11-01,88,Seke,SEK-RACE BRAKEFLUID DOT4+ 500ML,1.0,4.0
2025-11-01,88,Seke,SEK-RUBIA SX SAE40 500ML,3.0,9.0
2025-11-01,92,Msasa,MSASA BULK DIESEL,2126.6666666666665,3190.0
2025-11-01,92,Msasa,MSASA USD DIESEL,341.2903225806451,529.0
2025-11-01,92,Msasa,MSASA USD PETROL,510.96774193548384,792.0
2025-11-01,96,Samora,SAMORA USD DIESEL,202.6490066225166,306.0
2025-11-01,96,Samora,SAMORA USD PETROL,1544.0789473684204,2347.0
2025-11-01,96,Samora,SAMORA USD TAXI DIESEL ,56.375838926174495,84.0
2025-11-01,98,Roadport,ROADPORT USD DIESEL,562.3376623376622,866.0
2025-11-01,98,Roadport,ROADPORT USD DIESEL BUS,1566.4429530201344,2334.0
2025-11-01,98,Roadport,ROAPORT USD PETROL,2172.9032258064517,3368.0
2025-11-02,102,Kirkman,KIRKMAN USD DIESEL,476.510067114094,710.0
2025-11-02,102,Kirkman,KIRKMAN USD PETROL,550.0,836.0
2025-11-02,102,Kirkman,KIR-MULTIS EP 2 500G,1.0,7.0
2025-11-02,110,Mutare Green Market,MUTARE GREEN MARKET BULK DIESEL,763.0,1098.72
2025-11-02,110,Mutare Green Market,MUTARE GREENMARKET USD DIESEL,1100.445205479452,1606.65
2025-11-02,110,Mutare Green Market,MUTARE GREENMARKET USD PETROL,2094.5945945945946,3100.0
2025-11-02,112,Marondera,MARONDERA USD DIESEL,554.1095890410959,809.0
2025-11-02,112,Marondera,MARONDERA USD PETROL,2182.6666666666665,3274.0
2025-11-02,114,Kadoma,KADOMA USD DIESEL,914.8648648648649,1354.0
2025-11-02,114,Kadoma,KADOMA USD PETROL,1372.1854304635758,2072.0
2025-11-02,121,Gweru,GWE-QUARTZ 4X4 15W40 500ML,2.0,6.0
2025-11-02,121,Gweru,GWE-QUARTZ 9000 SAE 5W40 500ML,3.0,15.0
2025-11-02,121,Gweru,GWE-RACE BRAKEFLUID DOT4+ 500ML,1.0,4.0
2025-11-02,121,Gweru,GWERU BULK DIESEL USD,1019.9076190476192,1499.26
2025-11-02,121,Gweru,GWERU USD DIESEL,844.136644295302,1257.76
2025-11-02,121,Gweru,GWERU USD PETROL,1860.8215789473682,2828.44
2025-11-02,123,Fife Street,FIFE USD DIESEL,1467.5675675675677,2172.0
2025-11-02,123,Fife Street,FIFE USD PETROL,1840.7894736842104,2798.0
2025-11-02,125,Fort Street,FOR-RUBIA SX SAE40 500ML,1.0,3.0
2025-11-02,125,Fort Street,FORT STR BULK DIESEL USD,1777.7331972789116,2613.26
2025-11-02,125,Fort Street,FORT USD DIESEL,393.91891891891885,583.0
2025-11-02,125,Fort Street,FORT USD PETROL,543.421052631579,826.0
2025-11-02,127,Mpopoma,MPOPOMA BULK DIESEL USD,706.1224489795918,1038.0
2025-11-02,127,Mpopoma,MPOPOMA USD DIESEL,1029.0540540540542,1523.0
2025-11-02,127,Mpopoma,MPOPOMA USD PETROL,10.526315789473683,16.0
2025-11-02,127,Mpopoma,MPO-RACE BRAKEFLUID DOT4+ 500ML,1.0,4.0
2025-11-02,127,Mpopoma,MPO-RUBIA SX SAE40 500ML,4.0,12.0
2025-11-02,129,Khami,KHAMI BULK DIESEL USD,1238.095238095238,1820.0
2025-11-02,129,Khami,KHAMI USD DIESEL,229.72972972972974,340.0
2025-11-02,129,Khami,KHAMI USD PETROL,657.2368421052631,999.0
2025-11-02,131,R Mugabe,R MUGABE USD DIESEL,616.0,924.0
2025-11-02,131,R Mugabe,R MUGABE USD PETROL,1157.142857142857,1782.0
2025-11-02,135,Cripps,CRIPPS BULK DIESEL USD,3240.0,4698.0
2025-11-02,135,Cripps,CRIPPS DIESEL USD,1484.9999999999998,2168.1
2025-11-02,135,Cripps,CRIPPS PETROL USD,1944.5945945945946,2878.0
2025-11-02,140,Mutare Second Street,MUTARE SECOND USD DIESEL,510.2739726027397,745.0
2025-11-02,140,Mutare Second Street,MUTARE SECOND USD PETROL,844.5945945945946,1250.0
2025-11-02,141,Troutbeck,TRO-FLUIDMATIC DIII MV 500ML,1.0,3.0
2025-11-02,141,Troutbeck,TRO-NEPTUNA 2T SUPER SPORT 500ML,3.0,12.0
2025-11-02,141,Troutbeck,TRO-RUBIA SX SAE40 500ML,2.0,6.0
2025-11-02,141,Troutbeck,TRO-RUBIA TIR 7400 SAE 15W40 5L,5.0,125.0
2025-11-02,141,Troutbeck,TROUTBECK BULK DIESEL ,1736.75,2587.75
2025-11-02,141,Troutbeck,TROUTBECK USD DIESEL,813.1578947368421,1236.0
2025-11-02,141,Troutbeck,TROUTBECK USD PETROL,84.41558441558442,130.0
2025-11-02,145,Sunway City,SUN-FLUIDMATIC DIII MV 500ML,2.0,6.0
2025-11-02,145,Sunway City,SUN-QUARTZ 5000 20W50 500ML,9.0,27.0
2025-11-02,145,Sunway City,SUN-RUBIA TIR 7400 15W40 500ML,1.0,3.0
2025-11-02,145,Sunway City,SUN-SWIFTEX BATTERY 668P,1.0,165.0
2025-11-02,145,Sunway City,SUNWAY BULK DIESEL USD,869.7337837837837,1287.2
2025-11-02,145,Sunway City,SUNWAY USD DIESEL,2018.6666666666665,3028.0
2025-11-02,145,Sunway City,SUNWAY USD PETROL,4326.973684210526,6577.0
2025-11-02,146,Banket,BAN-FLUIDMATIC DIII MV 500ML,2.0,6.0
2025-11-02,146,Banket,BANKET BULK DIESEL USD,1680.6339455782313,2470.53
2025-11-02,146,Banket,BANKET USD DIESEL,669.3333333333333,1004.0
2025-11-02,146,Banket,BANKET USD PETROL,2213.6363636363635,3409.0
2025-11-02,146,Banket,BAN-NEPTUNA 2T SUPER SPORT 500ML,2.0,8.0
2025-11-02,146,Banket,BAN-RACE BRAKEFLUID DOT4+ 500ML,2.0,8.0
2025-11-02,146,Banket,BAN-RUBIA SX SAE40 500ML,1.0,3.0
2025-11-02,147,Chinhoyi Main,CHINHOYI BULK DIESEL USD,3118.1208053691275,4646.0
2025-11-02,147,Chinhoyi Main,CHINHOYI MAIN USD DIESEL,218.54304635761588,330.0
2025-11-02,147,Chinhoyi Main,CHINHOYI MAIN USD PETROL,2393.4640522875816,3662.0
2025-11-02,147,Chinhoyi Main,CHI-QUARTZ 5000 20W50 5L,1.0,22.0
2025-11-02,148,Chegutu,CHEGUTU BULK DIESEL USD,568.2432432432432,841.0
2025-11-02,148,Chegutu,CHEGUTU USD DIESEL,1120.8053691275165,1670.0
2025-11-02,148,Chegutu,CHEGUTU USD PETROL,1788.8157894736835,2719.0
2025-11-02,149,Turnpike,TURNPIKE BULK DIESEL USD,120.80536912751678,180.0
2025-11-02,149,Turnpike,TURNPIKE USD DIESEL,1375.3178807947018,2076.73
2025-11-02,149,Turnpike,TURNPIKE USD PETROL,3434.0,5254.02
2025-11-02,149,Turnpike,TUR-QUARTZ 4X4 15W40 500ML,1.0,3.0
2025-11-02,149,Turnpike,TUR-QUARTZ 5000 20W50 500ML,4.0,12.0
2025-11-02,149,Turnpike,TUR-QUARTZ 9000 SAE 5W40 500ML,2.0,10.0
2025-11-02,149,Turnpike,TUR-RUBIA TIR 7400 15W40 500ML,2.0,6.0
2025-11-02,150,Mutare One Stop,MUTARE ONE STOP DIESEL,724.6575342465753,1058.0
2025-11-02,150,Mutare One Stop,MUTARE ONE STOP PETROL,859.4594594594595,1272.0
2025-11-02,82,Runiville,RUNIVILLE BULK DIESEL USD,293.9189189189189,435.0
2025-11-02,82,Runiville,RUNIVILLE USD DIESEL,109.39597315436242,163.0
2025-11-02,82,Runiville,RUNIVILLE USD PETROL,143.42105263157896,218.0
2025-11-02,82,Runiville,RUN-QUARTZ 9000 SAE 5W40 5L,1.0,30.0
2025-11-02,84,Avondale,AVONDALE USD DIESEL,295.97315436241615,441.0
2025-11-02,84,Avondale,AVONDALE USD PETROL,653.9473684210526,994.0
2025-11-02,84,Avondale,AVO-QUARTZ 5000 20W50 500ML,1.0,3.0
2025-11-02,84,Avondale,AVO-QUARTZ 9000 SAE 5W40 500ML,3.0,15.0
2025-11-02,84,Avondale,AVO-RACE BRAKEFLUID DOT4+ 500ML,4.0,16.0
2025-11-02,86,Charter,CHARTER BULK/TAXI DIESEL ,5174.657534246575,7555.0
2025-11-02,86,Charter,CHARTER USD DIESEL,898.6486486486486,1330.0
2025-11-02,86,Charter,CHARTER USD PETROL,1820.0522875816991,2784.68
2025-11-02,88,Seke,SEKE USD DIESEL,1240.5405405405409,1836.0
2025-11-02,88,Seke,SEKE USD PETROL,2438.0,3657.0
2025-11-02,88,Seke,SEK-RUBIA SX SAE40 500ML,5.0,15.0
2025-11-02,92,Msasa,MSASA BULK DIESEL,678.6666666666666,1018.0
2025-11-02,92,Msasa,MSASA USD DIESEL,449.67741935483866,697.0
2025-11-02,92,Msasa,MSASA USD PETROL,902.5806451612902,1399.0
2025-11-02,96,Samora,SAMORA USD DIESEL,252.317880794702,381.0
2025-11-02,96,Samora,SAMORA USD PETROL,1121.7105263157896,1705.0
2025-11-02,96,Samora,SAMORA USD TAXI DIESEL ,20.13422818791946,30.0
2025-11-02,98,Roadport,ROADPORT USD DIESEL,762.3376623376622,1174.0
2025-11-02,98,Roadport,ROADPORT USD DIESEL BUS,1522.818791946309,2269.0
2025-11-02,98,Roadport,ROAPORT USD PETROL,2695.4838709677424,4178.0
2025-11-03,102,Kirkman,KIRKMAN BULK DIESEL USD,102.73972602739727,150.0
2025-11-03,102,Kirkman,KIRKMAN USD DIESEL,2510.06711409396,3740.0
2025-11-03,102,Kirkman,KIRKMAN USD PETROL,653.2894736842103,993.0
2025-11-03,102,Kirkman,KIR-QUARTZ 3000 SG 20W50 500ML,1.0,3.0
2025-11-03,110,Mutare Green Market,MUTARE GREEN MARKET BULK DIESEL,700.0,1008.0
2025-11-03,110,Mutare Green Market,MUTARE GREENMARKET USD DIESEL,782.9657534246576,1143.13
2025-11-03,110,Mutare Green Market,MUTARE GREENMARKET USD PETROL,1895.2702702702704,2805.0
2025-11-03,112,Marondera,MARONDERA USD DIESEL,529.4520547945206,773.0
2025-11-03,112,Marondera,MARONDERA USD PETROL,1983.3333333333335,2975.0
2025-11-03,114,Kadoma,KADOMA USD BULK DIESEL ,639.4557823129252,940.0
2025-11-03,114,Kadoma,KADOMA USD DIESEL,918.2432432432432,1359.0
2025-11-03,114,Kadoma,KADOMA USD PETROL,1064.9006622516556,1608.0
2025-11-03,121,Gweru,GWE-QUARTZ 3000 SG 20W50 500ML,2.0,6.0
2025-11-03,121,Gweru,GWERU BULK DIESEL USD,3585.6190476190477,5270.85
2025-11-03,121,Gweru,GWERU USD DIESEL,2834.722751677852,4223.73
2025-11-03,121,Gweru,GWERU USD PETROL,1682.7373684210527,2557.76
2025-11-03,123,Fife Street,FIFE USD DIESEL,995.9459459459459,1474.0
2025-11-03,123,Fife Street,FIFE USD PETROL,1927.6315789473686,2930.0
2025-11-03,125,Fort Street,FOR-NEPTUNA 2T SUPER SPORT 500ML,1.0,4.0
2025-11-03,125,Fort Street,FORT STR BULK DIESEL USD,960.5442176870749,1412.0
2025-11-03,125,Fort Street,FORT USD DIESEL,666.8918918918919,987.0
2025-11-03,125,Fort Street,FORT USD PETROL,1319.7368421052631,2006.0
2025-11-03,127,Mpopoma,MPOPOMA BULK DIESEL USD,2682.993197278912,3944.0
2025-11-03,127,Mpopoma,MPOPOMA USD DIESEL,744.5945945945946,1102.0
2025-11-03,127,Mpopoma,MPOPOMA USD PETROL,1191.4473684210525,1811.0
2025-11-03,127,Mpopoma,MPO-QUARTZ 9000 SAE 5W40 500ML,4.0,20.0
2025-11-03,127,Mpopoma,MPO-RUBIA SX SAE40 500ML,1.0,3.0
2025-11-03,129,Khami,KHA-FLUIDMATIC DIII MV 500ML,2.0,6.0
2025-11-03,129,Khami,KHAMI BULK DIESEL USD,200.0,294.0
2025-11-03,129,Khami,KHAMI USD DIESEL,2012.8378378378377,2979.0
2025-11-03,129,Khami,KHAMI USD PETROL,984.8684210526314,1497.0
2025-11-03,131,R Mugabe,RM-QUARTZ 9000 SAE 5W40 500ML,1.0,5.0
2025-11-03,131,R Mugabe,RM-RUBIA SX SAE40 500ML,4.0,12.0
2025-11-03,131,R Mugabe,R MUGABE USD DIESEL,934.0,1401.0
2025-11-03,131,R Mugabe,R MUGABE USD PETROL,998.7012987012987,1538.0
2025-11-03,135,Cripps,CRIPPS BULK DIESEL USD,1838.290033065659,2671.0
2025-11-03,135,Cripps,CRIPPS DIESEL USD,1361.8369035579667,2015.0
2025-11-03,135,Cripps,CRIPPS PETROL USD,2521.3063063063064,3763.8
2025-11-03,140,Mutare Second Street,MUTARE SECOND USD BULK DIESEL,885.0,1274.39
2025-11-03,140,Mutare Second Street,MUTARE SECOND USD DIESEL,819.1780821917808,1196.0
2025-11-03,140,Mutare Second Street,MUTARE SECOND USD PETROL,980.4054054054054,1451.0
2025-11-03,141,Troutbeck,TROUTBECK BULK DIESEL ,263.16,392.1
2025-11-03,141,Troutbeck,TROUTBECK USD DIESEL,819.078947368421,1245.0
2025-11-03,141,Troutbeck,TROUTBECK USD PETROL,2599.350649350649,4003.0
2025-11-03,145,Sunway City,SUN-FLUIDMATIC DIII MV 500ML,1.0,3.0
2025-11-03,145,Sunway City,SUNWAY BULK DIESEL USD,1339.1891891891892,1982.0
2025-11-03,145,Sunway City,SUNWAY USD DIESEL,2616.0,3924.0
2025-11-03,145,Sunway City,SUNWAY USD PETROL,4283.552631578947,6511.0
2025-11-03,146,Banket,BANKET BULK DIESEL USD,1370.748299319728,2015.0
2025-11-03,146,Banket,BANKET USD DIESEL,807.3333333333334,1211.0
2025-11-03,146,Banket,BANKET USD PETROL,1685.0649350649348,2595.0
2025-11-03,146,Banket,BAN-RUBIA SX SAE40 500ML,2.0,6.0
2025-11-03,147,Chinhoyi Main,CHINHOYI BULK DIESEL USD,1000.0,1490.0
2025-11-03,147,Chinhoyi Main,CHINHOYI MAIN USD DIESEL,715.8940397350993,1081.0
2025-11-03,147,Chinhoyi Main,CHINHOYI MAIN USD PETROL,3409.150326797386,5216.0
2025-11-03,148,Chegutu,CHEGUTU BULK DIESEL USD,877.7027027027027,1299.0
2025-11-03,148,Chegutu,CHEGUTU USD DIESEL,862.2818791946308,1285.0
2025-11-03,148,Chegutu,CHEGUTU USD PETROL,1792.7631578947369,2725.0
2025-11-03,149,Turnpike,TUR-FLUIDMATIC DIII MV 500ML,1.0,3.0
2025-11-03,149,Turnpike,TURNPIKE BULK DIESEL USD,250.0,372.5
2025-11-03,149,Turnpike,TURNPIKE USD DIESEL,3191.390728476821,4819.0
2025-11-03,149,Turnpike,TURNPIKE USD PETROL,3132.0261437908493,4792.0
2025-11-03,149,Turnpike,TUR-QUARTZ 4X4 15W40 500ML,1.0,3.0
2025-11-03,149,Turnpike,TUR-QUARTZ 5000 20W50 500ML,1.0,3.0
2025-11-03,149,Turnpike,TUR-QUARTZ 5000 20W50 5L,1.0,22.0
2025-11-03,149,Turnpike,TUR-RUBIA TIR 7400 15W40 500ML,5.0,15.0
2025-11-03,149,Turnpike,TUR-RUBIA TIR 7400 SAE 15W40 5L,1.0,25.0
2025-11-03,150,Mutare One Stop,MUTARE ONE STOP DIESEL,454.10958904109583,663.0
2025-11-03,150,Mutare One Stop,MUTARE ONE STOP PETROL,783.1081081081081,1159.0
2025-11-03,82,Runiville,RUNIVILLE BULK DIESEL USD,135.13513513513513,200.0
2025-11-03,82,Runiville,RUNIVILLE USD DIESEL,283.89261744966444,423.0
2025-11-03,82,Runiville,RUNIVILLE USD PETROL,342.1052631578947,520.0
2025-11-03,82,Runiville,RUN-QUARTZ 9000 SAE 5W40 5L,1.0,30.0
2025-11-03,82,Runiville,RUN-RUBIA SX SAE40 500ML,5.0,15.0
2025-11-03,84,Avondale,AVONDALE USD DIESEL,803.3557046979867,1197.0
2025-11-03,84,Avondale,AVONDALE USD PETROL,861.190789473684,1309.01
2025-11-03,86,Charter,CHARTER BULK/TAXI DIESEL ,2019.8630136986303,2949.0
2025-11-03,86,Charter,CHARTER USD DIESEL,547.5675675675676,810.4
2025-11-03,86,Charter,CHARTER USD PETROL,675.8169934640523,1034.0
2025-11-03,88,Seke,SEKE DIESEL BULK,200.0,292.0
2025-11-03,88,Seke,SEKE USD DIESEL,2212.8378378378375,3275.0
2025-11-03,88,Seke,SEKE USD PETROL,2686.666666666667,4030.0
2025-11-03,92,Msasa,MSA-FLUIDMATIC DIII MV 500ML,1.0,3.0
2025-11-03,92,Msasa,MSASA BULK DIESEL,326.42,489.63
2025-11-03,92,Msasa,MSASA USD DIESEL,199.99999999999994,310.0
2025-11-03,92,Msasa,MSASA USD PETROL,763.2064516129035,1182.97
2025-11-03,96,Samora,SAMORA USD DIESEL,117.21854304635761,177.0
2025-11-03,96,Samora,SAMORA USD PETROL,1143.4210526315787,1738.0
2025-11-03,96,Samora,SAMORA USD TAXI DIESEL ,33.557046979865774,50.0
2025-11-03,98,Roadport,ROADPORT USD DIESEL,440.9090909090909,679.0
2025-11-03,98,Roadport,ROADPORT USD DIESEL BUS,1418.1208053691278,2113.0
2025-11-03,98,Roadport,ROAPORT USD PETROL,2847.096774193549,4413.0
2025-11-04,102,Kirkman,KIRKMAN BULK DIESEL USD,150.68493150684932,220.0
2025-11-04,102,Kirkman,KIRKMAN USD DIESEL,609.3959731543623,908.0
2025-11-04,102,Kirkman,KIRKMAN USD PETROL,755.2631578947368,1148.0
2025-11-04,110,Mutare Green Market,MUTARE GREEN MARKET BULK DIESEL,1181.9444444444443,1702.0
2025-11-04,110,Mutare Green Market,MUTARE GREENMARKET USD DIESEL,578.082191780822,844.0
2025-11-04,110,Mutare Green Market,MUTARE GREENMARKET USD PETROL,1628.0000000000002,2409.44
2025-11-04,112,Marondera,MARONDERA USD DIESEL,543.8356164383562,794.0
2025-11-04,112,Marondera,MARONDERA USD PETROL,1759.3333333333335,2639.0
2025-11-04,114,Kadoma,KADOMA USD BULK DIESEL ,408.16326530612247,600.0
2025-11-04,114,Kadoma,KADOMA USD DIESEL,1043.2432432432433,1544.0
2025-11-04,114,Kadoma,KADOMA USD PETROL,1135.7615894039732,1715.0
2025-11-04,114,Kadoma,KAD-RUBIA SX SAE40 500ML,1.0,3.0
2025-11-04,121,Gweru,GWE-FLUIDMATIC DIII MV 500ML,1.0,3.0
2025-11-04,121,Gweru,GWERU BULK DIESEL USD,156.0,229.32
2025-11-04,121,Gweru,GWERU USD DIESEL,1705.3028187919463,2540.9
2025-11-04,121,Gweru,GWERU USD PETROL,1854.0315789473684,2818.12
2025-11-04,123,Fife Street,FIFE USD DIESEL,1518.2432432432433,2247.0
2025-11-04,123,Fife Street,FIFE USD PETROL,2073.0263157894738,3151.0
2025-11-04,123,Fife Street,FIF-FLUIDMATIC DIII MV 500ML,2.0,6.0
2025-11-04,123,Fife Street,FIF-QUARTZ 5000 20W50 500ML,7.0,21.0
2025-11-04,123,Fife Street,FIF-RACE BRAKEFLUID DOT4+ 500ML,5.0,20.0
2025-11-04,123,Fife Street,FIF-RUBIA SX SAE40 500ML,7.0,21.0
2025-11-04,123,Fife Street,FIF-RUBIA TIR 7400 15W40 500ML,9.0,27.0
2025-11-04,125,Fort Street,FOR-FLUIDMATIC DIII MV 500ML,2.0,6.0
2025-11-04,125,Fort Street,FOR-QUARTZ 4X4 15W40 500ML,3.0,9.0
2025-11-04,125,Fort Street,FOR-QUARTZ 5000 20W50 5L,0.8181818181818182,18.0
2025-11-04,125,Fort Street,FORT STR BULK DIESEL USD,1206.6666666666667,1773.8
2025-11-04,125,Fort Street,FORT USD DIESEL,1929.8986486486488,2856.25
2025-11-04,125,Fort Street,FORT USD PETROL,1029.6052631578948,1565.0
2025-11-04,127,Mpopoma,MPOPOMA BULK DIESEL USD,1923.8095238095239,2828.0
2025-11-04,127,Mpopoma,MPOPOMA USD DIESEL,588.5135135135135,871.0
2025-11-04,127,Mpopoma,MPOPOMA USD PETROL,1523.0263157894738,2315.0
2025-11-04,129,Khami,KHAMI BULK DIESEL USD,824.4897959183673,1212.0
2025-11-04,129,Khami,KHAMI USD DIESEL,573.6486486486486,849.0
2025-11-04,129,Khami,KHAMI USD PETROL,938.8157894736842,1427.0
2025-11-04,131,R Mugabe,RM-NEPTUNA 2T SUPER SPORT 500ML,1.0,4.0
2025-11-04,131,R Mugabe,R MUGABE USD DIESEL,861.3333333333334,1292.0
2025-11-04,131,R Mugabe,R MUGABE USD PETROL,2763.636363636364,4256.0
2025-11-04,135,Cripps,CRIPPS BULK DIESEL USD,3813.007397260274,5566.99
2025-11-04,135,Cripps,CRIPPS DIESEL USD,1443.731543624161,2151.16
2025-11-04,135,Cripps,CRIPPS PETROL USD,1691.0066666666667,2536.51
2025-11-04,139,Head Office,PETROL,0.7115384615384616,1.11
2025-11-04,140,Mutare Second Street,MUTARE SECOND USD BULK DIESEL,337.5,486.0
2025-11-04,140,Mutare Second Street,MUTARE SECOND USD DIESEL,1010.9589041095891,1476.0
2025-11-04,140,Mutare Second Street,MUTARE SECOND USD PETROL,1345.9459459459458,1992.0
2025-11-04,141,Troutbeck,TRO-NEPTUNA 2T SUPER SPORT 500ML,2.0,8.0
2025-11-04,141,Troutbeck,TRO-RACE BRAKEFLUID DOT4+ 500ML,1.0,4.0
2025-11-04,141,Troutbeck,TROUTBECK BULK DIESEL ,701.3422818791946,1045.0
2025-11-04,141,Troutbeck,TROUTBECK USD DIESEL,29.605263157894733,45.0
2025-11-04,141,Troutbeck,TROUTBECK USD PETROL,55.19480519480519,85.0
2025-11-04,144,Bessemer,BESSEMER USD PETROL,37.93103448275862,55.0
2025-11-04,145,Sunway City,SUN-QUARTZ 5000 20W50 500ML,2.0,6.0
2025-11-04,145,Sunway City,SUNWAY BULK DIESEL USD,2066.2162162162163,3058.0
2025-11-04,145,Sunway City,SUNWAY USD DIESEL,2391.3333333333335,3587.0
2025-11-04,145,Sunway City,SUNWAY USD PETROL,3131.5789473684213,4760.0
2025-11-04,146,Banket,BAN-FLUIDMATIC DIII MV 500ML,1.0,3.0
2025-11-04,146,Banket,BANKET BULK DIESEL USD,1005.76,1478.46
2025-11-04,146,Banket,BANKET USD DIESEL,937.9999999999999,1407.0
2025-11-04,146,Banket,BANKET USD PETROL,2420.7792207792213,3728.0
2025-11-04,146,Banket,BAN-RUBIA SX SAE40 500ML,2.0,6.0
2025-11-04,147,Chinhoyi Main,CHINHOYI BULK DIESEL USD,408.0536912751678,608.0
2025-11-04,147,Chinhoyi Main,CHINHOYI MAIN USD DIESEL,249.66887417218544,377.0
2025-11-04,147,Chinhoyi Main,CHINHOYI MAIN USD PETROL,3345.0980392156857,5118.0
2025-11-04,148,Chegutu,CHEGUTU BULK DIESEL USD,548.6486486486486,812.0
2025-11-04,148,Chegutu,CHEGUTU USD DIESEL,1045.3333333333335,1568.0
2025-11-04,148,Chegutu,CHEGUTU USD PETROL,1475.6578947368416,2243.0
2025-11-04,149,Turnpike,TURNPIKE BULK DIESEL USD,896.03,1335.08
2025-11-04,149,Turnpike,TURNPIKE USD DIESEL,3683.443708609271,5562.0
2025-11-04,149,Turnpike,TURNPIKE USD PETROL,2849.6666666666665,4359.99
2025-11-04,149,Turnpike,TUR-QUARTZ 5000 20W50 500ML,4.0,12.0
2025-11-04,149,Turnpike,TUR-RUBIA SX SAE40 500ML,3.0,9.0
2025-11-04,150,Mutare One Stop,MUTARE ONE STOP DIESEL,726.0273972602741,1060.0
2025-11-04,150,Mutare One Stop,MUTARE ONE STOP PETROL,716.2162162162163,1060.0
2025-11-04,82,Runiville,RUNIVILLE BULK DIESEL USD,2483.1081081081084,3675.0
2025-11-04,82,Runiville,RUNIVILLE USD DIESEL,269.1275167785235,401.0
2025-11-04,82,Runiville,RUNIVILLE USD PETROL,598.6842105263158,910.0
2025-11-04,82,Runiville,RUN-QUARTZ 3000 SG 20W50 500ML,2.0,6.0
2025-11-04,84,Avondale,AVONDALE USD DIESEL,761.0738255033556,1134.0
2025-11-04,84,Avondale,AVONDALE USD PETROL,603.2960526315787,917.01
2025-11-04,86,Charter,CHARTER BULK/TAXI DIESEL ,3648.630136986302,5327.0
2025-11-04,86,Charter,CHARTER USD DIESEL,999.3243243243244,1479.0
2025-11-04,86,Charter,CHARTER USD PETROL,1769.2810457516339,2707.0
2025-11-04,88,Seke,SEKE DIESEL BULK,600.0,876.0
2025-11-04,88,Seke,SEKE USD DIESEL,2034.4594594594596,3011.0
2025-11-04,88,Seke,SEKE USD PETROL,2326.666666666667,3490.0
2025-11-04,88,Seke,SEK-RACE BRAKEFLUID DOT4+ 500ML,1.0,4.0
2025-11-04,92,Msasa,MSASA BULK DIESEL,788.0,1182.0
2025-11-04,92,Msasa,MSASA USD DIESEL,483.8709677419355,750.0
2025-11-04,92,Msasa,MSASA USD PETROL,462.5806451612904,717.0
2025-11-04,92,Msasa,MSA- SWIFTEX BATTERY-616C,1.0,82.0
2025-11-04,96,Samora,SAMORA USD DIESEL,492.71523178807934,744.0
2025-11-04,96,Samora,SAMORA USD PETROL,1091.4473684210527,1659.0
2025-11-04,96,Samora,SAMORA USD TAXI DIESEL ,155.70469798657717,232.0
2025-11-04,98,Roadport,ROADPORT USD DIESEL,810.3896103896103,1248.0
2025-11-04,98,Roadport,ROADPORT USD DIESEL BUS,1487.248322147651,2216.0
2025-11-04,98,Roadport,ROAPORT USD PETROL,2887.7419354838717,4476.0
2025-11-05,102,Kirkman,KIRKMAN BULK DIESEL USD,361.04,527.11
2025-11-05,102,Kirkman,KIRKMAN USD DIESEL,1689.282818791946,2517.03
2025-11-05,102,Kirkman,KIRKMAN USD PETROL,582.8947368421052,886.0
2025-11-05,102,Kirkman,KIRK-SWIFTEX BATTERY 622C,1.0,90.0
2025-11-05,102,Kirkman,KIR-QUARTZ 3000 SG 20W50 500ML,2.0,6.0
2025-11-05,102,Kirkman,KIR-QUARTZ 9000 SAE 5W40 500ML,1.0,5.0
2025-11-05,110,Mutare Green Market,MUTARE GREEN MARKET BULK DIESEL,400.0,576.0
2025-11-05,110,Mutare Green Market,MUTARE GREENMARKET USD DIESEL,1236.664383561644,1805.52
2025-11-05,110,Mutare Green Market,MUTARE GREENMARKET USD PETROL,1525.621621621622,2257.92
2025-11-05,112,Marondera,MARONDERA USD DIESEL,729.4520547945207,1065.0
2025-11-05,112,Marondera,MARONDERA USD PETROL,1750.0,2625.0
2025-11-05,114,Kadoma,KADOMA USD BULK DIESEL ,1217.0068027210887,1789.0
2025-11-05,114,Kadoma,KADOMA USD DIESEL,1147.2972972972973,1698.0
2025-11-05,114,Kadoma,KADOMA USD PETROL,1186.0927152317881,1791.0
2025-11-05,114,Kadoma,KAD-RUBIA TIR 7400 SAE 15W40 5L,1.0,25.0
2025-11-05,121,Gweru,GWERU BULK DIESEL USD,3922.0,5765.34
2025-11-05,121,Gweru,GWERU USD DIESEL,2690.7187248322143,4009.17
2025-11-05,121,Gweru,GWERU USD PETROL,1262.3294736842104,1918.74
2025-11-05,123,Fife Street,FIFE USD DIESEL,1420.945945945946,2103.0
2025-11-05,123,Fife Street,FIFE USD PETROL,1111.1842105263158,1689.0
2025-11-05,123,Fife Street,FIF-RACE BRAKEFLUID DOT4+ 500ML,1.0,4.0
2025-11-05,123,Fife Street,FIF-RUBIA SX SAE40 500ML,4.0,12.0
2025-11-05,125,Fort Street,FORT STR BULK DIESEL USD,1386.37,2037.95
2025-11-05,125,Fort Street,FORT USD DIESEL,1412.162162162162,2090.0
2025-11-05,125,Fort Street,FORT USD PETROL,859.2105263157895,1306.0
2025-11-05,127,Mpopoma,MPOPOMA BULK DIESEL USD,2225.8503401360545,3272.0
2025-11-05,127,Mpopoma,MPOPOMA USD DIESEL,808.1081081081081,1196.0
2025-11-05,127,Mpopoma,MPOPOMA USD PETROL,1051.3157894736842,1598.0
2025-11-05,129,Khami,KHAMI BULK DIESEL USD,1957.142857142857,2877.0
2025-11-05,129,Khami,KHAMI USD DIESEL,1276.351351351351,1889.0
2025-11-05,129,Khami,KHAMI USD PETROL,883.5526315789473,1343.0
2025-11-05,131,R Mugabe,RM-QUARTZ 5000 20W50 5L,1.0,22.0
2025-11-05,131,R Mugabe,RM-RUBIA SX SAE40 500ML,4.0,12.0
2025-11-05,131,R Mugabe,RM-RUBIA TIR 7400 15W40 500ML,1.0,3.0
2025-11-05,131,R Mugabe,R MUGABE USD DIESEL,554.0,831.0
2025-11-05,131,R Mugabe,R MUGABE USD PETROL,1825.3246753246754,2811.0
2025-11-05,135,Cripps,CRIPPS BULK DIESEL USD,1893.8365753424657,2765.0
2025-11-05,135,Cripps,CRIPPS DIESEL USD,524.8322147651007,782.0
2025-11-05,135,Cripps,CRIPPS PETROL USD,1609.3333333333333,2414.0
2025-11-05,139,Head Office,PETROL,0.6474358974358974,1.01
2025-11-05,140,Mutare Second Street,MUTARE SECOND USD DIESEL,868.4931506849315,1268.0
2025-11-05,140,Mutare Second Street,MUTARE SECOND USD PETROL,733.7837837837841,1086.0
2025-11-05,141,Troutbeck,TROUTBECK BULK DIESEL ,100.0,149.0
2025-11-05,141,Troutbeck,TROUTBECK USD DIESEL,1602.6315789473683,2436.0
2025-11-05,141,Troutbeck,TROUTBECK USD PETROL,2462.987012987013,3793.0
2025-11-05,145,Sunway City,SUN-QUARTZ 5000 20W50 500ML,2.0,6.0
2025-11-05,145,Sunway City,SUNWAY BULK DIESEL USD,1093.2972972972973,1618.08
2025-11-05,145,Sunway City,SUNWAY USD DIESEL,2284.6666666666665,3427.0
2025-11-05,145,Sunway City,SUNWAY USD PETROL,3763.1578947368434,5720.0
2025-11-05,146,Banket,BANKET BULK DIESEL USD,1683.6734693877552,2475.0
2025-11-05,146,Banket,BANKET USD DIESEL,715.3333333333335,1073.0
2025-11-05,146,Banket,BANKET USD PETROL,2497.402597402597,3846.0
2025-11-05,146,Banket,BAN-NEPTUNA 2T SUPER SPORT 500ML,1.0,4.0
2025-11-05,146,Banket,BAN-RUBIA SX SAE40 500ML,1.0,3.0
2025-11-05,147,Chinhoyi Main,CHINHOYI BULK DIESEL USD,1158.3892617449665,1726.0
2025-11-05,147,Chinhoyi Main,CHINHOYI MAIN USD DIESEL,1194.7019867549668,1804.0
2025-11-05,147,Chinhoyi Main,CHINHOYI MAIN USD PETROL,3344.4444444444443,5117.0
2025-11-05,148,Chegutu,CHEGUTU BULK DIESEL USD,1418.918918918919,2100.0
2025-11-05,148,Chegutu,CHEGUTU USD DIESEL,1363.9999999999995,2046.0
2025-11-05,148,Chegutu,CHEGUTU USD PETROL,1649.9999999999993,2508.0
2025-11-05,149,Turnpike,TURNPIKE BULK DIESEL USD,1115.0,1661.35
2025-11-05,149,Turnpike,TURNPIKE USD DIESEL,2398.6754966887424,3622.0
2025-11-05,149,Turnpike,TURNPIKE USD PETROL,1979.0849673202615,3028.0
2025-11-05,149,Turnpike,TUR-QUARTZ 9000 SAE 5W40 500ML,1.0,5.0
2025-11-05,150,Mutare One Stop,MOS-NEPTUNA 2T SUPER SPORT 500ML,1.0,4.0
2025-11-05,150,Mutare One Stop,MUTARE ONE STOP DIESEL,1624.6575342465753,2372.0
2025-11-05,150,Mutare One Stop,MUTARE ONE STOP PETROL,1442.5675675675677,2135.0
2025-11-05,82,Runiville,RUNIVILLE BULK DIESEL USD,135.13513513513513,200.0
2025-11-05,82,Runiville,RUNIVILLE USD DIESEL,287.24832214765104,428.0
2025-11-05,82,Runiville,RUNIVILLE USD PETROL,288.81578947368416,439.0
2025-11-05,82,Runiville,RUN-RUBIA TIR 7400 15W40 500ML,1.0,3.0
2025-11-05,84,Avondale,AVONDALE USD DIESEL,457.04697986577185,681.0
2025-11-05,84,Avondale,AVONDALE USD PETROL,636.1842105263158,967.0
2025-11-05,86,Charter,CHARTER BULK/TAXI DIESEL ,3440.4109589041095,5023.0
2025-11-05,86,Charter,CHARTER USD DIESEL,989.8648648648648,1465.0
2025-11-05,86,Charter,CHARTER USD PETROL,1481.6993464052289,2267.0
2025-11-05,88,Seke,SEKE DIESEL BULK,359.5890410958904,525.0
2025-11-05,88,Seke,SEKE USD DIESEL,1493.243243243243,2210.0
2025-11-05,88,Seke,SEKE USD PETROL,2319.3333333333335,3479.0
2025-11-05,88,Seke,SEK-QUARTZ 4X4 15W40 500ML,3.0,9.0
2025-11-05,88,Seke,SEK-QUARTZ 9000 SAE 5W40 500ML,2.0,10.0
2025-11-05,88,Seke,SEK-RACE BRAKEFLUID DOT4+ 500ML,1.0,4.0
2025-11-05,88,Seke,SEK-RUBIA SX SAE40 500ML,1.0,3.0
2025-11-05,92,Msasa,MSA-RACE BRAKEFLUID DOT4+ 500ML,1.0,4.0
2025-11-05,92,Msasa,MSASA BULK DIESEL,1446.6266666666668,2169.94
2025-11-05,92,Msasa,MSASA USD DIESEL,635.2516129032257,984.64
2025-11-05,92,Msasa,MSASA USD PETROL,572.9032258064517,888.0
2025-11-05,96,Samora,SAMORA USD DIESEL,282.1192052980132,426.0
2025-11-05,96,Samora,SAMORA USD PETROL,1236.8486842105262,1880.01
2025-11-05,96,Samora,SAMORA USD TAXI DIESEL ,60.40268456375839,90.0
2025-11-05,96,Samora,SAM-RUBIA SX SAE40 500ML,1.0,3.0
2025-11-05,96,Samora,SAM-RUBIA TIR 7400 15W40 500ML,1.0,3.0
2025-11-05,98,Roadport,ROADPORT USD DIESEL,794.1558441558441,1223.0
2025-11-05,98,Roadport,ROADPORT USD DIESEL BUS,1361.744966442953,2029.0
2025-11-05,98,Roadport,ROAPORT USD PETROL,2359.354838709678,3657.0
2025-11-06,102,Kirkman,KIRKMAN USD DIESEL,577.8523489932886,861.0
2025-11-06,102,Kirkman,KIRKMAN USD PETROL,753.2894736842104,1145.0
2025-11-06,110,Mutare Green Market,MUTARE GREEN MARKET BULK DIESEL,1365.0,1965.6
2025-11-06,110,Mutare Green Market,MUTARE GREENMARKET USD DIESEL,226.00000000000003,329.96
2025-11-06,110,Mutare Green Market,MUTARE GREENMARKET USD PETROL,514.2432432432433,761.08
2025-11-06,112,Marondera,MAR-FLUIDMATIC CVT MV 1L,5.0,50.0
2025-11-06,112,Marondera,MARONDERA USD DIESEL,730.1369863013699,1066.0
2025-11-06,112,Marondera,MARONDERA USD PETROL,1554.6666666666665,2332.0
2025-11-06,114,Kadoma,KADOMA USD BULK DIESEL ,727.8911564625851,1070.0
2025-11-06,114,Kadoma,KADOMA USD DIESEL,1312.837837837838,1943.0
2025-11-06,114,Kadoma,KADOMA USD PETROL,1533.7748344370862,2316.0
2025-11-06,121,Gweru,GWE-FLUIDMATIC CVT MV 1L,1.0,10.0
2025-11-06,121,Gweru,GWE-FLUIDMATIC DIII MV 500ML,1.0,3.0
2025-11-06,121,Gweru,GWE-QUARTZ 5000 20W50 500ML,1.0,3.0
2025-11-06,121,Gweru,GWE-RACE BRAKEFLUID DOT4+ 500ML,1.0,4.0
2025-11-06,121,Gweru,GWERU USD DIESEL,1393.4389261744961,2076.22
2025-11-06,121,Gweru,GWERU USD PETROL,1608.8678947368421,2445.47
2025-11-06,123,Fife Street,FIFE USD DIESEL,1479.7297297297298,2190.0
2025-11-06,123,Fife Street,FIFE USD PETROL,1600.0,2432.0
2025-11-06,125,Fort Street,FORT STR BULK DIESEL USD,487.0748299319728,716.0
2025-11-06,125,Fort Street,FORT USD DIESEL,1062.837837837838,1573.0
2025-11-06,125,Fort Street,FORT USD PETROL,919.7368421052632,1398.0
2025-11-06,127,Mpopoma,MPO-FLUIDMATIC DIII MV 500ML,1.0,3.0
2025-11-06,127,Mpopoma,MPOPOMA BULK DIESEL USD,2006.1224489795918,2949.0
2025-11-06,127,Mpopoma,MPOPOMA USD DIESEL,828.3783783783783,1226.0
2025-11-06,127,Mpopoma,MPOPOMA USD PETROL,776.9736842105264,1181.0
2025-11-06,127,Mpopoma,MPO-RUBIA SX SAE40 500ML,2.0,6.0
2025-11-06,129,Khami,KHAMI BULK DIESEL USD,1490.4761904761904,2191.0
2025-11-06,129,Khami,KHAMI USD DIESEL,1013.5135135135135,1500.0
2025-11-06,129,Khami,KHAMI USD PETROL,684.2105263157894,1040.0
2025-11-06,131,R Mugabe,R MUGABE USD DIESEL,1380.6666666666667,2071.0
2025-11-06,131,R Mugabe,R MUGABE USD PETROL,1888.3116883116882,2908.0
2025-11-06,135,Cripps,CRIPPS BULK DIESEL USD,1623.2882191780823,2369.99
2025-11-06,135,Cripps,CRIPPS DIESEL USD,1106.0402684563762,1648.0
2025-11-06,135,Cripps,CRIPPS PETROL USD,1740.6666666666665,2611.0
2025-11-06,135,Cripps,CRI-RUBIA SX SAE40 500ML,2.0,6.0
2025-11-06,140,Mutare Second Street,MUTARE SECOND USD DIESEL,1242.4657534246578,1814.0
2025-11-06,140,Mutare Second Street,MUTARE SECOND USD PETROL,1120.945945945946,1659.0
2025-11-06,141,Troutbeck,TROUTBECK BULK DIESEL ,390.6040268456376,582.0
2025-11-06,141,Troutbeck,TROUTBECK USD DIESEL,137.5,209.0
2025-11-06,141,Troutbeck,TROUTBECK USD PETROL,27.92207792207792,43.0
2025-11-06,145,Sunway City,SUNWAY BULK DIESEL USD,1131.7567567567567,1675.0
2025-11-06,145,Sunway City,SUNWAY USD DIESEL,2329.9999999999995,3495.0
2025-11-06,145,Sunway City,SUNWAY USD PETROL,4061.1842105263163,6173.0
2025-11-06,146,Banket,BANKET BULK DIESEL USD,837.27,1230.78
2025-11-06,146,Banket,BANKET USD DIESEL,1102.6666666666665,1654.0
2025-11-06,146,Banket,BANKET USD PETROL,1838.9610389610389,2832.0
2025-11-06,146,Banket,BAN-RUBIA SX SAE40 500ML,1.0,3.0
2025-11-06,147,Chinhoyi Main,CHINHOYI BULK DIESEL USD,534.2281879194632,796.0
2025-11-06,147,Chinhoyi Main,CHINHOYI MAIN USD DIESEL,1184.1059602649007,1788.0
2025-11-06,147,Chinhoyi Main,CHINHOYI MAIN USD PETROL,2752.941176470588,4212.0
2025-11-06,147,Chinhoyi Main,CHI-QUARTZ 5000 20W50 500ML,1.0,3.0
2025-11-06,147,Chinhoyi Main,CHI-RUBIA SX SAE40 500ML,2.0,6.0
2025-11-06,148,Chegutu,CHE-FLUIDMATIC DIII MV 500ML,1.0,3.0
2025-11-06,148,Chegutu,CHEGUTU BULK DIESEL USD,270.27027027027026,400.0
2025-11-06,148,Chegutu,CHEGUTU USD DIESEL,1388.6666666666667,2083.0
2025-11-06,148,Chegutu,CHEGUTU USD PETROL,1365.7894736842097,2076.0
2025-11-06,148,Chegutu,CHE-RUBIA TIR 7400 15W40 500ML,1.0,3.0
2025-11-06,149,Turnpike,TURNPIKE BULK DIESEL USD,632.45,942.35
2025-11-06,149,Turnpike,TURNPIKE USD DIESEL,2176.1589403973508,3286.0
2025-11-06,149,Turnpike,TURNPIKE USD PETROL,1449.673202614379,2218.0
2025-11-06,149,Turnpike,TUR-RACE BRAKEFLUID DOT4+ 500ML,2.0,8.0
2025-11-06,149,Turnpike,TUR-RUBIA SX SAE40 500ML,3.0,9.0
2025-11-06,150,Mutare One Stop,MUTARE ONE STOP DIESEL,805.4794520547946,1176.0
2025-11-06,150,Mutare One Stop,MUTARE ONE STOP PETROL,961.4864864864865,1423.0
2025-11-06,82,Runiville,RUNIVILLE BULK DIESEL USD,726.3513513513514,1075.0
2025-11-06,82,Runiville,RUNIVILLE USD DIESEL,139.59731543624162,208.0
2025-11-06,82,Runiville,RUNIVILLE USD PETROL,453.2894736842105,689.0
2025-11-06,82,Runiville,RUN-RACE BRAKEFLUID DOT4+ 500ML,1.0,4.0
2025-11-06,84,Avondale,AVONDALE USD DIESEL,777.8523489932885,1159.0
2025-11-06,84,Avondale,AVONDALE USD PETROL,1049.2105263157894,1594.8
2025-11-06,86,Charter,CHARTER BULK/TAXI DIESEL ,2522.6027397260277,3683.0
2025-11-06,86,Charter,CHARTER USD DIESEL,784.4594594594595,1161.0
2025-11-06,86,Charter,CHARTER USD PETROL,1566.013071895425,2396.0
2025-11-06,88,Seke,SEKE USD DIESEL,1668.9189189189187,2470.0
2025-11-06,88,Seke,SEKE USD PETROL,2019.333333333333,3029.0
2025-11-06,88,Seke,SEK-QUARTZ 4X4 15W40 500ML,1.0,3.0
2025-11-06,92,Msasa,MSA-QUARTZ 9000 SAE 5W40 500ML,2.0,10.0
2025-11-06,92,Msasa,MSASA BULK DIESEL,1222.0,1833.0
2025-11-06,92,Msasa,MSASA USD DIESEL,1461.2903225806454,2265.0
2025-11-06,92,Msasa,MSASA USD PETROL,446.63988269794726,691.11
2025-11-06,96,Samora,SAMORA USD DIESEL,422.51655629139077,638.0
2025-11-06,96,Samora,SAMORA USD PETROL,1111.1842105263158,1689.0
2025-11-06,98,Roadport,ROADPORT USD DIESEL,860.3896103896104,1325.0
2025-11-06,98,Roadport,ROADPORT USD DIESEL BUS,1014.0939597315437,1511.0
2025-11-06,98,Roadport,ROAPORT USD PETROL,3503.1629660661906,5395.0
2025-11-07,102,Kirkman,KIRKMAN BULK DIESEL USD,1339.7260273972604,1956.0
2025-11-07,102,Kirkman,KIRKMAN USD DIESEL,1810.7382550335572,2698.0
2025-11-07,102,Kirkman,KIRKMAN USD PETROL,590.7894736842106,898.0
2025-11-07,102,Kirkman,KIR-QUARTZ 5000 20W50 500ML,2.0,6.0
2025-11-07,110,Mutare Green Market,MUTARE GREEN MARKET BULK DIESEL,1173.611111111111,1690.0
2025-11-07,110,Mutare Green Market,MUTARE GREENMARKET USD DIESEL,869.7397260273973,1269.82
2025-11-07,110,Mutare Green Market,MUTARE GREENMARKET USD PETROL,1788.108108108108,2646.4
2025-11-07,112,Marondera,MARONDERA USD DIESEL,1190.8698630136987,1738.67
2025-11-07,112,Marondera,MARONDERA USD PETROL,1737.3333333333333,2606.0
2025-11-07,112,Marondera,MAR-RUBIA SX SAE40 500ML,3.0,9.0
2025-11-07,114,Kadoma,KAD-MULTIS EP 2 500G,1.0,7.0
2025-11-07,114,Kadoma,KADOMA USD BULK DIESEL ,517.6870748299319,761.0
2025-11-07,114,Kadoma,KADOMA USD DIESEL,1278.3783783783786,1892.0
2025-11-07,114,Kadoma,KADOMA USD PETROL,1414.5695364238409,2136.0
2025-11-07,121,Gweru,GWERU BULK DIESEL USD,1849.0,2718.03
2025-11-07,121,Gweru,GWERU USD DIESEL,2135.1375167785236,3181.35
2025-11-07,121,Gweru,GWERU USD PETROL,1504.4784210526316,2286.8
2025-11-07,123,Fife Street,FIFE USD DIESEL,1225.0000000000002,1813.0
2025-11-07,123,Fife Street,FIFE USD PETROL,2078.2894736842104,3159.0
2025-11-07,125,Fort Street,FOR-NEPTUNA 2T SUPER SPORT 500ML,2.0,8.0
2025-11-07,125,Fort Street,FORT USD DIESEL,195.94594594594594,290.0
2025-11-07,125,Fort Street,FORT USD PETROL,570.3947368421052,867.0
2025-11-07,127,Mpopoma,MPOPOMA BULK DIESEL USD,1148.299319727891,1688.0
2025-11-07,127,Mpopoma,MPOPOMA USD DIESEL,671.6216216216217,994.0
2025-11-07,127,Mpopoma,MPOPOMA USD PETROL,1084.8684210526317,1649.0
2025-11-07,127,Mpopoma,MPO-QUARTZ 9000 SAE 5W40 500ML,2.0,10.0
2025-11-07,129,Khami,KHAMI BULK DIESEL USD,1675.8917006802722,2463.56
2025-11-07,129,Khami,KHAMI USD DIESEL,1274.3243243243242,1886.0
2025-11-07,129,Khami,KHAMI USD PETROL,883.5526315789473,1343.0
2025-11-07,131,R Mugabe,R MUGABE USD DIESEL,1012.0000000000001,1518.0
2025-11-07,131,R Mugabe,R MUGABE USD PETROL,2225.9740259740256,3428.0
2025-11-07,135,Cripps,CRIPPS BULK DIESEL USD,1193.150684931507,1742.0
2025-11-07,135,Cripps,CRIPPS DIESEL USD,1108.7248322147652,1652.0
2025-11-07,135,Cripps,CRIPPS PETROL USD,1440.6666666666667,2161.0
2025-11-07,140,Mutare Second Street,MSE-NEPTUNA 2T SUPER SPORT 500ML,1.0,4.0
2025-11-07,140,Mutare Second Street,MSE-QUARTZ 9000 SAE 5W40 5L,1.0,30.0
2025-11-07,140,Mutare Second Street,MSE-RUBIA SX SAE40 500ML,7.0,21.0
2025-11-07,140,Mutare Second Street,MUTARE SECOND USD DIESEL,1323.9726027397262,1933.0
2025-11-07,140,Mutare Second Street,MUTARE SECOND USD PETROL,1558.108108108108,2306.0
2025-11-07,141,Troutbeck,TRO-NEPTUNA 2T SUPER SPORT 500ML,2.0,8.0
2025-11-07,141,Troutbeck,TROUTBECK BULK DIESEL ,1123.489932885906,1674.0
2025-11-07,141,Troutbeck,TROUTBECK USD DIESEL,1186.1842105263156,1803.0
2025-11-07,141,Troutbeck,TROUTBECK USD PETROL,2396.753246753247,3691.0
2025-11-07,145,Sunway City,SUNWAY BULK DIESEL USD,1664.8648648648648,2464.0
2025-11-07,145,Sunway City,SUNWAY USD DIESEL,2964.6666666666665,4447.0
2025-11-07,145,Sunway City,SUNWAY USD PETROL,3525.6578947368425,5359.0
2025-11-07,146,Banket,BANKET BULK DIESEL USD,564.625850340136,830.0
2025-11-07,146,Banket,BANKET USD DIESEL,2085.3333333333344,3128.0
2025-11-07,146,Banket,BANKET USD PETROL,1809.7402597402595,2787.0
2025-11-07,146,Banket,BAN-NEPTUNA 2T SUPER SPORT 500ML,1.0,4.0
2025-11-07,146,Banket,BAN-RUBIA SX SAE40 500ML,2.0,6.0
2025-11-07,147,Chinhoyi Main,CHI-NEPTUNA 2T SUPER SPORT 500ML,1.0,4.0
2025-11-07,147,Chinhoyi Main,CHINHOYI BULK DIESEL USD,1553.6912751677853,2315.0
2025-11-07,147,Chinhoyi Main,CHINHOYI MAIN USD DIESEL,1458.94701986755,2203.0
2025-11-07,147,Chinhoyi Main,CHINHOYI MAIN USD PETROL,3382.352941176471,5175.0
2025-11-07,147,Chinhoyi Main,CHI-QUARTZ 5000 20W50 500ML,1.0,3.0
2025-11-07,148,Chegutu,CHEGUTU BULK DIESEL USD,641.8918918918919,950.0
2025-11-07,148,Chegutu,CHEGUTU USD DIESEL,1348.0,2022.0
2025-11-07,148,Chegutu,CHEGUTU USD PETROL,1902.6315789473672,2892.0
2025-11-07,149,Turnpike,TUR-FLUIDMATIC DIII MV 500ML,1.0,3.0
2025-11-07,149,Turnpike,TURNPIKE BULK DIESEL USD,13.422818791946309,20.0
2025-11-07,149,Turnpike,TURNPIKE USD DIESEL,2671.5231788079477,4034.0
2025-11-07,149,Turnpike,TURNPIKE USD PETROL,1447.0588235294115,2214.0
2025-11-07,149,Turnpike,TUR-QUARTZ 5000 20W50 500ML,1.0,3.0
2025-11-07,149,Turnpike,TUR-QUARTZ 9000 SAE 5W40 500ML,1.0,5.0
2025-11-07,149,Turnpike,TUR-RUBIA TIR 7400 SAE 15W40 5L,1.0,25.0
2025-11-07,150,Mutare One Stop,MUTARE ONE STOP DIESEL,1336.691780821918,1951.57
2025-11-07,150,Mutare One Stop,MUTARE ONE STOP PETROL,1238.0067567567569,1832.25
2025-11-07,82,Runiville,RUNIVILLE BULK DIESEL USD,608.1081081081081,900.0
2025-11-07,82,Runiville,RUNIVILLE USD DIESEL,178.5234899328859,266.0
2025-11-07,82,Runiville,RUNIVILLE USD PETROL,248.68421052631578,378.0
2025-11-07,84,Avondale,AVONDALE USD DIESEL,661.0738255033557,985.0
2025-11-07,84,Avondale,AVONDALE USD PETROL,1294.7368421052631,1968.0
2025-11-07,86,Charter,CHARTER BULK/TAXI DIESEL ,3121.9178082191784,4558.0
2025-11-07,86,Charter,CHARTER USD DIESEL,1433.783783783784,2122.0
2025-11-07,86,Charter,CHARTER USD PETROL,1584.5555555555552,2424.36
2025-11-07,88,Seke,SEKE USD DIESEL,1977.0270270270269,2926.0
2025-11-07,88,Seke,SEKE USD PETROL,2529.3333333333335,3794.0
2025-11-07,88,Seke,SEK-QUARTZ 9000 SAE 5W40 500ML,2.0,10.0
2025-11-07,88,Seke,SEK-RACE BRAKEFLUID DOT4+ 500ML,1.0,4.0
2025-11-07,92,Msasa,MSASA BULK DIESEL,1198.6666666666665,1798.0
2025-11-07,92,Msasa,MSASA USD DIESEL,594.8387096774195,922.0
2025-11-07,92,Msasa,MSASA USD PETROL,1086.3636363636363,1673.0
2025-11-07,96,Samora,SAMORA USD DIESEL,78.80794701986756,119.0
2025-11-07,96,Samora,SAMORA USD PETROL,346.05263157894734,526.0
2025-11-07,96,Samora,SAMORA USD TAXI DIESEL ,26.845637583892618,40.0
2025-11-07,98,Roadport,ROADPORT USD DIESEL,771.4285714285714,1188.0
2025-11-07,98,Roadport,ROADPORT USD DIESEL BUS,664.9798657718121,990.82
2025-11-07,98,Roadport,ROAPORT USD PETROL,2019.155844155844,3109.5
2025-11-08,102,Kirkman,KIRKMAN BULK DIESEL USD,565.7534246575343,826.0
2025-11-08,102,Kirkman,KIRKMAN USD DIESEL,2572.4832214765106,3833.0
2025-11-08,102,Kirkman,KIRKMAN USD PETROL,746.0526315789471,1134.0
2025-11-08,102,Kirkman,KIR-QUARTZ 5000 20W50 500ML,1.0,3.0
2025-11-08,102,Kirkman,KIR-RUBIA SX SAE40 500ML,2.0,6.0
2025-11-08,110,Mutare Green Market,MUTARE GREEN MARKET BULK DIESEL,1022.9166666666667,1473.0
2025-11-08,110,Mutare Green Market,MUTARE GREENMARKET USD DIESEL,1066.3150684931509,1556.82
2025-11-08,110,Mutare Green Market,MUTARE GREENMARKET USD PETROL,1982.2297297297298,2933.7
2025-11-08,112,Marondera,MAR-FLUIDMATIC CVT MV 1L,4.0,40.0
2025-11-08,112,Marondera,MARONDERA USD DIESEL,801.6027397260274,1170.34
2025-11-08,112,Marondera,MARONDERA USD PETROL,1649.3333333333335,2474.0
2025-11-08,114,Kadoma,KADOMA USD DIESEL,750.6756756756756,1111.0
2025-11-08,114,Kadoma,KADOMA USD PETROL,1357.615894039735,2050.0
2025-11-08,121,Gweru,GWERU BULK DIESEL USD,2345.687074829932,3448.16
2025-11-08,121,Gweru,GWERU USD DIESEL,1576.9652348993288,2349.67
2025-11-08,121,Gweru,GWERU USD PETROL,1862.6421052631579,2831.21
2025-11-08,123,Fife Street,FIFE USD DIESEL,1156.0810810810813,1711.0
2025-11-08,123,Fife Street,FIFE USD PETROL,2022.3684210526317,3074.0
2025-11-08,125,Fort Street,FORT STR BULK DIESEL USD,1485.0340136054422,2183.0
2025-11-08,125,Fort Street,FORT USD DIESEL,889.1891891891892,1316.0
2025-11-08,125,Fort Street,FORT USD PETROL,839.4736842105262,1276.0
2025-11-08,127,Mpopoma,MPOPOMA BULK DIESEL USD,1581.9763945578234,2325.5
2025-11-08,127,Mpopoma,MPOPOMA USD DIESEL,712.8378378378378,1055.0
2025-11-08,127,Mpopoma,MPOPOMA USD PETROL,1501.9736842105262,2283.0
2025-11-08,129,Khami,KHAMI BULK DIESEL USD,1510.204081632653,2220.0
2025-11-08,129,Khami,KHAMI USD DIESEL,566.891891891892,839.0
2025-11-08,129,Khami,KHAMI USD PETROL,918.421052631579,1396.0
2025-11-08,131,R Mugabe,R MUGABE USD DIESEL,1028.0,1542.0
2025-11-08,131,R Mugabe,R MUGABE USD PETROL,1936.3636363636363,2982.0
2025-11-08,135,Cripps,CRIPPS BULK DIESEL USD,1708.904109589041,2495.0
2025-11-08,135,Cripps,CRIPPS DIESEL USD,757.0469798657716,1128.0
2025-11-08,135,Cripps,CRIPPS PETROL USD,2068.6666666666665,3103.0
2025-11-08,140,Mutare Second Street,MUTARE SECOND USD DIESEL,1808.2191780821922,2640.0
2025-11-08,140,Mutare Second Street,MUTARE SECOND USD PETROL,2039.1891891891892,3018.0
2025-11-08,141,Troutbeck,TROUTBECK BULK DIESEL ,2226.1744966442952,3317.0
2025-11-08,141,Troutbeck,TROUTBECK USD DIESEL,1761.842105263158,2678.0
2025-11-08,141,Troutbeck,TROUTBECK USD PETROL,2698.7012987012986,4156.0
2025-11-08,145,Sunway City,SUNWAY USD DIESEL,393.33333333333337,590.0
2025-11-08,145,Sunway City,SUNWAY USD PETROL,5269.736842105264,8010.0
2025-11-08,146,Banket,BANKET BULK DIESEL USD,3246.81,4772.81
2025-11-08,146,Banket,BANKET USD DIESEL,830.0,1245.0
2025-11-08,146,Banket,BANKET USD PETROL,2897.402597402597,4462.0
2025-11-08,147,Chinhoyi Main,CHINHOYI BULK DIESEL USD,1012.0805369127517,1508.0
2025-11-08,147,Chinhoyi Main,CHINHOYI MAIN USD DIESEL,668.2119205298013,1009.0
2025-11-08,147,Chinhoyi Main,CHINHOYI MAIN USD PETROL,3492.8104575163393,5344.0
2025-11-08,148,Chegutu,CHE-FLUIDMATIC DIII MV 500ML,2.0,6.0
2025-11-08,148,Chegutu,CHEGUTU BULK DIESEL USD,139.86486486486487,207.0
2025-11-08,148,Chegutu,CHEGUTU USD DIESEL,1188.0000000000002,1782.0
2025-11-08,148,Chegutu,CHEGUTU USD PETROL,1839.4736842105253,2796.0
2025-11-08,148,Chegutu,CHE-QUARTZ 5000 20W50 5L,1.0,22.0
2025-11-08,148,Chegutu,CHE-RUBIA SX SAE40 500ML,4.0,12.0
2025-11-08,149,Turnpike,TURNPIKE BULK DIESEL USD,817.0,1217.32
2025-11-08,149,Turnpike,TURNPIKE USD DIESEL,645.0331125827814,974.0
2025-11-08,149,Turnpike,TURNPIKE USD PETROL,1475.8235294117646,2258.01
2025-11-08,149,Turnpike,TUR-QUARTZ 3000 SG 20W50 500ML,3.0,9.0
2025-11-08,149,Turnpike,TUR-QUARTZ 5000 20W50 5L,1.0,22.0
2025-11-08,149,Turnpike,TUR-QUARTZ 9000 SAE 5W40 500ML,4.0,20.0
2025-11-08,150,Mutare One Stop,MUTARE ONE STOP DIESEL,1339.7260273972602,1956.0
2025-11-08,150,Mutare One Stop,MUTARE ONE STOP PETROL,2068.1216216216217,3060.82
2025-11-08,82,Runiville,RUNIVILLE USD DIESEL,18.79194630872483,28.0
2025-11-08,82,Runiville,RUNIVILLE USD PETROL,286.84210526315786,436.0
2025-11-08,82,Runiville,RUN-RUBIA SX SAE40 500ML,1.0,3.0
2025-11-08,84,Avondale,AVONDALE USD DIESEL,357.71812080536915,533.0
2025-11-08,84,Avondale,AVONDALE USD PETROL,883.5526315789473,1343.0
2025-11-08,86,Charter,CHARTER BULK/TAXI DIESEL ,4546.917808219178,6638.5
2025-11-08,86,Charter,CHARTER USD DIESEL,1300.0,1924.0
2025-11-08,86,Charter,CHARTER USD PETROL,1349.0196078431372,2064.0
2025-11-08,86,Charter,CHA-RUBIA TIR 7400 15W40 500ML,1.0,3.0
2025-11-08,88,Seke,SEKE USD DIESEL,1960.8108108108104,2902.0
2025-11-08,88,Seke,SEKE USD PETROL,2141.333333333333,3212.0
2025-11-08,88,Seke,SEK-RACE BRAKEFLUID DOT4+ 500ML,1.0,4.0
2025-11-08,92,Msasa,MSA-RACE BRAKEFLUID DOT4+ 500ML,1.0,4.0
2025-11-08,92,Msasa,MSASA BULK DIESEL,281.79999999999995,422.7
2025-11-08,92,Msasa,MSASA USD DIESEL,509.6774193548387,790.0
2025-11-08,92,Msasa,MSASA USD PETROL,772.0779220779222,1189.0
2025-11-08,96,Samora,SAMORA USD DIESEL,601.3245033112582,908.0
2025-11-08,96,Samora,SAMORA USD PETROL,1369.736842105263,2082.0
2025-11-08,96,Samora,SAMORA USD TAXI DIESEL ,40.26845637583892,60.0
2025-11-08,96,Samora,SAM-RACE BRAKEFLUID DOT4+ 500ML,1.0,4.0
2025-11-08,96,Samora,SAM-RUBIA SX SAE40 500ML,1.0,3.0
2025-11-08,98,Roadport,ROADPORT USD DIESEL,916.8831168831169,1412.0
2025-11-08,98,Roadport,ROADPORT USD DIESEL BUS,1055.013422818792,1571.97
2025-11-08,98,Roadport,ROAPORT USD PETROL,3259.9155844155844,5020.27
2025-11-09,102,Kirkman,KIRKMAN USD DIESEL,1066.4429530201342,1589.0
2025-11-09,102,Kirkman,KIRKMAN USD PETROL,434.2105263157895,660.0
2025-11-09,110,Mutare Green Market,MUTARE GREEN MARKET BULK DIESEL,620.1388888888889,893.0
2025-11-09,110,Mutare Green Market,MUTARE GREENMARKET USD DIESEL,706.1849315068495,1031.02
2025-11-09,110,Mutare Green Market,MUTARE GREENMARKET USD PETROL,1689.3243243243244,2500.2
2025-11-09,112,Marondera,MARONDERA USD DIESEL,1602.054794520548,2339.0
2025-11-09,112,Marondera,MARONDERA USD PETROL,1237.3333333333333,1856.0
2025-11-09,114,Kadoma,KADOMA USD DIESEL,538.5135135135135,797.0
2025-11-09,114,Kadoma,KADOMA USD PETROL,1273.5099337748338,1923.0
2025-11-09,121,Gweru,GWE-QUARTZ 3000 SG 20W50 500ML,2.0,6.0
2025-11-09,121,Gweru,GWERU BULK DIESEL USD,1578.0,2319.66
2025-11-09,121,Gweru,GWERU USD DIESEL,1812.008523489933,2699.89
2025-11-09,121,Gweru,GWERU USD PETROL,2125.6089473684215,3230.92
2025-11-09,123,Fife Street,FIFE USD DIESEL,1243.2432432432433,1840.0
2025-11-09,123,Fife Street,FIFE USD PETROL,2836.184210526316,4311.0
2025-11-09,125,Fort Street,FORT USD DIESEL,252.70270270270268,374.0
2025-11-09,125,Fort Street,FORT USD PETROL,678.2894736842105,1031.0
2025-11-09,127,Mpopoma,MPOPOMA BULK DIESEL USD,2506.122448979592,3684.0
2025-11-09,127,Mpopoma,MPOPOMA USD DIESEL,1062.837837837838,1573.0
2025-11-09,127,Mpopoma,MPOPOMA USD PETROL,999.3421052631579,1519.0
2025-11-09,127,Mpopoma,MPO-QUARTZ 9000 SAE 5W40 500ML,2.0,10.0
2025-11-09,129,Khami,KHAMI BULK DIESEL USD,159.8639455782313,235.0
2025-11-09,129,Khami,KHAMI USD DIESEL,1252.027027027027,1853.0
2025-11-09,129,Khami,KHAMI USD PETROL,803.9473684210526,1222.0
2025-11-09,131,R Mugabe,R MUGABE USD DIESEL,681.3333333333334,1022.0
2025-11-09,131,R Mugabe,R MUGABE USD PETROL,1368.1818181818182,2107.0
2025-11-09,135,Cripps,CRIPPS BULK DIESEL USD,725.3424657534247,1059.0
2025-11-09,135,Cripps,CRIPPS DIESEL USD,722.3758389261745,1076.33
2025-11-09,135,Cripps,CRIPPS PETROL USD,1230.746666666667,1846.12
2025-11-09,140,Mutare Second Street,MUTARE SECOND USD DIESEL,880.8219178082192,1286.0
2025-11-09,140,Mutare Second Street,MUTARE SECOND USD PETROL,1184.4594594594594,1753.0
2025-11-09,141,Troutbeck,TROUTBECK BULK DIESEL ,1134.2281879194632,1690.0
2025-11-09,141,Troutbeck,TROUTBECK USD DIESEL,872.3684210526316,1326.0
2025-11-09,141,Troutbeck,TROUTBECK USD PETROL,1917.5324675324673,2953.0
2025-11-09,145,Sunway City,SUNWAY BULK DIESEL USD,599.3243243243244,887.0
2025-11-09,145,Sunway City,SUNWAY USD DIESEL,1876.0,2814.0
2025-11-09,145,Sunway City,SUNWAY USD PETROL,4060.5263157894747,6172.0
2025-11-09,146,Banket,BANKET BULK DIESEL USD,1069.3877551020407,1572.0
2025-11-09,146,Banket,BANKET USD DIESEL,426.0000000000002,639.0
2025-11-09,146,Banket,BANKET USD PETROL,2298.7012987012986,3540.0
2025-11-09,146,Banket,BAN-RUBIA SX SAE40 500ML,3.0,9.0
2025-11-09,147,Chinhoyi Main,CHINHOYI MAIN USD DIESEL,1288.7417218543046,1946.0
2025-11-09,147,Chinhoyi Main,CHINHOYI MAIN USD PETROL,2474.509803921568,3786.0
2025-11-09,148,Chegutu,CHEGUTU BULK DIESEL USD,337.8378378378378,500.0
2025-11-09,148,Chegutu,CHEGUTU USD DIESEL,1008.0,1512.0
2025-11-09,148,Chegutu,CHEGUTU USD PETROL,1649.3421052631572,2507.0
2025-11-09,149,Turnpike,TURNPIKE BULK DIESEL USD,1450.44,2161.14
2025-11-09,149,Turnpike,TURNPIKE USD DIESEL,1732.450331125828,2616.0
2025-11-09,149,Turnpike,TURNPIKE USD PETROL,1789.5424836601305,2738.0
2025-11-09,149,Turnpike,TUR-QUARTZ 5000 20W50 500ML,4.0,12.0
2025-11-09,150,Mutare One Stop,MUTARE ONE STOP DIESEL,2448.452054794521,3574.73
2025-11-09,150,Mutare One Stop,MUTARE ONE STOP PETROL,1296.0202702702702,1918.1
2025-11-09,82,Runiville,RUNIVILLE USD DIESEL,95.3020134228188,142.0
2025-11-09,82,Runiville,RUNIVILLE USD PETROL,275.0,418.0
2025-11-09,84,Avondale,AVONDALE USD DIESEL,555.7046979865772,828.0
2025-11-09,84,Avondale,AVONDALE USD PETROL,269.7368421052632,410.0
2025-11-09,86,Charter,CHAR-SWIFTEX BATTERY 652P,1.0,105.0
2025-11-09,86,Charter,CHARTER BULK/TAXI DIESEL ,4462.671232876712,6515.5
2025-11-09,86,Charter,CHARTER USD DIESEL,694.7702702702703,1028.26
2025-11-09,86,Charter,CHARTER USD PETROL,1185.4183006535948,1813.69
2025-11-09,88,Seke,SEKE DIESEL BULK,150.0,219.0
2025-11-09,88,Seke,SEKE USD DIESEL,1529.0540540540542,2263.0
2025-11-09,88,Seke,SEKE USD PETROL,2566.0000000000005,3849.0
2025-11-09,92,Msasa,MSA-QUARTZ 9000 SAE 5W40 500ML,2.0,10.0
2025-11-09,92,Msasa,MSASA BULK DIESEL,420.0,630.0
2025-11-09,92,Msasa,MSASA USD DIESEL,306.4516129032258,475.0
2025-11-09,92,Msasa,MSASA USD PETROL,400.0,616.0
2025-11-09,96,Samora,SAMORA USD DIESEL,601.9867549668874,909.0
2025-11-09,96,Samora,SAMORA USD PETROL,1242.7631578947369,1889.0
2025-11-09,96,Samora,SAMORA USD TAXI DIESEL ,10.06711409395973,15.0
2025-11-09,98,Roadport,ROADPORT USD DIESEL,510.5909090909091,786.31
2025-11-09,98,Roadport,ROADPORT USD DIESEL BUS,2162.456375838926,3222.05
2025-11-09,98,Roadport,ROAPORT USD PETROL,2728.3376623376626,4201.64
2025-11-10,102,Kirkman,KIRKMAN USD DIESEL,4158.7919463087255,6196.6
2025-11-10,102,Kirkman,KIRKMAN USD PETROL,228.28947368421052,347.0
2025-11-10,102,Kirkman,KIR-QUARTZ 5000 20W50 500ML,2.0,6.0
2025-11-10,102,Kirkman,KIR-RUBIA SX SAE40 500ML,1.0,3.0
2025-11-10,110,Mutare Green Market,MUTARE GREEN MARKET BULK DIESEL,1276.388888888889,1838.0
2025-11-10,110,Mutare Green Market,MUTARE GREENMARKET USD DIESEL,859.4246575342465,1254.76
2025-11-10,110,Mutare Green Market,MUTARE GREENMARKET USD PETROL,1459.8986486486485,2160.65
2025-11-10,112,Marondera,MARONDERA USD DIESEL,853.225890410959,1245.7
2025-11-10,112,Marondera,MARONDERA USD PETROL,1520.6666666666667,2281.0
2025-11-10,112,Marondera,MAR-QUARTZ 9000 SAE 5W40 5L,2.0,60.0
2025-11-10,114,Kadoma,KADOMA USD BULK DIESEL ,408.16326530612247,600.0
2025-11-10,114,Kadoma,KADOMA USD DIESEL,970.2702702702702,1436.0
2025-11-10,114,Kadoma,KADOMA USD PETROL,1546.3576158940396,2335.0
2025-11-10,114,Kadoma,KAD-QUARTZ 5000 20W50 500ML,1.0,3.0
2025-11-10,121,Gweru,GWERU BULK DIESEL USD,404.0816326530612,594.0
2025-11-10,121,Gweru,GWERU USD DIESEL,1702.6845637583892,2537.0
2025-11-10,121,Gweru,GWERU USD PETROL,1751.1563157894739,2661.75
2025-11-10,123,Fife Street,FIFE USD DIESEL,1489.864864864865,2205.0
2025-11-10,123,Fife Street,FIFE USD PETROL,1895.3947368421054,2881.0
2025-11-10,125,Fort Street,FOR-RUBIA SX SAE40 500ML,1.0,3.0
2025-11-10,125,Fort Street,FORT STR BULK DIESEL USD,1527.891156462585,2246.0
2025-11-10,125,Fort Street,FORT USD DIESEL,827.0270270270271,1224.0
2025-11-10,125,Fort Street,FORT USD PETROL,857.2368421052631,1303.0
2025-11-10,127,Mpopoma,MPO-FLUIDMATIC DIII MV 500ML,1.0,3.0
2025-11-10,127,Mpopoma,MPOPOMA BULK DIESEL USD,1367.3469387755101,2010.0
2025-11-10,127,Mpopoma,MPOPOMA USD DIESEL,646.6216216216216,957.0
2025-11-10,127,Mpopoma,MPOPOMA USD PETROL,1512.4999999999998,2298.99
2025-11-10,129,Khami,KHA-FLUIDMATIC DIII MV 500ML,2.0,6.0
2025-11-10,129,Khami,KHAMI BULK DIESEL USD,1540.1360544217687,2264.0
2025-11-10,129,Khami,KHAMI USD DIESEL,638.5135135135135,945.0
2025-11-10,129,Khami,KHAMI USD PETROL,250.3157894736842,380.48
2025-11-10,131,R Mugabe,RM-RACE BRAKEFLUID DOT4+ 500ML,1.0,4.0
2025-11-10,131,R Mugabe,RM-RUBIA SX SAE40 500ML,2.0,6.0
2025-11-10,131,R Mugabe,R MUGABE USD DIESEL,1285.3333333333335,1928.0
2025-11-10,131,R Mugabe,R MUGABE USD PETROL,2101.2987012987014,3236.0
2025-11-10,135,Cripps,CRIPPS BULK DIESEL USD,1897.2602739726028,2770.0
2025-11-10,135,Cripps,CRIPPS DIESEL USD,1655.7046979865772,2467.0
2025-11-10,135,Cripps,CRIPPS PETROL USD,1589.9999999999998,2385.0
2025-11-10,139,Head Office,PETROL,0.00641025641025641,0.01
2025-11-10,140,Mutare Second Street,MUTARE SECOND USD BULK DIESEL,104.16666666666667,150.0
2025-11-10,140,Mutare Second Street,MUTARE SECOND USD DIESEL,1557.5342465753429,2274.0
2025-11-10,140,Mutare Second Street,MUTARE SECOND USD PETROL,1603.378378378378,2373.0
2025-11-10,141,Troutbeck,TRO-NEPTUNA 2T SUPER SPORT 500ML,11.0,44.0
2025-11-10,141,Troutbeck,TRO-RUBIA TIR 7400 15W40 500ML,1.0,3.0
2025-11-10,141,Troutbeck,TROUTBECK BULK DIESEL ,300.0,447.0
2025-11-10,141,Troutbeck,TROUTBECK USD DIESEL,70.39473684210526,107.0
2025-11-10,141,Troutbeck,TROUTBECK USD PETROL,1403.8961038961038,2162.0
2025-11-10,145,Sunway City,SUN-QUARTZ 5000 20W50 500ML,1.0,3.0
2025-11-10,145,Sunway City,SUNWAY BULK DIESEL USD,1506.7567567567569,2230.0
2025-11-10,145,Sunway City,SUNWAY USD DIESEL,2278.7200000000003,3418.08
2025-11-10,145,Sunway City,SUNWAY USD PETROL,5296.052631578948,8050.0
2025-11-10,146,Banket,BANKET BULK DIESEL USD,326.53061224489795,480.0
2025-11-10,146,Banket,BANKET USD DIESEL,601.3333333333334,902.0
2025-11-10,146,Banket,BANKET USD PETROL,1699.3506493506493,2617.0
2025-11-10,146,Banket,BAN-NEPTUNA 2T SUPER SPORT 500ML,1.0,4.0
2025-11-10,146,Banket,BAN-QUARTZ 5000 20W50 5L,2.0,44.0
2025-11-10,146,Banket,BAN-RUBIA TIR 7400 SAE 15W40 5L,1.0,25.0
2025-11-10,147,Chinhoyi Main,CHINHOYI BULK DIESEL USD,209.39597315436242,312.0
2025-11-10,147,Chinhoyi Main,CHINHOYI MAIN USD DIESEL,1496.0264900662253,2259.0
2025-11-10,147,Chinhoyi Main,CHINHOYI MAIN USD PETROL,3382.3529411764703,5175.0
2025-11-10,147,Chinhoyi Main,CHI-RUBIA SX SAE40 500ML,1.0,3.0
2025-11-10,148,Chegutu,CHEGUTU BULK DIESEL USD,537.8378378378378,796.0
2025-11-10,148,Chegutu,CHEGUTU USD DIESEL,1022.0,1533.0
2025-11-10,148,Chegutu,CHEGUTU USD PETROL,2017.1052631578941,3066.0
2025-11-10,149,Turnpike,TUR-NEPTUNA 2T SUPER SPORT 500ML,1.0,4.0
2025-11-10,149,Turnpike,TURNPIKE BULK DIESEL USD,134.2281879194631,200.0
2025-11-10,149,Turnpike,TURNPIKE USD DIESEL,635.7615894039736,960.0
2025-11-10,149,Turnpike,TURNPIKE USD PETROL,258.1699346405229,395.0
2025-11-10,149,Turnpike,TUR-RUBIA SX SAE40 500ML,1.0,3.0
2025-11-10,150,Mutare One Stop,MUTARE ONE STOP DIESEL,3854.917808219178,5628.18
2025-11-10,150,Mutare One Stop,MUTARE ONE STOP PETROL,2369.777027027027,3507.27
2025-11-10,82,Runiville,RUNIVILLE USD PETROL,157.89473684210526,240.0
2025-11-10,82,Runiville,RUN-NEPTUNA 2T SUPER SPORT 500ML,1.0,4.0
2025-11-10,84,Avondale,AVO-FLUIDMATIC DIII MV 500ML,1.0,3.0
2025-11-10,84,Avondale,AVONDALE USD DIESEL,393.9597315436242,587.0
2025-11-10,84,Avondale,AVONDALE USD PETROL,717.0526315789472,1089.92
2025-11-10,84,Avondale,AVO-QUARTZ 3000 SG 20W50 500ML,3.0,9.0
2025-11-10,84,Avondale,AVO-QUARTZ 9000 SAE 5W40 5L,1.0,30.0
2025-11-10,84,Avondale,AVO-RUBIA TIR 7400 15W40 500ML,2.0,6.0
2025-11-10,86,Charter,CHARTER BULK/TAXI DIESEL ,3531.5068493150684,5156.0
2025-11-10,86,Charter,CHARTER USD DIESEL,972.2972972972973,1439.0
2025-11-10,86,Charter,CHARTER USD PETROL,1043.9215686274508,1597.2
2025-11-10,88,Seke,SEKE DIESEL BULK,246.57534246575344,360.0
2025-11-10,88,Seke,SEKE USD DIESEL,2406.7567567567567,3562.0
2025-11-10,88,Seke,SEKE USD PETROL,2302.0,3453.0
2025-11-10,92,Msasa,MSASA BULK DIESEL,1032.0,1548.0
2025-11-10,92,Msasa,MSASA USD DIESEL,765.8064516129032,1187.0
2025-11-10,92,Msasa,MSASA USD PETROL,818.8311688311688,1261.0
2025-11-10,96,Samora,SAM-FLUIDMATIC CVT MV 1L,1.0,10.0
2025-11-10,96,Samora,SAMORA USD DIESEL,324.50331125827813,490.0
2025-11-10,96,Samora,SAMORA USD PETROL,1074.9999999999998,1634.0
2025-11-10,96,Samora,SAMORA USD TAXI DIESEL ,94.63087248322148,141.0
2025-11-10,96,Samora,SAM-QUARTZ 9000 SAE 5W40 500ML,2.0,10.0
2025-11-10,98,Roadport,ROADPORT USD DIESEL,816.8831168831169,1258.0
2025-11-10,98,Roadport,ROADPORT USD DIESEL BUS,682.0134228187919,1016.2
2025-11-10,98,Roadport,ROAPORT USD PETROL,3123.2337662337654,4809.78
2025-11-11,102,Kirkman,KIRKMAN USD DIESEL,1544.9664429530203,2302.0
2025-11-11,102,Kirkman,KIRKMAN USD PETROL,681.578947368421,1036.0
2025-11-11,102,Kirkman,KIR-RUBIA SX SAE40 500ML,3.0,9.0
2025-11-11,102,Kirkman,KIR-RUBIA TIR 7400 SAE 15W40 5L,2.0,50.0
2025-11-11,110,Mutare Green Market,MUTARE GREEN MARKET BULK DIESEL,1118.0555555555557,1610.0
2025-11-11,110,Mutare Green Market,MUTARE GREENMARKET USD DIESEL,745.4794520547946,1088.39
2025-11-11,110,Mutare Green Market,MUTARE GREENMARKET USD PETROL,1370.1418918918919,2027.81
2025-11-11,112,Marondera,MARONDERA USD DIESEL,613.013698630137,895.0
2025-11-11,112,Marondera,MARONDERA USD PETROL,1377.3333333333333,2066.0
2025-11-11,112,Marondera,MAR-RUBIA SX SAE40 500ML,1.0,3.0
2025-11-11,114,Kadoma,KADOMA USD BULK DIESEL ,1404.0816326530614,2064.0
2025-11-11,114,Kadoma,KADOMA USD DIESEL,883.1081081081081,1307.0
2025-11-11,114,Kadoma,KADOMA USD PETROL,1249.668874172185,1887.0
2025-11-11,121,Gweru,GWE-QUARTZ 4X4 15W40 500ML,1.0,3.0
2025-11-11,121,Gweru,GWERU BULK DIESEL USD,3184.0,4680.48
2025-11-11,121,Gweru,GWERU USD DIESEL,2241.6107382550335,3340.0
2025-11-11,121,Gweru,GWERU USD PETROL,1637.5,2489.0
2025-11-11,123,Fife Street,FIFE USD DIESEL,1270.2702702702704,1880.0
2025-11-11,123,Fife Street,FIFE USD PETROL,2075.0,3154.0
2025-11-11,123,Fife Street,FIF-QUARTZ 3000 SG 20W50 500ML,1.0,3.0
2025-11-11,123,Fife Street,FIF-QUARTZ 4X4 15W40 500ML,1.0,3.0
2025-11-11,123,Fife Street,FIF-QUARTZ 9000 SAE 5W40 500ML,3.0,15.0
2025-11-11,123,Fife Street,FIF-QUARTZ 9000 SAE 5W40 5L,1.0,30.0
2025-11-11,123,Fife Street,FIF-RACE BRAKEFLUID DOT4+ 500ML,1.0,4.0
2025-11-11,123,Fife Street,FIF-RUBIA SX SAE40 500ML,3.0,9.0
2025-11-11,125,Fort Street,FOR-NEPTUNA 2T SUPER SPORT 500ML,1.0,4.0
2025-11-11,125,Fort Street,FOR-RUBIA SX SAE40 500ML,2.0,6.0
2025-11-11,125,Fort Street,FORT STR BULK DIESEL USD,1182.312925170068,1738.0
2025-11-11,125,Fort Street,FORT USD DIESEL,485.81081081081084,719.0
2025-11-11,125,Fort Street,FORT USD PETROL,1128.2894736842106,1715.0
2025-11-11,127,Mpopoma,MPOPOMA BULK DIESEL USD,1027.891156462585,1511.0
2025-11-11,127,Mpopoma,MPOPOMA USD DIESEL,1064.8648648648648,1576.0
2025-11-11,127,Mpopoma,MPOPOMA USD PETROL,603.953947368421,918.01
2025-11-11,129,Khami,KHAMI BULK DIESEL USD,1496.8027210884352,2200.3
2025-11-11,129,Khami,KHAMI USD DIESEL,3209.7297297297296,4750.4
2025-11-11,129,Khami,KHAMI USD PETROL,1002.6315789473683,1524.0
2025-11-11,129,Khami,KHA-RUBIA SX SAE40 500ML,1.0,3.0
2025-11-11,131,R Mugabe,RM-RUBIA SX SAE40 500ML,2.0,6.0
2025-11-11,131,R Mugabe,R MUGABE USD DIESEL,617.3333333333334,926.0
2025-11-11,131,R Mugabe,R MUGABE USD PETROL,2062.337662337662,3176.0
2025-11-11,135,Cripps,CRIPPS BULK DIESEL USD,1778.0821917808219,2596.0
2025-11-11,135,Cripps,CRIPPS DIESEL USD,1344.9664429530199,2004.0
2025-11-11,135,Cripps,CRIPPS PETROL USD,1952.666666666667,2929.0
2025-11-11,140,Mutare Second Street,MUTARE SECOND USD BULK DIESEL,147.91666666666669,213.0
2025-11-11,140,Mutare Second Street,MUTARE SECOND USD DIESEL,1355.4794520547944,1979.0
2025-11-11,140,Mutare Second Street,MUTARE SECOND USD PETROL,1381.0810810810815,2044.0
2025-11-11,141,Troutbeck,TROUTBECK BULK DIESEL ,549.6644295302013,819.0
2025-11-11,141,Troutbeck,TROUTBECK USD DIESEL,1065.7894736842104,1620.0
2025-11-11,141,Troutbeck,TROUTBECK USD PETROL,3200.6493506493507,4929.0
2025-11-11,145,Sunway City,SUNWAY BULK DIESEL USD,1897.972972972973,2809.0
2025-11-11,145,Sunway City,SUNWAY USD DIESEL,1213.1000000000001,1819.64
2025-11-11,145,Sunway City,SUNWAY USD PETROL,3648.684210526316,5546.0
2025-11-11,146,Banket,BAN-FLUIDMATIC CVT MV 1L,1.0,10.0
2025-11-11,146,Banket,BANKET BULK DIESEL USD,789.795918367347,1161.0
2025-11-11,146,Banket,BANKET USD DIESEL,2362.666666666666,3544.0
2025-11-11,146,Banket,BANKET USD PETROL,1772.7272727272725,2730.0
2025-11-11,147,Chinhoyi Main,CHINHOYI BULK DIESEL USD,371.1409395973154,553.0
2025-11-11,147,Chinhoyi Main,CHINHOYI MAIN USD DIESEL,1236.4238410596026,1867.0
2025-11-11,147,Chinhoyi Main,CHINHOYI MAIN USD PETROL,3065.3594771241833,4690.0
2025-11-11,148,Chegutu,CHEGUTU BULK DIESEL USD,472.97297297297297,700.0
2025-11-11,148,Chegutu,CHEGUTU USD DIESEL,1217.9999999999998,1827.0
2025-11-11,148,Chegutu,CHEGUTU USD PETROL,1657.236842105262,2519.0
2025-11-11,148,Chegutu,CHE-RUBIA SX SAE40 500ML,1.0,3.0
2025-11-11,148,Chegutu,CHE-RUBIA TIR 7400 15W40 500ML,2.0,6.0
2025-11-11,149,Turnpike,TUR-FLUIDMATIC DIII MV 500ML,1.0,3.0
2025-11-11,149,Turnpike,TURNPIKE BULK DIESEL USD,735.5704697986578,1096.0
2025-11-11,149,Turnpike,TURNPIKE USD DIESEL,329.80132450331126,498.0
2025-11-11,149,Turnpike,TURNPIKE USD PETROL,1532.0261437908496,2344.0
2025-11-11,149,Turnpike,TUR-QUARTZ 9000 SAE 5W40 500ML,2.0,10.0
2025-11-11,150,Mutare One Stop,MUTARE ONE STOP PETROL,1600.6756756756758,2369.0
2025-11-11,82,Runiville,RUNIVILLE USD DIESEL,470.4697986577181,701.0
2025-11-11,82,Runiville,RUNIVILLE USD PETROL,323.0263157894737,491.0
2025-11-11,82,Runiville,RUN-NEPTUNA 2T SUPER SPORT 500ML,2.0,8.0
2025-11-11,84,Avondale,AVONDALE USD DIESEL,687.9395973154362,1025.03
2025-11-11,84,Avondale,AVONDALE USD PETROL,294.07894736842104,447.0
2025-11-11,86,Charter,CHARTER BULK/TAXI DIESEL ,3472.602739726028,5070.0
2025-11-11,86,Charter,CHARTER USD DIESEL,1262.8378378378377,1869.0
2025-11-11,86,Charter,CHARTER USD PETROL,1672.549019607843,2559.0
2025-11-11,88,Seke,SEKE DIESEL BULK,760.2739726027397,1110.0
2025-11-11,88,Seke,SEKE USD DIESEL,2337.162162162162,3459.0
2025-11-11,88,Seke,SEKE USD PETROL,2259.9999999999995,3390.0
2025-11-11,88,Seke,SEK-QUARTZ 9000 SAE 5W40 500ML,1.0,5.0
2025-11-11,92,Msasa,MSA-QUARTZ 5000 20W50 500ML,2.0,6.0
2025-11-11,92,Msasa,MSASA BULK DIESEL,1013.3333333333334,1520.0
2025-11-11,92,Msasa,MSASA USD DIESEL,1226.4516129032256,1901.0
2025-11-11,92,Msasa,MSASA USD PETROL,1038.3116883116882,1599.0
2025-11-11,96,Samora,SAMORA USD DIESEL,892.0529801324503,1347.0
2025-11-11,96,Samora,SAMORA USD PETROL,717.7631578947368,1091.0
2025-11-11,98,Roadport,ROADPORT USD DIESEL,552.5974025974026,851.0
2025-11-11,98,Roadport,ROADPORT USD DIESEL BUS,1712.4832214765102,2551.6
2025-11-11,98,Roadport,ROAPORT USD PETROL,4061.6883116883105,6255.0
2025-11-12,102,Kirkman,KIRKMAN BULK DIESEL USD,200.0,292.0
2025-11-12,102,Kirkman,KIRKMAN USD DIESEL,481.8791946308725,718.0
2025-11-12,102,Kirkman,KIRKMAN USD PETROL,640.7894736842104,974.0
2025-11-12,110,Mutare Green Market,MUTARE GREEN MARKET BULK DIESEL,1609.7222222222222,2318.0
2025-11-12,110,Mutare Green Market,MUTARE GREENMARKET USD DIESEL,589.2191780821919,860.26
2025-11-12,110,Mutare Green Market,MUTARE GREENMARKET USD PETROL,1397.3851351351352,2068.12
2025-11-12,112,Marondera,MAR-FLUIDMATIC CVT MV 1L,4.0,40.0
2025-11-12,112,Marondera,MARONDERA USD DIESEL,714.2857142857142,1050.0
2025-11-12,112,Marondera,MARONDERA USD PETROL,1603.3333333333335,2405.0
2025-11-12,112,Marondera,MAR-RACE BRAKEFLUID DOT4+ 500ML,1.0,4.0
2025-11-12,112,Marondera,MAR-RUBIA SX SAE40 500ML,1.0,3.0
2025-11-12,114,Kadoma,KADOMA USD BULK DIESEL ,462.5850340136055,680.0
2025-11-12,114,Kadoma,KADOMA USD DIESEL,907.6500997641938,1352.0
2025-11-12,114,Kadoma,KADOMA USD PETROL,1399.9999999999998,2114.0
2025-11-12,121,Gweru,GWERU BULK DIESEL USD,1760.0,2587.19
2025-11-12,121,Gweru,GWERU USD DIESEL,2401.679932885906,3578.5
2025-11-12,121,Gweru,GWERU USD PETROL,1412.2047368421054,2146.55
2025-11-12,123,Fife Street,FIFE USD DIESEL,1452.297297297297,2149.4
2025-11-12,123,Fife Street,FIFE USD PETROL,2636.184210526316,4007.0
2025-11-12,125,Fort Street,FOR-NEPTUNA 2T SUPER SPORT 500ML,1.0,4.0
2025-11-12,125,Fort Street,FORT STR BULK DIESEL USD,942.1768707482994,1385.0
2025-11-12,125,Fort Street,FORT USD DIESEL,729.7297297297298,1080.0
2025-11-12,125,Fort Street,FORT USD PETROL,784.2105263157895,1192.0
2025-11-12,127,Mpopoma,MPO-FLUIDMATIC DIII MV 500ML,1.0,3.0
2025-11-12,127,Mpopoma,MPOPOMA BULK DIESEL USD,1731.9727891156463,2546.0
2025-11-12,127,Mpopoma,MPOPOMA USD DIESEL,963.5135135135134,1426.0
2025-11-12,127,Mpopoma,MPOPOMA USD PETROL,1211.1842105263156,1841.0
2025-11-12,127,Mpopoma,MPO-QUARTZ 9000 SAE 5W40 500ML,1.0,5.0
2025-11-12,129,Khami,KHAMI BULK DIESEL USD,2138.7755102040815,3144.0
2025-11-12,129,Khami,KHAMI USD DIESEL,1865.5405405405406,2761.0
2025-11-12,129,Khami,KHAMI USD PETROL,948.0263157894738,1441.0
2025-11-12,129,Khami,KHA-QUARTZ 9000 SAE 5W40 500ML,2.0,10.0
2025-11-12,131,R Mugabe,RM-FLUIDMATIC DIII MV 500ML,3.0,9.0
2025-11-12,131,R Mugabe,RM-QUARTZ 9000 SAE 5W40 500ML,1.0,5.0
2025-11-12,131,R Mugabe,RM-RUBIA SX SAE40 500ML,4.0,12.0
2025-11-12,131,R Mugabe,RM-RUBIA TIR 7400 SAE 15W40 5L,1.0,25.0
2025-11-12,131,R Mugabe,R MUGABE USD DIESEL,920.4824561403508,1399.0
2025-11-12,131,R Mugabe,R MUGABE USD PETROL,1387.6623376623377,2137.0
2025-11-12,135,Cripps,CRIPPS BULK DIESEL USD,917.8082191780823,1340.0
2025-11-12,135,Cripps,CRIPPS DIESEL USD,621.4765100671141,926.0
2025-11-12,135,Cripps,CRIPPS PETROL USD,1622.6666666666667,2434.0
2025-11-12,135,Cripps,CRI-RUBIA SX SAE40 500ML,1.0,3.0
2025-11-12,140,Mutare Second Street,MUTARE SECOND USD DIESEL,885.6164383561644,1293.0
2025-11-12,140,Mutare Second Street,MUTARE SECOND USD PETROL,1054.0540540540544,1560.0
2025-11-12,141,Troutbeck,TROUTBECK USD DIESEL,13.071895424836601,20.0
2025-11-12,141,Troutbeck,TROUTBECK USD PETROL,587.6623376623376,905.0
2025-11-12,145,Sunway City,SUN-QUARTZ 5000 20W50 5L,1.0,22.0
2025-11-12,145,Sunway City,SUNWAY BULK DIESEL USD,1685.1351351351352,2494.0
2025-11-12,145,Sunway City,SUNWAY USD DIESEL,2401.333333333333,3602.0
2025-11-12,145,Sunway City,SUNWAY USD PETROL,2810.526315789474,4272.0
2025-11-12,146,Banket,BANKET BULK DIESEL USD,1429.931972789116,2102.0
2025-11-12,146,Banket,BANKET USD DIESEL,2102.0,3153.0
2025-11-12,146,Banket,BANKET USD PETROL,2770.12987012987,4266.0
2025-11-12,147,Chinhoyi Main,CHINHOYI BULK DIESEL USD,1639.5973154362418,2443.0
2025-11-12,147,Chinhoyi Main,CHINHOYI MAIN USD DIESEL,1068.8088184036249,1623.0
2025-11-12,147,Chinhoyi Main,CHINHOYI MAIN USD PETROL,3150.5305152363976,4846.0
2025-11-12,148,Chegutu,CHEGUTU BULK DIESEL USD,1443.918918918919,2137.0
2025-11-12,148,Chegutu,CHEGUTU USD DIESEL,1405.3333333333335,2108.0
2025-11-12,148,Chegutu,CHEGUTU USD PETROL,1630.2631578947364,2478.0
2025-11-12,148,Chegutu,CHE-RUBIA TIR 7400 15W40 500ML,2.0,6.0
2025-11-12,149,Turnpike,TUR-FLUIDMATIC DIII MV 500ML,3.0,9.0
2025-11-12,149,Turnpike,TURNPIKE BULK DIESEL USD,245.0,365.05
2025-11-12,149,Turnpike,TURNPIKE USD DIESEL,2141.7218543046356,3234.0
2025-11-12,149,Turnpike,TURNPIKE USD PETROL,1394.155844155844,2147.0
2025-11-12,149,Turnpike,TUR-QUARTZ 5000 20W50 5L,1.0,22.0
2025-11-12,149,Turnpike,TUR-RACE BRAKEFLUID DOT4+ 500ML,1.0,4.0
2025-11-12,150,Mutare One Stop,MUTARE ONE STOP DIESEL,39.04109589041096,57.0
2025-11-12,150,Mutare One Stop,MUTARE ONE STOP PETROL,1458.2567567567567,2158.22
2025-11-12,82,Runiville,RUNIVILLE USD DIESEL,134.8993288590604,201.0
2025-11-12,82,Runiville,RUNIVILLE USD PETROL,452.63157894736844,688.0
2025-11-12,82,Runiville,RUN-QUARTZ 9000 SAE 5W40 5L,3.0,90.0
2025-11-12,82,Runiville,RUN-RACE BRAKEFLUID DOT4+ 500ML,2.0,8.0
2025-11-12,82,Runiville,RUN-RUBIA SX SAE40 500ML,1.0,3.0
2025-11-12,84,Avondale,AVO-FLUIDMATIC DIII MV 500ML,2.0,6.0
2025-11-12,84,Avondale,AVONDALE USD DIESEL,315.4362416107382,470.0
2025-11-12,84,Avondale,AVONDALE USD PETROL,313.86842105263156,477.08
2025-11-12,84,Avondale,AVO-QUARTZ 3000 SG 20W50 500ML,3.0,9.0
2025-11-12,84,Avondale,AVO-RUBIA TIR 7400 15W40 500ML,2.0,6.0
2025-11-12,84,Avondale,AVO-RUBIA TIR 7400 SAE 15W40 5L,2.0,50.0
2025-11-12,86,Charter,CHAR-SWIFTEX BATTERY 652P,1.0,105.0
2025-11-12,86,Charter,CHARTER BULK/TAXI DIESEL ,4258.219178082192,6217.0
2025-11-12,86,Charter,CHARTER USD DIESEL,924.3243243243244,1368.0
2025-11-12,86,Charter,CHARTER USD PETROL,1522.2222222222222,2329.0
2025-11-12,88,Seke,SEKE USD DIESEL,2410.135135135135,3567.0
2025-11-12,88,Seke,SEKE USD PETROL,2514.0,3771.0
2025-11-12,88,Seke,SEK-QUARTZ 9000 SAE 5W40 500ML,2.0,10.0
2025-11-12,88,Seke,SEK-RACE BRAKEFLUID DOT4+ 500ML,1.0,4.0
2025-11-12,92,Msasa,MSASA BULK DIESEL,862.6666666666667,1294.0
2025-11-12,92,Msasa,MSASA USD DIESEL,458.0645161290323,710.0
2025-11-12,92,Msasa,MSASA USD PETROL,724.6753246753246,1116.0
2025-11-12,96,Samora,SAMORA USD DIESEL,310.59602649006627,469.0
2025-11-12,96,Samora,SAMORA USD PETROL,1403.2894736842102,2133.0
2025-11-12,96,Samora,SAMORA USD TAXI DIESEL ,117.4496644295302,175.0
2025-11-12,98,Roadport,ROADPORT USD DIESEL,922.4285714285714,1420.54
2025-11-12,98,Roadport,ROADPORT USD DIESEL BUS,380.5436241610738,567.01
2025-11-12,98,Roadport,ROAPORT USD PETROL,2800.9870129870123,4313.52
2025-11-13,102,Kirkman,KIRKMAN BULK DIESEL USD,1061.6160681229176,1565.0
2025-11-13,102,Kirkman,KIRKMAN USD DIESEL,678.1051163601499,1012.0
2025-11-13,102,Kirkman,KIRKMAN USD PETROL,319.565960355434,486.0
2025-11-13,110,Mutare Green Market,MUTARE GREEN MARKET BULK DIESEL,2286.890410958904,3331.03
2025-11-13,110,Mutare Green Market,MUTARE GREENMARKET USD DIESEL,469.4105886708626,685.88
2025-11-13,110,Mutare Green Market,MUTARE GREENMARKET USD PETROL,962.8378378378378,1425.2
2025-11-13,112,Marondera,MAR-FLUIDMATIC CVT MV 1L,1.0,10.0
2025-11-13,112,Marondera,MARONDERA USD DIESEL,762.530612244898,1120.92
2025-11-13,112,Marondera,MARONDERA USD PETROL,1306.6666666666667,1960.0
2025-11-13,114,Kadoma,KADOMA USD BULK DIESEL ,217.687074829932,320.0
2025-11-13,114,Kadoma,KADOMA USD DIESEL,833.5570469798656,1242.0
2025-11-13,114,Kadoma,KADOMA USD PETROL,1631.1258278145692,2463.0
2025-11-13,121,Gweru,GWE-QUARTZ 3000 SG 20W50 500ML,1.0,3.0
2025-11-13,121,Gweru,GWERU BULK DIESEL USD,491.0,721.77
2025-11-13,121,Gweru,GWERU USD DIESEL,1796.6442953020135,2677.0
2025-11-13,121,Gweru,GWERU USD PETROL,1529.6052631578946,2325.0
2025-11-13,123,Fife Street,FIFE USD DIESEL,2141.9094419094417,3198.0
2025-11-13,123,Fife Street,FIFE USD PETROL,1883.8602187286397,2878.0
2025-11-13,125,Fort Street,FOR-RACE BRAKEFLUID DOT4+ 500ML,1.0,4.0
2025-11-13,125,Fort Street,FOR-RUBIA SX SAE40 500ML,1.0,3.0
2025-11-13,125,Fort Street,FORT STR BULK DIESEL USD,878.9115646258504,1292.0
2025-11-13,125,Fort Street,FORT USD DIESEL,361.5391365391365,538.0
2025-11-13,125,Fort Street,FORT USD PETROL,603.4090909090909,920.0
2025-11-13,127,Mpopoma,MPOPOMA BULK DIESEL USD,1514.432800147086,2240.0
2025-11-13,127,Mpopoma,MPOPOMA USD DIESEL,1144.2611442611442,1741.0
2025-11-13,127,Mpopoma,MPOPOMA USD PETROL,1386.3123718386876,2129.0
2025-11-13,129,Khami,KHA-FLUIDMATIC CVT MV 1L,1.0,10.0
2025-11-13,129,Khami,KHAMI BULK DIESEL USD,570.2702702702702,841.0
2025-11-13,129,Khami,KHAMI USD DIESEL,212.46753246753246,327.2
2025-11-13,129,Khami,KHAMI USD PETROL,282.2453861927546,434.0
2025-11-13,131,R Mugabe,R MUGABE USD DIESEL,1019.0191387559807,1567.0
2025-11-13,131,R Mugabe,R MUGABE USD PETROL,1620.1298701298701,2495.0
2025-11-13,135,Cripps,CRIPPS BULK DIESEL USD,3383.1340244353946,4948.2
2025-11-13,135,Cripps,CRIPPS DIESEL USD,992.3341758912231,1524.0
2025-11-13,135,Cripps,CRIPPS PETROL USD,852.3549783549785,1297.0
2025-11-13,140,Mutare Second Street,MUTARE SECOND USD DIESEL,1038.8374676045908,1531.0
2025-11-13,140,Mutare Second Street,MUTARE SECOND USD PETROL,1521.3783783783783,2271.0
2025-11-13,141,Troutbeck,TROUTBECK BULK DIESEL ,2770.2013422818795,4127.6
2025-11-13,141,Troutbeck,TROUTBECK USD DIESEL,954.248366013072,1460.0
2025-11-13,141,Troutbeck,TROUTBECK USD PETROL,1186.3636363636365,1827.0
2025-11-13,145,Sunway City,SUNWAY BULK DIESEL USD,938.5135135135135,1389.0
2025-11-13,145,Sunway City,SUNWAY USD DIESEL,1872.3138528138522,2879.63
2025-11-13,145,Sunway City,SUNWAY USD PETROL,4569.053315105946,7017.0
2025-11-13,146,Banket,BANKET BULK DIESEL USD,1152.612415885273,1704.43
2025-11-13,146,Banket,BANKET USD DIESEL,1119.2127192982452,1691.67
2025-11-13,146,Banket,BANKET USD PETROL,2283.766233766234,3517.0
2025-11-13,146,Banket,BAN-RACE BRAKEFLUID DOT4+ 500ML,2.0,8.0
2025-11-13,147,Chinhoyi Main,CHI-FLUIDMATIC DIII MV 500ML,1.0,3.0
2025-11-13,147,Chinhoyi Main,CHI-NEPTUNA 2T SUPER SPORT 500ML,1.0,4.0
2025-11-13,147,Chinhoyi Main,CHINHOYI BULK DIESEL USD,2136.4730926900056,3163.99
2025-11-13,147,Chinhoyi Main,CHINHOYI MAIN USD DIESEL,281.57894736842104,428.0
2025-11-13,147,Chinhoyi Main,CHINHOYI MAIN USD PETROL,499.3506493506493,769.0
2025-11-13,147,Chinhoyi Main,CHI-QUARTZ 5000 20W50 500ML,1.0,3.0
2025-11-13,147,Chinhoyi Main,CHI-QUARTZ 9000 SAE 5W40 5L,1.0,30.0
2025-11-13,148,Chegutu,CHEGUTU BULK DIESEL USD,435.1351351351351,644.0
2025-11-13,148,Chegutu,CHEGUTU USD DIESEL,867.3333333333333,1301.0
2025-11-13,148,Chegutu,CHEGUTU USD PETROL,1736.8421052631572,2640.0
2025-11-13,149,Turnpike,TURNPIKE BULK DIESEL USD,580.0,858.4
2025-11-13,149,Turnpike,TURNPIKE USD DIESEL,852.7952180270062,1305.0
2025-11-13,149,Turnpike,TURNPIKE USD PETROL,1737.6623376623377,2676.0
2025-11-13,149,Turnpike,TUR-RACE BRAKEFLUID DOT4+ 500ML,1.0,4.0
2025-11-13,150,Mutare One Stop,MUTARE ONE STOP DIESEL,1660.1417993335801,2452.64
2025-11-13,150,Mutare One Stop,MUTARE ONE STOP PETROL,2294.2411711711716,3433.82
2025-11-13,82,Runiville,RUNIVILLE USD DIESEL,305.8659461344025,471.0
2025-11-13,82,Runiville,RUNIVILLE USD PETROL,465.6830143540669,717.02
2025-11-13,82,Runiville,RUN-QUARTZ 9000 SAE 5W40 500ML,1.0,5.0
2025-11-13,84,Avondale,AVONDALE USD DIESEL,237.68412795258433,361.0
2025-11-13,84,Avondale,AVONDALE USD PETROL,1211.8762816131236,1854.0
2025-11-13,84,Avondale,AVO-QUARTZ 9000 SAE 5W40 500ML,1.0,5.0
2025-11-13,86,Charter,CHARTER BULK/TAXI DIESEL ,3269.5298037763787,4813.0
2025-11-13,86,Charter,CHARTER USD DIESEL,945.6826956826956,1430.0
2025-11-13,86,Charter,CHARTER USD PETROL,1263.2204396910277,1936.0
2025-11-13,88,Seke,SEKE DIESEL BULK,299.3243243243243,443.0
2025-11-13,88,Seke,SEKE USD DIESEL,2079.9052299052296,3199.0
2025-11-13,88,Seke,SEKE USD PETROL,1852.8138528138527,2844.0
2025-11-13,92,Msasa,MSASA BULK DIESEL,1190.018018018018,1773.0
2025-11-13,92,Msasa,MSASA USD DIESEL,296.04105571847504,458.0
2025-11-13,92,Msasa,MSASA USD PETROL,695.4545454545455,1071.0
2025-11-13,96,Samora,SAMORA USD DIESEL,414.59533843639804,629.0
2025-11-13,96,Samora,SAMORA USD PETROL,1136.6626794258373,1741.0
2025-11-13,96,Samora,SAMORA USD TAXI DIESEL ,104.72972972972973,155.0
2025-11-13,96,Samora,SAM-RACE BRAKEFLUID DOT4+ 500ML,1.0,4.0
2025-11-13,96,Samora,SAM-RUBIA TIR 7400 15W40 500ML,1.0,3.0
2025-11-13,98,Roadport,ROADPORT USD DIESEL,1056.0129870129872,1626.26
2025-11-13,98,Roadport,ROADPORT USD DIESEL BUS,1235.4274442227463,1837.54
2025-11-13,98,Roadport,ROAPORT USD PETROL,3459.876623376623,5328.21
2025-11-14,102,Kirkman,KIRKMAN USD DIESEL,1039.6103896103896,1601.0
2025-11-14,102,Kirkman,KIRKMAN USD PETROL,812.9870129870128,1252.0
2025-11-14,102,Kirkman,KIR-RUBIA SX SAE40 500ML,1.0,3.0
2025-11-14,102,Kirkman,SHIELD PETROL INJ CLEANER 350ML,6.25,25.0
2025-11-14,110,Mutare Green Market,MUTARE GREEN MARKET BULK DIESEL,1265.7534246575342,1848.0
2025-11-14,110,Mutare Green Market,MUTARE GREENMARKET USD DIESEL,1063.8310810810813,1574.47
2025-11-14,110,Mutare Green Market,MUTARE GREENMARKET USD PETROL,2147.8933333333334,3221.83
2025-11-14,112,Marondera,MARONDERA USD DIESEL,651.7006802721089,958.0
2025-11-14,112,Marondera,MARONDERA USD PETROL,2073.333333333333,3110.0
2025-11-14,112,Marondera,MAR-QUARTZ 5000 20W50 500ML,1.0,3.0
2025-11-14,114,Kadoma,KADOMA USD BULK DIESEL ,1586.3945578231292,2332.0
2025-11-14,114,Kadoma,KADOMA USD DIESEL,953.020134228188,1420.0
2025-11-14,114,Kadoma,KADOMA USD PETROL,1144.3708609271523,1728.0
2025-11-14,121,Gweru,GWE-QUARTZ 4X4 15W40 500ML,2.0,6.0
2025-11-14,121,Gweru,GWE-RUBIA TIR 7400 15W40 500ML,1.0,3.0
2025-11-14,121,Gweru,GWERU BULK DIESEL USD,600.0,882.0
2025-11-14,121,Gweru,GWERU USD DIESEL,1288.5906040268455,1920.0
2025-11-14,121,Gweru,GWERU USD PETROL,1574.9999999999998,2394.0
2025-11-14,123,Fife Street,FIFE USD DIESEL,1474.6753246753246,2271.0
2025-11-14,123,Fife Street,FIFE USD PETROL,1950.0,3003.0
2025-11-14,125,Fort Street,FOR-RUBIA SX SAE40 500ML,1.0,3.0
2025-11-14,125,Fort Street,FORT STR BULK DIESEL USD,1316.6327027027028,1948.61
2025-11-14,125,Fort Street,FORT USD DIESEL,1062.3376623376623,1636.0
2025-11-14,125,Fort Street,FORT USD PETROL,1114.2857142857142,1716.0
2025-11-14,127,Mpopoma,MPOPOMA BULK DIESEL USD,1942.5675675675675,2875.0
2025-11-14,127,Mpopoma,MPOPOMA USD DIESEL,501.84415584415586,772.84
2025-11-14,127,Mpopoma,MPOPOMA USD PETROL,80.51948051948052,124.0
2025-11-14,129,Khami,KHA-FLUIDMATIC DIII MV 500ML,2.0,6.0
2025-11-14,129,Khami,KHAMI BULK DIESEL USD,148.64864864864865,220.0
2025-11-14,129,Khami,KHAMI USD DIESEL,535.0649350649351,824.0
2025-11-14,129,Khami,KHAMI USD PETROL,467.53246753246754,720.0
2025-11-14,131,R Mugabe,R MUGABE USD DIESEL,1062.987012987013,1637.0
2025-11-14,131,R Mugabe,R MUGABE USD PETROL,2120.12987012987,3265.0
2025-11-14,135,Cripps,CRIPPS BULK DIESEL USD,2333.1016216216217,3452.99
2025-11-14,135,Cripps,CRIPPS DIESEL USD,514.9350649350649,793.0
2025-11-14,135,Cripps,CRIPPS PETROL USD,1057.7922077922078,1629.0
2025-11-14,139,Head Office,DIESEL,2.753086419753086,4.46
2025-11-14,139,Head Office,PETROL,0.00641025641025641,0.01
2025-11-14,140,Mutare Second Street,MUTARE SECOND USD BULK DIESEL,202.73972602739727,296.0
2025-11-14,140,Mutare Second Street,MUTARE SECOND USD DIESEL,1260.1351351351352,1865.0
2025-11-14,140,Mutare Second Street,MUTARE SECOND USD PETROL,995.3333333333334,1493.0
2025-11-14,141,Troutbeck,TROUTBECK BULK DIESEL ,534.2281879194632,796.0
2025-11-14,141,Troutbeck,TROUTBECK USD DIESEL,1416.9934640522877,2168.0
2025-11-14,141,Troutbeck,TROUTBECK USD PETROL,2488.311688311688,3832.0
2025-11-14,145,Sunway City,SUNWAY BULK DIESEL USD,1735.7297297297298,2568.88
2025-11-14,145,Sunway City,SUNWAY USD DIESEL,2051.2987012987014,3159.0
2025-11-14,145,Sunway City,SUNWAY USD PETROL,4355.844155844155,6708.0
2025-11-14,146,Banket,BANKET BULK DIESEL USD,2764.177297297297,4090.97
2025-11-14,146,Banket,BANKET USD DIESEL,582.8947368421052,886.0
2025-11-14,146,Banket,BANKET USD PETROL,2219.4805194805194,3418.0
2025-11-14,146,Banket,BAN-NEPTUNA 2T SUPER SPORT 500ML,1.0,4.0
2025-11-14,147,Chinhoyi Main,CHINHOYI BULK DIESEL USD,1508.1081081081081,2232.0
2025-11-14,147,Chinhoyi Main,CHINHOYI MAIN USD DIESEL,734.8684210526317,1117.0
2025-11-14,147,Chinhoyi Main,CHINHOYI MAIN USD PETROL,2218.181818181818,3416.0
2025-11-14,148,Chegutu,CHEGUTU BULK DIESEL USD,1306.7567567567569,1934.0
2025-11-14,148,Chegutu,CHEGUTU USD DIESEL,992.6666666666667,1489.0
2025-11-14,148,Chegutu,CHEGUTU USD PETROL,2109.86842105263,3207.0
2025-11-14,149,Turnpike,TURNPIKE BULK DIESEL USD,1178.3705405405403,1743.98
2025-11-14,149,Turnpike,TURNPIKE USD DIESEL,2102.428571428571,3237.73
2025-11-14,149,Turnpike,TURNPIKE USD PETROL,1776.3961038961038,2735.65
2025-11-14,149,Turnpike,TUR-QUARTZ 5000 20W50 500ML,1.0,3.0
2025-11-14,149,Turnpike,TUR-RACE BRAKEFLUID DOT4+ 500ML,2.0,8.0
2025-11-14,149,Turnpike,TUR-RUBIA SX SAE40 500ML,1.0,3.0
2025-11-14,149,Turnpike,TUR-RUBIA TIR 7400 15W40 500ML,1.0,3.0
2025-11-14,150,Mutare One Stop,MUTARE ONE STOP DIESEL,1985.4864864864862,2938.52
2025-11-14,150,Mutare One Stop,MUTARE ONE STOP PETROL,1692.84,2539.26
2025-11-14,82,Runiville,RUN-FLUIDMATIC CVT MV 1L,5.0,50.0
2025-11-14,82,Runiville,RUNIVILLE USD DIESEL,222.0779220779221,342.0
2025-11-14,82,Runiville,RUNIVILLE USD PETROL,267.49480519480517,411.94
2025-11-14,82,Runiville,RUN-NEPTUNA 2T SUPER SPORT 500ML,3.0,12.0
2025-11-14,82,Runiville,RUN-QUARTZ 4X4 15W40 500ML,2.0,6.0
2025-11-14,82,Runiville,RUN-RACE BRAKEFLUID DOT4+ 500ML,2.0,8.0
2025-11-14,84,Avondale,AVONDALE USD DIESEL,406.7532467532468,626.4
2025-11-14,84,Avondale,AVONDALE USD PETROL,136.36363636363635,210.0
2025-11-14,86,Charter,CHARTER BULK/TAXI DIESEL ,4052.0270270270266,5997.0
2025-11-14,86,Charter,CHARTER USD DIESEL,597.4025974025974,920.0
2025-11-14,86,Charter,CHARTER USD PETROL,1432.467532467532,2206.0
2025-11-14,88,Seke,SEKE DIESEL BULK,422.29729729729735,625.0
2025-11-14,88,Seke,SEKE USD DIESEL,1146.103896103896,1765.0
2025-11-14,88,Seke,SEKE USD PETROL,1558.4415584415583,2400.0
2025-11-14,92,Msasa,MSA-RACE BRAKEFLUID DOT4+ 500ML,1.0,4.0
2025-11-14,92,Msasa,MSASA BULK DIESEL,431.2905405405405,638.31
2025-11-14,92,Msasa,MSASA USD DIESEL,257.6428571428571,396.77
2025-11-14,92,Msasa,MSASA USD PETROL,705.8441558441558,1087.0
2025-11-14,96,Samora,SAMORA USD DIESEL,371.4285714285714,572.0
2025-11-14,96,Samora,SAMORA USD PETROL,1575.9740259740258,2427.0
2025-11-14,96,Samora,SAMORA USD TAXI DIESEL ,154.72972972972974,229.0
2025-11-14,96,Samora,SAM-QUARTZ 4X4 15W40 500ML,1.0,3.0
2025-11-14,98,Roadport,ROADPORT USD DIESEL,1044.818181818182,1609.02
2025-11-14,98,Roadport,ROADPORT USD DIESEL BUS,1555.2837837837837,2301.82
2025-11-14,98,Roadport,ROAPORT USD PETROL,3583.902597402597,5519.21
2025-11-15,102,Kirkman,KIRKMAN USD DIESEL,948.051948051948,1460.0
2025-11-15,102,Kirkman,KIRKMAN USD PETROL,603.8961038961039,930.0
2025-11-15,110,Mutare Green Market,MUTARE GREEN MARKET BULK DIESEL,1164.3835616438355,1700.0
2025-11-15,110,Mutare Green Market,MUTARE GREENMARKET USD DIESEL,479.31081081081084,709.38
2025-11-15,110,Mutare Green Market,MUTARE GREENMARKET USD PETROL,2120.4333333333334,3180.65
2025-11-15,112,Marondera,MARONDERA USD DIESEL,969.3877551020408,1425.0
2025-11-15,112,Marondera,MARONDERA USD PETROL,1531.9999999999998,2298.0
2025-11-15,114,Kadoma,KADOMA USD BULK DIESEL ,367.34693877551024,540.0
2025-11-15,114,Kadoma,KADOMA USD DIESEL,1171.8120805369128,1746.0
2025-11-15,114,Kadoma,KADOMA USD PETROL,1596.026490066225,2410.0
2025-11-15,114,Kadoma,KAD-QUARTZ 5000 20W50 500ML,2.0,6.0
2025-11-15,121,Gweru,GWERU BULK DIESEL USD,1600.0,2352.0
2025-11-15,121,Gweru,GWERU USD DIESEL,836.9127516778523,1247.0
2025-11-15,121,Gweru,GWERU USD PETROL,1569.7368421052631,2386.0
2025-11-15,123,Fife Street,FIFE USD DIESEL,1162.9870129870128,1791.0
2025-11-15,123,Fife Street,FIFE USD PETROL,2187.0129870129867,3368.0
2025-11-15,125,Fort Street,FORT STR BULK DIESEL USD,489.86,724.98
2025-11-15,125,Fort Street,FORT USD DIESEL,151.2987012987013,233.0
2025-11-15,125,Fort Street,FORT USD PETROL,322.7272727272727,497.0
2025-11-15,127,Mpopoma,MPOPOMA BULK DIESEL USD,2588.5135135135133,3831.0
2025-11-15,127,Mpopoma,MPOPOMA USD DIESEL,552.5974025974026,851.0
2025-11-15,127,Mpopoma,MPOPOMA USD PETROL,370.7792207792208,571.0
2025-11-15,129,Khami,KHAMI BULK DIESEL USD,575.0,851.0
2025-11-15,129,Khami,KHAMI USD DIESEL,450.0,693.0
2025-11-15,129,Khami,KHAMI USD PETROL,667.5324675324674,1028.0
2025-11-15,131,R Mugabe,R MUGABE USD DIESEL,1042.857142857143,1606.0
2025-11-15,131,R Mugabe,R MUGABE USD PETROL,1562.337662337662,2406.0
2025-11-15,135,Cripps,CRIPPS BULK DIESEL USD,861.1564864864865,1274.51
2025-11-15,135,Cripps,CRIPPS DIESEL USD,458.4415584415584,706.0
2025-11-15,135,Cripps,CRIPPS PETROL USD,1040.909090909091,1603.0
2025-11-15,140,Mutare Second Street,MUTARE SECOND USD DIESEL,1661.4864864864862,2459.0
2025-11-15,140,Mutare Second Street,MUTARE SECOND USD PETROL,1632.0000000000005,2448.0
2025-11-15,141,Troutbeck,TROUTBECK BULK DIESEL ,725.1677852348994,1080.5
2025-11-15,141,Troutbeck,TROUTBECK USD DIESEL,192.81045751633985,295.0
2025-11-15,141,Troutbeck,TROUTBECK USD PETROL,25.974025974025974,40.0
2025-11-15,145,Sunway City,SUNWAY BULK DIESEL USD,2147.972972972973,3179.0
2025-11-15,145,Sunway City,SUNWAY USD DIESEL,1547.831168831169,2383.66
2025-11-15,145,Sunway City,SUNWAY USD PETROL,3858.441558441559,5942.0
2025-11-15,146,Banket,BAN-FLUIDMATIC DIII MV 500ML,1.0,3.0
2025-11-15,146,Banket,BANKET BULK DIESEL USD,1167.972972972973,1728.6
2025-11-15,146,Banket,BANKET USD DIESEL,1036.1842105263158,1575.0
2025-11-15,146,Banket,BANKET USD PETROL,1795.454545454545,2765.0
2025-11-15,146,Banket,BAN-NEPTUNA 2T SUPER SPORT 500ML,1.0,4.0
2025-11-15,147,Chinhoyi Main,CHINHOYI BULK DIESEL USD,824.3243243243243,1220.0
2025-11-15,147,Chinhoyi Main,CHINHOYI MAIN USD DIESEL,3253.947368421052,4946.0
2025-11-15,147,Chinhoyi Main,CHINHOYI MAIN USD PETROL,6351.94805194805,9782.0
2025-11-15,147,Chinhoyi Main,CHI-QUARTZ 9000 SAE 5W40 500ML,1.0,5.0
2025-11-15,147,Chinhoyi Main,CHI-RACE BRAKEFLUID DOT4+ 500ML,1.0,4.0
2025-11-15,148,Chegutu,CHEGUTU BULK DIESEL USD,882.4324324324325,1306.0
2025-11-15,148,Chegutu,CHEGUTU USD DIESEL,1040.666666666667,1561.0
2025-11-15,148,Chegutu,CHEGUTU USD PETROL,1879.6052631578934,2857.0
2025-11-15,149,Turnpike,TURNPIKE BULK DIESEL USD,1257.837837837838,1861.6
2025-11-15,149,Turnpike,TURNPIKE USD DIESEL,2627.9220779220773,4047.0
2025-11-15,149,Turnpike,TURNPIKE USD PETROL,1927.2727272727275,2968.0
2025-11-15,149,Turnpike,TUR-QUARTZ 3000 SG 20W50 500ML,3.0,9.0
2025-11-15,149,Turnpike,TUR-RACE BRAKEFLUID DOT4+ 500ML,2.0,8.0
2025-11-15,150,Mutare One Stop,MUTARE ONE STOP DIESEL,562.8378378378379,833.0
2025-11-15,150,Mutare One Stop,MUTARE ONE STOP PETROL,694.0,1041.0
2025-11-15,82,Runiville,RUNIVILLE USD DIESEL,113.63636363636363,175.0
2025-11-15,82,Runiville,RUNIVILLE USD PETROL,149.35064935064935,230.0
2025-11-15,82,Runiville,RUN-QUARTZ 9000 SAE 5W40 5L,1.0,30.0
2025-11-15,84,Avondale,AVONDALE USD DIESEL,418.1818181818182,644.0
2025-11-15,84,Avondale,AVONDALE USD PETROL,477.2727272727273,735.0
2025-11-15,86,Charter,CHA-QUARTZ 3000 SG 20W50 500ML,1.0,3.0
2025-11-15,86,Charter,CHAR-SWIFTEX BATTERY 631C,1.0,85.0
2025-11-15,86,Charter,CHARTER BULK/TAXI DIESEL ,3459.4594594594596,5120.0
2025-11-15,86,Charter,CHARTER USD DIESEL,348.15584415584414,536.16
2025-11-15,86,Charter,CHARTER USD PETROL,1551.2987012987012,2389.0
2025-11-15,88,Seke,SEKE USD DIESEL,1957.142857142857,3014.0
2025-11-15,88,Seke,SEKE USD PETROL,2957.142857142856,4554.0
2025-11-15,92,Msasa,MSASA BULK DIESEL,1085.0743243243244,1605.91
2025-11-15,92,Msasa,MSASA USD DIESEL,668.8311688311688,1030.0
2025-11-15,92,Msasa,MSASA USD PETROL,750.0000000000001,1155.0
2025-11-15,96,Samora,SAMORA USD DIESEL,292.2077922077921,450.0
2025-11-15,96,Samora,SAMORA USD PETROL,1127.2727272727273,1736.0
2025-11-15,96,Samora,SAMORA USD TAXI DIESEL ,226.35135135135135,335.0
2025-11-15,96,Samora,SAM-QUARTZ 4X4 15W40 500ML,1.0,3.0
2025-11-15,98,Roadport,ROADPORT USD DIESEL,2598.701298701298,4002.0
2025-11-15,98,Roadport,ROADPORT USD DIESEL BUS,1068.918918918919,1582.0
2025-11-15,98,Roadport,ROAPORT USD PETROL,2594.805194805195,3996.0
2025-11-16,102,Kirkman,KIRKMAN USD DIESEL,124.07792207792207,191.08
2025-11-16,102,Kirkman,KIRKMAN USD PETROL,450.0,693.0
2025-11-16,110,Mutare Green Market,MUTARE GREEN MARKET BULK DIESEL,450.0,657.0
2025-11-16,110,Mutare Green Market,MUTARE GREENMARKET USD DIESEL,480.7837837837838,711.56
2025-11-16,110,Mutare Green Market,MUTARE GREENMARKET USD PETROL,1561.7133333333334,2342.57
2025-11-16,112,Marondera,MARONDERA USD DIESEL,501.3605442176871,737.0
2025-11-16,112,Marondera,MARONDERA USD PETROL,1320.6666666666667,1981.0
2025-11-16,114,Kadoma,KADOMA USD DIESEL,758.3892617449665,1130.0
2025-11-16,114,Kadoma,KADOMA USD PETROL,1313.2450331125829,1983.0
2025-11-16,121,Gweru,GWERU BULK DIESEL USD,400.0,588.0
2025-11-16,121,Gweru,GWERU USD DIESEL,1640.268456375839,2444.0
2025-11-16,121,Gweru,GWERU USD PETROL,1265.1315789473683,1923.0
2025-11-16,123,Fife Street,FIFE USD DIESEL,744.1558441558442,1146.0
2025-11-16,123,Fife Street,FIFE USD PETROL,1465.5844155844156,2257.0
2025-11-16,125,Fort Street,FORT STR BULK DIESEL USD,680.4054054054054,1007.0
2025-11-16,125,Fort Street,FORT USD DIESEL,733.7662337662338,1130.0
2025-11-16,125,Fort Street,FORT USD PETROL,484.4155844155844,746.0
2025-11-16,127,Mpopoma,MPOPOMA BULK DIESEL USD,1514.1891891891894,2241.0
2025-11-16,127,Mpopoma,MPOPOMA USD DIESEL,429.2207792207792,661.0
2025-11-16,127,Mpopoma,MPOPOMA USD PETROL,1082.4675324675325,1667.0
2025-11-16,129,Khami,KHAMI BULK DIESEL USD,1285.1351351351352,1902.0
2025-11-16,129,Khami,KHAMI USD DIESEL,597.4025974025974,920.0
2025-11-16,129,Khami,KHAMI USD PETROL,287.6623376623377,443.0
2025-11-16,129,Khami,KHA-QUARTZ 4X4 15W40 500ML,1.0,3.0
2025-11-16,131,R Mugabe,RM-QUARTZ 9000 SAE 5W40 500ML,3.0,15.0
2025-11-16,131,R Mugabe,RM-RUBIA TIR 7400 SAE 15W40 5L,1.0,25.0
2025-11-16,131,R Mugabe,R MUGABE USD DIESEL,669.4805194805194,1031.0
2025-11-16,131,R Mugabe,R MUGABE USD PETROL,1756.4935064935064,2705.0
2025-11-16,135,Cripps,CRIPPS BULK DIESEL USD,1039.1918918918918,1538.0
2025-11-16,135,Cripps,CRIPPS DIESEL USD,187.66233766233765,289.0
2025-11-16,135,Cripps,CRIPPS PETROL USD,692.8571428571428,1067.0
2025-11-16,140,Mutare Second Street,MUTARE SECOND USD DIESEL,825.6756756756757,1222.0
2025-11-16,140,Mutare Second Street,MUTARE SECOND USD PETROL,558.0000000000001,837.0
2025-11-16,141,Troutbeck,TROUTBECK BULK DIESEL ,726.1073825503356,1081.89
2025-11-16,141,Troutbeck,TROUTBECK USD DIESEL,949.0196078431372,1452.0
2025-11-16,141,Troutbeck,TROUTBECK USD PETROL,1619.4805194805194,2494.0
2025-11-16,145,Sunway City,SUN-SWIFTEX BATTERY 658P,1.0,160.0
2025-11-16,145,Sunway City,SUNWAY BULK DIESEL USD,1558.955945945946,2307.25
2025-11-16,145,Sunway City,SUNWAY USD DIESEL,1810.1298701298704,2787.6
2025-11-16,145,Sunway City,SUNWAY USD PETROL,3529.22077922078,5435.0
2025-11-16,146,Banket,BAN-FLUIDMATIC DIII MV 500ML,1.0,3.0
2025-11-16,146,Banket,BANKET BULK DIESEL USD,2064.2,3055.0
2025-11-16,146,Banket,BANKET USD DIESEL,547.3684210526316,832.0
2025-11-16,146,Banket,BANKET USD PETROL,1867.5324675324678,2876.0
2025-11-16,146,Banket,BAN-NEPTUNA 2T SUPER SPORT 500ML,1.0,4.0
2025-11-16,147,Chinhoyi Main,CHINHOYI BULK DIESEL USD,2898.6486486486488,4290.0
2025-11-16,147,Chinhoyi Main,CHINHOYI MAIN USD DIESEL,1155.921052631579,1757.0
2025-11-16,147,Chinhoyi Main,CHINHOYI MAIN USD PETROL,2439.6103896103896,3757.0
2025-11-16,147,Chinhoyi Main,CHI-QUARTZ 5000 20W50 500ML,1.0,3.0
2025-11-16,148,Chegutu,CHEGUTU BULK DIESEL USD,770.2702702702703,1140.0
2025-11-16,148,Chegutu,CHEGUTU USD DIESEL,1219.3333333333335,1829.0
2025-11-16,148,Chegutu,CHEGUTU USD PETROL,1613.1578947368414,2452.0
2025-11-16,149,Turnpike,TURNPIKE BULK DIESEL USD,930.1505405405405,1376.62
2025-11-16,149,Turnpike,TURNPIKE USD DIESEL,1957.7922077922076,3015.0
2025-11-16,149,Turnpike,TURNPIKE USD PETROL,2048.051948051948,3154.0
2025-11-16,149,Turnpike,TUR-QUARTZ 5000 20W50 500ML,2.0,6.0
2025-11-16,149,Turnpike,TUR-RUBIA TIR 7400 15W40 500ML,1.0,3.0
2025-11-16,150,Mutare One Stop,MUTARE ONE STOP DIESEL,1805.4256756756758,2672.03
2025-11-16,150,Mutare One Stop,MUTARE ONE STOP PETROL,1790.0,2685.0
2025-11-16,82,Runiville,RUN-FLUIDMATIC DIII MV 500ML,1.0,3.0
2025-11-16,82,Runiville,RUNIVILLE BULK DIESEL USD,188.51351351351352,279.0
2025-11-16,82,Runiville,RUNIVILLE USD DIESEL,51.94805194805195,80.0
2025-11-16,82,Runiville,RUNIVILLE USD PETROL,141.55844155844156,218.0
2025-11-16,84,Avondale,AVONDALE USD DIESEL,279.5,430.43
2025-11-16,84,Avondale,AVONDALE USD PETROL,41.55844155844156,64.0
2025-11-16,86,Charter,CHA-QUARTZ 4X4 15W40 500ML,1.0,3.0
2025-11-16,86,Charter,CHARTER BULK/TAXI DIESEL ,2503.378378378379,3705.0
2025-11-16,86,Charter,CHARTER USD DIESEL,650.5454545454545,1001.83
2025-11-16,86,Charter,CHARTER USD PETROL,1039.6103896103896,1601.0
2025-11-16,88,Seke,SEKE DIESEL BULK,513.5135135135135,760.0
2025-11-16,88,Seke,SEKE USD DIESEL,1476.6233766233765,2274.0
2025-11-16,88,Seke,SEKE USD PETROL,2005.1948051948052,3088.0
2025-11-16,92,Msasa,MSASA BULK DIESEL,341.2162162162162,505.0
2025-11-16,92,Msasa,MSASA USD DIESEL,398.3116883116883,613.4
2025-11-16,92,Msasa,MSASA USD PETROL,651.4025974025974,1003.16
2025-11-16,96,Samora,SAMORA USD DIESEL,157.7922077922078,243.0
2025-11-16,96,Samora,SAMORA USD PETROL,975.9740259740258,1503.0
2025-11-16,96,Samora,SAMORA USD TAXI DIESEL ,133.1081081081081,197.0
2025-11-16,98,Roadport,ROADPORT USD DIESEL,427.2727272727273,658.0
2025-11-16,98,Roadport,ROADPORT USD DIESEL BUS,1060.8108108108108,1570.0
2025-11-16,98,Roadport,ROAPORT USD PETROL,2798.7012987012977,4310.0
2025-11-17,102,Kirkman,KIRKMAN USD DIESEL,498.7012987012987,768.0
2025-11-17,102,Kirkman,KIRKMAN USD PETROL,538.3116883116883,829.0
2025-11-17,110,Mutare Green Market,MUTARE GREEN MARKET BULK DIESEL,950.0,1387.0
2025-11-17,110,Mutare Green Market,MUTARE GREENMARKET USD DIESEL,544.2432432432432,805.47
2025-11-17,110,Mutare Green Market,MUTARE GREENMARKET USD PETROL,1242.0199999999998,1863.03
2025-11-17,112,Marondera,MAR-FLUIDMATIC CVT MV 1L,4.0,40.0
2025-11-17,112,Marondera,MARONDERA USD DIESEL,391.15646258503403,575.0
2025-11-17,112,Marondera,MARONDERA USD PETROL,1887.333333333333,2831.0
2025-11-17,112,Marondera,MAR-RUBIA TIR 7400 15W40 500ML,2.0,6.0
2025-11-17,114,Kadoma,KADOMA USD BULK DIESEL ,836.734693877551,1230.0
2025-11-17,114,Kadoma,KADOMA USD DIESEL,1675.1677852348994,2496.0
2025-11-17,114,Kadoma,KADOMA USD PETROL,1121.8543046357618,1694.0
2025-11-17,121,Gweru,GWERU BULK DIESEL USD,2103.0,3091.41
2025-11-17,121,Gweru,GWERU USD DIESEL,1628.8590604026845,2427.0
2025-11-17,121,Gweru,GWERU USD PETROL,1317.7631578947369,2003.0
2025-11-17,123,Fife Street,FIFE USD DIESEL,806.4935064935065,1242.0
2025-11-17,123,Fife Street,FIFE USD PETROL,732.4675324675325,1128.0
2025-11-17,123,Fife Street,FIF-FLUIDMATIC CVT MV 1L,1.0,10.0
2025-11-17,123,Fife Street,FIF-QUARTZ 9000 SAE 5W40 500ML,5.0,25.0
2025-11-17,123,Fife Street,FIF-RUBIA SX SAE40 500ML,8.0,24.0
2025-11-17,125,Fort Street,FOR-FLUIDMATIC DIII MV 500ML,2.0,6.0
2025-11-17,125,Fort Street,FORT USD DIESEL,723.3766233766233,1114.0
2025-11-17,125,Fort Street,FORT USD PETROL,814.2857142857142,1254.0
2025-11-17,127,Mpopoma,MPOPOMA BULK DIESEL USD,2675.0,3959.0
2025-11-17,127,Mpopoma,MPOPOMA USD DIESEL,309.7402597402597,477.0
2025-11-17,127,Mpopoma,MPOPOMA USD PETROL,1092.857142857143,1683.0
2025-11-17,129,Khami,KHAMI BULK DIESEL USD,636.4864864864865,942.0
2025-11-17,129,Khami,KHAMI USD DIESEL,940.2597402597403,1448.0
2025-11-17,129,Khami,KHAMI USD PETROL,703.2467532467533,1083.0
2025-11-17,131,R Mugabe,R MUGABE USD DIESEL,976.6233766233765,1504.0
2025-11-17,131,R Mugabe,R MUGABE USD PETROL,1720.7792207792206,2650.0
2025-11-17,135,Cripps,CRIPPS BULK DIESEL USD,974.3243243243244,1442.0
2025-11-17,135,Cripps,CRIPPS DIESEL USD,581.8181818181819,896.0
2025-11-17,135,Cripps,CRIPPS PETROL USD,945.4545454545454,1456.0
2025-11-17,140,Mutare Second Street,MUTARE SECOND USD BULK DIESEL,200.0,292.0
2025-11-17,140,Mutare Second Street,MUTARE SECOND USD DIESEL,952.7027027027027,1410.0
2025-11-17,140,Mutare Second Street,MUTARE SECOND USD PETROL,824.0000000000001,1236.0
2025-11-17,141,Troutbeck,TRO-QUARTZ 9000 SAE 5W40 500ML,1.0,5.0
2025-11-17,141,Troutbeck,TROUTBECK BULK DIESEL ,724.1610738255033,1079.0
2025-11-17,141,Troutbeck,TROUTBECK USD DIESEL,1632.6797385620916,2498.0
2025-11-17,141,Troutbeck,TROUTBECK USD PETROL,1866.2337662337663,2874.0
2025-11-17,145,Sunway City,SUNWAY BULK DIESEL USD,1490.2162162162163,2205.52
2025-11-17,145,Sunway City,SUNWAY USD DIESEL,1987.6623376623372,3061.0
2025-11-17,145,Sunway City,SUNWAY USD PETROL,4718.181818181817,7266.0
2025-11-17,146,Banket,BAN-FLUIDMATIC DIII MV 500ML,1.0,3.0
2025-11-17,146,Banket,BANKET BULK DIESEL USD,1032.4324324324325,1528.0
2025-11-17,146,Banket,BANKET USD DIESEL,734.2105263157893,1116.0
2025-11-17,146,Banket,BANKET USD PETROL,2009.7402597402597,3095.0
2025-11-17,147,Chinhoyi Main,CHINHOYI MAIN USD DIESEL,153.28947368421052,233.0
2025-11-17,147,Chinhoyi Main,CHINHOYI MAIN USD PETROL,3729.8701298701294,5744.0
2025-11-17,147,Chinhoyi Main,CHI-RACE BRAKEFLUID DOT4+ 500ML,1.0,4.0
2025-11-17,148,Chegutu,CHEGUTU BULK DIESEL USD,402.7027027027027,596.0
2025-11-17,148,Chegutu,CHEGUTU USD DIESEL,1659.3333333333333,2489.0
2025-11-17,148,Chegutu,CHEGUTU USD PETROL,1684.2105263157891,2560.0
2025-11-17,149,Turnpike,TURNPIKE BULK DIESEL USD,439.8648648648649,651.0
2025-11-17,149,Turnpike,TURNPIKE USD DIESEL,1726.6233766233765,2659.0
2025-11-17,149,Turnpike,TURNPIKE USD PETROL,1209.168831168831,1862.12
2025-11-17,149,Turnpike,TUR-RACE BRAKEFLUID DOT4+ 500ML,2.0,8.0
2025-11-17,150,Mutare One Stop,MUTARE ONE STOP DIESEL,413.51351351351343,612.0
2025-11-17,150,Mutare One Stop,MUTARE ONE STOP PETROL,1205.96,1808.94
2025-11-17,82,Runiville,RUNIVILLE USD DIESEL,278.57142857142856,429.0
2025-11-17,82,Runiville,RUNIVILLE USD PETROL,414.2857142857143,638.0
2025-11-17,84,Avondale,AVONDALE USD DIESEL,344.8051948051948,531.0
2025-11-17,84,Avondale,AVONDALE USD PETROL,753.896103896104,1161.0
2025-11-17,86,Charter,CHARTER BULK/TAXI DIESEL ,3392.5675675675675,5021.0
2025-11-17,86,Charter,CHARTER USD DIESEL,409.4805194805195,630.6
2025-11-17,86,Charter,CHARTER USD PETROL,929.8701298701297,1432.0
2025-11-17,88,Seke,SEKE DIESEL BULK,277.02702702702703,410.0
2025-11-17,88,Seke,SEKE USD DIESEL,1365.5844155844154,2103.0
2025-11-17,88,Seke,SEKE USD PETROL,2214.285714285714,3410.0
2025-11-17,88,Seke,SEK-QUARTZ 9000 SAE 5W40 500ML,2.0,10.0
2025-11-17,92,Msasa,MSASA BULK DIESEL,306.0810810810811,453.0
2025-11-17,92,Msasa,MSASA USD DIESEL,767.5324675324675,1182.0
2025-11-17,92,Msasa,MSASA USD PETROL,572.077922077922,881.0
2025-11-17,96,Samora,SAM-FLUIDMATIC DIII MV 500ML,1.0,3.0
2025-11-17,96,Samora,SAMORA USD DIESEL,317.5324675324675,489.0
2025-11-17,96,Samora,SAMORA USD PETROL,1335.064935064935,2056.0
2025-11-17,96,Samora,SAMORA USD TAXI DIESEL ,328.3783783783784,486.0
2025-11-17,96,Samora,SAM-QUARTZ 9000 SAE 5W40 500ML,4.0,20.0
2025-11-17,98,Roadport,ROADPORT USD DIESEL,771.4407792207792,1188.01
2025-11-17,98,Roadport,ROADPORT USD DIESEL BUS,2714.189189189189,4017.0
2025-11-17,98,Roadport,ROAPORT USD PETROL,3064.2857142857138,4719.0
2025-11-18,102,Kirkman,KIR-FLUIDMATIC CVT MV 1L,2.0,20.0
2025-11-18,102,Kirkman,KIRKMAN BULK DIESEL USD,1891.8918918918919,2800.0
2025-11-18,102,Kirkman,KIRKMAN USD DIESEL,45.45454545454545,70.0
2025-11-18,102,Kirkman,KIRKMAN USD PETROL,825.3246753246752,1271.0
2025-11-18,110,Mutare Green Market,MUTARE GREEN MARKET BULK DIESEL,500.0,730.0
2025-11-18,110,Mutare Green Market,MUTARE GREENMARKET USD DIESEL,785.6216216216217,1162.71
2025-11-18,110,Mutare Green Market,MUTARE GREENMARKET USD PETROL,1614.8533333333332,2422.28
2025-11-18,112,Marondera,MARONDERA USD DIESEL,618.3673469387755,909.0
2025-11-18,112,Marondera,MARONDERA USD PETROL,1929.3333333333333,2894.0
2025-11-18,114,Kadoma,KADOMA USD BULK DIESEL ,400.0,588.0
2025-11-18,114,Kadoma,KADOMA USD DIESEL,1102.6845637583892,1643.0
2025-11-18,114,Kadoma,KADOMA USD PETROL,909.9337748344371,1374.0
2025-11-18,114,Kadoma,KAD-QUARTZ 5000 20W50 500ML,1.0,3.0
2025-11-18,121,Gweru,GWERU USD DIESEL,2164.4295302013425,3225.0
2025-11-18,121,Gweru,GWERU USD PETROL,1953.4273684210525,2969.2
2025-11-18,123,Fife Street,FIFE USD DIESEL,1753.8961038961038,2701.0
2025-11-18,123,Fife Street,FIFE USD PETROL,1138.3116883116882,1753.0
2025-11-18,125,Fort Street,FOR-RUBIA TIR 7400 15W40 500ML,3.0,9.0
2025-11-18,125,Fort Street,FORT STR BULK DIESEL USD,270.27,399.99
2025-11-18,125,Fort Street,FORT USD DIESEL,558.4415584415585,860.0
2025-11-18,125,Fort Street,FORT USD PETROL,222.72727272727272,343.0
2025-11-18,127,Mpopoma,MPOPOMA BULK DIESEL USD,2431.0810810810813,3598.0
2025-11-18,127,Mpopoma,MPOPOMA USD DIESEL,374.67532467532465,577.0
2025-11-18,127,Mpopoma,MPOPOMA USD PETROL,1024.6753246753246,1578.0
2025-11-18,129,Khami,KHAMI BULK DIESEL USD,1505.4054054054054,2228.0
2025-11-18,129,Khami,KHAMI USD DIESEL,863.6363636363636,1330.0
2025-11-18,129,Khami,KHAMI USD PETROL,507.14285714285717,781.0
2025-11-18,131,R Mugabe,R MUGABE USD DIESEL,979.2207792207791,1508.0
2025-11-18,131,R Mugabe,R MUGABE USD PETROL,1901.9480519480521,2929.0
2025-11-18,135,Cripps,CRIPPS BULK DIESEL USD,804.0540540540542,1190.0
2025-11-18,135,Cripps,CRIPPS DIESEL USD,575.3246753246754,886.0
2025-11-18,135,Cripps,CRIPPS PETROL USD,1083.116883116883,1668.0
2025-11-18,140,Mutare Second Street,MUTARE SECOND USD DIESEL,418.2432432432432,619.0
2025-11-18,140,Mutare Second Street,MUTARE SECOND USD PETROL,254.66666666666669,382.0
2025-11-18,141,Troutbeck,TRO-NEPTUNA 2T SUPER SPORT 500ML,10.0,40.0
2025-11-18,141,Troutbeck,TRO-QUARTZ 5000 20W50 500ML,3.0,9.0
2025-11-18,141,Troutbeck,TRO-QUARTZ 9000 SAE 5W40 500ML,1.0,5.0
2025-11-18,141,Troutbeck,TRO-QUARTZ 9000 SAE 5W40 5L,2.0,60.0
2025-11-18,141,Troutbeck,TRO-RUBIA SX SAE40 500ML,6.0,18.0
2025-11-18,141,Troutbeck,TRO-RUBIA TIR 7400 15W40 500ML,1.0,3.0
2025-11-18,141,Troutbeck,TROUTBECK BULK DIESEL ,1257.7181208053692,1874.0
2025-11-18,141,Troutbeck,TROUTBECK USD DIESEL,71.89542483660131,110.0
2025-11-18,141,Troutbeck,TROUTBECK USD PETROL,73.37662337662337,113.0
2025-11-18,145,Sunway City,SUNWAY BULK DIESEL USD,1578.3783783783783,2336.0
2025-11-18,145,Sunway City,SUNWAY USD DIESEL,1733.7012987012986,2669.9
2025-11-18,145,Sunway City,SUNWAY USD PETROL,4315.584415584415,6646.0
2025-11-18,146,Banket,BAN-FLUIDMATIC DIII MV 500ML,1.0,3.0
2025-11-18,146,Banket,BANKET BULK DIESEL USD,1937.1081081081081,2866.92
2025-11-18,146,Banket,BANKET USD DIESEL,1263.815789473684,1921.0
2025-11-18,146,Banket,BANKET USD PETROL,2750.6493506493503,4236.0
2025-11-18,146,Banket,BAN-RUBIA SX SAE40 500ML,2.0,6.0
2025-11-18,147,Chinhoyi Main,CHINHOYI MAIN USD DIESEL,382.2368421052632,581.0
2025-11-18,147,Chinhoyi Main,CHINHOYI MAIN USD PETROL,3324.025974025974,5119.0
2025-11-18,147,Chinhoyi Main,CHI-RUBIA TIR 7400 SAE 15W40 5L,1.0,25.0
2025-11-18,148,Chegutu,CHEGUTU BULK DIESEL USD,864.189189189189,1279.0
2025-11-18,148,Chegutu,CHEGUTU USD DIESEL,1513.9999999999998,2271.0
2025-11-18,148,Chegutu,CHEGUTU USD PETROL,1886.8421052631559,2868.0
2025-11-18,149,Turnpike,TURNPIKE BULK DIESEL USD,400.0,592.0
2025-11-18,149,Turnpike,TURNPIKE USD DIESEL,674.0259740259739,1038.0
2025-11-18,149,Turnpike,TURNPIKE USD PETROL,1585.7142857142858,2442.0
2025-11-18,150,Mutare One Stop,MUTARE ONE STOP DIESEL,1168.9189189189187,1730.0
2025-11-18,150,Mutare One Stop,MUTARE ONE STOP PETROL,1357.3333333333333,2036.0
2025-11-18,82,Runiville,RUNIVILLE USD DIESEL,425.97402597402595,656.0
2025-11-18,82,Runiville,RUNIVILLE USD PETROL,439.61038961038963,677.0
2025-11-18,84,Avondale,AVONDALE USD DIESEL,238.18181818181816,366.8
2025-11-18,84,Avondale,AVONDALE USD PETROL,663.6363636363636,1022.0
2025-11-18,86,Charter,CHA-QUARTZ 4X4 15W40 500ML,3.0,9.0
2025-11-18,86,Charter,CHARTER BULK/TAXI DIESEL ,2067.567567567568,3060.0
2025-11-18,86,Charter,CHARTER USD DIESEL,538.3116883116883,829.0
2025-11-18,86,Charter,CHARTER USD PETROL,618.7012987012987,952.8
2025-11-18,88,Seke,SEKE DIESEL BULK,290.5405405405405,430.0
2025-11-18,88,Seke,SEKE USD DIESEL,850.0,1309.0
2025-11-18,88,Seke,SEKE USD PETROL,1349.350649350649,2078.0
2025-11-18,88,Seke,SEK-QUARTZ 9000 SAE 5W40 500ML,2.0,10.0
2025-11-18,88,Seke,SEK-RACE BRAKEFLUID DOT4+ 500ML,1.0,4.0
2025-11-18,92,Msasa,MSA-QUARTZ 5000 20W50 500ML,1.0,3.0
2025-11-18,92,Msasa,MSASA BULK DIESEL,1530.4054054054054,2265.0
2025-11-18,92,Msasa,MSASA USD DIESEL,1496.103896103896,2304.0
2025-11-18,92,Msasa,MSASA USD PETROL,1603.844155844156,2469.92
2025-11-18,96,Samora,SAMORA USD DIESEL,157.7922077922078,243.0
2025-11-18,96,Samora,SAMORA USD PETROL,1007.7922077922077,1552.0
2025-11-18,96,Samora,SAMORA USD TAXI DIESEL ,16.89189189189189,25.0
2025-11-18,98,Roadport,ROADPORT USD DIESEL,1049.3506493506495,1616.0
2025-11-18,98,Roadport,ROADPORT USD DIESEL BUS,233.46621621621622,345.53
2025-11-18,98,Roadport,ROAPORT USD PETROL,3739.610389610389,5759.0
2025-11-19,102,Kirkman,KIRKMAN USD DIESEL,290.7792207792208,447.8
2025-11-19,102,Kirkman,KIRKMAN USD PETROL,646.1038961038961,995.0
2025-11-19,110,Mutare Green Market,MUTARE GREEN MARKET BULK DIESEL,1725.3424657534247,2519.0
2025-11-19,110,Mutare Green Market,MUTARE GREENMARKET USD DIESEL,539.9797297297297,799.17
2025-11-19,110,Mutare Green Market,MUTARE GREENMARKET USD PETROL,1194.0133333333333,1791.02
2025-11-19,112,Marondera,MARONDERA USD DIESEL,1201.3605442176872,1766.0
2025-11-19,112,Marondera,MARONDERA USD PETROL,1267.9999999999998,1902.0
2025-11-19,114,Kadoma,KAD-NEPTUNA 2T SUPER SPORT 500ML,1.0,4.0
2025-11-19,114,Kadoma,KADOMA USD BULK DIESEL ,380.95238095238096,560.0
2025-11-19,114,Kadoma,KADOMA USD DIESEL,1065.1006711409395,1587.0
2025-11-19,114,Kadoma,KADOMA USD PETROL,1045.6953642384108,1579.0
2025-11-19,121,Gweru,GWERU BULK DIESEL USD,1996.0,2934.12
2025-11-19,121,Gweru,GWERU USD DIESEL,256.601677852349,382.33
2025-11-19,121,Gweru,GWERU USD PETROL,962.7847368421053,1463.43
2025-11-19,123,Fife Street,FIFE USD DIESEL,881.8181818181818,1358.0
2025-11-19,123,Fife Street,FIFE USD PETROL,1813.6363636363635,2793.0
2025-11-19,125,Fort Street,FORT STR BULK DIESEL USD,1282.8794594594594,1898.66
2025-11-19,125,Fort Street,FORT USD DIESEL,749.3506493506494,1154.0
2025-11-19,125,Fort Street,FORT USD PETROL,729.2207792207794,1123.0
2025-11-19,127,Mpopoma,MPOPOMA BULK DIESEL USD,231.0810810810811,342.0
2025-11-19,127,Mpopoma,MPOPOMA USD DIESEL,556.4935064935064,857.0
2025-11-19,127,Mpopoma,MPOPOMA USD PETROL,305.84415584415586,471.0
2025-11-19,129,Khami,KHAMI BULK DIESEL USD,1700.6756756756756,2517.0
2025-11-19,129,Khami,KHAMI USD DIESEL,749.6103896103896,1154.4
2025-11-19,129,Khami,KHAMI USD PETROL,718.1818181818181,1106.0
2025-11-19,129,Khami,KHA-QUARTZ 5000 20W50 5L,1.0,22.0
2025-11-19,129,Khami,KHA-RUBIA SX SAE40 500ML,2.0,6.0
2025-11-19,131,R Mugabe,R MUGABE USD DIESEL,1366.8831168831168,2105.0
2025-11-19,131,R Mugabe,R MUGABE USD PETROL,1845.4545454545453,2842.0
2025-11-19,135,Cripps,CRIPPS BULK DIESEL USD,1945.945945945946,2880.0
2025-11-19,135,Cripps,CRIPPS DIESEL USD,908.4415584415584,1399.0
2025-11-19,135,Cripps,CRIPPS PETROL USD,604.5454545454545,931.0
2025-11-19,135,Cripps,CRI-QUARTZ 5000 20W50 500ML,1.0,3.0
2025-11-19,140,Mutare Second Street,MUTARE SECOND USD DIESEL,1057.4324324324325,1565.0
2025-11-19,140,Mutare Second Street,MUTARE SECOND USD PETROL,795.3333333333335,1193.0
2025-11-19,141,Troutbeck,TROUTBECK USD PETROL,88.3116883116883,136.0
2025-11-19,145,Sunway City,SUNWAY BULK DIESEL USD,929.7297297297297,1376.0
2025-11-19,145,Sunway City,SUNWAY USD DIESEL,1862.9870129870128,2869.0
2025-11-19,145,Sunway City,SUNWAY USD PETROL,3896.753246753246,6001.0
2025-11-19,146,Banket,BAN-FLUIDMATIC DIII MV 500ML,1.0,3.0
2025-11-19,146,Banket,BANKET BULK DIESEL USD,2845.2699999999995,4210.97
2025-11-19,146,Banket,BANKET USD DIESEL,723.0263157894736,1099.0
2025-11-19,146,Banket,BANKET USD PETROL,1092.8571428571427,1683.0
2025-11-19,147,Chinhoyi Main,CHINHOYI BULK DIESEL USD,1400.0,2072.0
2025-11-19,147,Chinhoyi Main,CHINHOYI MAIN USD DIESEL,851.3157894736843,1294.0
2025-11-19,147,Chinhoyi Main,CHINHOYI MAIN USD PETROL,2655.194805194805,4089.0
2025-11-19,148,Chegutu,CHEGUTU BULK DIESEL USD,378.3783783783784,560.0
2025-11-19,148,Chegutu,CHEGUTU USD DIESEL,1411.333333333333,2117.0
2025-11-19,148,Chegutu,CHEGUTU USD PETROL,1884.868421052631,2865.0
2025-11-19,149,Turnpike,TUR-FLUIDMATIC CVT MV 1L,2.0,20.0
2025-11-19,149,Turnpike,TURNPIKE BULK DIESEL USD,200.0,296.0
2025-11-19,149,Turnpike,TURNPIKE USD DIESEL,1512.3376623376623,2329.0
2025-11-19,149,Turnpike,TURNPIKE USD PETROL,1465.5844155844154,2257.0
2025-11-19,149,Turnpike,TUR-QUARTZ 9000 SAE 5W40 500ML,2.0,10.0
2025-11-19,149,Turnpike,TUR-RACE BRAKEFLUID DOT4+ 500ML,1.0,4.0
2025-11-19,149,Turnpike,TUR-RUBIA TIR 7400 15W40 500ML,4.0,12.0
2025-11-19,150,Mutare One Stop,MUTARE ONE STOP DIESEL,576.3513513513514,853.0
2025-11-19,150,Mutare One Stop,MUTARE ONE STOP PETROL,1003.4133333333333,1505.12
2025-11-19,82,Runiville,RUNIVILLE USD DIESEL,192.2077922077922,296.0
2025-11-19,82,Runiville,RUNIVILLE USD PETROL,260.38961038961037,401.0
2025-11-19,82,Runiville,RUN-RACE BRAKEFLUID DOT4+ 500ML,1.0,4.0
2025-11-19,82,Runiville,RUN-RUBIA SX SAE40 500ML,3.0,9.0
2025-11-19,84,Avondale,AVONDALE USD DIESEL,149.35064935064935,230.0
2025-11-19,84,Avondale,AVONDALE USD PETROL,296.1038961038961,456.0
2025-11-19,86,Charter,CHARTER BULK/TAXI DIESEL ,1962.1621621621623,2904.0
2025-11-19,86,Charter,CHARTER USD DIESEL,828.5714285714287,1276.0
2025-11-19,86,Charter,CHARTER USD PETROL,1957.7922077922076,3015.0
2025-11-19,86,Charter,CHA-RUBIA SX SAE40 500ML,1.0,3.0
2025-11-19,88,Seke,SEKE DIESEL BULK,385.81081081081084,571.0
2025-11-19,88,Seke,SEKE USD DIESEL,781.0909090909092,1202.88
2025-11-19,88,Seke,SEKE USD PETROL,1261.038961038961,1942.0
2025-11-19,92,Msasa,MSASA BULK DIESEL,637.8378378378379,944.0
2025-11-19,92,Msasa,MSASA USD DIESEL,109.74025974025973,169.0
2025-11-19,92,Msasa,MSASA USD PETROL,853.2467532467534,1314.0
2025-11-19,96,Samora,SAMORA USD DIESEL,216.88311688311688,334.0
2025-11-19,96,Samora,SAMORA USD PETROL,788.3116883116883,1214.0
2025-11-19,96,Samora,SAMORA USD TAXI DIESEL ,84.45945945945947,125.0
2025-11-19,98,Roadport,ROADPORT USD DIESEL,943.5064935064935,1453.0
2025-11-19,98,Roadport,ROADPORT USD DIESEL BUS,1275.6756756756756,1888.0
2025-11-19,98,Roadport,ROAPORT USD PETROL,3578.571428571429,5511.0
2025-11-20,102,Kirkman,KIR-FLUIDMATIC DIII MV 500ML,1.0,3.0
2025-11-20,102,Kirkman,KIRKMAN BULK DIESEL USD,437.8378378378378,648.0
2025-11-20,102,Kirkman,KIRKMAN USD DIESEL,547.4090909090909,843.01
2025-11-20,102,Kirkman,KIRKMAN USD PETROL,716.3636363636363,1103.2
2025-11-20,102,Kirkman,KIRK-PROSYLVA 2 STROKE 200ML,2.0,4.0
2025-11-20,102,Kirkman,KIR-QUARTZ 5000 20W50 500ML,1.0,3.0
2025-11-20,110,Mutare Green Market,MUTARE GREEN MARKET BULK DIESEL,473.972602739726,692.0
2025-11-20,110,Mutare Green Market,MUTARE GREENMARKET USD DIESEL,1799.7500000000002,2663.63
2025-11-20,110,Mutare Green Market,MUTARE GREENMARKET USD PETROL,2328.333333333333,3492.5
2025-11-20,112,Marondera,MARONDERA USD DIESEL,791.156462585034,1163.0
2025-11-20,112,Marondera,MARONDERA USD PETROL,1677.3333333333335,2516.0
2025-11-20,114,Kadoma,KADOMA USD BULK DIESEL ,1850.3401360544217,2720.0
2025-11-20,114,Kadoma,KADOMA USD DIESEL,2195.3020134228186,3271.0
2025-11-20,114,Kadoma,KADOMA USD PETROL,1550.3311258278145,2341.0
2025-11-20,114,Kadoma,KAD-QUARTZ 5000 20W50 500ML,1.0,3.0
2025-11-20,121,Gweru,GWERU BULK DIESEL USD,1385.0,2035.95
2025-11-20,121,Gweru,GWERU USD DIESEL,1792.6174496644296,2671.0
2025-11-20,121,Gweru,GWERU USD PETROL,2348.44,3569.62
2025-11-20,123,Fife Street,FIFE USD DIESEL,940.2597402597403,1448.0
2025-11-20,123,Fife Street,FIFE USD PETROL,1316.8831168831168,2028.0
2025-11-20,125,Fort Street,FOR-RACE BRAKEFLUID DOT4+ 500ML,1.0,4.0
2025-11-20,125,Fort Street,FOR-RUBIA SX SAE40 500ML,2.0,6.0
2025-11-20,125,Fort Street,FOR-RUBIA TIR 7400 SAE 15W40 5L,1.0,25.0
2025-11-20,125,Fort Street,FORT STR BULK DIESEL USD,270.27,399.99
2025-11-20,125,Fort Street,FORT USD DIESEL,452.5974025974026,697.0
2025-11-20,125,Fort Street,FORT USD PETROL,137.012987012987,211.0
2025-11-20,127,Mpopoma,MPOPOMA BULK DIESEL USD,2133.7837837837837,3158.0
2025-11-20,127,Mpopoma,MPOPOMA USD DIESEL,521.4285714285714,803.0
2025-11-20,127,Mpopoma,MPOPOMA USD PETROL,1277.2727272727273,1967.0
2025-11-20,129,Khami,KHAMI BULK DIESEL USD,2105.4054054054054,3116.0
2025-11-20,129,Khami,KHAMI USD DIESEL,487.6623376623377,751.0
2025-11-20,129,Khami,KHAMI USD PETROL,390.25974025974034,601.0
2025-11-20,129,Khami,KHA-NEPTUNA 2T SUPER SPORT 500ML,1.0,4.0
2025-11-20,131,R Mugabe,R MUGABE USD DIESEL,459.7402597402597,708.0
2025-11-20,131,R Mugabe,R MUGABE USD PETROL,2219.4805194805194,3418.0
2025-11-20,135,Cripps,CRIPPS BULK DIESEL USD,1263.5135135135135,1870.0
2025-11-20,135,Cripps,CRIPPS DIESEL USD,600.0,924.0
2025-11-20,135,Cripps,CRIPPS PETROL USD,1284.4155844155844,1978.0
2025-11-20,140,Mutare Second Street,MUTARE SECOND USD DIESEL,1425.0,2109.0
2025-11-20,140,Mutare Second Street,MUTARE SECOND USD PETROL,1200.0,1800.0
2025-11-20,141,Troutbeck,TROUTBECK BULK DIESEL ,650.3355704697987,969.0
2025-11-20,141,Troutbeck,TROUTBECK USD DIESEL,503.2679738562091,769.99
2025-11-20,141,Troutbeck,TROUTBECK USD PETROL,1212.987012987013,1868.0
2025-11-20,145,Sunway City,SUN-QUARTZ 5000 20W50 500ML,11.0,33.0
2025-11-20,145,Sunway City,SUN-QUARTZ 5000 20W50 5L,1.0,22.0
2025-11-20,145,Sunway City,SUN-RUBIA TIR 7400 15W40 500ML,3.0,9.0
2025-11-20,145,Sunway City,SUN-RUBIA TIR 7400 SAE 15W40 5L,1.0,25.0
2025-11-20,145,Sunway City,SUNWAY BULK DIESEL USD,947.1351351351351,1401.76
2025-11-20,145,Sunway City,SUNWAY USD DIESEL,1687.6623376623377,2599.0
2025-11-20,145,Sunway City,SUNWAY USD PETROL,3063.636363636363,4718.0
2025-11-20,146,Banket,BAN-FLUIDMATIC DIII MV 500ML,1.0,3.0
2025-11-20,146,Banket,BANKET BULK DIESEL USD,1362.837837837838,2017.0
2025-11-20,146,Banket,BANKET USD DIESEL,477.6315789473683,726.0
2025-11-20,146,Banket,BANKET USD PETROL,1516.233766233766,2335.0
2025-11-20,146,Banket,BAN-PROSYLVA 2 STROKE 200ML,2.0,4.0
2025-11-20,146,Banket,BAN-RUBIA SX SAE40 500ML,1.0,3.0
2025-11-20,147,Chinhoyi Main,CHI-FLUIDMATIC CVT MV 1L,1.0,10.0
2025-11-20,147,Chinhoyi Main,CHINHOYI BULK DIESEL USD,110.13513513513513,163.0
2025-11-20,147,Chinhoyi Main,CHINHOYI MAIN USD PETROL,57.79220779220779,89.0
2025-11-20,147,Chinhoyi Main,CHI-RUBIA SX SAE40 500ML,1.0,3.0
2025-11-20,148,Chegutu,CHEGUTU BULK DIESEL USD,810.8108108108108,1200.0
2025-11-20,148,Chegutu,CHEGUTU USD DIESEL,1435.9999999999998,2154.0
2025-11-20,148,Chegutu,CHEGUTU USD PETROL,2033.552631578946,3091.0
2025-11-20,149,Turnpike,TURNPIKE BULK DIESEL USD,550.0,814.0
2025-11-20,149,Turnpike,TURNPIKE USD DIESEL,1509.7402597402597,2325.0
2025-11-20,149,Turnpike,TURNPIKE USD PETROL,1587.6623376623374,2445.0
2025-11-20,149,Turnpike,TUR-QUARTZ 9000 SAE 5W40 500ML,2.0,10.0
2025-11-20,149,Turnpike,TUR-RACE BRAKEFLUID DOT4+ 500ML,1.0,4.0
2025-11-20,150,Mutare One Stop,MUTARE ONE STOP DIESEL,1043.918918918919,1545.0
2025-11-20,150,Mutare One Stop,MUTARE ONE STOP PETROL,861.3333333333334,1292.0
2025-11-20,82,Runiville,RUNIVILLE BULK DIESEL USD,68.91891891891892,102.0
2025-11-20,82,Runiville,RUNIVILLE USD DIESEL,184.41558441558442,284.0
2025-11-20,82,Runiville,RUNIVILLE USD PETROL,326.62337662337666,503.0
2025-11-20,82,Runiville,RUN-NEPTUNA 2T SUPER SPORT 500ML,1.0,4.0
2025-11-20,82,Runiville,RUN-QUARTZ 9000 SAE 5W40 500ML,4.0,20.0
2025-11-20,82,Runiville,RUN-RUBIA SX SAE40 500ML,1.0,3.0
2025-11-20,84,Avondale,AVONDALE USD DIESEL,311.68831168831167,480.0
2025-11-20,84,Avondale,AVONDALE USD PETROL,474.67532467532465,731.0
2025-11-20,86,Charter,CHARTER BULK/TAXI DIESEL ,2539.864864864865,3759.0
2025-11-20,86,Charter,CHARTER USD DIESEL,440.90909090909093,679.0
2025-11-20,86,Charter,CHARTER USD PETROL,761.0389610389611,1172.0
2025-11-20,88,Seke,SEKE DIESEL BULK,619.5945945945946,917.0
2025-11-20,88,Seke,SEKE USD DIESEL,1692.8571428571427,2607.0
2025-11-20,88,Seke,SEKE USD PETROL,1778.5714285714284,2739.0
2025-11-20,88,Seke,SEK-RACE BRAKEFLUID DOT4+ 500ML,1.0,4.0
2025-11-20,92,Msasa,MSA-RACE BRAKEFLUID DOT4+ 500ML,1.0,4.0
2025-11-20,92,Msasa,MSASA BULK DIESEL,806.0000000000001,1192.88
2025-11-20,92,Msasa,MSASA USD DIESEL,783.9480519480519,1207.28
2025-11-20,92,Msasa,MSASA USD PETROL,757.1168831168832,1165.96
2025-11-20,96,Samora,SAMORA USD DIESEL,148.05194805194805,228.0
2025-11-20,96,Samora,SAMORA USD PETROL,859.7402597402596,1324.0
2025-11-20,96,Samora,SAMORA USD TAXI DIESEL ,95.94594594594594,142.0
2025-11-20,98,Roadport,ROADPORT USD DIESEL,846.103896103896,1303.0
2025-11-20,98,Roadport,ROADPORT USD DIESEL BUS,1511.4864864864867,2237.0
2025-11-20,98,Roadport,ROAPORT USD PETROL,3755.1948051948048,5783.0
2025-11-21,102,Kirkman,KIRKMAN BULK DIESEL USD,128.3783783783784,190.0
2025-11-21,102,Kirkman,KIRKMAN USD DIESEL,2316.883116883117,3568.0
2025-11-21,102,Kirkman,KIRKMAN USD PETROL,637.012987012987,981.0
2025-11-21,102,Kirkman,KIR-RUBIA TIR 7400 15W40 500ML,1.0,3.0
2025-11-21,110,Mutare Green Market,MUTARE GREEN MARKET BULK DIESEL,780.8219178082193,1140.0
2025-11-21,110,Mutare Green Market,MUTARE GREENMARKET USD DIESEL,393.5945945945945,582.52
2025-11-21,110,Mutare Green Market,MUTARE GREENMARKET USD PETROL,1666.1066666666668,2499.16
2025-11-21,112,Marondera,MAR-FLUIDMATIC CVT MV 1L,4.0,40.0
2025-11-21,112,Marondera,MARONDERA USD DIESEL,1289.6190476190477,1895.74
2025-11-21,112,Marondera,MARONDERA USD PETROL,2174.0,3261.0
2025-11-21,112,Marondera,MAR-RACE BRAKEFLUID DOT4+ 500ML,1.0,4.0
2025-11-21,114,Kadoma,KADOMA USD BULK DIESEL ,1249.6598639455783,1837.0
2025-11-21,114,Kadoma,KADOMA USD DIESEL,666.4429530201343,993.0
2025-11-21,114,Kadoma,KADOMA USD PETROL,1450.3311258278145,2190.0
2025-11-21,121,Gweru,GWERU BULK DIESEL USD,804.0816326530612,1182.0
2025-11-21,121,Gweru,GWERU USD DIESEL,710.7451677852349,1059.01
2025-11-21,121,Gweru,GWERU USD PETROL,7596.0526315789475,11546.0
2025-11-21,123,Fife Street,FIFE USD DIESEL,1114.2857142857142,1716.0
2025-11-21,123,Fife Street,FIFE USD PETROL,1424.025974025974,2193.0
2025-11-21,125,Fort Street,FORT USD DIESEL,322.72727272727275,497.0
2025-11-21,125,Fort Street,FORT USD PETROL,63.63636363636363,98.0
2025-11-21,127,Mpopoma,MPO-FLUIDMATIC DIII MV 500ML,1.0,3.0
2025-11-21,127,Mpopoma,MPOPOMA BULK DIESEL USD,1946.6216216216217,2881.0
2025-11-21,127,Mpopoma,MPOPOMA USD DIESEL,715.3701298701299,1101.67
2025-11-21,127,Mpopoma,MPOPOMA USD PETROL,971.4285714285714,1496.0
2025-11-21,129,Khami,KHAMI BULK DIESEL USD,960.810810810811,1422.0
2025-11-21,129,Khami,KHAMI USD DIESEL,862.3376623376623,1328.0
2025-11-21,129,Khami,KHAMI USD PETROL,355.19480519480516,547.0
2025-11-21,129,Khami,KHA-RUBIA TIR 7400 15W40 500ML,1.0,3.0
2025-11-21,131,R Mugabe,RM-FLUIDMATIC CVT MV 1L,1.0,10.0
2025-11-21,131,R Mugabe,RM-FLUIDMATIC DIII MV 500ML,2.0,6.0
2025-11-21,131,R Mugabe,RM-QUARTZ 9000 SAE 5W40 500ML,4.0,20.0
2025-11-21,131,R Mugabe,R MUGABE USD DIESEL,651.948051948052,1004.0
2025-11-21,131,R Mugabe,R MUGABE USD PETROL,1277.2727272727273,1967.0
2025-11-21,135,Cripps,CRIPPS BULK DIESEL USD,989.1891891891892,1464.0
2025-11-21,135,Cripps,CRIPPS DIESEL USD,458.2337662337663,705.68
2025-11-21,135,Cripps,CRIPPS PETROL USD,396.1038961038961,610.0
2025-11-21,140,Mutare Second Street,MSE-NEPTUNA 2T SUPER SPORT 500ML,2.0,8.0
2025-11-21,140,Mutare Second Street,MSE-RUBIA SX SAE40 500ML,6.0,18.0
2025-11-21,140,Mutare Second Street,MUTARE SECOND USD DIESEL,1947.9729729729731,2883.0
2025-11-21,140,Mutare Second Street,MUTARE SECOND USD PETROL,1974.0000000000005,2961.0
2025-11-21,141,Troutbeck,TROUTBECK BULK DIESEL ,813.03,1211.41
2025-11-21,141,Troutbeck,TROUTBECK USD DIESEL,602.6143790849673,922.0
2025-11-21,141,Troutbeck,TROUTBECK USD PETROL,1283.116883116883,1976.0
2025-11-21,145,Sunway City,SUN-QUARTZ 5000 20W50 500ML,2.0,6.0
2025-11-21,145,Sunway City,SUN-QUARTZ 9000 SAE 5W40 500ML,1.0,5.0
2025-11-21,145,Sunway City,SUNWAY BULK DIESEL USD,395.27027027027026,585.0
2025-11-21,145,Sunway City,SUNWAY USD DIESEL,723.3766233766235,1114.0
2025-11-21,145,Sunway City,SUNWAY USD PETROL,2252.5974025974015,3469.0
2025-11-21,146,Banket,BANKET BULK DIESEL USD,1768.96,2618.06
2025-11-21,146,Banket,BANKET USD DIESEL,921.0526315789472,1400.0
2025-11-21,146,Banket,BANKET USD PETROL,1816.2337662337661,2797.0
2025-11-21,146,Banket,BAN-PROSYLVA 2 STROKE 200ML,1.0,2.0
2025-11-21,146,Banket,BAN-QUARTZ 5000 20W50 500ML,6.0,18.0
2025-11-21,146,Banket,BAN-RACE BRAKEFLUID DOT4+ 500ML,1.0,4.0
2025-11-21,147,Chinhoyi Main,CHI-FLUIDMATIC DIII MV 500ML,2.0,6.0
2025-11-21,147,Chinhoyi Main,CHINHOYI BULK DIESEL USD,202.7027027027027,300.0
2025-11-21,147,Chinhoyi Main,CHINHOYI MAIN USD DIESEL,1796.7105263157894,2731.0
2025-11-21,147,Chinhoyi Main,CHINHOYI MAIN USD PETROL,6219.4805194805185,9578.0
2025-11-21,147,Chinhoyi Main,CHI-QUARTZ 5000 20W50 500ML,1.0,3.0
2025-11-21,147,Chinhoyi Main,CHI-QUARTZ 9000 SAE 5W40 500ML,2.0,10.0
2025-11-21,148,Chegutu,CHEGUTU BULK DIESEL USD,1341.2162162162163,1985.0
2025-11-21,148,Chegutu,CHEGUTU USD DIESEL,1126.0,1689.0
2025-11-21,148,Chegutu,CHEGUTU USD PETROL,1742.7631578947364,2649.0
2025-11-21,149,Turnpike,TURNPIKE BULK DIESEL USD,1743.2416216216216,2579.99
2025-11-21,149,Turnpike,TURNPIKE USD DIESEL,1266.2337662337661,1950.0
2025-11-21,149,Turnpike,TURNPIKE USD PETROL,2183.116883116883,3362.0
2025-11-21,149,Turnpike,TUR-RACE BRAKEFLUID DOT4+ 500ML,2.0,8.0
2025-11-21,149,Turnpike,TUR-RUBIA SX SAE40 500ML,5.0,15.0
2025-11-21,150,Mutare One Stop,MUTARE ONE STOP DIESEL,362.68243243243245,536.77
2025-11-21,150,Mutare One Stop,MUTARE ONE STOP PETROL,1567.3000000000002,2350.95
2025-11-21,82,Runiville,RUNIVILLE BULK DIESEL USD,100.0,148.0
2025-11-21,82,Runiville,RUNIVILLE USD DIESEL,218.8311688311688,337.0
2025-11-21,82,Runiville,RUNIVILLE USD PETROL,359.0909090909091,553.0
2025-11-21,84,Avondale,AVONDALE USD DIESEL,224.68831168831167,346.02
2025-11-21,84,Avondale,AVONDALE USD PETROL,466.8896103896103,719.01
2025-11-21,86,Charter,CHARTER BULK/TAXI DIESEL ,3397.297297297297,5028.0
2025-11-21,86,Charter,CHARTER USD DIESEL,715.5844155844155,1102.0
2025-11-21,86,Charter,CHARTER USD PETROL,1264.2093200916727,1941.0
2025-11-21,88,Seke,SEKE DIESEL BULK,700.0,1036.0
2025-11-21,88,Seke,SEKE USD DIESEL,1627.2727272727268,2506.0
2025-11-21,88,Seke,SEKE USD PETROL,2143.2501708817495,3264.0
2025-11-21,88,Seke,SEK-QUARTZ 3000 SG 20W50 500ML,1.0,3.0
2025-11-21,88,Seke,SEK-RUBIA TIR 7400 15W40 500ML,3.0,9.0
2025-11-21,92,Msasa,MSASA BULK DIESEL,1981.7567567567569,2933.0
2025-11-21,92,Msasa,MSASA USD DIESEL,944.1558441558441,1454.0
2025-11-21,92,Msasa,MSASA USD PETROL,1051.9480519480521,1620.0
2025-11-21,96,Samora,SAMORA USD DIESEL,229.05844155844156,352.75
2025-11-21,96,Samora,SAMORA USD PETROL,1465.5844155844156,2257.0
2025-11-21,96,Samora,SAM-RACE BRAKEFLUID DOT4+ 500ML,1.0,4.0
2025-11-21,98,Roadport,ROADPORT USD DIESEL,1030.8701298701299,1587.54
2025-11-21,98,Roadport,ROADPORT USD DIESEL BUS,879.0540540540541,1301.0
2025-11-21,98,Roadport,ROAPORT USD PETROL,3193.506493506493,4918.0
2025-11-22,102,Kirkman,KIRKMAN BULK DIESEL USD,464.8648648648649,688.0
2025-11-22,102,Kirkman,KIRKMAN USD DIESEL,425.97402597402595,656.0
2025-11-22,102,Kirkman,KIRKMAN USD PETROL,783.7662337662337,1207.0
2025-11-22,110,Mutare Green Market,MGM-QUARTZ 9000 SAE 5W40 500ML,1.0,5.0
2025-11-22,110,Mutare Green Market,MUTARE GREEN MARKET BULK DIESEL,1343.835616438356,1962.0
2025-11-22,110,Mutare Green Market,MUTARE GREENMARKET USD DIESEL,739.6216216216217,1094.64
2025-11-22,110,Mutare Green Market,MUTARE GREENMARKET USD PETROL,1742.0,2613.0
2025-11-22,112,Marondera,MARONDERA USD DIESEL,1146.1020408163265,1684.77
2025-11-22,112,Marondera,MARONDERA USD PETROL,1850.3,2775.45
2025-11-22,114,Kadoma,KADOMA USD DIESEL,1146.979865771812,1709.0
2025-11-22,114,Kadoma,KADOMA USD PETROL,1629.8013245033112,2461.0
2025-11-22,121,Gweru,GWERU BULK DIESEL USD,400.0,588.0
2025-11-22,121,Gweru,GWERU USD DIESEL,1614.948456375839,2406.27
2025-11-22,121,Gweru,GWERU USD PETROL,597.3684210526314,908.0
2025-11-22,123,Fife Street,FIFE USD DIESEL,1590.909090909091,2450.0
2025-11-22,123,Fife Street,FIFE USD PETROL,1427.9220779220782,2199.0
2025-11-22,125,Fort Street,FORT STR BULK DIESEL USD,2214.864864864865,3278.0
2025-11-22,125,Fort Street,FORT USD DIESEL,789.6103896103896,1216.0
2025-11-22,125,Fort Street,FORT USD PETROL,1005.8441558441557,1549.0
2025-11-22,127,Mpopoma,MPOPOMA BULK DIESEL USD,1755.4054054054054,2598.0
2025-11-22,127,Mpopoma,MPOPOMA USD DIESEL,640.909090909091,987.0
2025-11-22,127,Mpopoma,MPOPOMA USD PETROL,1391.5584415584415,2143.0
2025-11-22,129,Khami,KHAMI BULK DIESEL USD,1910.8108108108108,2828.0
2025-11-22,129,Khami,KHAMI USD DIESEL,1141.5584415584417,1758.0
2025-11-22,129,Khami,KHAMI USD PETROL,596.7532467532468,919.0
2025-11-22,129,Khami,KHA-QUARTZ 5000 20W50 5L,1.0,22.0
2025-11-22,131,R Mugabe,R MUGABE USD DIESEL,1100.0,1694.0
2025-11-22,131,R Mugabe,R MUGABE USD PETROL,1913.6363636363635,2947.0
2025-11-22,135,Cripps,CRIPPS BULK DIESEL USD,675.6756756756757,1000.0
2025-11-22,135,Cripps,CRIPPS DIESEL USD,847.9675324675324,1305.87
2025-11-22,135,Cripps,CRIPPS PETROL USD,1470.1298701298697,2264.0
2025-11-22,140,Mutare Second Street,MUTARE SECOND USD DIESEL,783.1081081081081,1159.0
2025-11-22,140,Mutare Second Street,MUTARE SECOND USD PETROL,784.0,1176.0
2025-11-22,141,Troutbeck,TROUTBECK BULK DIESEL ,680.0,1013.2
2025-11-22,141,Troutbeck,TROUTBECK USD DIESEL,487.58169934640523,746.0
2025-11-22,141,Troutbeck,TROUTBECK USD PETROL,1350.0,2079.0
2025-11-22,145,Sunway City,SUNWAY BULK DIESEL USD,67.56756756756756,100.0
2025-11-22,145,Sunway City,SUNWAY USD DIESEL,551.9480519480519,850.0
2025-11-22,145,Sunway City,SUNWAY USD PETROL,1881.8181818181818,2898.0
2025-11-22,146,Banket,BANKET BULK DIESEL USD,3874.62,5734.43
2025-11-22,146,Banket,BANKET USD DIESEL,473.02631578947364,719.0
2025-11-22,146,Banket,BANKET USD PETROL,1657.1428571428569,2552.0
2025-11-22,146,Banket,BAN-QUARTZ 5000 20W50 500ML,1.0,3.0
2025-11-22,147,Chinhoyi Main,CHINHOYI BULK DIESEL USD,1609.4594594594596,2382.0
2025-11-22,147,Chinhoyi Main,CHINHOYI MAIN USD DIESEL,1240.7894736842104,1886.0
2025-11-22,147,Chinhoyi Main,CHINHOYI MAIN USD PETROL,3043.5064935064934,4687.0
2025-11-22,148,Chegutu,CHEGUTU BULK DIESEL USD,701.3513513513514,1038.0
2025-11-22,148,Chegutu,CHEGUTU USD DIESEL,1139.3333333333335,1709.0
2025-11-22,148,Chegutu,CHEGUTU USD PETROL,2175.6578947368416,3307.0
2025-11-22,149,Turnpike,TUR-NEPTUNA 2T SUPER SPORT 500ML,1.0,4.0
2025-11-22,149,Turnpike,TURNPIKE BULK DIESEL USD,1270.2702702702702,1880.0
2025-11-22,149,Turnpike,TURNPIKE USD DIESEL,866.8831168831167,1335.0
2025-11-22,149,Turnpike,TURNPIKE USD PETROL,142.85714285714283,220.0
2025-11-22,149,Turnpike,TUR-RACE BRAKEFLUID DOT4+ 500ML,1.0,4.0
2025-11-22,149,Turnpike,TUR-RUBIA TIR 7400 15W40 500ML,1.0,3.0
2025-11-22,150,Mutare One Stop,MUTARE ONE STOP DIESEL,1772.9864864864865,2624.02
2025-11-22,150,Mutare One Stop,MUTARE ONE STOP PETROL,1905.96,2858.94
2025-11-22,82,Runiville,RUNIVILLE BULK DIESEL USD,202.7027027027027,300.0
2025-11-22,82,Runiville,RUNIVILLE USD DIESEL,207.7922077922078,320.0
2025-11-22,82,Runiville,RUNIVILLE USD PETROL,816.8831168831169,1258.0
2025-11-22,84,Avondale,AVONDALE USD DIESEL,231.16883116883113,356.0
2025-11-22,84,Avondale,AVONDALE USD PETROL,378.03896103896096,582.18
2025-11-22,86,Charter,CHARTER BULK/TAXI DIESEL ,3177.2094594594596,4702.27
2025-11-22,86,Charter,CHARTER USD DIESEL,422.07792207792204,650.0
2025-11-22,86,Charter,CHARTER USD PETROL,1532.0261437908496,2344.0
2025-11-22,88,Seke,SEKE DIESEL BULK,100.0,148.0
2025-11-22,88,Seke,SEKE USD DIESEL,1918.8311688311683,2955.0
2025-11-22,88,Seke,SEKE USD PETROL,2323.6842105263154,3532.0
2025-11-22,88,Seke,SEK-QUARTZ 5000 20W50 500ML,1.0,3.0
2025-11-22,92,Msasa,MSASA BULK DIESEL,983.1081081081081,1455.0
2025-11-22,92,Msasa,MSASA USD DIESEL,931.8181818181818,1435.0
2025-11-22,92,Msasa,MSASA USD PETROL,1001.9480519480521,1543.0
2025-11-22,96,Samora,SAMORA USD DIESEL,286.3636363636364,441.0
2025-11-22,96,Samora,SAMORA USD PETROL,1874.025974025974,2886.0
2025-11-22,96,Samora,SAMORA USD TAXI DIESEL ,33.78378378378378,50.0
2025-11-22,98,Roadport,ROADPORT USD DIESEL,839.2532467532467,1292.44
2025-11-22,98,Roadport,ROADPORT USD DIESEL BUS,645.9797297297297,956.05
2025-11-22,98,Roadport,ROAPORT USD PETROL,1048.7012987012988,1615.0
2025-11-23,102,Kirkman,KIRKMAN BULK DIESEL USD,1044.5945945945946,1546.0
2025-11-23,102,Kirkman,KIRKMAN USD DIESEL,511.03896103896096,787.0
2025-11-23,102,Kirkman,KIRKMAN USD PETROL,545.4545454545454,840.0
2025-11-23,102,Kirkman,KIR-RUBIA TIR 7400 15W40 500ML,3.0,9.0
2025-11-23,110,Mutare Green Market,MUTARE GREEN MARKET BULK DIESEL,600.0,876.0
2025-11-23,110,Mutare Green Market,MUTARE GREENMARKET USD DIESEL,511.2432432432432,756.63
2025-11-23,110,Mutare Green Market,MUTARE GREENMARKET USD PETROL,1432.0,2148.0
2025-11-23,112,Marondera,MARONDERA USD DIESEL,1859.7074829931973,2733.77
2025-11-23,112,Marondera,MARONDERA USD PETROL,1074.16,1611.24
2025-11-23,114,Kadoma,KAD-NEPTUNA 2T SUPER SPORT 500ML,1.0,4.0
2025-11-23,114,Kadoma,KADOMA USD DIESEL,1007.3825503355706,1501.0
2025-11-23,114,Kadoma,KADOMA USD PETROL,1374.8344370860927,2076.0
2025-11-23,114,Kadoma,KAD-RUBIA SX SAE40 500ML,1.0,3.0
2025-11-23,121,Gweru,GWERU BULK DIESEL USD,1690.002448979592,2484.3
2025-11-23,121,Gweru,GWERU USD DIESEL,1783.3903355704697,2657.25
2025-11-23,121,Gweru,GWERU USD PETROL,1688.6894736842105,2566.8
2025-11-23,123,Fife Street,FIFE USD DIESEL,738.9610389610389,1138.0
2025-11-23,123,Fife Street,FIFE USD PETROL,1079.8701298701299,1663.0
2025-11-23,125,Fort Street,FORT STR BULK DIESEL USD,900.0,1332.0
2025-11-23,125,Fort Street,FORT USD DIESEL,355.84415584415586,548.0
2025-11-23,125,Fort Street,FORT USD PETROL,279.87012987012986,431.0
2025-11-23,127,Mpopoma,MPOPOMA BULK DIESEL USD,2029.7297297297296,3004.0
2025-11-23,127,Mpopoma,MPOPOMA USD DIESEL,188.3116883116883,290.0
2025-11-23,127,Mpopoma,MPOPOMA USD PETROL,734.4155844155842,1131.0
2025-11-23,127,Mpopoma,MPO-QUARTZ 5000 20W50 500ML,2.0,6.0
2025-11-23,129,Khami,KHA-FLUIDMATIC DIII MV 500ML,1.0,3.0
2025-11-23,129,Khami,KHAMI BULK DIESEL USD,1067.8378378378377,1580.4
2025-11-23,129,Khami,KHAMI USD DIESEL,367.4025974025974,565.8
2025-11-23,129,Khami,KHAMI USD PETROL,635.7142857142857,979.0
2025-11-23,131,R Mugabe,R MUGABE USD DIESEL,572.077922077922,881.0
2025-11-23,131,R Mugabe,R MUGABE USD PETROL,1559.090909090909,2401.0
2025-11-23,135,Cripps,CRIPPS BULK DIESEL USD,1520.2702702702704,2250.0
2025-11-23,135,Cripps,CRIPPS DIESEL USD,338.96103896103887,522.0
2025-11-23,135,Cripps,CRIPPS PETROL USD,462.3376623376624,712.0
2025-11-23,140,Mutare Second Street,MUTARE SECOND USD BULK DIESEL,600.0,876.0
2025-11-23,140,Mutare Second Street,MUTARE SECOND USD DIESEL,1686.4864864864867,2496.0
2025-11-23,140,Mutare Second Street,MUTARE SECOND USD PETROL,1470.0,2205.0
2025-11-23,141,Troutbeck,TROUTBECK BULK DIESEL ,780.0,1162.2
2025-11-23,141,Troutbeck,TROUTBECK USD DIESEL,1167.9738562091504,1787.0
2025-11-23,141,Troutbeck,TROUTBECK USD PETROL,1672.7272727272727,2576.0
2025-11-23,145,Sunway City,SUNWAY BULK DIESEL USD,691.0,1022.68
2025-11-23,145,Sunway City,SUNWAY USD DIESEL,1708.246753246753,2630.69
2025-11-23,145,Sunway City,SUNWAY USD PETROL,2932.4675324675322,4516.0
2025-11-23,146,Banket,BANKET BULK DIESEL USD,1484.4594594594596,2197.0
2025-11-23,146,Banket,BANKET USD DIESEL,632.236842105263,961.0
2025-11-23,146,Banket,BANKET USD PETROL,1461.6883116883116,2251.0
2025-11-23,146,Banket,BAN-QUARTZ 5000 20W50 500ML,1.0,3.0
2025-11-23,146,Banket,BAN-RUBIA TIR 7400 SAE 15W40 5L,1.0,25.0
2025-11-23,147,Chinhoyi Main,CHINHOYI BULK DIESEL USD,2095.2702702702704,3101.0
2025-11-23,147,Chinhoyi Main,CHINHOYI MAIN USD DIESEL,730.2631578947367,1110.0
2025-11-23,147,Chinhoyi Main,CHINHOYI MAIN USD PETROL,1931.8181818181818,2975.0
2025-11-23,147,Chinhoyi Main,CHI-QUARTZ 5000 20W50 500ML,1.0,3.0
2025-11-23,147,Chinhoyi Main,CHI-RUBIA TIR 7400 15W40 500ML,4.0,12.0
2025-11-23,148,Chegutu,CHEGUTU BULK DIESEL USD,827.0270270270271,1224.0
2025-11-23,148,Chegutu,CHEGUTU USD DIESEL,1156.6666666666665,1735.0
2025-11-23,148,Chegutu,CHEGUTU USD PETROL,1686.842105263157,2564.0
2025-11-23,149,Turnpike,TURNPIKE BULK DIESEL USD,2482.74,3674.45
2025-11-23,149,Turnpike,TURNPIKE USD DIESEL,420.1298701298701,647.0
2025-11-23,149,Turnpike,TURNPIKE USD PETROL,167.53246753246754,258.0
2025-11-23,149,Turnpike,TUR-QUARTZ 5000 20W50 500ML,3.0,9.0
2025-11-23,149,Turnpike,TUR-RUBIA TIR 7400 15W40 500ML,1.0,3.0
2025-11-23,149,Turnpike,TUR-RUBIA TIR 7400 SAE 15W40 5L,1.0,25.0
2025-11-23,150,Mutare One Stop,MUTARE ONE STOP DIESEL,837.9189189189188,1240.12
2025-11-23,150,Mutare One Stop,MUTARE ONE STOP PETROL,1732.4533333333334,2598.67
2025-11-23,82,Runiville,RUNIVILLE USD DIESEL,125.32467532467533,193.0
2025-11-23,82,Runiville,RUNIVILLE USD PETROL,228.57142857142856,352.0
2025-11-23,82,Runiville,RUN-QUARTZ 9000 SAE 5W40 5L,2.0,60.0
2025-11-23,82,Runiville,RUN-RUBIA SX SAE40 500ML,4.0,12.0
2025-11-23,84,Avondale,AVONDALE USD DIESEL,195.45454545454544,301.0
2025-11-23,84,Avondale,AVONDALE USD PETROL,258.4415584415584,398.0
2025-11-23,86,Charter,CHARTER BULK/TAXI DIESEL ,4434.45945945946,6563.0
2025-11-23,86,Charter,CHARTER USD DIESEL,294.1558441558442,453.0
2025-11-23,86,Charter,CHARTER USD PETROL,1369.2810457516339,2095.0
2025-11-23,88,Seke,SEKE DIESEL BULK,168.91891891891893,250.0
2025-11-23,88,Seke,SEKE USD DIESEL,1344.8051948051946,2071.0
2025-11-23,88,Seke,SEKE USD PETROL,2030.921052631579,3087.0
2025-11-23,92,Msasa,MSASA BULK DIESEL,378.3783783783784,560.0
2025-11-23,92,Msasa,MSASA USD DIESEL,144.15584415584416,222.0
2025-11-23,92,Msasa,MSASA USD PETROL,47.4025974025974,73.0
2025-11-23,96,Samora,SAMORA USD DIESEL,222.07792207792207,342.0
2025-11-23,96,Samora,SAMORA USD PETROL,940.2597402597403,1448.0
2025-11-23,96,Samora,SAMORA USD TAXI DIESEL ,91.21621621621621,135.0
2025-11-23,96,Samora,SAM-QUARTZ 5000 20W50 5L,1.0,22.0
2025-11-23,96,Samora,SAM-RACE BRAKEFLUID DOT4+ 500ML,1.0,4.0
2025-11-23,96,Samora,SAM-RUBIA SX SAE40 500ML,1.0,3.0
2025-11-23,98,Roadport,ROADPORT USD DIESEL,502.59740259740255,774.0
2025-11-23,98,Roadport,ROADPORT USD DIESEL BUS,1819.2770270270269,2692.53
2025-11-23,98,Roadport,ROAPORT USD PETROL,4090.370129870129,6299.17
2025-11-24,102,Kirkman,KIRKMAN BULK DIESEL USD,1631.7567567567567,2415.0
2025-11-24,102,Kirkman,KIRKMAN USD DIESEL,700.6493506493507,1079.0
2025-11-24,102,Kirkman,KIRKMAN USD PETROL,609.7402597402597,939.0
2025-11-24,102,Kirkman,KIR-QUARTZ 5000 20W50 500ML,3.0,9.0
2025-11-24,102,Kirkman,KIR-RACE BRAKEFLUID DOT4+ 500ML,1.0,4.0
2025-11-24,102,Kirkman,KIR-RUBIA TIR 7400 15W40 500ML,2.0,6.0
2025-11-24,110,Mutare Green Market,MUTARE GREEN MARKET BULK DIESEL,700.0,1022.0
2025-11-24,110,Mutare Green Market,MUTARE GREENMARKET USD DIESEL,1162.75,1720.87
2025-11-24,110,Mutare Green Market,MUTARE GREENMARKET USD PETROL,1154.3399999999997,1731.51
2025-11-24,112,Marondera,MAR-FLUIDMATIC CVT MV 1L,2.0,20.0
2025-11-24,112,Marondera,MARONDERA USD DIESEL,1208.891156462585,1777.07
2025-11-24,112,Marondera,MARONDERA USD PETROL,1801.64,2702.46
2025-11-24,114,Kadoma,KAD-FLUIDMATIC DIII MV 500ML,1.0,3.0
2025-11-24,114,Kadoma,KADOMA USD DIESEL,1018.1208053691274,1517.0
2025-11-24,114,Kadoma,KADOMA USD PETROL,1511.9205298013246,2283.0
2025-11-24,121,Gweru,GWERU BULK DIESEL USD,492.5170068027211,724.0
2025-11-24,121,Gweru,GWERU USD DIESEL,2047.249731543624,3050.4
2025-11-24,121,Gweru,GWERU USD PETROL,2566.091052631579,3900.45
2025-11-24,123,Fife Street,FIFE USD DIESEL,522.7272727272727,805.0
2025-11-24,123,Fife Street,FIFE USD PETROL,1168.8311688311687,1800.0
2025-11-24,125,Fort Street,FORT STR BULK DIESEL USD,1146.6216216216217,1697.0
2025-11-24,125,Fort Street,FORT USD DIESEL,365.5844155844156,563.0
2025-11-24,125,Fort Street,FORT USD PETROL,540.9090909090909,833.0
2025-11-24,127,Mpopoma,MPOPOMA BULK DIESEL USD,2498.648648648649,3698.0
2025-11-24,127,Mpopoma,MPOPOMA USD DIESEL,433.11688311688306,667.0
2025-11-24,127,Mpopoma,MPOPOMA USD PETROL,1404.5454545454545,2163.0
2025-11-24,129,Khami,KHAMI BULK DIESEL USD,100.0,148.0
2025-11-24,129,Khami,KHAMI USD DIESEL,1535.0649350649348,2364.0
2025-11-24,129,Khami,KHAMI USD PETROL,564.9350649350649,870.0
2025-11-24,131,R Mugabe,RM-FLUIDMATIC CVT MV 1L,1.0,10.0
2025-11-24,131,R Mugabe,RM-NEPTUNA 2T SUPER SPORT 500ML,1.0,4.0
2025-11-24,131,R Mugabe,RM-QUARTZ 4X4 15W40 500ML,1.0,3.0
2025-11-24,131,R Mugabe,RM-QUARTZ 5000 20W50 500ML,5.0,15.0
2025-11-24,131,R Mugabe,RM-RACE BRAKEFLUID DOT4+ 500ML,3.0,12.0
2025-11-24,131,R Mugabe,R MUGABE USD DIESEL,703.2467532467533,1083.0
2025-11-24,131,R Mugabe,R MUGABE USD PETROL,1625.974025974026,2504.0
2025-11-24,135,Cripps,CRIPPS BULK DIESEL USD,967.5675675675676,1432.0
2025-11-24,135,Cripps,CRIPPS DIESEL USD,851.2987012987014,1311.0
2025-11-24,135,Cripps,CRIPPS PETROL USD,1066.2337662337663,1642.0
2025-11-24,140,Mutare Second Street,MUTARE SECOND USD DIESEL,1070.2702702702704,1584.0
2025-11-24,140,Mutare Second Street,MUTARE SECOND USD PETROL,1467.3333333333335,2201.0
2025-11-24,141,Troutbeck,TROUTBECK BULK DIESEL ,760.0,1132.4
2025-11-24,141,Troutbeck,TROUTBECK USD DIESEL,750.3267973856209,1148.0
2025-11-24,141,Troutbeck,TROUTBECK USD PETROL,1436.3636363636365,2212.0
2025-11-24,145,Sunway City,SUNWAY BULK DIESEL USD,1208.1081081081081,1788.0
2025-11-24,145,Sunway City,SUNWAY USD DIESEL,2666.8831168831166,4107.0
2025-11-24,145,Sunway City,SUNWAY USD PETROL,3887.662337662337,5987.0
2025-11-24,146,Banket,BANKET BULK DIESEL USD,883.7837837837837,1308.0
2025-11-24,146,Banket,BANKET USD DIESEL,867.1052631578948,1318.0
2025-11-24,146,Banket,BANKET USD PETROL,1559.090909090909,2401.0
2025-11-24,146,Banket,BAN-QUARTZ 5000 20W50 500ML,2.0,6.0
2025-11-24,147,Chinhoyi Main,CHI-FLUIDMATIC DIII MV 500ML,1.0,3.0
2025-11-24,147,Chinhoyi Main,CHI-MULTIS EP 2 500G,1.0,7.0
2025-11-24,147,Chinhoyi Main,CHINHOYI BULK DIESEL USD,3766.2162162162163,5574.0
2025-11-24,147,Chinhoyi Main,CHINHOYI MAIN USD DIESEL,1840.7894736842109,2798.0
2025-11-24,147,Chinhoyi Main,CHINHOYI MAIN USD PETROL,2642.2077922077924,4069.0
2025-11-24,148,Chegutu,CHEGUTU BULK DIESEL USD,1490.5405405405404,2206.0
2025-11-24,148,Chegutu,CHEGUTU USD DIESEL,1226.6666666666663,1840.0
2025-11-24,148,Chegutu,CHEGUTU USD PETROL,2103.9473684210525,3198.0
2025-11-24,149,Turnpike,TUR-FLUIDMATIC DIII MV 500ML,1.0,3.0
2025-11-24,149,Turnpike,TURNPIKE BULK DIESEL USD,2275.0,3367.0
2025-11-24,149,Turnpike,TURNPIKE USD DIESEL,937.6623376623376,1444.0
2025-11-24,149,Turnpike,TURNPIKE USD PETROL,1651.9480519480517,2544.0
2025-11-24,149,Turnpike,TUR-QUARTZ 5000 20W50 500ML,7.0,21.0
2025-11-24,149,Turnpike,TUR-RUBIA TIR 7400 15W40 500ML,3.0,9.0
2025-11-24,150,Mutare One Stop,MUTARE ONE STOP DIESEL,885.3783783783784,1310.36
2025-11-24,150,Mutare One Stop,MUTARE ONE STOP PETROL,1377.66,2066.49
2025-11-24,82,Runiville,RUNIVILLE USD DIESEL,301.9480519480519,465.0
2025-11-24,82,Runiville,RUNIVILLE USD PETROL,542.8571428571428,836.0
2025-11-24,82,Runiville,RUN-QUARTZ 9000 SAE 5W40 5L,1.0,30.0
2025-11-24,82,Runiville,RUN-RUBIA SX SAE40 500ML,1.0,3.0
2025-11-24,84,Avondale,AVONDALE USD DIESEL,264.2857142857143,407.0
2025-11-24,84,Avondale,AVONDALE USD PETROL,501.29870129870125,772.0
2025-11-24,84,Avondale,AVO-QUARTZ 3000 SG 20W50 500ML,7.0,21.0
2025-11-24,84,Avondale,AVO-RUBIA TIR 7400 15W40 500ML,4.0,12.0
2025-11-24,84,Avondale,AVO-RUBIA TIR 7400 SAE 15W40 5L,3.0,75.0
2025-11-24,86,Charter,CHARTER BULK/TAXI DIESEL ,3189.8648648648646,4721.0
2025-11-24,86,Charter,CHARTER USD DIESEL,301.2987012987013,464.0
2025-11-24,86,Charter,CHARTER USD PETROL,1132.6797385620914,1733.0
2025-11-24,88,Seke,SEKE DIESEL BULK,200.0,296.0
2025-11-24,88,Seke,SEKE USD DIESEL,1114.285714285714,1716.0
2025-11-24,88,Seke,SEKE USD PETROL,1427.631578947368,2170.0
2025-11-24,92,Msasa,MSA-QUARTZ 3000 SG 20W50 500ML,1.0,3.0
2025-11-24,92,Msasa,MSA-RACE BRAKEFLUID DOT4+ 500ML,1.0,4.0
2025-11-24,92,Msasa,MSASA BULK DIESEL,835.8108108108108,1237.0
2025-11-24,92,Msasa,MSASA USD DIESEL,406.4935064935065,626.0
2025-11-24,92,Msasa,MSASA USD PETROL,840.9090909090909,1295.0
2025-11-24,96,Samora,SAMORA USD DIESEL,318.18181818181813,490.0
2025-11-24,96,Samora,SAMORA USD PETROL,1085.7142857142856,1672.0
2025-11-24,96,Samora,SAMORA USD TAXI DIESEL ,14.18918918918919,21.0
2025-11-24,96,Samora,SAM-RACE BRAKEFLUID DOT4+ 500ML,1.0,4.0
2025-11-24,98,Roadport,ROADPORT USD DIESEL,1340.2597402597403,2064.0
2025-11-24,98,Roadport,ROADPORT USD DIESEL BUS,1868.918918918919,2766.0
2025-11-24,98,Roadport,ROAPORT USD PETROL,2880.5194805194806,4436.0
2025-11-25,102,Kirkman,KIR-FLUIDMATIC DIII MV 500ML,1.0,3.0
2025-11-25,102,Kirkman,KIRKMAN BULK DIESEL USD,939.054054054054,1389.8
2025-11-25,102,Kirkman,KIRKMAN USD DIESEL,596.103896103896,918.0
2025-11-25,102,Kirkman,KIRKMAN USD PETROL,607.1428571428571,935.0
2025-11-25,102,Kirkman,KIR-QUARTZ 5000 20W50 500ML,1.0,3.0
2025-11-25,102,Kirkman,KIR-QUARTZ 9000 SAE 5W40 500ML,3.0,15.0
2025-11-25,102,Kirkman,KIR-RUBIA TIR 7400 15W40 500ML,1.0,3.0
2025-11-25,102,Kirkman,KIR-RUBIA TIR 7400 SAE 15W40 5L,1.0,25.0
2025-11-25,110,Mutare Green Market,MUTARE GREEN MARKET BULK DIESEL,813.6986301369864,1188.0
2025-11-25,110,Mutare Green Market,MUTARE GREENMARKET USD DIESEL,1015.5067567567567,1502.95
2025-11-25,110,Mutare Green Market,MUTARE GREENMARKET USD PETROL,943.5,1415.25
2025-11-25,112,Marondera,MAR-NEPTUNA 2T SUPER SPORT 500ML,1.0,4.0
2025-11-25,112,Marondera,MARONDERA USD DIESEL,1233.8503401360545,1813.76
2025-11-25,112,Marondera,MARONDERA USD PETROL,752.6666666666667,1129.0
2025-11-25,114,Kadoma,KADOMA USD BULK DIESEL ,826.5306122448981,1215.0
2025-11-25,114,Kadoma,KADOMA USD DIESEL,736.2416107382552,1097.0
2025-11-25,114,Kadoma,KADOMA USD PETROL,1345.6953642384105,2032.0
2025-11-25,121,Gweru,GWE-FLUIDMATIC DIII MV 500ML,1.0,3.0
2025-11-25,121,Gweru,GWE-PROSYLVA 2 STROKE 200ML,1.0,2.0
2025-11-25,121,Gweru,GWE-RUBIA SX SAE40 500ML,3.0,9.0
2025-11-25,121,Gweru,GWE-RUBIA TIR 7400 15W40 500ML,5.0,15.0
2025-11-25,121,Gweru,GWERU BULK DIESEL USD,1990.0,2925.3
2025-11-25,121,Gweru,GWERU USD DIESEL,1441.8120805369126,2148.3
2025-11-25,121,Gweru,GWERU USD PETROL,1110.3942105263156,1687.79
2025-11-25,123,Fife Street,FIFE USD DIESEL,1113.6363636363637,1715.0
2025-11-25,123,Fife Street,FIFE USD PETROL,1605.844155844156,2473.0
2025-11-25,125,Fort Street,FORT STR BULK DIESEL USD,550.0,814.0
2025-11-25,125,Fort Street,FORT USD DIESEL,245.45454545454544,378.0
2025-11-25,125,Fort Street,FORT USD PETROL,387.012987012987,596.0
2025-11-25,127,Mpopoma,MPOPOMA BULK DIESEL USD,2100.675675675676,3109.0
2025-11-25,127,Mpopoma,MPOPOMA USD DIESEL,548.0519480519481,844.0
2025-11-25,127,Mpopoma,MPOPOMA USD PETROL,780.5194805194806,1202.0
2025-11-25,129,Khami,KHAMI BULK DIESEL USD,1564.864864864865,2316.0
2025-11-25,129,Khami,KHAMI USD DIESEL,1133.1168831168832,1745.0
2025-11-25,129,Khami,KHAMI USD PETROL,827.2727272727271,1274.0
2025-11-25,131,R Mugabe,RM-NEPTUNA 2T SUPER SPORT 500ML,1.0,4.0
2025-11-25,131,R Mugabe,RM-QUARTZ 5000 20W50 5L,1.0,22.0
2025-11-25,131,R Mugabe,RM-QUARTZ 9000 SAE 5W40 500ML,2.0,10.0
2025-11-25,131,R Mugabe,R MUGABE USD DIESEL,966.8831168831168,1489.0
2025-11-25,131,R Mugabe,R MUGABE USD PETROL,1861.038961038961,2866.0
2025-11-25,135,Cripps,CRIPPS BULK DIESEL USD,1316.2162162162163,1948.0
2025-11-25,135,Cripps,CRIPPS DIESEL USD,474.02597402597394,730.0
2025-11-25,135,Cripps,CRIPPS PETROL USD,888.961038961039,1369.0
2025-11-25,140,Mutare Second Street,MUTARE SECOND USD DIESEL,767.5675675675675,1136.0
2025-11-25,140,Mutare Second Street,MUTARE SECOND USD PETROL,673.3333333333333,1010.0
2025-11-25,141,Troutbeck,TROUTBECK BULK DIESEL ,600.0,894.0
2025-11-25,141,Troutbeck,TROUTBECK USD DIESEL,856.8627450980392,1311.0
2025-11-25,141,Troutbeck,TROUTBECK USD PETROL,1038.3116883116882,1599.0
2025-11-25,145,Sunway City,SUNWAY USD DIESEL,366.2337662337662,564.0
2025-11-25,145,Sunway City,SUNWAY USD PETROL,3094.155844155844,4765.0
2025-11-25,146,Banket,BANKET BULK DIESEL USD,1055.04,1561.45
2025-11-25,146,Banket,BANKET USD DIESEL,1177.6842105263154,1790.08
2025-11-25,146,Banket,BANKET USD PETROL,1003.2467532467531,1545.0
2025-11-25,147,Chinhoyi Main,CHI-MULTIS EP 2 500G,1.0,7.0
2025-11-25,147,Chinhoyi Main,CHINHOYI BULK DIESEL USD,200.0,296.0
2025-11-25,147,Chinhoyi Main,CHINHOYI MAIN USD DIESEL,906.578947368421,1378.0
2025-11-25,147,Chinhoyi Main,CHINHOYI MAIN USD PETROL,2512.3376623376626,3869.0
2025-11-25,147,Chinhoyi Main,CHI-RUBIA TIR 7400 SAE 15W40 5L,1.0,25.0
2025-11-25,148,Chegutu,CHEGUTU USD DIESEL,160.0,240.0
2025-11-25,148,Chegutu,CHEGUTU USD PETROL,1695.394736842104,2577.0
2025-11-25,149,Turnpike,TURNPIKE BULK DIESEL USD,1416.2162162162163,2096.0
2025-11-25,149,Turnpike,TURNPIKE USD DIESEL,2307.7922077922076,3554.0
2025-11-25,149,Turnpike,TURNPIKE USD PETROL,1431.9870129870128,2205.26
2025-11-25,149,Turnpike,TUR-QUARTZ 4X4 15W40 500ML,1.0,3.0
2025-11-25,149,Turnpike,TUR-RUBIA SX SAE40 500ML,2.0,6.0
2025-11-25,150,Mutare One Stop,MUTARE ONE STOP DIESEL,1553.1351351351352,2298.64
2025-11-25,150,Mutare One Stop,MUTARE ONE STOP PETROL,1744.6266666666668,2616.94
2025-11-25,82,Runiville,RUNIVILLE BULK DIESEL USD,202.7027027027027,300.0
2025-11-25,82,Runiville,RUNIVILLE USD DIESEL,198.05194805194805,305.0
2025-11-25,82,Runiville,RUNIVILLE USD PETROL,455.1948051948052,701.0
2025-11-25,82,Runiville,RUN-RUBIA SX SAE40 500ML,3.0,9.0
2025-11-25,84,Avondale,AVONDALE USD DIESEL,514.2857142857142,792.0
2025-11-25,84,Avondale,AVONDALE USD PETROL,653.9480519480519,1007.08
2025-11-25,86,Charter,CHARTER BULK/TAXI DIESEL ,3405.4054054054054,5040.0
2025-11-25,86,Charter,CHARTER USD DIESEL,365.5844155844155,563.0
2025-11-25,86,Charter,CHARTER USD PETROL,939.2156862745098,1437.0
2025-11-25,88,Seke,SEKE DIESEL BULK,214.86486486486487,318.0
2025-11-25,88,Seke,SEKE USD DIESEL,1314.2857142857142,2024.0
2025-11-25,88,Seke,SEKE USD PETROL,1982.236842105263,3013.0
2025-11-25,88,Seke,SEK-QUARTZ 3000 SG 20W50 500ML,1.0,3.0
2025-11-25,88,Seke,SEK-RUBIA TIR 7400 15W40 500ML,1.0,3.0
2025-11-25,92,Msasa,MSA-QUARTZ 9000 SAE 5W40 500ML,2.0,10.0
2025-11-25,92,Msasa,MSASA BULK DIESEL,919.5945945945946,1361.0
2025-11-25,92,Msasa,MSASA USD DIESEL,584.4155844155845,900.0
2025-11-25,92,Msasa,MSASA USD PETROL,1049.3506493506493,1616.0
2025-11-25,96,Samora,SAMORA USD DIESEL,336.3636363636364,518.0
2025-11-25,96,Samora,SAMORA USD PETROL,750.0,1155.0
2025-11-25,96,Samora,SAMORA USD TAXI DIESEL ,227.02702702702703,336.0
2025-11-25,96,Samora,SAM-RUBIA SX SAE40 500ML,1.0,3.0
2025-11-25,98,Roadport,ROADPORT USD DIESEL,761.7142857142857,1173.04
2025-11-25,98,Roadport,ROADPORT USD DIESEL BUS,183.1081081081081,271.0
2025-11-25,98,Roadport,ROAPORT USD PETROL,3045.3181818181815,4689.79
2025-11-26,102,Kirkman,KIR-FLUIDMATIC DIII MV 500ML,1.0,3.0
2025-11-26,102,Kirkman,KIRKMAN BULK DIESEL USD,1443.2432432432433,2136.0
2025-11-26,102,Kirkman,KIRKMAN USD DIESEL,416.23376623376623,641.0
2025-11-26,102,Kirkman,KIRKMAN USD PETROL,537.012987012987,827.0
2025-11-26,102,Kirkman,KIR-RUBIA SX SAE40 500ML,1.0,3.0
2025-11-26,110,Mutare Green Market,MGM-FLUIDMATIC CVT MV 1L,1.0,10.0
2025-11-26,110,Mutare Green Market,MGM-QUARTZ 4X4 15W40 500ML,9.0,27.0
2025-11-26,110,Mutare Green Market,MGM-RUBIA SX SAE40 500ML,1.0,3.0
2025-11-26,110,Mutare Green Market,MUTARE GREEN MARKET BULK DIESEL,1008.2191780821918,1472.0
2025-11-26,110,Mutare Green Market,MUTARE GREENMARKET USD DIESEL,772.1824324324323,1142.81
2025-11-26,110,Mutare Green Market,MUTARE GREENMARKET USD PETROL,3204.373333333333,4806.56
2025-11-26,112,Marondera,MARONDERA USD DIESEL,644.0,966.0
2025-11-26,112,Marondera,MARONDERA USD PETROL,1562.82,2344.23
2025-11-26,114,Kadoma,KADOMA USD BULK DIESEL ,224.48979591836735,330.0
2025-11-26,114,Kadoma,KADOMA USD DIESEL,358.38926174496646,534.0
2025-11-26,114,Kadoma,KADOMA USD PETROL,1147.019867549669,1732.0
2025-11-26,114,Kadoma,KAD-QUARTZ 3000 SG 20W50 500ML,1.0,3.0
2025-11-26,121,Gweru,GWERU BULK DIESEL USD,1194.3096598639456,1755.63
2025-11-26,121,Gweru,GWERU USD DIESEL,1786.5771812080538,2662.0
2025-11-26,121,Gweru,GWERU USD PETROL,1722.8041692466459,2625.81
2025-11-26,123,Fife Street,FIFE USD DIESEL,1382.4675324675325,2129.0
2025-11-26,123,Fife Street,FIFE USD PETROL,1964.935064935065,3026.0
2025-11-26,125,Fort Street,FORT STR BULK DIESEL USD,700.0,1036.0
2025-11-26,125,Fort Street,FORT USD DIESEL,297.4025974025974,458.0
2025-11-26,125,Fort Street,FORT USD PETROL,371.7207792207792,572.45
2025-11-26,127,Mpopoma,MPOPOMA BULK DIESEL USD,2244.5945945945946,3322.0
2025-11-26,127,Mpopoma,MPOPOMA USD DIESEL,532.4675324675325,820.0
2025-11-26,127,Mpopoma,MPOPOMA USD PETROL,988.3116883116884,1522.0
2025-11-26,127,Mpopoma,MPO-QUARTZ 5000 20W50 500ML,3.0,9.0
2025-11-26,127,Mpopoma,MPO-RACE BRAKEFLUID DOT4+ 500ML,1.0,4.0
2025-11-26,127,Mpopoma,MPO-RUBIA TIR 7400 15W40 500ML,1.0,3.0
2025-11-26,129,Khami,KHAMI BULK DIESEL USD,2179.7297297297296,3226.0
2025-11-26,129,Khami,KHAMI USD DIESEL,981.1688311688312,1511.0
2025-11-26,129,Khami,KHAMI USD PETROL,785.7142857142857,1210.0
2025-11-26,131,R Mugabe,R MUGABE USD DIESEL,1111.6883116883116,1712.0
2025-11-26,131,R Mugabe,R MUGABE USD PETROL,2081.8181818181815,3206.0
2025-11-26,135,Cripps,CRIPPS BULK DIESEL USD,1614.8648648648648,2390.0
2025-11-26,135,Cripps,CRIPPS DIESEL USD,946.7532467532467,1458.0
2025-11-26,135,Cripps,CRIPPS PETROL USD,993.2922077922078,1529.67
2025-11-26,140,Mutare Second Street,MUTARE SECOND USD DIESEL,1258.108108108108,1862.0
2025-11-26,140,Mutare Second Street,MUTARE SECOND USD PETROL,1089.3333333333333,1634.0
2025-11-26,141,Troutbeck,TROUTBECK BULK DIESEL ,901.3422818791946,1343.0
2025-11-26,141,Troutbeck,TROUTBECK USD DIESEL,137.2549019607843,210.0
2025-11-26,141,Troutbeck,TROUTBECK USD PETROL,1463.6363636363635,2254.0
2025-11-26,145,Sunway City,SUN-FLUIDMATIC DIII MV 500ML,1.0,3.0
2025-11-26,145,Sunway City,SUN-RUBIA TIR 7400 15W40 500ML,2.0,6.0
2025-11-26,145,Sunway City,SUN-RUBIA TIR 7400 SAE 15W40 5L,1.0,25.0
2025-11-26,145,Sunway City,SUNWAY BULK DIESEL USD,1766.0,2613.67
2025-11-26,145,Sunway City,SUNWAY USD DIESEL,1304.2467532467533,2008.54
2025-11-26,145,Sunway City,SUNWAY USD PETROL,2959.7402597402597,4558.0
2025-11-26,146,Banket,BANKET BULK DIESEL USD,120.27027027027027,178.0
2025-11-26,146,Banket,BANKET USD DIESEL,708.5526315789471,1077.0
2025-11-26,146,Banket,BANKET USD PETROL,3778.12987012987,5818.32
2025-11-26,146,Banket,BAN-PROSYLVA 2 STROKE 200ML,1.0,2.0
2025-11-26,146,Banket,BAN-QUARTZ 5000 20W50 500ML,2.0,6.0
2025-11-26,146,Banket,BAN-QUARTZ 5000 20W50 5L,1.0,22.0
2025-11-26,146,Banket,BAN-RUBIA TIR 7400 15W40 500ML,4.0,12.0
2025-11-26,147,Chinhoyi Main,CHINHOYI BULK DIESEL USD,702.7027027027027,1040.0
2025-11-26,147,Chinhoyi Main,CHINHOYI MAIN USD DIESEL,1477.1843825249396,2252.0
2025-11-26,147,Chinhoyi Main,CHINHOYI MAIN USD PETROL,2209.7402597402597,3403.0
2025-11-26,147,Chinhoyi Main,CHI-QUARTZ 5000 20W50 500ML,6.0,18.0
2025-11-26,147,Chinhoyi Main,CHI-RUBIA TIR 7400 15W40 500ML,3.0,9.0
2025-11-26,148,Chegutu,CHEGUTU BULK DIESEL USD,162.16216216216216,240.0
2025-11-26,148,Chegutu,CHEGUTU USD DIESEL,814.0000000000001,1221.0
2025-11-26,148,Chegutu,CHEGUTU USD PETROL,1446.7105263157887,2199.0
2025-11-26,148,Chegutu,CHE-NEPTUNA 2T SUPER SPORT 500ML,1.0,4.0
2025-11-26,148,Chegutu,CHE-RUBIA TIR 7400 15W40 500ML,2.0,6.0
2025-11-26,149,Turnpike,BATTERY WATER 750ML,1.0,1.0
2025-11-26,149,Turnpike,TUR-NEPTUNA 2T SUPER SPORT 500ML,1.0,4.0
2025-11-26,149,Turnpike,TURNPIKE BULK DIESEL USD,1252.7027027027027,1854.0
2025-11-26,149,Turnpike,TURNPIKE USD DIESEL,835.7142857142857,1287.0
2025-11-26,149,Turnpike,TURNPIKE USD PETROL,120.12987012987011,185.0
2025-11-26,149,Turnpike,TUR-RUBIA SX SAE40 500ML,5.0,15.0
2025-11-26,150,Mutare One Stop,MUTARE ONE STOP DIESEL,3350.047297297298,4958.07
2025-11-26,150,Mutare One Stop,MUTARE ONE STOP PETROL,1599.32,2398.98
2025-11-26,82,Runiville,RUNIVILLE BULK DIESEL USD,660.8108108108108,978.0
2025-11-26,82,Runiville,RUNIVILLE USD DIESEL,341.55844155844153,526.0
2025-11-26,82,Runiville,RUNIVILLE USD PETROL,582.4675324675325,897.0
2025-11-26,82,Runiville,RUN-NEPTUNA 2T SUPER SPORT 500ML,1.0,4.0
2025-11-26,82,Runiville,RUN-QUARTZ 9000 SAE 5W40 500ML,1.0,5.0
2025-11-26,82,Runiville,RUN-RUBIA SX SAE40 500ML,1.0,3.0
2025-11-26,84,Avondale,AVONDALE USD DIESEL,568.474025974026,875.45
2025-11-26,84,Avondale,AVONDALE USD PETROL,304.54545454545456,469.0
2025-11-26,86,Charter,CHARTER BULK/TAXI DIESEL ,3857.4324324324334,5709.0
2025-11-26,86,Charter,CHARTER USD DIESEL,439.6103896103896,677.0
2025-11-26,86,Charter,CHARTER USD PETROL,1314.37908496732,2011.0
2025-11-26,88,Seke,SEKE DIESEL BULK,300.0,444.0
2025-11-26,88,Seke,SEKE USD DIESEL,1503.8961038961038,2316.0
2025-11-26,88,Seke,SEKE USD PETROL,1322.3684210526312,2010.0
2025-11-26,88,Seke,SEK-FLUIDMATIC CVT MV 1L,1.0,10.0
2025-11-26,88,Seke,SEK-QUARTZ 4X4 15W40 500ML,1.0,3.0
2025-11-26,88,Seke,SEK-QUARTZ 9000 SAE 5W40 5L,1.0,30.0
2025-11-26,92,Msasa,MSA-QUARTZ 9000 SAE 5W40 500ML,1.0,5.0
2025-11-26,92,Msasa,MSASA BULK DIESEL,2319.5945945945946,3433.0
2025-11-26,92,Msasa,MSASA USD DIESEL,295.45454545454544,455.0
2025-11-26,92,Msasa,MSASA USD PETROL,1113.6363636363637,1715.0
2025-11-26,96,Samora,SAMORA USD DIESEL,111.03896103896102,171.0
2025-11-26,96,Samora,SAMORA USD PETROL,564.2857142857143,869.0
2025-11-26,96,Samora,SAMORA USD TAXI DIESEL ,30.405405405405407,45.0
2025-11-26,98,Roadport,ROADPORT USD DIESEL,919.4805194805194,1416.0
2025-11-26,98,Roadport,ROADPORT USD DIESEL BUS,1601.0608108108106,2369.56
2025-11-26,98,Roadport,ROAPORT USD PETROL,3561.0584415584417,5484.03
2025-11-27,102,Kirkman,KIRKMAN BULK DIESEL USD,597.6216216216217,884.48
2025-11-27,102,Kirkman,KIRKMAN USD DIESEL,739.6103896103897,1139.0
2025-11-27,102,Kirkman,KIRKMAN USD PETROL,829.2207792207793,1277.0
2025-11-27,102,Kirkman,KIR-QUARTZ 9000 SAE 5W40 500ML,2.0,10.0
2025-11-27,102,Kirkman,KIR-RACE BRAKEFLUID DOT4+ 500ML,1.0,4.0
2025-11-27,110,Mutare Green Market,MUTARE GREEN MARKET BULK DIESEL,450.68493150684935,658.0
2025-11-27,110,Mutare Green Market,MUTARE GREENMARKET USD DIESEL,960.054054054054,1420.88
2025-11-27,110,Mutare Green Market,MUTARE GREENMARKET USD PETROL,1529.1000000000004,2293.65
2025-11-27,112,Marondera,MAR-FLUIDMATIC CVT MV 1L,8.0,80.0
2025-11-27,112,Marondera,MARONDERA USD DIESEL,217.96000000000004,326.93
2025-11-27,112,Marondera,MARONDERA USD PETROL,1628.3933333333334,2442.59
2025-11-27,112,Marondera,MAR-RUBIA TIR 7400 15W40 500ML,1.0,3.0
2025-11-27,114,Kadoma,KADOMA USD BULK DIESEL ,850.3401360544218,1250.0
2025-11-27,114,Kadoma,KADOMA USD DIESEL,1175.8389261744965,1752.0
2025-11-27,114,Kadoma,KADOMA USD PETROL,1681.4569536423842,2539.0
2025-11-27,121,Gweru,GWE-FLUIDMATIC DIII MV 500ML,3.0,9.0
2025-11-27,121,Gweru,GWE-NEPTUNA 2T SUPER SPORT 500ML,1.0,4.0
2025-11-27,121,Gweru,GWE-RUBIA TIR 7400 15W40 500ML,1.0,3.0
2025-11-27,121,Gweru,GWERU BULK DIESEL USD,1089.0816326530612,1600.95
2025-11-27,121,Gweru,GWERU USD DIESEL,1349.1931543624162,2010.29
2025-11-27,121,Gweru,GWERU USD PETROL,1551.6339869281046,2374.0
2025-11-27,123,Fife Street,FIFE-PROSYLVA 2 STROKE 200ML,2.0,4.0
2025-11-27,123,Fife Street,FIFE USD DIESEL,781.8181818181819,1204.0
2025-11-27,123,Fife Street,FIFE USD PETROL,279.2207792207792,430.0
2025-11-27,123,Fife Street,FIF-FLUIDMATIC DIII MV 500ML,1.0,3.0
2025-11-27,123,Fife Street,FIF-NEPTUNA 2T SUPER SPORT 500ML,1.0,4.0
2025-11-27,123,Fife Street,FIF-QUARTZ 5000 20W50 500ML,6.0,18.0
2025-11-27,123,Fife Street,FIF-RACE BRAKEFLUID DOT4+ 500ML,5.0,20.0
2025-11-27,123,Fife Street,FIF-RUBIA TIR 7400 15W40 500ML,3.0,9.0
2025-11-27,125,Fort Street,FOR-FLUIDMATIC DIII MV 500ML,1.0,3.0
2025-11-27,125,Fort Street,FOR-NEPTUNA 2T SUPER SPORT 500ML,2.0,8.0
2025-11-27,125,Fort Street,FOR-QUARTZ 3000 SG 20W50 500ML,2.0,6.0
2025-11-27,125,Fort Street,FOR-QUARTZ 4X4 15W40 500ML,2.0,6.0
2025-11-27,125,Fort Street,FOR-RACE BRAKEFLUID DOT4+ 500ML,1.0,4.0
2025-11-27,125,Fort Street,FOR-RUBIA SX SAE40 500ML,2.0,6.0
2025-11-27,125,Fort Street,FORT STR BULK DIESEL USD,1570.2702702702704,2324.0
2025-11-27,125,Fort Street,FORT USD DIESEL,237.01298701298703,365.0
2025-11-27,125,Fort Street,FORT USD PETROL,607.142857142857,935.0
2025-11-27,127,Mpopoma,MPOPOMA BULK DIESEL USD,1991.2162162162163,2947.0
2025-11-27,127,Mpopoma,MPOPOMA USD DIESEL,131.16883116883116,202.0
2025-11-27,127,Mpopoma,MPOPOMA USD PETROL,590.2597402597403,909.0
2025-11-27,127,Mpopoma,MPO-RUBIA TIR 7400 15W40 500ML,1.0,3.0
2025-11-27,129,Khami,KHAMI BULK DIESEL USD,2215.540540540541,3279.0
2025-11-27,129,Khami,KHAMI USD DIESEL,1074.6753246753246,1655.0
2025-11-27,129,Khami,KHAMI USD PETROL,681.8181818181818,1050.0
2025-11-27,131,R Mugabe,R MUGABE USD DIESEL,776.6233766233765,1196.0
2025-11-27,131,R Mugabe,R MUGABE USD PETROL,1657.1948051948052,2552.08
2025-11-27,135,Cripps,CRIPPS BULK DIESEL USD,2546.6216216216217,3769.0
2025-11-27,135,Cripps,CRIPPS DIESEL USD,615.5844155844155,948.0
2025-11-27,135,Cripps,CRIPPS PETROL USD,896.103896103896,1380.0
2025-11-27,140,Mutare Second Street,MUTARE SECOND USD DIESEL,1202.027027027027,1779.0
2025-11-27,140,Mutare Second Street,MUTARE SECOND USD PETROL,1062.0,1593.0
2025-11-27,141,Troutbeck,TRO-QUARTZ 9000 SAE 5W40 500ML,5.0,25.0
2025-11-27,141,Troutbeck,TRO-RACE BRAKEFLUID DOT4+ 500ML,1.0,4.0
2025-11-27,141,Troutbeck,TROUTBECK BULK DIESEL ,2232.6442953020132,3326.64
2025-11-27,141,Troutbeck,TROUTBECK USD DIESEL,707.0588235294118,1081.8
2025-11-27,141,Troutbeck,TROUTBECK USD PETROL,1409.7402597402597,2171.0
2025-11-27,145,Sunway City,SUNWAY BULK DIESEL USD,772.9729729729729,1144.0
2025-11-27,145,Sunway City,SUNWAY USD DIESEL,1415.5844155844152,2180.0
2025-11-27,145,Sunway City,SUNWAY USD PETROL,2977.2727272727266,4585.0
2025-11-27,146,Banket,BANKET BULK DIESEL USD,675.01,999.0
2025-11-27,146,Banket,BANKET USD DIESEL,865.7894736842105,1316.0
2025-11-27,146,Banket,BANKET USD PETROL,1494.8051948051955,2302.0
2025-11-27,146,Banket,BAN-RUBIA SX SAE40 500ML,2.0,6.0
2025-11-27,146,Banket,BAN-RUBIA TIR 7400 15W40 500ML,2.0,6.0
2025-11-27,147,Chinhoyi Main,CHI-MULTIS EP 2 500G,1.0,7.0
2025-11-27,147,Chinhoyi Main,CHINHOYI BULK DIESEL USD,2302.7027027027025,3408.0
2025-11-27,147,Chinhoyi Main,CHINHOYI MAIN USD DIESEL,811.1111111111113,1241.0
2025-11-27,147,Chinhoyi Main,CHINHOYI MAIN USD PETROL,2305.194805194805,3550.0
2025-11-27,147,Chinhoyi Main,CHI-QUARTZ 9000 SAE 5W40 500ML,1.0,5.0
2025-11-27,148,Chegutu,CHEGUTU BULK DIESEL USD,379.72972972972974,562.0
2025-11-27,148,Chegutu,CHEGUTU USD DIESEL,1074.6666666666663,1612.0
2025-11-27,148,Chegutu,CHEGUTU USD PETROL,1737.4999999999986,2641.0
2025-11-27,149,Turnpike,TURNPIKE BULK DIESEL USD,1440.0,2131.2
2025-11-27,149,Turnpike,TURNPIKE USD DIESEL,244.46753246753244,376.48
2025-11-27,149,Turnpike,TURNPIKE USD PETROL,46.753246753246756,72.0
2025-11-27,149,Turnpike,TUR-RACE BRAKEFLUID DOT4+ 500ML,1.0,4.0
2025-11-27,149,Turnpike,TUR-RUBIA SX SAE40 500ML,2.0,6.0
2025-11-27,150,Mutare One Stop,MUTARE ONE STOP DIESEL,1229.0067567567567,1818.93
2025-11-27,150,Mutare One Stop,MUTARE ONE STOP PETROL,1450.6200000000001,2175.93
2025-11-27,82,Runiville,RUNIVILLE BULK DIESEL USD,425.6756756756757,630.0
2025-11-27,82,Runiville,RUNIVILLE USD DIESEL,152.5974025974026,235.0
2025-11-27,82,Runiville,RUNIVILLE USD PETROL,354.54545454545456,546.0
2025-11-27,84,Avondale,AVONDALE USD DIESEL,303.8961038961039,468.0
2025-11-27,84,Avondale,AVONDALE USD PETROL,695.4545454545454,1071.0
2025-11-27,84,Avondale,AVO-QUARTZ 3000 SG 20W50 500ML,1.0,3.0
2025-11-27,86,Charter,CHARTER BULK/TAXI DIESEL ,3745.2702702702704,5543.0
2025-11-27,86,Charter,CHARTER USD DIESEL,381.16883116883116,587.0
2025-11-27,86,Charter,CHARTER USD PETROL,1256.2091503267973,1922.0
2025-11-27,88,Seke,SEKE DIESEL BULK,335.1351351351351,496.0
2025-11-27,88,Seke,SEKE USD DIESEL,1268.181818181818,1953.0
2025-11-27,88,Seke,SEKE USD PETROL,1919.0789473684206,2917.0
2025-11-27,92,Msasa,MSASA BULK DIESEL,676.3513513513514,1001.0
2025-11-27,92,Msasa,MSASA USD DIESEL,695.4545454545455,1071.0
2025-11-27,92,Msasa,MSASA USD PETROL,722.0779220779223,1112.0
2025-11-27,96,Samora,SAMORA USD DIESEL,57.14285714285714,88.0
2025-11-27,96,Samora,SAMORA USD PETROL,425.32467532467535,655.0
2025-11-27,96,Samora,SAM-RUBIA SX SAE40 500ML,2.0,6.0
2025-11-27,98,Roadport,ROADPORT USD DIESEL,712.7272727272729,1097.6
2025-11-27,98,Roadport,ROADPORT USD DIESEL BUS,1458.1081081081084,2158.0
2025-11-27,98,Roadport,ROAPORT USD PETROL,2574.675324675324,3965.0
2025-11-28,102,Kirkman,KIRKMAN USD DIESEL,1025.3246753246754,1579.0
2025-11-28,102,Kirkman,KIRKMAN USD PETROL,697.4025974025976,1074.0
2025-11-28,102,Kirkman,KIR-QUARTZ 9000 SAE 5W40 500ML,2.0,10.0
2025-11-28,102,Kirkman,KIR-RACE BRAKEFLUID DOT4+ 500ML,1.0,4.0
2025-11-28,102,Kirkman,KIR-RUBIA SX SAE40 500ML,2.0,6.0
2025-11-28,110,Mutare Green Market,MGM-RUBIA TIR 7400 SAE 15W40 5L,1.0,25.0
2025-11-28,110,Mutare Green Market,MUTARE GREEN MARKET BULK DIESEL,840.1917808219179,1226.68
2025-11-28,110,Mutare Green Market,MUTARE GREENMARKET USD DIESEL,501.9864864864864,742.94
2025-11-28,110,Mutare Green Market,MUTARE GREENMARKET USD PETROL,1046.0,1569.0
2025-11-28,112,Marondera,MARONDERA USD DIESEL,649.9133333333334,974.87
2025-11-28,112,Marondera,MARONDERA USD PETROL,2269.52,3404.28
2025-11-28,114,Kadoma,KADOMA USD BULK DIESEL ,405.4054054054054,600.0
2025-11-28,114,Kadoma,KADOMA USD DIESEL,858.3892617449668,1279.0
2025-11-28,114,Kadoma,KADOMA USD PETROL,1735.0993377483442,2620.0
2025-11-28,114,Kadoma,KAD-QUARTZ 5000 20W50 500ML,2.0,6.0
2025-11-28,121,Gweru,GWERU BULK DIESEL USD,807.7414965986395,1187.38
2025-11-28,121,Gweru,GWERU USD DIESEL,2110.8233333333337,3160.82
2025-11-28,121,Gweru,GWERU USD PETROL,1834.893071895425,2807.38
2025-11-28,123,Fife Street,FIFE USD DIESEL,766.2337662337662,1180.0
2025-11-28,123,Fife Street,FIFE USD PETROL,746.1038961038961,1149.0
2025-11-28,125,Fort Street,FORT STR BULK DIESEL USD,1659.33,2488.99
2025-11-28,125,Fort Street,FORT USD DIESEL,459.7402597402597,708.0
2025-11-28,125,Fort Street,FORT USD PETROL,715.5844155844155,1102.0
2025-11-28,127,Mpopoma,MPOPOMA BULK DIESEL USD,2173.837837837838,3248.0
2025-11-28,127,Mpopoma,MPOPOMA USD DIESEL,700.0,1078.0
2025-11-28,127,Mpopoma,MPOPOMA USD PETROL,1204.5454545454545,1855.0
2025-11-28,129,Khami,KHAMI BULK DIESEL USD,2542.6666666666665,3814.0
2025-11-28,129,Khami,KHAMI USD DIESEL,671.4285714285713,1034.0
2025-11-28,129,Khami,KHAMI USD PETROL,730.5194805194806,1125.0
2025-11-28,131,R Mugabe,R MUGABE USD DIESEL,719.4805194805194,1108.0
2025-11-28,131,R Mugabe,R MUGABE USD PETROL,2726.6233766233763,4199.0
2025-11-28,135,Cripps,CRIPPS BULK DIESEL USD,861.4864864864865,1275.0
2025-11-28,135,Cripps,CRIPPS DIESEL USD,630.6493506493507,971.2
2025-11-28,135,Cripps,CRIPPS PETROL USD,529.2207792207794,815.0
2025-11-28,140,Mutare Second Street,MSE-FLUIDMATIC CVT MV 1L,2.0,20.0
2025-11-28,140,Mutare Second Street,MSE-FLUIDMATIC DIII MV 500ML,3.0,9.0
2025-11-28,140,Mutare Second Street,MSE-RUBIA SX SAE40 500ML,1.0,3.0
2025-11-28,140,Mutare Second Street,MUTARE SECOND USD DIESEL,1139.8648648648646,1687.0
2025-11-28,140,Mutare Second Street,MUTARE SECOND USD PETROL,825.3333333333334,1238.0
2025-11-28,141,Troutbeck,TROUTBECK USD PETROL,6.4935064935064934,10.0
2025-11-28,145,Sunway City,SUNWAY BULK DIESEL USD,1300.7027027027025,1947.0
2025-11-28,145,Sunway City,SUNWAY USD DIESEL,1962.337662337662,3022.0
2025-11-28,145,Sunway City,SUNWAY USD PETROL,1032.4675324675325,1590.0
2025-11-28,146,Banket,BANKET BULK DIESEL USD,1572.2972972972973,2327.0
2025-11-28,146,Banket,BANKET USD DIESEL,982.236842105263,1493.0
2025-11-28,146,Banket,BANKET USD PETROL,1753.246753246753,2700.0
2025-11-28,146,Banket,BAN-MULTIS EP 2 500G,1.0,7.0
2025-11-28,146,Banket,BAN-RUBIA TIR 7400 SAE 15W40 5L,2.0,50.0
2025-11-28,147,Chinhoyi Main,CHINHOYI BULK DIESEL USD,2439.189189189189,3650.0
2025-11-28,147,Chinhoyi Main,CHINHOYI MAIN USD DIESEL,1054.9019607843136,1614.0
2025-11-28,147,Chinhoyi Main,CHINHOYI MAIN USD PETROL,3242.207792207792,4993.0
2025-11-28,147,Chinhoyi Main,CHI-QUARTZ 9000 SAE 5W40 500ML,1.0,5.0
2025-11-28,148,Chegutu,CHEGUTU BULK DIESEL USD,677.1812080536913,1009.0
2025-11-28,148,Chegutu,CHEGUTU USD DIESEL,1283.4437086092717,1938.0
2025-11-28,148,Chegutu,CHEGUTU USD PETROL,2429.6052631578937,3693.0
2025-11-28,149,Turnpike,TUR-FLUIDMATIC CVT MV 1L,1.0,10.0
2025-11-28,149,Turnpike,TUR-NEPTUNA 2T SUPER SPORT 500ML,5.0,20.0
2025-11-28,149,Turnpike,TURNPIKE BULK DIESEL USD,519.48,779.22
2025-11-28,149,Turnpike,TURNPIKE USD DIESEL,389.61038961038963,600.0
2025-11-28,149,Turnpike,TURNPIKE USD PETROL,79.22077922077922,122.0
2025-11-28,150,Mutare One Stop,MUTARE ONE STOP DIESEL,1494.5945945945944,2212.0
2025-11-28,150,Mutare One Stop,MUTARE ONE STOP PETROL,404.0266666666667,606.03
2025-11-28,82,Runiville,RUNIVILLE USD DIESEL,164.93506493506493,254.0
2025-11-28,82,Runiville,RUNIVILLE USD PETROL,507.7922077922078,782.0
2025-11-28,82,Runiville,RUN-SWIFTEX BATTERY 639C,1.0,110.0
2025-11-28,84,Avondale,AVONDALE USD DIESEL,962.3376623376623,1482.0
2025-11-28,84,Avondale,AVONDALE USD PETROL,1082.4675324675327,1667.0
2025-11-28,86,Charter,CHARTER BULK/TAXI DIESEL ,3739.621621621621,5550.0
2025-11-28,86,Charter,CHARTER USD DIESEL,250.64935064935065,386.0
2025-11-28,86,Charter,CHARTER USD PETROL,557.9084967320262,853.6
2025-11-28,88,Seke,SEKE DIESEL BULK,1002.6666666666667,1504.0
2025-11-28,88,Seke,SEKE USD DIESEL,1788.9610389610389,2755.0
2025-11-28,88,Seke,SEKE USD PETROL,1980.2631578947367,3010.0
2025-11-28,92,Msasa,MSA-QUARTZ 5000 20W50 500ML,2.0,6.0
2025-11-28,92,Msasa,MSASA BULK DIESEL,1199.24,1798.86
2025-11-28,92,Msasa,MSASA USD DIESEL,1055.8376623376623,1625.99
2025-11-28,92,Msasa,MSASA USD PETROL,622.6233766233768,958.84
2025-11-28,96,Samora,SAMORA USD DIESEL,238.96103896103895,368.0
2025-11-28,96,Samora,SAMORA USD PETROL,1356.4935064935066,2089.0
2025-11-28,98,Roadport,ROADPORT USD DIESEL,1349.3506493506495,2078.0
2025-11-28,98,Roadport,ROADPORT USD DIESEL BUS,667.4684684684685,993.0
2025-11-28,98,Roadport,ROAPORT USD PETROL,2869.4805194805194,4419.0
2025-11-29,102,Kirkman,KIRKMAN USD DIESEL,173.37662337662337,267.0
2025-11-29,102,Kirkman,KIRKMAN USD PETROL,975.974025974026,1503.0
2025-11-29,102,Kirkman,KIR-RACE BRAKEFLUID DOT4+ 500ML,2.0,8.0
2025-11-29,102,Kirkman,KIR-RUBIA SX SAE40 500ML,3.0,9.0
2025-11-29,110,Mutare Green Market,MUTARE GREEN MARKET BULK DIESEL,1400.0,2044.0
2025-11-29,110,Mutare Green Market,MUTARE GREENMARKET USD DIESEL,808.8581081081081,1197.11
2025-11-29,110,Mutare Green Market,MUTARE GREENMARKET USD PETROL,2103.333333333333,3155.0
2025-11-29,112,Marondera,MARONDERA USD DIESEL,555.3333333333334,833.0
2025-11-29,112,Marondera,MARONDERA USD PETROL,2098.6666666666665,3148.0
2025-11-29,112,Marondera,MAR-QUARTZ 9000 SAE 5W40 500ML,2.0,10.0
2025-11-29,112,Marondera,MAR-RACE BRAKEFLUID DOT4+ 500ML,1.0,4.0
2025-11-29,114,Kadoma,KADOMA USD BULK DIESEL ,560.8108108108108,830.0
2025-11-29,114,Kadoma,KADOMA USD DIESEL,791.2751677852349,1179.0
2025-11-29,114,Kadoma,KADOMA USD PETROL,1545.6953642384105,2334.0
2025-11-29,114,Kadoma,KAD-QUARTZ 3000 SG 20W50 500ML,1.0,3.0
2025-11-29,121,Gweru,GWERU BULK DIESEL USD,1274.268456375839,1898.66
2025-11-29,121,Gweru,GWERU USD DIESEL,1940.0,2910.0
2025-11-29,121,Gweru,GWERU USD PETROL,1884.9165359477124,2883.92
2025-11-29,123,Fife Street,FIFE USD DIESEL,845.4545454545455,1302.0
2025-11-29,123,Fife Street,FIFE USD PETROL,1431.1688311688313,2204.0
2025-11-29,125,Fort Street,FOR-RUBIA TIR 7400 15W40 500ML,2.0,6.0
2025-11-29,125,Fort Street,FORT STR BULK DIESEL USD,706.6666666666667,1060.0
2025-11-29,125,Fort Street,FORT USD DIESEL,566.2337662337662,872.0
2025-11-29,125,Fort Street,FORT USD PETROL,546.7532467532467,842.0
2025-11-29,127,Mpopoma,MPOPOMA BULK DIESEL USD,1866.0,2799.0
2025-11-29,127,Mpopoma,MPOPOMA USD DIESEL,517.5324675324675,797.0
2025-11-29,127,Mpopoma,MPOPOMA USD PETROL,1152.5974025974026,1775.0
2025-11-29,129,Khami,KHAMI BULK DIESEL USD,1153.3333333333333,1730.0
2025-11-29,129,Khami,KHAMI USD DIESEL,825.9740259740258,1272.0
2025-11-29,129,Khami,KHAMI USD PETROL,737.012987012987,1135.0
2025-11-29,131,R Mugabe,RM-FLUIDMATIC DIII MV 500ML,4.0,12.0
2025-11-29,131,R Mugabe,RM-QUARTZ 4X4 15W40 500ML,5.0,15.0
2025-11-29,131,R Mugabe,RM-QUARTZ 5000 20W50 500ML,1.0,3.0
2025-11-29,131,R Mugabe,RM-RACE BRAKEFLUID DOT4+ 500ML,1.0,4.0
2025-11-29,131,R Mugabe,R MUGABE USD DIESEL,1717.5324675324675,2645.0
2025-11-29,131,R Mugabe,R MUGABE USD PETROL,2713.636363636364,4179.0
2025-11-29,135,Cripps,CRIPPS BULK DIESEL USD,1604.054054054054,2374.0
2025-11-29,135,Cripps,CRIPPS DIESEL USD,431.1688311688311,664.0
2025-11-29,135,Cripps,CRIPPS PETROL USD,627.2727272727273,966.0
2025-11-29,140,Mutare Second Street,MUTARE SECOND USD BULK DIESEL,760.2739726027397,1110.0
2025-11-29,140,Mutare Second Street,MUTARE SECOND USD DIESEL,1115.5405405405404,1651.0
2025-11-29,140,Mutare Second Street,MUTARE SECOND USD PETROL,974.0000000000001,1461.0
2025-11-29,141,Troutbeck,TROUTBECK BULK DIESEL ,1850.6666666666667,2776.0
2025-11-29,141,Troutbeck,TROUTBECK USD DIESEL,809.8039215686274,1239.0
2025-11-29,141,Troutbeck,TROUTBECK USD PETROL,1842.8571428571427,2838.0
2025-11-29,145,Sunway City,SUNWAY BULK DIESEL USD,1090.6666666666667,1636.0
2025-11-29,145,Sunway City,SUNWAY USD DIESEL,2868.435064935064,4417.39
2025-11-29,145,Sunway City,SUNWAY USD PETROL,5805.8441558441555,8941.0
2025-11-29,146,Banket,BANKET USD PETROL,2474.0259740259735,3810.0
2025-11-29,146,Banket,BAN-PROSYLVA 2 STROKE 200ML,5.0,10.0
2025-11-29,146,Banket,BAN-RUBIA SX SAE40 500ML,1.0,3.0
2025-11-29,146,Banket,BAN-RUBIA TIR 7400 15W40 500ML,2.0,6.0
2025-11-29,147,Chinhoyi Main,CHINHOYI BULK DIESEL USD,578.0,867.0
2025-11-29,147,Chinhoyi Main,CHINHOYI MAIN USD DIESEL,607.18954248366,929.0
2025-11-29,147,Chinhoyi Main,CHINHOYI MAIN USD PETROL,3109.090909090909,4788.0
2025-11-29,148,Chegutu,CHEGUTU BULK DIESEL USD,871.1409395973155,1298.0
2025-11-29,148,Chegutu,CHEGUTU USD DIESEL,1426.4900662251657,2154.0
2025-11-29,148,Chegutu,CHEGUTU USD PETROL,1983.552631578947,3015.0
2025-11-29,149,Turnpike,TUR-FLUIDMATIC DIII MV 500ML,2.0,6.0
2025-11-29,149,Turnpike,TURNPIKE BULK DIESEL USD,293.33,439.99
2025-11-29,149,Turnpike,TURNPIKE USD DIESEL,584.4155844155845,900.0
2025-11-29,149,Turnpike,TURNPIKE USD PETROL,124.67532467532467,192.0
2025-11-29,149,Turnpike,TUR-QUARTZ 5000 20W50 500ML,4.0,12.0
2025-11-29,149,Turnpike,TUR-RUBIA TIR 7400 SAE 15W40 5L,1.0,25.0
2025-11-29,150,Mutare One Stop,MUTARE ONE STOP DIESEL,1240.4527027027027,1835.87
2025-11-29,150,Mutare One Stop,MUTARE ONE STOP PETROL,1286.68,1930.02
2025-11-29,82,Runiville,RUNIVILLE BULK DIESEL USD,318.6666666666667,478.0
2025-11-29,82,Runiville,RUNIVILLE USD DIESEL,183.11688311688312,282.0
2025-11-29,82,Runiville,RUNIVILLE USD PETROL,344.15584415584414,530.0
2025-11-29,82,Runiville,RUN-NEPTUNA 2T SUPER SPORT 500ML,5.0,20.0
2025-11-29,82,Runiville,RUN-RACE BRAKEFLUID DOT4+ 500ML,1.0,4.0
2025-11-29,84,Avondale,AVONDALE USD DIESEL,616.6233766233765,949.6
2025-11-29,84,Avondale,AVONDALE USD PETROL,547.4025974025974,843.0
2025-11-29,86,Charter,CHARTER BULK/TAXI DIESEL ,4000.666666666667,6001.0
2025-11-29,86,Charter,CHARTER USD DIESEL,669.4805194805194,1031.0
2025-11-29,86,Charter,CHARTER USD PETROL,1200.0,1836.0
2025-11-29,88,Seke,SEKE DIESEL BULK,350.0,525.0
2025-11-29,88,Seke,SEKE USD DIESEL,1351.948051948052,2082.0
2025-11-29,88,Seke,SEKE USD PETROL,2405.2631578947367,3656.0
2025-11-29,92,Msasa,MSASA BULK DIESEL,498.66666666666663,748.0
2025-11-29,92,Msasa,MSASA USD DIESEL,604.9870129870129,931.68
2025-11-29,92,Msasa,MSASA USD PETROL,1177.922077922078,1814.0
2025-11-29,96,Samora,SAMORA USD DIESEL,151.2987012987013,233.0
2025-11-29,96,Samora,SAMORA USD PETROL,1879.2207792207794,2894.0
2025-11-29,96,Samora,SAMORA USD TAXI DIESEL ,83.10810810810811,123.0
2025-11-29,98,Roadport,ROADPORT USD DIESEL,801.2987012987014,1234.0
2025-11-29,98,Roadport,ROADPORT USD DIESEL BUS,1632.0,2448.0
2025-11-29,98,Roadport,ROAPORT USD PETROL,3937.012987012987,6063.0
2025-11-30,102,Kirkman,KIRKMAN BULK DIESEL USD,433.3266666666667,649.99
2025-11-30,102,Kirkman,KIRKMAN USD DIESEL,392.20779220779224,604.0
2025-11-30,102,Kirkman,KIRKMAN USD PETROL,738.9610389610389,1138.0
2025-11-30,110,Mutare Green Market,MUTARE GREEN MARKET BULK DIESEL,705.4794520547945,1030.0
2025-11-30,110,Mutare Green Market,MUTARE GREENMARKET USD DIESEL,356.4594594594595,527.56
2025-11-30,110,Mutare Green Market,MUTARE GREENMARKET USD PETROL,1012.6733333333333,1519.01
2025-11-30,112,Marondera,MARONDERA USD DIESEL,395.3333333333333,593.0
2025-11-30,112,Marondera,MARONDERA USD PETROL,2212.666666666667,3319.0
2025-11-30,112,Marondera,MAR-RUBIA TIR 7400 15W40 500ML,1.0,3.0
2025-11-30,114,Kadoma,KADOMA USD BULK DIESEL ,1100.6756756756756,1629.0
2025-11-30,114,Kadoma,KADOMA USD DIESEL,871.1409395973154,1298.0
2025-11-30,114,Kadoma,KADOMA USD PETROL,1133.112582781457,1711.0
2025-11-30,121,Gweru,GWERU BULK DIESEL USD,619.0,922.31
2025-11-30,121,Gweru,GWERU USD DIESEL,2077.3333333333335,3116.0
2025-11-30,121,Gweru,GWERU USD PETROL,1361.2464052287582,2082.7
2025-11-30,123,Fife Street,FIFE USD DIESEL,1070.1298701298701,1648.0
2025-11-30,123,Fife Street,FIFE USD PETROL,1440.909090909091,2219.0
2025-11-30,125,Fort Street,FORT STR BULK DIESEL USD,957.3333333333334,1436.0
2025-11-30,125,Fort Street,FORT USD DIESEL,483.1168831168831,744.0
2025-11-30,125,Fort Street,FORT USD PETROL,305.1948051948052,470.0
2025-11-30,127,Mpopoma,MPOPOMA BULK DIESEL USD,1778.0,2667.0
2025-11-30,127,Mpopoma,MPOPOMA USD DIESEL,492.8571428571429,759.0
2025-11-30,127,Mpopoma,MPOPOMA USD PETROL,1395.4545454545455,2149.0
2025-11-30,127,Mpopoma,MPO-RACE BRAKEFLUID DOT4+ 500ML,2.0,8.0
2025-11-30,127,Mpopoma,MPO-RUBIA SX SAE40 500ML,1.0,3.0
2025-11-30,127,Mpopoma,MPO-RUBIA TIR 7400 15W40 500ML,1.0,3.0
2025-11-30,129,Khami,KHA-FLUIDMATIC DIII MV 500ML,1.0,3.0
2025-11-30,129,Khami,KHAMI BULK DIESEL USD,948.6666666666667,1423.0
2025-11-30,129,Khami,KHAMI USD DIESEL,296.75324675324674,457.0
2025-11-30,129,Khami,KHAMI USD PETROL,561.6883116883117,865.0
2025-11-30,129,Khami,KHA-QUARTZ 5000 20W50 500ML,1.0,3.0
2025-11-30,131,R Mugabe,RM-FLUIDMATIC DIII MV 500ML,1.0,3.0
2025-11-30,131,R Mugabe,RM-RUBIA TIR 7400 15W40 500ML,1.0,3.0
2025-11-30,131,R Mugabe,R MUGABE USD DIESEL,309.09090909090907,476.0
2025-11-30,131,R Mugabe,R MUGABE USD PETROL,1927.9220779220777,2969.0
2025-11-30,135,Cripps,CRIPPS BULK DIESEL USD,1138.5135135135135,1685.0
2025-11-30,135,Cripps,CRIPPS DIESEL USD,422.72727272727275,651.0
2025-11-30,135,Cripps,CRIPPS PETROL USD,533.7662337662338,822.0
2025-11-30,140,Mutare Second Street,MUTARE SECOND USD DIESEL,606.0810810810813,897.0
2025-11-30,140,Mutare Second Street,MUTARE SECOND USD PETROL,576.0000000000001,864.0
2025-11-30,141,Troutbeck,TRO-RUBIA SX SAE40 500ML,2.0,6.0
2025-11-30,141,Troutbeck,TROUTBECK BULK DIESEL ,1014.0,1521.0
2025-11-30,141,Troutbeck,TROUTBECK USD DIESEL,294.11764705882354,450.0
2025-11-30,141,Troutbeck,TROUTBECK USD PETROL,1223.3766233766235,1884.0
2025-11-30,145,Sunway City,SUN-FLUIDMATIC DIII MV 500ML,1.0,3.0
2025-11-30,145,Sunway City,SUN-QUARTZ 5000 20W50 500ML,3.0,9.0
2025-11-30,145,Sunway City,SUN-QUARTZ 9000 SAE 5W40 500ML,5.0,25.0
2025-11-30,145,Sunway City,SUN-RUBIA TIR 7400 15W40 500ML,6.0,18.0
2025-11-30,145,Sunway City,SUNWAY BULK DIESEL USD,698.0,1047.0
2025-11-30,145,Sunway City,SUNWAY USD DIESEL,1999.3506493506493,3079.0
2025-11-30,145,Sunway City,SUNWAY USD PETROL,3444.8051948051943,5305.0
2025-11-30,146,Banket,BANKET BULK DIESEL USD,3645.615135135135,5395.5
2025-11-30,146,Banket,BANKET USD DIESEL,959.8684210526313,1459.0
2025-11-30,146,Banket,BANKET USD PETROL,1682.4675324675325,2591.0
2025-11-30,146,Banket,BAN-PROSYLVA 2 STROKE 200ML,2.0,4.0
2025-11-30,146,Banket,BAN-RUBIA SX SAE40 500ML,1.0,3.0
2025-11-30,147,Chinhoyi Main,CHINHOYI BULK DIESEL USD,100.0,150.0
2025-11-30,147,Chinhoyi Main,CHINHOYI MAIN USD DIESEL,779.7385620915032,1193.0
2025-11-30,147,Chinhoyi Main,CHINHOYI MAIN USD PETROL,2113.6363636363635,3255.0
2025-11-30,147,Chinhoyi Main,CHI-QUARTZ 5000 20W50 500ML,1.0,3.0
2025-11-30,148,Chegutu,CHEGUTU BULK DIESEL USD,201.34228187919464,300.0
2025-11-30,148,Chegutu,CHEGUTU USD DIESEL,753.1920529801324,1137.32
2025-11-30,148,Chegutu,CHEGUTU USD PETROL,1927.6315789473672,2930.0
2025-11-30,149,Turnpike,TURNPIKE BULK DIESEL USD,666.6666666666666,1000.0
2025-11-30,149,Turnpike,TURNPIKE USD DIESEL,1295.4545454545457,1995.0
2025-11-30,149,Turnpike,TURNPIKE USD PETROL,1022.7272727272727,1575.0
2025-11-30,149,Turnpike,TUR-QUARTZ 5000 20W50 500ML,5.0,15.0
2025-11-30,149,Turnpike,TUR-RUBIA TIR 7400 SAE 15W40 5L,1.0,25.0
2025-11-30,150,Mutare One Stop,MUTARE ONE STOP DIESEL,1212.162162162162,1794.0
2025-11-30,150,Mutare One Stop,MUTARE ONE STOP PETROL,1550.5933333333332,2325.89
2025-11-30,82,Runiville,RUNIVILLE USD DIESEL,245.45454545454544,378.0
2025-11-30,82,Runiville,RUNIVILLE USD PETROL,154.54545454545453,238.0
2025-11-30,82,Runiville,RUN-QUARTZ 4X4 15W40 500ML,3.0,9.0
2025-11-30,84,Avondale,AVONDALE USD DIESEL,164.93506493506493,254.0
2025-11-30,84,Avondale,AVONDALE USD PETROL,746.103896103896,1149.0
2025-11-30,86,Charter,CHARTER BULK/TAXI DIESEL ,2504.0,3756.0
2025-11-30,86,Charter,CHARTER USD DIESEL,476.12337662337666,733.23
2025-11-30,86,Charter,CHARTER USD PETROL,845.751633986928,1294.0
2025-11-30,88,Seke,SEKE DIESEL BULK,380.0,570.0
2025-11-30,88,Seke,SEKE USD DIESEL,907.7922077922077,1398.0
2025-11-30,88,Seke,SEKE USD PETROL,2043.4210526315792,3106.0
2025-11-30,88,Seke,SEK-FLUIDMATIC CVT MV 1L,1.0,10.0
2025-11-30,88,Seke,SEK-FLUIDMATIC DIII MV 500ML,2.0,6.0
2025-11-30,88,Seke,SEK-NEPTUNA 2T SUPER SPORT 500ML,1.0,4.0
2025-11-30,88,Seke,SEK-QUARTZ 4X4 15W40 5L,1.0,20.0
2025-11-30,88,Seke,SEK-QUARTZ 5000 20W50 500ML,2.0,6.0
2025-11-30,88,Seke,SEK-QUARTZ 9000 SAE 5W40 500ML,1.0,5.0
2025-11-30,92,Msasa,MSASA BULK DIESEL,58.0,87.0
2025-11-30,92,Msasa,MSASA USD DIESEL,546.5324675324675,841.66
2025-11-30,92,Msasa,MSASA USD PETROL,701.9480519480519,1081.0
2025-11-30,96,Samora,SAMORA USD DIESEL,276.6233766233766,426.0
2025-11-30,96,Samora,SAMORA USD PETROL,1424.025974025974,2193.0
2025-11-30,96,Samora,SAMORA USD TAXI DIESEL ,118.24324324324324,175.0
2025-11-30,98,Roadport,ROADPORT USD DIESEL,1137.6623376623377,1752.0
2025-11-30,98,Roadport,ROADPORT USD DIESEL BUS,960.0,1440.0
2025-11-30,98,Roadport,ROAPORT USD PETROL,3366.883116883116,5185.0
2025-12-01,102,Kirkman,KIR-FLUIDMATIC DIII MV 500ML,1.0,3.0
2025-12-01,102,Kirkman,KIRKMAN USD DIESEL,763.6363636363636,1176.0
2025-12-01,102,Kirkman,KIRKMAN USD PETROL,599.3506493506494,923.0
2025-12-01,102,Kirkman,KIR-QUARTZ 3000 SG 20W50 500ML,2.0,6.0
2025-12-01,102,Kirkman,KIR-QUARTZ 4X4 15W40 500ML,3.0,9.0
2025-12-01,110,Mutare Green Market,MUTARE GREEN MARKET BULK DIESEL,1012.3287671232878,1478.0
2025-12-01,110,Mutare Green Market,MUTARE GREENMARKET USD DIESEL,949.9797297297298,1405.97
2025-12-01,110,Mutare Green Market,MUTARE GREENMARKET USD PETROL,2246.793333333333,3370.19
2025-12-01,112,Marondera,MARONDERA USD DIESEL,337.3333333333333,506.0
2025-12-01,112,Marondera,MARONDERA USD PETROL,1585.3333333333333,2378.0
2025-12-01,114,Kadoma,KADOMA USD BULK DIESEL ,2143.243243243243,3172.0
2025-12-01,114,Kadoma,KADOMA USD DIESEL,680.5369127516778,1014.0
2025-12-01,114,Kadoma,KADOMA USD PETROL,1586.0927152317881,2395.0
2025-12-01,121,Gweru,GWE-RUBIA TIR 7400 SAE 15W40 5L,1.0,25.0
2025-12-01,121,Gweru,GWERU USD DIESEL,1648.3533333333335,2472.53
2025-12-01,121,Gweru,GWERU USD PETROL,1469.9346405228757,2249.0
2025-12-01,123,Fife Street,FIFE USD DIESEL,1163.6363636363635,1792.0
2025-12-01,123,Fife Street,FIFE USD PETROL,1234.4155844155844,1901.0
2025-12-01,125,Fort Street,FOR-RUBIA SX SAE40 500ML,2.0,6.0
2025-12-01,125,Fort Street,FORT STR BULK DIESEL USD,710.0,1065.0
2025-12-01,125,Fort Street,FORT USD DIESEL,651.2987012987013,1003.0
2025-12-01,125,Fort Street,FORT USD PETROL,696.1038961038961,1072.0
2025-12-01,127,Mpopoma,MPOPOMA BULK DIESEL USD,3326.0,4989.0
2025-12-01,127,Mpopoma,MPOPOMA USD DIESEL,474.025974025974,730.0
2025-12-01,127,Mpopoma,MPOPOMA USD PETROL,541.5584415584415,834.0
2025-12-01,129,Khami,KHAMI BULK DIESEL USD,2298.0,3447.0
2025-12-01,129,Khami,KHAMI USD DIESEL,949.3506493506493,1462.0
2025-12-01,129,Khami,KHAMI USD PETROL,827.922077922078,1275.0
2025-12-01,129,Khami,KHA-RUBIA TIR 7400 15W40 500ML,1.0,3.0
2025-12-01,131,R Mugabe,R MUGABE USD DIESEL,1096.753246753247,1689.0
2025-12-01,131,R Mugabe,R MUGABE USD PETROL,2448.051948051948,3770.0
2025-12-01,135,Cripps,CRIPPS BULK DIESEL USD,2125.0,3145.0
2025-12-01,135,Cripps,CRIPPS DIESEL USD,610.3896103896103,940.0
2025-12-01,135,Cripps,CRIPPS PETROL USD,903.2467532467531,1391.0
2025-12-01,140,Mutare Second Street,MUTARE SECOND USD DIESEL,860.8108108108111,1274.0
2025-12-01,140,Mutare Second Street,MUTARE SECOND USD PETROL,365.3333333333333,548.0
2025-12-01,141,Troutbeck,TRO-QUARTZ 5000 20W50 500ML,1.0,3.0
2025-12-01,141,Troutbeck,TRO-RACE BRAKEFLUID DOT4+ 500ML,1.0,4.0
2025-12-01,141,Troutbeck,TRO-RUBIA SX SAE40 500ML,2.0,6.0
2025-12-01,141,Troutbeck,TROUTBECK BULK DIESEL ,300.0,450.0
2025-12-01,141,Troutbeck,TROUTBECK USD DIESEL,1835.9477124183004,2809.0
2025-12-01,141,Troutbeck,TROUTBECK USD PETROL,2175.3246753246754,3350.0
2025-12-01,145,Sunway City,SUNWAY BULK DIESEL USD,884.0,1326.0
2025-12-01,145,Sunway City,SUNWAY USD DIESEL,2698.4675324675327,4155.64
2025-12-01,145,Sunway City,SUNWAY USD PETROL,4230.51948051948,6515.0
2025-12-01,146,Banket,BAN-FLUIDMATIC DIII MV 500ML,1.0,3.0
2025-12-01,146,Banket,BANKET BULK DIESEL USD,3029.0518918918915,4482.99
2025-12-01,146,Banket,BANKET USD DIESEL,469.07894736842087,713.0
2025-12-01,146,Banket,BANKET USD PETROL,2829.2207792207782,4357.0
2025-12-01,146,Banket,BAN-PROSYLVA 2 STROKE 200ML,1.0,2.0
2025-12-01,146,Banket,BAN-QUARTZ 4X4 15W40 500ML,12.0,36.0
2025-12-01,146,Banket,BAN-RACE BRAKEFLUID DOT4+ 500ML,1.0,4.0
2025-12-01,147,Chinhoyi Main,CHINHOYI BULK DIESEL USD,566.6666666666667,850.0
2025-12-01,147,Chinhoyi Main,CHINHOYI MAIN USD DIESEL,1369.2810457516339,2095.0
2025-12-01,147,Chinhoyi Main,CHINHOYI MAIN USD PETROL,3035.7142857142853,4675.0
2025-12-01,147,Chinhoyi Main,CHI-QUARTZ 5000 20W50 500ML,1.0,3.0
2025-12-01,147,Chinhoyi Main,CHI-RUBIA SX SAE40 500ML,1.0,3.0
2025-12-01,148,Chegutu,CHEGUTU BULK DIESEL USD,522.1476510067114,778.0
2025-12-01,148,Chegutu,CHEGUTU USD DIESEL,1550.3311258278147,2341.0
2025-12-01,148,Chegutu,CHEGUTU USD PETROL,2703.947368421052,4110.0
2025-12-01,149,Turnpike,TURNPIKE BULK DIESEL USD,916.6666666666666,1375.0
2025-12-01,149,Turnpike,TURNPIKE USD DIESEL,1390.5194805194803,2141.4
2025-12-01,149,Turnpike,TURNPIKE USD PETROL,1105.5779220779223,1702.59
2025-12-01,149,Turnpike,TUR-QUARTZ 5000 20W50 500ML,4.0,12.0
2025-12-01,150,Mutare One Stop,MUTARE ONE STOP DIESEL,553.3783783783783,819.0
2025-12-01,150,Mutare One Stop,MUTARE ONE STOP PETROL,1210.6666666666667,1816.0
2025-12-01,82,Runiville,RUNIVILLE USD DIESEL,233.11688311688312,359.0
2025-12-01,82,Runiville,RUNIVILLE USD PETROL,559.0909090909091,861.0
2025-12-01,82,Runiville,RUN-RUBIA SX SAE40 500ML,1.0,3.0
2025-12-01,84,Avondale,AVONDALE USD DIESEL,829.2207792207793,1277.0
2025-12-01,84,Avondale,AVONDALE USD PETROL,506.6623376623376,780.26
2025-12-01,86,Charter,CHARTER BULK/TAXI DIESEL ,2562.666666666667,3844.0
2025-12-01,86,Charter,CHARTER USD DIESEL,466.23376623376623,718.0
2025-12-01,86,Charter,CHARTER USD PETROL,1699.9999999999998,2601.0
2025-12-01,86,Charter,CHA-RUBIA SX SAE40 500ML,1.0,3.0
2025-12-01,88,Seke,SEKE DIESEL BULK,500.0,750.0
2025-12-01,88,Seke,SEKE USD DIESEL,1064.935064935065,1640.0
2025-12-01,88,Seke,SEKE USD PETROL,1990.1315789473686,3025.0
2025-12-01,88,Seke,SEK-RACE BRAKEFLUID DOT4+ 500ML,1.0,4.0
2025-12-01,92,Msasa,MSASA BULK DIESEL,814.3,1221.45
2025-12-01,92,Msasa,MSASA USD DIESEL,796.5324675324676,1226.66
2025-12-01,92,Msasa,MSASA USD PETROL,1021.4285714285716,1573.0
2025-12-01,96,Samora,SAMORA USD DIESEL,441.55844155844153,680.0
2025-12-01,96,Samora,SAMORA USD PETROL,2012.9870129870128,3100.0
2025-12-01,96,Samora,SAMORA USD TAXI DIESEL ,32.432432432432435,48.0
2025-12-01,98,Roadport,ROADPORT USD DIESEL,985.7142857142857,1518.0
2025-12-01,98,Roadport,ROADPORT USD DIESEL BUS,1393.3333333333333,2090.0
2025-12-01,98,Roadport,ROAPORT USD PETROL,3159.090909090908,4865.0
2025-12-02,102,Kirkman,KIRKMAN USD DIESEL,503.2467532467532,775.0
2025-12-02,102,Kirkman,KIRKMAN USD PETROL,520.6363636363636,801.78
2025-12-02,102,Kirkman,KIR-QUARTZ 3000 SG 20W50 500ML,1.0,3.0
2025-12-02,102,Kirkman,KIR-QUARTZ 5000 20W50 5L,1.0,22.0
2025-12-02,102,Kirkman,KIR-QUARTZ 9000 SAE 5W40 500ML,5.0,25.0
2025-12-02,102,Kirkman,KIR-RACE BRAKEFLUID DOT4+ 500ML,1.0,4.0
2025-12-02,110,Mutare Green Market,MUTARE GREEN MARKET BULK DIESEL,1223.2876712328768,1786.0
2025-12-02,110,Mutare Green Market,MUTARE GREENMARKET USD DIESEL,761.3783783783783,1126.84
2025-12-02,110,Mutare Green Market,MUTARE GREENMARKET USD PETROL,1822.0133333333333,2733.02
2025-12-02,112,Marondera,MARONDERA USD DIESEL,681.3333333333334,1022.0
2025-12-02,112,Marondera,MARONDERA USD PETROL,1712.6666666666667,2569.0
2025-12-02,114,Kadoma,KAD-NEPTUNA 2T SUPER SPORT 500ML,1.0,4.0
2025-12-02,114,Kadoma,KADOMA USD BULK DIESEL ,912.1621621621622,1350.0
2025-12-02,114,Kadoma,KADOMA USD DIESEL,792.6174496644296,1181.0
2025-12-02,114,Kadoma,KADOMA USD PETROL,1410.5960264900664,2130.0
2025-12-02,121,Gweru,GWE-QUARTZ 4X4 15W40 500ML,3.0,9.0
2025-12-02,121,Gweru,GWERU BULK DIESEL USD,1837.0,2737.12
2025-12-02,121,Gweru,GWERU USD DIESEL,3383.37,5075.04
2025-12-02,121,Gweru,GWERU USD PETROL,1113.7823529411764,1704.08
2025-12-02,123,Fife Street,FIFE USD DIESEL,1164.2857142857144,1793.0
2025-12-02,123,Fife Street,FIFE USD PETROL,1493.2077922077922,2299.54
2025-12-02,125,Fort Street,FORT STR BULK DIESEL USD,776.6666666666666,1165.0
2025-12-02,125,Fort Street,FORT USD DIESEL,654.5454545454545,1008.0
2025-12-02,125,Fort Street,FORT USD PETROL,1414.2857142857142,2178.0
2025-12-02,127,Mpopoma,MPOPOMA BULK DIESEL USD,1482.0,2223.0
2025-12-02,127,Mpopoma,MPOPOMA USD DIESEL,549.3506493506493,846.0
2025-12-02,127,Mpopoma,MPOPOMA USD PETROL,1808.4415584415583,2785.0
2025-12-02,127,Mpopoma,MPO-QUARTZ 5000 20W50 500ML,1.0,3.0
2025-12-02,127,Mpopoma,MPO-RACE BRAKEFLUID DOT4+ 500ML,1.0,4.0
2025-12-02,127,Mpopoma,MPO-RUBIA SX SAE40 500ML,2.0,6.0
2025-12-02,127,Mpopoma,MPO-RUBIA TIR 7400 15W40 500ML,2.0,6.0
2025-12-02,129,Khami,KHA-FLUIDMATIC DIII MV 500ML,1.0,3.0
2025-12-02,129,Khami,KHAMI BULK DIESEL USD,1946.6666666666667,2920.0
2025-12-02,129,Khami,KHAMI USD DIESEL,1190.7792207792206,1833.8
2025-12-02,129,Khami,KHAMI USD PETROL,1044.5454545454545,1608.6
2025-12-02,129,Khami,KHA-RUBIA TIR 7400 15W40 500ML,4.0,12.0
2025-12-02,131,R Mugabe,R MUGABE USD DIESEL,988.9610389610389,1523.0
2025-12-02,131,R Mugabe,R MUGABE USD PETROL,1505.1883116883116,2317.99
2025-12-02,135,Cripps,CRIPPS BULK DIESEL USD,1120.864864864865,1658.88
2025-12-02,135,Cripps,CRIPPS DIESEL USD,473.37662337662334,729.0
2025-12-02,135,Cripps,CRIPPS PETROL USD,912.3376623376622,1405.0
2025-12-02,140,Mutare Second Street,MUTARE SECOND USD BULK DIESEL,200.0,292.0
2025-12-02,140,Mutare Second Street,MUTARE SECOND USD DIESEL,1167.5675675675673,1728.0
2025-12-02,140,Mutare Second Street,MUTARE SECOND USD PETROL,1136.6666666666665,1705.0
2025-12-02,145,Sunway City,SUNWAY BULK DIESEL USD,666.6666666666666,1000.0
2025-12-02,145,Sunway City,SUNWAY USD DIESEL,1055.1948051948052,1625.0
2025-12-02,145,Sunway City,SUNWAY USD PETROL,2979.220779220779,4588.0
2025-12-02,146,Banket,BANKET BULK DIESEL USD,689.3575675675676,1020.24
2025-12-02,146,Banket,BANKET USD DIESEL,836.8421052631578,1272.0
2025-12-02,146,Banket,BANKET USD PETROL,1941.5584415584408,2990.0
2025-12-02,146,Banket,BAN-RACE BRAKEFLUID DOT4+ 500ML,1.0,4.0
2025-12-02,147,Chinhoyi Main,CHI-NEPTUNA 2T SUPER SPORT 500ML,1.0,4.0
2025-12-02,147,Chinhoyi Main,CHINHOYI BULK DIESEL USD,1178.6666666666665,1768.0
2025-12-02,147,Chinhoyi Main,CHINHOYI MAIN USD PETROL,2696.753246753247,4153.0
2025-12-02,147,Chinhoyi Main,CHI-QUARTZ 5000 20W50 500ML,3.0,9.0
2025-12-02,148,Chegutu,CHEGUTU BULK DIESEL USD,1379.1946308724832,2055.0
2025-12-02,148,Chegutu,CHEGUTU USD DIESEL,1239.735099337748,1872.0
2025-12-02,148,Chegutu,CHEGUTU USD PETROL,1863.8157894736842,2833.0
2025-12-02,149,Turnpike,TUR-FLUIDMATIC DIII MV 500ML,1.0,3.0
2025-12-02,149,Turnpike,TURNPIKE BULK DIESEL USD,1066.6666666666665,1600.0
2025-12-02,149,Turnpike,TURNPIKE USD DIESEL,1404.0064935064934,2162.17
2025-12-02,149,Turnpike,TURNPIKE USD PETROL,1426.2922077922078,2196.48
2025-12-02,149,Turnpike,TUR-QUARTZ 3000 SG 20W50 500ML,1.0,3.0
2025-12-02,149,Turnpike,TUR-QUARTZ 5000 20W50 500ML,1.0,3.0
2025-12-02,149,Turnpike,TUR-QUARTZ 9000 SAE 5W40 500ML,2.0,10.0
2025-12-02,149,Turnpike,TUR-RUBIA SX SAE40 500ML,1.0,3.0
2025-12-02,150,Mutare One Stop,MOS-QUARTZ 3000 SG 20W50 500ML,1.0,3.0
2025-12-02,150,Mutare One Stop,MOS-QUARTZ 4X4 15W40 500ML,1.0,3.0
2025-12-02,150,Mutare One Stop,MOS-RACE BRAKEFLUID DOT4+ 500ML,1.0,4.0
2025-12-02,150,Mutare One Stop,MOS-RUBIA SX SAE40 500ML,1.0,3.0
2025-12-02,150,Mutare One Stop,MUT1STOP-PROSYLVA 2 STROKE 200ML,1.0,2.0
2025-12-02,150,Mutare One Stop,MUTARE ONE STOP DIESEL,341.8918918918919,506.0
2025-12-02,150,Mutare One Stop,MUTARE ONE STOP PETROL,608.0,912.0
2025-12-02,82,Runiville,RUN-FLUIDMATIC CVT MV 1L,1.0,10.0
2025-12-02,82,Runiville,RUNIVILLE USD DIESEL,189.6103896103896,292.0
2025-12-02,82,Runiville,RUNIVILLE USD PETROL,298.05194805194805,459.0
2025-12-02,82,Runiville,RUN-NEPTUNA 2T SUPER SPORT 500ML,2.0,8.0
2025-12-02,82,Runiville,RUN-QUARTZ 5000 20W50 500ML,1.0,3.0
2025-12-02,82,Runiville,RUN-QUARTZ 9000 SAE 5W40 5L,1.0,30.0
2025-12-02,82,Runiville,RUN-RUBIA SX SAE40 500ML,2.0,6.0
2025-12-02,82,Runiville,RUN-RUBIA TIR 7400 15W40 500ML,2.0,6.0
2025-12-02,84,Avondale,AVO-FLUIDMATIC DIII MV 500ML,1.0,3.0
2025-12-02,84,Avondale,AVONDALE USD DIESEL,311.6883116883116,480.0
2025-12-02,84,Avondale,AVONDALE USD PETROL,741.5584415584416,1142.0
2025-12-02,84,Avondale,AVO-QUARTZ 3000 SG 20W50 500ML,3.0,9.0
2025-12-02,84,Avondale,AVO-QUARTZ 9000 SAE 5W40 5L,1.0,30.0
2025-12-02,84,Avondale,AVO-RUBIA TIR 7400 15W40 500ML,6.0,18.0
2025-12-02,86,Charter,CHARTER BULK/TAXI DIESEL ,3338.0000000000005,5007.0
2025-12-02,86,Charter,CHARTER USD DIESEL,579.8701298701299,893.0
2025-12-02,86,Charter,CHARTER USD PETROL,1518.954248366013,2324.0
2025-12-02,88,Seke,SEKE DIESEL BULK,530.0,795.0
2025-12-02,88,Seke,SEKE USD DIESEL,951.9480519480519,1466.0
2025-12-02,88,Seke,SEKE USD PETROL,2094.0789473684213,3183.0
2025-12-02,88,Seke,SEK-QUARTZ 5000 20W50 500ML,1.0,3.0
2025-12-02,92,Msasa,MSASA BULK DIESEL,223.33333333333334,335.0
2025-12-02,92,Msasa,MSASA USD DIESEL,514.9350649350649,793.0
2025-12-02,92,Msasa,MSASA USD PETROL,1324.6753246753242,2040.0
2025-12-02,96,Samora,SAMORA USD DIESEL,555.1948051948051,855.0
2025-12-02,96,Samora,SAMORA USD PETROL,1444.8051948051948,2225.0
2025-12-02,96,Samora,SAMORA USD TAXI DIESEL ,344.5945945945946,510.0
2025-12-02,98,Roadport,ROADPORT USD DIESEL,648.7012987012987,999.0
2025-12-02,98,Roadport,ROADPORT USD DIESEL BUS,998.0,1497.0
2025-12-02,98,Roadport,ROAPORT USD PETROL,4275.324675324675,6584.0
2025-12-03,102,Kirkman,KIRKMAN BULK DIESEL USD,200.0,300.0
2025-12-03,102,Kirkman,KIRKMAN USD DIESEL,366.23376623376623,564.0
2025-12-03,102,Kirkman,KIRKMAN USD PETROL,643.5259740259742,991.03
2025-12-03,102,Kirkman,KIR-RACE BRAKEFLUID DOT4+ 500ML,1.0,4.0
2025-12-03,110,Mutare Green Market,MUTARE GREEN MARKET BULK DIESEL,2300.006712328767,3358.0
2025-12-03,110,Mutare Green Market,MUTARE GREENMARKET USD DIESEL,913.7364864864866,1352.33
2025-12-03,110,Mutare Green Market,MUTARE GREENMARKET USD PETROL,1247.6666666666665,1871.5
2025-12-03,112,Marondera,MAR-FLUIDMATIC CVT MV 1L,3.0,30.0
2025-12-03,112,Marondera,MARONDERA USD DIESEL,644.6666666666667,967.0
2025-12-03,112,Marondera,MARONDERA USD PETROL,1325.3333333333333,1988.0
2025-12-03,114,Kadoma,KAD-NEPTUNA 2T SUPER SPORT 500ML,1.0,4.0
2025-12-03,114,Kadoma,KADOMA USD BULK DIESEL ,708.1081081081081,1048.0
2025-12-03,114,Kadoma,KADOMA USD DIESEL,733.5570469798658,1093.0
2025-12-03,114,Kadoma,KADOMA USD PETROL,1538.41059602649,2323.0
2025-12-03,121,Gweru,GWE-FLUIDMATIC DIII MV 500ML,1.0,3.0
2025-12-03,121,Gweru,GWE-NEPTUNA 2T SUPER SPORT 500ML,1.0,4.0
2025-12-03,121,Gweru,GWE-QUARTZ 4X4 15W40 500ML,5.0,15.0
2025-12-03,121,Gweru,GWERU USD DIESEL,1552.6666666666665,2329.0
2025-12-03,121,Gweru,GWERU USD PETROL,1524.1830065359475,2332.0
2025-12-03,123,Fife Street,FIFE USD DIESEL,1279.8701298701299,1971.0
2025-12-03,123,Fife Street,FIFE USD PETROL,2020.181818181818,3111.08
2025-12-03,125,Fort Street,FOR-RACE BRAKEFLUID DOT4+ 500ML,1.0,4.0
2025-12-03,125,Fort Street,FORT STR BULK DIESEL USD,1023.3333333333334,1535.0
2025-12-03,125,Fort Street,FORT USD DIESEL,706.4935064935065,1088.0
2025-12-03,125,Fort Street,FORT USD PETROL,1218.8311688311687,1877.0
2025-12-03,127,Mpopoma,MPOPOMA BULK DIESEL USD,1998.6666666666665,2998.0
2025-12-03,127,Mpopoma,MPOPOMA USD DIESEL,409.0909090909091,630.0
2025-12-03,127,Mpopoma,MPOPOMA USD PETROL,453.8961038961039,699.0
2025-12-03,127,Mpopoma,MPO-QUARTZ 3000 SG 20W50 5L,1.0,18.0
2025-12-03,127,Mpopoma,MPO-QUARTZ 5000 20W50 5L,1.0,22.0
2025-12-03,129,Khami,KHAMI BULK DIESEL USD,2811.333333333333,4217.0
2025-12-03,129,Khami,KHAMI USD DIESEL,653.8961038961038,1007.0
2025-12-03,129,Khami,KHAMI USD PETROL,1007.7922077922077,1552.0
2025-12-03,131,R Mugabe,RM-RUBIA SX SAE40 500ML,1.0,3.0
2025-12-03,131,R Mugabe,R MUGABE USD DIESEL,891.7012987012987,1373.22
2025-12-03,131,R Mugabe,R MUGABE USD PETROL,761.6883116883117,1173.0
2025-12-03,135,Cripps,CRIPPS BULK DIESEL USD,738.1183783783783,1092.41
2025-12-03,135,Cripps,CRIPPS DIESEL USD,299.35064935064935,461.0
2025-12-03,135,Cripps,CRIPPS PETROL USD,792.8571428571429,1221.0
2025-12-03,135,Cripps,CRI-RUBIA SX SAE40 500ML,2.0,6.0
2025-12-03,139,Head Office,PETROL,0.01282051282051282,0.02
2025-12-03,140,Mutare Second Street,MUTARE SECOND USD BULK DIESEL,234.24657534246575,342.0
2025-12-03,140,Mutare Second Street,MUTARE SECOND USD DIESEL,850.0000000000001,1258.0
2025-12-03,140,Mutare Second Street,MUTARE SECOND USD PETROL,639.3333333333334,959.0
2025-12-03,141,Troutbeck,TROUTBECK BULK DIESEL ,430.6666666666667,646.0
2025-12-03,141,Troutbeck,TROUTBECK USD DIESEL,1003.9215686274509,1536.0
2025-12-03,141,Troutbeck,TROUTBECK USD PETROL,1522.7272727272727,2345.0
2025-12-03,145,Sunway City,SUN-FLUIDMATIC DIII MV 500ML,3.0,9.0
2025-12-03,145,Sunway City,SUN-QUARTZ 9000 SAE 5W40 500ML,4.0,20.0
2025-12-03,145,Sunway City,SUN-RUBIA TIR 7400 15W40 500ML,5.0,15.0
2025-12-03,145,Sunway City,SUN-SWIFTEX BATTERY 652P,1.0,110.0
2025-12-03,145,Sunway City,SUNWAY BULK DIESEL USD,333.3333333333333,500.0
2025-12-03,145,Sunway City,SUNWAY USD DIESEL,818.1818181818181,1260.0
2025-12-03,145,Sunway City,SUNWAY USD PETROL,3472.727272727272,5348.0
2025-12-03,146,Banket,BANKET BULK DIESEL USD,1800.6756756756756,2665.0
2025-12-03,146,Banket,BANKET USD DIESEL,661.1842105263156,1005.0
2025-12-03,146,Banket,BANKET USD PETROL,1377.272727272727,2121.0
2025-12-03,146,Banket,BAN-QUARTZ 5000 20W50 500ML,1.0,3.0
2025-12-03,146,Banket,BAN-RUBIA SX SAE40 500ML,3.0,9.0
2025-12-03,147,Chinhoyi Main,CHI-NEPTUNA 2T SUPER SPORT 500ML,1.0,4.0
2025-12-03,147,Chinhoyi Main,CHINHOYI BULK DIESEL USD,2230.0,3345.0
2025-12-03,147,Chinhoyi Main,CHINHOYI MAIN USD DIESEL,1648.3660130718952,2522.0
2025-12-03,147,Chinhoyi Main,CHINHOYI MAIN USD PETROL,3724.025974025974,5735.0
2025-12-03,147,Chinhoyi Main,CHI-QUARTZ 5000 20W50 500ML,1.0,3.0
2025-12-03,148,Chegutu,CHEGUTU BULK DIESEL USD,817.4496644295302,1218.0
2025-12-03,148,Chegutu,CHEGUTU USD DIESEL,773.5099337748345,1168.0
2025-12-03,148,Chegutu,CHEGUTU USD PETROL,1981.5789473684201,3012.0
2025-12-03,149,Turnpike,TUR-NEPTUNA 2T SUPER SPORT 500ML,2.0,8.0
2025-12-03,149,Turnpike,TURNPIKE BULK DIESEL USD,895.33,1342.99
2025-12-03,149,Turnpike,TURNPIKE USD DIESEL,603.2467532467532,929.0
2025-12-03,149,Turnpike,TURNPIKE USD PETROL,1398.0519480519479,2153.0
2025-12-03,149,Turnpike,TUR-QUARTZ 5000 20W50 500ML,1.0,3.0
2025-12-03,150,Mutare One Stop,MUTARE ONE STOP DIESEL,1310.8108108108108,1940.0
2025-12-03,150,Mutare One Stop,MUTARE ONE STOP PETROL,995.9999999999999,1494.0
2025-12-03,82,Runiville,BATTERY WATER 750ML,1.0,1.0
2025-12-03,82,Runiville,RUNIVILLE BULK DIESEL USD,213.33333333333334,320.0
2025-12-03,82,Runiville,RUNIVILLE USD DIESEL,101.2987012987013,156.0
2025-12-03,82,Runiville,RUNIVILLE USD PETROL,349.3506493506494,538.0
2025-12-03,82,Runiville,RUN-RACE BRAKEFLUID DOT4+ 500ML,1.0,4.0
2025-12-03,84,Avondale,AVO-FLUIDMATIC DIII MV 500ML,2.0,6.0
2025-12-03,84,Avondale,AVONDALE USD DIESEL,920.1298701298699,1417.0
2025-12-03,84,Avondale,AVONDALE USD PETROL,544.8116883116884,839.01
2025-12-03,84,Avondale,AVO-QUARTZ 9000 SAE 5W40 500ML,5.0,25.0
2025-12-03,86,Charter,CHARTER BULK/TAXI DIESEL ,3904.0,5856.0
2025-12-03,86,Charter,CHARTER USD DIESEL,550.0,847.0
2025-12-03,86,Charter,CHARTER USD PETROL,1355.5555555555554,2074.0
2025-12-03,88,Seke,SEKE DIESEL BULK,631.81,947.71
2025-12-03,88,Seke,SEKE USD DIESEL,1155.844155844156,1780.0
2025-12-03,88,Seke,SEKE USD PETROL,2036.1842105263154,3095.0
2025-12-03,88,Seke,SEK-QUARTZ 4X4 15W40 500ML,1.0,3.0
2025-12-03,88,Seke,SEK-QUARTZ 9000 SAE 5W40 5L,1.0,30.0
2025-12-03,88,Seke,SEK-RUBIA TIR 7400 15W40 500ML,2.0,6.0
2025-12-03,92,Msasa,MSASA BULK DIESEL,645.3333333333334,968.0
2025-12-03,92,Msasa,MSASA USD DIESEL,662.7532467532468,1020.64
2025-12-03,92,Msasa,MSASA USD PETROL,403.24675324675326,621.0
2025-12-03,96,Samora,SAMORA USD DIESEL,344.15584415584414,530.0
2025-12-03,96,Samora,SAMORA USD PETROL,1218.8311688311692,1877.0
2025-12-03,96,Samora,SAMORA USD TAXI DIESEL ,241.8918918918919,358.0
2025-12-03,96,Samora,SAM-SWIFTEX BATTERY 652P,1.0,110.0
2025-12-03,98,Roadport,ROADPORT USD DIESEL,877.2727272727273,1351.0
2025-12-03,98,Roadport,ROADPORT USD DIESEL BUS,1344.0,2016.0
2025-12-03,98,Roadport,ROAPORT USD PETROL,2768.1818181818176,4263.0
2025-12-04,102,Kirkman,KIR-FLUIDMATIC DIII MV 500ML,1.0,3.0
2025-12-04,102,Kirkman,KIRKMAN USD DIESEL,855.8441558441558,1318.0
2025-12-04,102,Kirkman,KIRKMAN USD PETROL,668.2467532467533,1029.1
2025-12-04,102,Kirkman,KIR-QUARTZ 5000 20W50 500ML,3.0,9.0
2025-12-04,110,Mutare Green Market,MGM-QUARTZ 4X4 15W40 500ML,1.0,3.0
2025-12-04,110,Mutare Green Market,MGM-QUARTZ 5000 20W50 500ML,1.0,3.0
2025-12-04,110,Mutare Green Market,MUTARE GREEN MARKET BULK DIESEL,700.0,1022.0
2025-12-04,110,Mutare Green Market,MUTARE GREENMARKET USD DIESEL,842.8986486486486,1247.48
2025-12-04,110,Mutare Green Market,MUTARE GREENMARKET USD PETROL,1830.0000000000002,2745.0
2025-12-04,112,Marondera,MAR-FLUIDMATIC CVT MV 1L,3.0,30.0
2025-12-04,112,Marondera,MARONDERA USD DIESEL,649.3333333333334,974.0
2025-12-04,112,Marondera,MARONDERA USD PETROL,1856.6666666666665,2785.0
2025-12-04,114,Kadoma,KADOMA USD BULK DIESEL ,216.21621621621622,320.0
2025-12-04,114,Kadoma,KADOMA USD DIESEL,1217.44966442953,1814.0
2025-12-04,114,Kadoma,KADOMA USD PETROL,1891.3907284768209,2856.0
2025-12-04,121,Gweru,GWERU BULK DIESEL USD,697.0,1038.53
2025-12-04,121,Gweru,GWERU USD DIESEL,1922.0,2883.0
2025-12-04,121,Gweru,GWERU USD PETROL,1357.7256209150328,2077.32
2025-12-04,123,Fife Street,FIFE USD DIESEL,807.7922077922078,1244.0
2025-12-04,123,Fife Street,FIFE USD PETROL,833.1168831168831,1283.0
2025-12-04,125,Fort Street,FOR-QUARTZ 4X4 15W40 5L,2.5,50.0
2025-12-04,125,Fort Street,FOR-QUARTZ 5000 20W50 5L,1.0,22.0
2025-12-04,125,Fort Street,FORT STR BULK DIESEL USD,2114.666666666667,3172.0
2025-12-04,125,Fort Street,FORT USD DIESEL,698.051948051948,1075.0
2025-12-04,125,Fort Street,FORT USD PETROL,716.2337662337662,1103.0
2025-12-04,127,Mpopoma,MPOPOMA BULK DIESEL USD,3539.3333333333335,5309.0
2025-12-04,127,Mpopoma,MPOPOMA USD DIESEL,685.7142857142857,1056.0
2025-12-04,127,Mpopoma,MPOPOMA USD PETROL,2062.987012987013,3177.0
2025-12-04,127,Mpopoma,MPO-QUARTZ 5000 20W50 500ML,1.0,3.0
2025-12-04,127,Mpopoma,MPO-RUBIA SX SAE40 500ML,1.0,3.0
2025-12-04,127,Mpopoma,MPO-RUBIA TIR 7400 15W40 500ML,2.0,6.0
2025-12-04,127,Mpopoma,MPO-RUBIA TIR 7400 SAE 15W40 5L,1.0,25.0
2025-12-04,129,Khami,KHA-FLUIDMATIC CVT MV 1L,1.0,10.0
2025-12-04,129,Khami,KHAMI BULK DIESEL USD,1693.333333333333,2540.0
2025-12-04,129,Khami,KHAMI USD DIESEL,631.8181818181818,973.0
2025-12-04,129,Khami,KHAMI USD PETROL,759.0909090909091,1169.0
2025-12-04,131,R Mugabe,RM-FLUIDMATIC DIII MV 500ML,1.0,3.0
2025-12-04,131,R Mugabe,RM-RACE BRAKEFLUID DOT4+ 500ML,1.0,4.0
2025-12-04,131,R Mugabe,RM-RUBIA SX SAE40 500ML,1.0,3.0
2025-12-04,131,R Mugabe,RM-RUBIA TIR 7400 15W40 500ML,1.0,3.0
2025-12-04,131,R Mugabe,R MUGABE USD DIESEL,932.4675324675325,1436.0
2025-12-04,131,R Mugabe,R MUGABE USD PETROL,2199.3506493506493,3387.0
2025-12-04,135,Cripps,CRIPPS BULK DIESEL USD,590.5405405405405,874.0
2025-12-04,135,Cripps,CRIPPS DIESEL USD,674.6753246753245,1039.0
2025-12-04,135,Cripps,CRIPPS PETROL USD,675.3246753246755,1040.0
2025-12-04,135,Cripps,CRI-QUARTZ 5000 20W50 500ML,1.0,3.0
2025-12-04,139,Head Office,DIESEL,0.012345679012345678,0.02
2025-12-04,139,Head Office,HEAD OFFICE BULK DIESEL,0.00641025641025641,0.01
2025-12-04,139,Head Office,PETROL,0.019230769230769232,0.03
2025-12-04,140,Mutare Second Street,MUTARE SECOND USD DIESEL,1211.1486486486483,1792.5
2025-12-04,140,Mutare Second Street,MUTARE SECOND USD PETROL,1120.0,1680.0
2025-12-04,141,Troutbeck,TROUTBECK BULK DIESEL ,1486.0,2229.0
2025-12-04,141,Troutbeck,TROUTBECK USD DIESEL,1791.503267973856,2741.0
2025-12-04,141,Troutbeck,TROUTBECK USD PETROL,3081.818181818182,4746.0
2025-12-04,145,Sunway City,SUNWAY BULK DIESEL USD,2184.6666666666665,3277.0
2025-12-04,145,Sunway City,SUNWAY USD DIESEL,2761.7402597402597,4253.08
2025-12-04,145,Sunway City,SUNWAY USD PETROL,3308.4415584415588,5095.0
2025-12-04,146,Banket,BANKET BULK DIESEL USD,3598.659459459459,5326.01
2025-12-04,146,Banket,BANKET USD DIESEL,726.9736842105262,1105.0
2025-12-04,146,Banket,BANKET USD PETROL,2122.727272727273,3269.0
2025-12-04,146,Banket,BAN-PROSYLVA 2 STROKE 200ML,1.0,2.0
2025-12-04,146,Banket,BAN-QUARTZ 4X4 15W40 500ML,1.0,3.0
2025-12-04,146,Banket,BAN-RUBIA SX SAE40 500ML,1.0,3.0
2025-12-04,147,Chinhoyi Main,CHINHOYI BULK DIESEL USD,1563.3333333333333,2345.0
2025-12-04,147,Chinhoyi Main,CHINHOYI MAIN USD PETROL,3.2467532467532467,5.0
2025-12-04,147,Chinhoyi Main,CHI-QUARTZ 5000 20W50 500ML,1.0,3.0
2025-12-04,148,Chegutu,CHEGUTU BULK DIESEL USD,134.2281879194631,200.0
2025-12-04,148,Chegutu,CHEGUTU USD DIESEL,896.6887417218542,1354.0
2025-12-04,148,Chegutu,CHEGUTU USD PETROL,1588.1578947368419,2414.0
2025-12-04,149,Turnpike,TURNPIKE BULK DIESEL USD,1359.8366666666666,2039.75
2025-12-04,149,Turnpike,TURNPIKE USD DIESEL,2088.3116883116877,3216.0
2025-12-04,149,Turnpike,TURNPIKE USD PETROL,1267.246753246753,1951.56
2025-12-04,149,Turnpike,TUR-QUARTZ 9000 SAE 5W40 500ML,1.0,5.0
2025-12-04,150,Mutare One Stop,MUTARE ONE STOP DIESEL,747.9729729729731,1107.0
2025-12-04,150,Mutare One Stop,MUTARE ONE STOP PETROL,578.0,867.0
2025-12-04,82,Runiville,RUN-FLUIDMATIC CVT MV 1L,1.0,10.0
2025-12-04,82,Runiville,RUNIVILLE BULK DIESEL USD,343.33333333333337,515.0
2025-12-04,82,Runiville,RUNIVILLE USD DIESEL,122.07792207792207,188.0
2025-12-04,82,Runiville,RUNIVILLE USD PETROL,248.05194805194805,382.0
2025-12-04,82,Runiville,RUN-QUARTZ 4X4 15W40 500ML,1.0,3.0
2025-12-04,82,Runiville,RUN-QUARTZ 9000 SAE 5W40 5L,1.0,30.0
2025-12-04,84,Avondale,AVO-FLUIDMATIC DIII MV 500ML,1.0,3.0
2025-12-04,84,Avondale,AVONDALE USD DIESEL,530.5194805194806,817.0
2025-12-04,84,Avondale,AVONDALE USD PETROL,240.2597402597402,370.0
2025-12-04,84,Avondale,AVO-RUBIA TIR 7400 15W40 500ML,1.0,3.0
2025-12-04,86,Charter,CHARTER BULK/TAXI DIESEL ,3100.0000000000005,4650.0
2025-12-04,86,Charter,CHARTER USD DIESEL,649.3506493506493,1000.0
2025-12-04,86,Charter,CHARTER USD PETROL,1360.3660130718954,2081.36
2025-12-04,88,Seke,SEKE DIESEL BULK,700.0,1050.0
2025-12-04,88,Seke,SEKE USD DIESEL,1177.707792207792,1813.67
2025-12-04,88,Seke,SEKE USD PETROL,1880.921052631579,2859.0
2025-12-04,92,Msasa,MSA-QUARTZ 5000 20W50 5L,1.0,22.0
2025-12-04,92,Msasa,MSASA BULK DIESEL,1063.1266666666668,1594.69
2025-12-04,92,Msasa,MSASA USD DIESEL,512.0974025974026,788.63
2025-12-04,92,Msasa,MSASA USD PETROL,1093.4155844155844,1683.86
2025-12-04,96,Samora,SAMORA USD DIESEL,127.92207792207792,197.0
2025-12-04,96,Samora,SAMORA USD PETROL,1262.9870129870128,1945.0
2025-12-04,96,Samora,SAMORA USD TAXI DIESEL ,145.27027027027026,215.0
2025-12-04,96,Samora,SAM-QUARTZ 9000 SAE 5W40 500ML,1.0,5.0
2025-12-04,98,Roadport,ROADPORT USD DIESEL,1007.1428571428572,1551.0
2025-12-04,98,Roadport,ROADPORT USD DIESEL BUS,1677.3333333333333,2516.0
2025-12-04,98,Roadport,ROAPORT USD PETROL,3702.597402597403,5702.0
2025-12-05,102,Kirkman,KIR-FLUIDMATIC CVT MV 1L,3.0,30.0
2025-12-05,102,Kirkman,KIRKMAN BULK DIESEL USD,523.5526315789474,795.8
2025-12-05,102,Kirkman,KIRKMAN USD DIESEL,606.3603063603063,942.0
2025-12-05,102,Kirkman,KIRKMAN USD PETROL,648.5181485181485,1010.0
2025-12-05,102,Kirkman,KIR-QUARTZ 5000 20W50 500ML,2.0,6.0
2025-12-05,110,Mutare Green Market,MUTARE GREEN MARKET BULK DIESEL,808.9041095890411,1181.0
2025-12-05,110,Mutare Green Market,MUTARE GREENMARKET USD DIESEL,943.4634234234236,1409.84
2025-12-05,110,Mutare Green Market,MUTARE GREENMARKET USD PETROL,1354.9128070175439,2043.28
2025-12-05,112,Marondera,MAR-FLUIDMATIC CVT MV 1L,4.0,40.0
2025-12-05,112,Marondera,MARONDERA USD DIESEL,847.8508771929825,1288.0
2025-12-05,112,Marondera,MARONDERA USD PETROL,1059.7368421052631,1610.0
2025-12-05,112,Marondera,MAR-RUBIA SX SAE40 500ML,2.0,6.0
2025-12-05,114,Kadoma,KADOMA USD BULK DIESEL ,200.00666666666666,300.01
2025-12-05,114,Kadoma,KADOMA USD DIESEL,967.5630028001244,1461.02
2025-12-05,114,Kadoma,KADOMA USD PETROL,1538.8349564991559,2354.02
2025-12-05,121,Gweru,GWERU BULK DIESEL USD,1338.980132450331,2012.14
2025-12-05,121,Gweru,GWERU USD DIESEL,1712.4912280701756,2574.0
2025-12-05,121,Gweru,GWERU USD PETROL,1920.1264178789797,2946.11
2025-12-05,123,Fife Street,FIFE-PROSYLVA 2 STROKE 200ML,1.0,2.0
2025-12-05,123,Fife Street,FIFE USD DIESEL,1510.5394605394606,2341.0
2025-12-05,123,Fife Street,FIFE USD PETROL,1499.192474192474,2320.0
2025-12-05,123,Fife Street,FIF-FLUIDMATIC DIII MV 500ML,3.0,9.0
2025-12-05,123,Fife Street,FIF-QUARTZ 5000 20W50 500ML,12.0,36.0
2025-12-05,123,Fife Street,FIF-QUARTZ 9000 SAE 5W40 500ML,4.0,20.0
2025-12-05,123,Fife Street,FIF-QUARTZ 9000 SAE 5W40 5L,2.0,60.0
2025-12-05,123,Fife Street,FIF-RACE BRAKEFLUID DOT4+ 500ML,3.0,12.0
2025-12-05,123,Fife Street,FIF-RUBIA SX SAE40 500ML,4.0,12.0
2025-12-05,123,Fife Street,FIF-RUBIA TIR 7400 15W40 500ML,4.0,12.0
2025-12-05,125,Fort Street,FOR-QUARTZ 4X4 15W40 5L,1.0,20.0
2025-12-05,125,Fort Street,FORT STR BULK DIESEL USD,868.421052631579,1320.0
2025-12-05,125,Fort Street,FORT USD DIESEL,285.18981018981015,441.0
2025-12-05,125,Fort Street,FORT USD PETROL,373.16849816849816,581.0
2025-12-05,127,Mpopoma,MPOPOMA BULK DIESEL USD,1974.6666666666667,2978.0
2025-12-05,127,Mpopoma,MPOPOMA USD DIESEL,513.2284382284382,792.0
2025-12-05,127,Mpopoma,MPOPOMA USD PETROL,978.046953046953,1510.0
2025-12-05,127,Mpopoma,MPO-RACE BRAKEFLUID DOT4+ 500ML,1.0,4.0
2025-12-05,129,Khami,KHAMI BULK DIESEL USD,1995.3947368421052,3033.0
2025-12-05,129,Khami,KHAMI USD DIESEL,1778.6530136530137,2773.4
2025-12-05,129,Khami,KHAMI USD PETROL,746.1602564102565,1164.01
2025-12-05,131,R Mugabe,R MUGABE USD DIESEL,881.5850815850815,1375.0
2025-12-05,131,R Mugabe,R MUGABE USD PETROL,1632.2344322344322,2545.0
2025-12-05,135,Cripps,CRIPPS BULK DIESEL USD,947.2666666666668,1415.28
2025-12-05,135,Cripps,CRIPPS DIESEL USD,461.971361971362,718.0
2025-12-05,135,Cripps,CRIPPS PETROL USD,939.8934398934397,1459.0
2025-12-05,140,Mutare Second Street,MUTARE SECOND USD DIESEL,1614.373873873874,2408.5
2025-12-05,140,Mutare Second Street,MUTARE SECOND USD PETROL,1039.9035087719296,1572.0
2025-12-05,141,Troutbeck,TROUTBECK BULK DIESEL ,233.33333333333334,352.0
2025-12-05,141,Troutbeck,TROUTBECK USD PETROL,1153.8461538461538,1800.0
2025-12-05,145,Sunway City,SUNWAY BULK DIESEL USD,858.5526315789474,1305.0
2025-12-05,145,Sunway City,SUNWAY USD DIESEL,1240.2930402930403,1928.0
2025-12-05,145,Sunway City,SUNWAY USD PETROL,2678.421578421577,4176.0
2025-12-05,146,Banket,BAN-FLUIDMATIC DIII MV 500ML,2.0,6.0
2025-12-05,146,Banket,BANKET BULK DIESEL USD,240.25,360.37
2025-12-05,146,Banket,BANKET USD DIESEL,295.87320574162675,453.0
2025-12-05,146,Banket,BANKET USD PETROL,1991.6666666666665,3107.0
2025-12-05,146,Banket,BAN-RACE BRAKEFLUID DOT4+ 500ML,1.0,4.0
2025-12-05,147,Chinhoyi Main,CHINHOYI BULK DIESEL USD,1038.5263157894738,1567.0
2025-12-05,147,Chinhoyi Main,CHINHOYI MAIN USD DIESEL,1677.3856209150326,2568.0
2025-12-05,147,Chinhoyi Main,CHINHOYI MAIN USD PETROL,4979.870129870131,7669.0
2025-12-05,147,Chinhoyi Main,CHI-RACE BRAKEFLUID DOT4+ 500ML,1.0,4.0
2025-12-05,148,Chegutu,CHE-FLUIDMATIC DIII MV 500ML,3.0,9.0
2025-12-05,148,Chegutu,CHEGUTU BULK DIESEL USD,1207.2847682119207,1817.0
2025-12-05,148,Chegutu,CHEGUTU USD DIESEL,1256.6549798727438,1915.0
2025-12-05,148,Chegutu,CHEGUTU USD PETROL,2365.2426520847575,3628.0
2025-12-05,149,Turnpike,TUR-NEPTUNA 2T SUPER SPORT 500ML,1.0,4.0
2025-12-05,149,Turnpike,TURNPIKE BULK DIESEL USD,1678.0701754385964,2532.0
2025-12-05,149,Turnpike,TURNPIKE USD DIESEL,2432.6315351315343,3790.1
2025-12-05,149,Turnpike,TURNPIKE USD PETROL,1058.1085581085579,1650.0
2025-12-05,149,Turnpike,TUR-QUARTZ 9000 SAE 5W40 500ML,1.0,5.0
2025-12-05,149,Turnpike,TUR-RUBIA SX SAE40 500ML,2.0,6.0
2025-12-05,150,Mutare One Stop,MUTARE ONE STOP DIESEL,998.3381981981983,1497.21
2025-12-05,150,Mutare One Stop,MUTARE ONE STOP PETROL,1344.0394736842106,2042.94
2025-12-05,82,Runiville,RUNIVILLE BULK DIESEL USD,164.4736842105263,250.0
2025-12-05,82,Runiville,RUNIVILLE USD DIESEL,262.1794871794871,409.0
2025-12-05,82,Runiville,RUNIVILLE USD PETROL,323.71794871794873,505.0
2025-12-05,82,Runiville,RUN-NEPTUNA 2T SUPER SPORT 500ML,1.0,4.0
2025-12-05,82,Runiville,RUN-QUARTZ 9000 SAE 5W40 500ML,1.0,5.0
2025-12-05,82,Runiville,RUN-QUARTZ 9000 SAE 5W40 5L,1.0,30.0
2025-12-05,82,Runiville,RUN-RACE BRAKEFLUID DOT4+ 500ML,1.0,4.0
2025-12-05,82,Runiville,RUN-RUBIA SX SAE40 500ML,4.0,12.0
2025-12-05,84,Avondale,AVONDALE USD DIESEL,154.8867798867799,240.0
2025-12-05,84,Avondale,AVONDALE USD PETROL,122.54412254412253,190.0
2025-12-05,86,Charter,CHARTER BULK/TAXI DIESEL ,3636.9210526315796,5487.0
2025-12-05,86,Charter,CHARTER USD DIESEL,296.61172161172163,460.0
2025-12-05,86,Charter,CHARTER USD PETROL,1547.3919460257223,2380.0
2025-12-05,88,Seke,SEKE DIESEL BULK,1180.2631578947369,1794.0
2025-12-05,88,Seke,SEKE USD DIESEL,2102.3892773892776,3277.0
2025-12-05,88,Seke,SEKE USD PETROL,1273.4962406015038,1956.0
2025-12-05,88,Seke,SEK-QUARTZ 3000 SG 20W50 500ML,2.0,6.0
2025-12-05,92,Msasa,MSA-QUARTZ 5000 20W50 500ML,1.0,3.0
2025-12-05,92,Msasa,MSASA BULK DIESEL,676.578947368421,1026.0
2025-12-05,92,Msasa,MSASA USD DIESEL,696.0539460539461,1083.0
2025-12-05,92,Msasa,MSASA USD PETROL,1150.6543456543457,1791.7
2025-12-05,96,Samora,SAM-FLUIDMATIC CVT MV 1L,1.0,10.0
2025-12-05,96,Samora,SAMORA USD DIESEL,184.84848484848484,286.0
2025-12-05,96,Samora,SAMORA USD PETROL,726.4069264069263,1125.0
2025-12-05,96,Samora,SAMORA USD TAXI DIESEL ,6.081081081081082,9.0
2025-12-05,98,Roadport,ROADPORT USD DIESEL,771.9030969030969,1203.0
2025-12-05,98,Roadport,ROADPORT USD DIESEL BUS,474.3859649122807,715.0
2025-12-05,98,Roadport,ROA-NEPTUNA 2T SUPER SPORT 500ML,1.0,4.0
2025-12-05,98,Roadport,ROAPORT USD PETROL,2161.7049617049615,3368.0
2025-12-05,98,Roadport,ROA-QUARTZ 5000 20W50 500ML,3.0,9.0
2025-12-05,98,Roadport,ROA-QUARTZ 7000 SAE 15W50 500ML,1.0,4.0
2025-12-06,102,Kirkman,KIRKMAN BULK DIESEL USD,380.0,577.6
2025-12-06,102,Kirkman,KIRKMAN USD DIESEL,336.5384615384615,525.0
2025-12-06,102,Kirkman,KIRKMAN USD PETROL,743.5897435897436,1160.0
2025-12-06,102,Kirkman,KIR-QUARTZ 5000 20W50 500ML,1.0,3.0
2025-12-06,102,Kirkman,KIR-QUARTZ 5000 20W50 5L,1.0,22.0
2025-12-06,110,Mutare Green Market,MUTARE GREEN MARKET BULK DIESEL,300.0,444.0
2025-12-06,110,Mutare Green Market,MUTARE GREENMARKET USD DIESEL,794.52,1191.77
2025-12-06,110,Mutare Green Market,MUTARE GREENMARKET USD PETROL,1592.3486842105262,2420.37
2025-12-06,112,Marondera,MAR-FLUIDMATIC CVT MV 1L,3.0,30.0
2025-12-06,112,Marondera,MAR-FLUIDMATIC DIII MV 500ML,1.0,3.0
2025-12-06,112,Marondera,MARONDERA USD DIESEL,436.84210526315786,664.0
2025-12-06,112,Marondera,MARONDERA USD PETROL,1620.4605263157896,2463.1
2025-12-06,114,Kadoma,KADOMA USD BULK DIESEL ,1500.0,2250.0
2025-12-06,114,Kadoma,KADOMA USD DIESEL,898.6754966887418,1357.0
2025-12-06,114,Kadoma,KADOMA USD PETROL,1254.2483660130717,1919.0
2025-12-06,114,Kadoma,KAD-QUARTZ 3000 SG 20W50 500ML,1.0,3.0
2025-12-06,121,Gweru,GWERU BULK DIESEL USD,248.0,374.48
2025-12-06,121,Gweru,GWERU USD DIESEL,1834.3205263157893,2788.16
2025-12-06,121,Gweru,GWERU USD PETROL,1813.586129032258,2811.05
2025-12-06,123,Fife Street,FIFE USD DIESEL,1349.3589743589746,2105.0
2025-12-06,123,Fife Street,FIFE USD PETROL,1980.128205128205,3089.0
2025-12-06,125,Fort Street,FORT STR BULK DIESEL USD,571.7105263157895,869.0
2025-12-06,125,Fort Street,FORT USD DIESEL,166.66666666666666,260.0
2025-12-06,125,Fort Street,FORT USD PETROL,988.4615384615385,1542.0
2025-12-06,127,Mpopoma,MPOPOMA BULK DIESEL USD,2377.6315789473683,3614.0
2025-12-06,127,Mpopoma,MPOPOMA USD DIESEL,714.7435897435898,1115.0
2025-12-06,127,Mpopoma,MPOPOMA USD PETROL,1232.051282051282,1922.0
2025-12-06,129,Khami,KHAMI BULK DIESEL USD,1317.1052631578948,2002.0
2025-12-06,129,Khami,KHAMI USD DIESEL,992.9487179487179,1549.0
2025-12-06,129,Khami,KHAMI USD PETROL,1121.7948717948718,1750.0
2025-12-06,131,R Mugabe,RM-MULTIS EP 2 500G,1.0,7.0
2025-12-06,131,R Mugabe,RM-NEPTUNA 2T SUPER SPORT 500ML,1.0,4.0
2025-12-06,131,R Mugabe,RM-RACE BRAKEFLUID DOT4+ 500ML,3.0,12.0
2025-12-06,131,R Mugabe,RM-RUBIA SX SAE40 500ML,1.0,3.0
2025-12-06,131,R Mugabe,R MUGABE USD DIESEL,940.3846153846155,1467.0
2025-12-06,131,R Mugabe,R MUGABE USD PETROL,1973.7179487179487,3079.0
2025-12-06,135,Cripps,BATTERY WATER 750ML,1.0,1.0
2025-12-06,135,Cripps,CRIPPS BULK DIESEL USD,675.3333333333334,1013.0
2025-12-06,135,Cripps,CRIPPS DIESEL USD,578.8461538461538,903.0
2025-12-06,135,Cripps,CRIPPS PETROL USD,833.3333333333334,1300.0
2025-12-06,140,Mutare Second Street,MUTARE SECOND USD DIESEL,1862.6666666666667,2794.0
2025-12-06,140,Mutare Second Street,MUTARE SECOND USD PETROL,1604.605263157895,2439.0
2025-12-06,141,Troutbeck,TROUTBECK BULK DIESEL ,345.39473684210526,525.0
2025-12-06,141,Troutbeck,TROUTBECK USD DIESEL,19.35483870967742,30.0
2025-12-06,141,Troutbeck,TROUTBECK USD PETROL,1153.8461538461538,1800.0
2025-12-06,145,Sunway City,SUN-QUARTZ 9000 SAE 5W40 500ML,2.0,10.0
2025-12-06,145,Sunway City,SUN-RUBIA TIR 7400 SAE 15W40 5L,1.0,25.0
2025-12-06,145,Sunway City,SUNWAY BULK DIESEL USD,309.86842105263156,471.0
2025-12-06,145,Sunway City,SUNWAY USD DIESEL,1817.3076923076922,2835.0
2025-12-06,145,Sunway City,SUNWAY USD PETROL,4117.3076923076915,6423.0
2025-12-06,146,Banket,BANKET BULK DIESEL USD,1834.72,2752.08
2025-12-06,146,Banket,BANKET USD DIESEL,321.42857142857144,495.0
2025-12-06,146,Banket,BANKET USD PETROL,2379.4871794871806,3712.0
2025-12-06,147,Chinhoyi Main,CHINHOYI BULK DIESEL USD,300.6578947368421,457.0
2025-12-06,147,Chinhoyi Main,CHINHOYI MAIN USD DIESEL,1274.1935483870966,1975.0
2025-12-06,147,Chinhoyi Main,CHINHOYI MAIN USD PETROL,3818.5897435897446,5957.0
2025-12-06,147,Chinhoyi Main,CHI-QUARTZ 9000 SAE 5W40 5L,1.0,30.0
2025-12-06,148,Chegutu,CHEGUTU BULK DIESEL USD,1814.5695364238413,2740.0
2025-12-06,148,Chegutu,CHEGUTU USD DIESEL,895.4248366013074,1370.0
2025-12-06,148,Chegutu,CHEGUTU USD PETROL,2631.818181818182,4053.0
2025-12-06,149,Turnpike,SWIFTEX - 658P,1.0,160.0
2025-12-06,149,Turnpike,TUR-NEPTUNA 2T SUPER SPORT 500ML,2.0,8.0
2025-12-06,149,Turnpike,TURNPIKE BULK DIESEL USD,744.0,1130.88
2025-12-06,149,Turnpike,TURNPIKE USD DIESEL,167.3076923076923,261.0
2025-12-06,149,Turnpike,TURNPIKE USD PETROL,174.99999999999997,273.0
2025-12-06,149,Turnpike,TUR-RUBIA SX SAE40 500ML,1.0,3.0
2025-12-06,149,Turnpike,TUR-RUBIA TIR 7400 SAE 15W40 5L,1.0,25.0
2025-12-06,150,Mutare One Stop,MUTARE ONE STOP DIESEL,1111.0266666666669,1666.54
2025-12-06,150,Mutare One Stop,MUTARE ONE STOP PETROL,1370.203947368421,2082.71
2025-12-06,82,Runiville,RUNIVILLE BULK DIESEL USD,138.1578947368421,210.0
2025-12-06,82,Runiville,RUNIVILLE USD DIESEL,203.8461538461538,318.0
2025-12-06,82,Runiville,RUNIVILLE USD PETROL,344.23076923076917,537.0
2025-12-06,82,Runiville,RUN-QUARTZ 9000 SAE 5W40 5L,1.0,30.0
2025-12-06,82,Runiville,RUN-RUBIA SX SAE40 500ML,2.0,6.0
2025-12-06,82,Runiville,RUN-RUBIA TIR 7400 SAE 15W40 5L,1.0,25.0
2025-12-06,84,Avondale,AVONDALE USD DIESEL,445.5128205128205,695.0
2025-12-06,84,Avondale,AVONDALE USD PETROL,561.5384615384615,876.0
2025-12-06,86,Charter,CHARTER BULK/TAXI DIESEL ,3536.842105263158,5376.0
2025-12-06,86,Charter,CHARTER USD DIESEL,712.1794871794871,1111.0
2025-12-06,86,Charter,CHARTER USD PETROL,1354.1935483870968,2099.0
2025-12-06,86,Charter,CHA-RUBIA SX SAE40 500ML,1.0,3.0
2025-12-06,88,Seke,SEKE DIESEL BULK,280.2631578947369,426.0
2025-12-06,88,Seke,SEKE USD DIESEL,1463.4615384615386,2283.0
2025-12-06,88,Seke,SEKE USD PETROL,2383.116883116883,3670.0
2025-12-06,88,Seke,SEK-FLUIDMATIC DIII MV 500ML,1.0,3.0
2025-12-06,88,Seke,SEK-QUARTZ 5000 20W50 500ML,1.0,3.0
2025-12-06,88,Seke,SEK-QUARTZ 9000 SAE 5W40 500ML,3.0,15.0
2025-12-06,92,Msasa,MSASA BULK DIESEL,1176.6052631578948,1788.44
2025-12-06,92,Msasa,MSASA USD DIESEL,1230.769230769231,1920.0
2025-12-06,92,Msasa,MSASA USD PETROL,1035.2564102564104,1615.0
2025-12-06,96,Samora,SAMORA USD DIESEL,404.48717948717945,631.0
2025-12-06,96,Samora,SAMORA USD PETROL,921.1538461538462,1437.0
2025-12-06,96,Samora,SAMORA USD TAXI DIESEL ,68.0,102.0
2025-12-06,98,Roadport,ROADPORT USD DIESEL,1170.7371794871794,1826.34
2025-12-06,98,Roadport,ROADPORT USD DIESEL BUS,1278.9473684210527,1944.0
2025-12-06,98,Roadport,ROAPORT USD PETROL,5540.673076923078,8643.45
2025-12-06,98,Roadport,ROA-QUARTZ 5000 20W50 5L,1.0,22.0
2025-12-07,102,Kirkman,KIRKMAN BULK DIESEL USD,100.0,152.0
2025-12-07,102,Kirkman,KIRKMAN USD DIESEL,282.05128205128204,440.0
2025-12-07,102,Kirkman,KIRKMAN USD PETROL,455.1282051282052,710.0
2025-12-07,102,Kirkman,KIR-QUARTZ 9000 SAE 5W40 500ML,1.0,5.0
2025-12-07,110,Mutare Green Market,MUTARE GREEN MARKET BULK DIESEL,219.5945945945946,325.0
2025-12-07,110,Mutare Green Market,MUTARE GREENMARKET USD DIESEL,346.74,520.11
2025-12-07,110,Mutare Green Market,MUTARE GREENMARKET USD PETROL,905.6381578947369,1376.57
2025-12-07,112,Marondera,MARONDERA USD DIESEL,801.9736842105264,1219.0
2025-12-07,112,Marondera,MARONDERA USD PETROL,1519.0789473684213,2309.0
2025-12-07,112,Marondera,MAR-QUARTZ 9000 SAE 5W40 500ML,1.0,5.0
2025-12-07,112,Marondera,MAR-RACE BRAKEFLUID DOT4+ 500ML,1.0,4.0
2025-12-07,112,Marondera,MAR-RUBIA SX SAE40 500ML,1.0,3.0
2025-12-07,114,Kadoma,KAD-NEPTUNA 2T SUPER SPORT 500ML,1.0,4.0
2025-12-07,114,Kadoma,KADOMA USD BULK DIESEL ,1986.6666666666667,2980.0
2025-12-07,114,Kadoma,KADOMA USD DIESEL,584.1059602649007,882.0
2025-12-07,114,Kadoma,KADOMA USD PETROL,809.8039215686274,1239.0
2025-12-07,114,Kadoma,KAD-QUARTZ 4X4 15W40 500ML,1.0,3.0
2025-12-07,121,Gweru,GWERU BULK DIESEL USD,1353.1258278145697,2043.22
2025-12-07,121,Gweru,GWERU USD DIESEL,1992.1052631578946,3028.0
2025-12-07,121,Gweru,GWERU USD PETROL,1454.9916129032258,2255.23
2025-12-07,123,Fife Street,FIFE USD DIESEL,402.56410256410254,628.0
2025-12-07,123,Fife Street,FIFE USD PETROL,1487.1794871794873,2320.0
2025-12-07,125,Fort Street,FORT USD PETROL,237.17948717948718,370.0
2025-12-07,127,Mpopoma,MPOPOMA BULK DIESEL USD,1711.184210526316,2601.0
2025-12-07,127,Mpopoma,MPOPOMA USD DIESEL,507.051282051282,791.0
2025-12-07,127,Mpopoma,MPOPOMA USD PETROL,1219.230769230769,1902.0
2025-12-07,127,Mpopoma,MPO-QUARTZ 5000 20W50 500ML,1.0,3.0
2025-12-07,127,Mpopoma,MPO-RACE BRAKEFLUID DOT4+ 500ML,1.0,4.0
2025-12-07,127,Mpopoma,MPO-RUBIA TIR 7400 15W40 500ML,1.0,3.0
2025-12-07,129,Khami,KHAMI BULK DIESEL USD,1030.2631578947367,1566.0
2025-12-07,129,Khami,KHAMI USD DIESEL,1241.6666666666667,1937.0
2025-12-07,129,Khami,KHAMI USD PETROL,610.8974358974359,953.0
2025-12-07,131,R Mugabe,RM-RACE BRAKEFLUID DOT4+ 500ML,1.0,4.0
2025-12-07,131,R Mugabe,R MUGABE USD DIESEL,646.1538461538462,1008.0
2025-12-07,131,R Mugabe,R MUGABE USD PETROL,1408.9743589743591,2198.0
2025-12-07,135,Cripps,CRIPPS BULK DIESEL USD,736.6666666666666,1105.0
2025-12-07,135,Cripps,CRIPPS DIESEL USD,466.025641025641,727.0
2025-12-07,135,Cripps,CRIPPS PETROL USD,505.1282051282051,788.0
2025-12-07,135,Cripps,CRI-RUBIA SX SAE40 500ML,2.0,6.0
2025-12-07,140,Mutare Second Street,MUTARE SECOND USD DIESEL,1243.3333333333333,1865.0
2025-12-07,140,Mutare Second Street,MUTARE SECOND USD PETROL,825.6578947368421,1255.0
2025-12-07,141,Troutbeck,TROUTBECK BULK DIESEL ,1619.7368421052631,2462.0
2025-12-07,141,Troutbeck,TROUTBECK USD DIESEL,1695.483870967742,2628.0
2025-12-07,141,Troutbeck,TROUTBECK USD PETROL,1669.230769230769,2604.0
2025-12-07,145,Sunway City,SUN-QUARTZ 5000 20W50 5L,1.0,22.0
2025-12-07,145,Sunway City,SUNWAY BULK DIESEL USD,1684.9999999999998,2561.19
2025-12-07,145,Sunway City,SUNWAY USD DIESEL,714.7435897435897,1115.0
2025-12-07,145,Sunway City,SUNWAY USD PETROL,4658.641025641025,7267.48
2025-12-07,146,Banket,BAN-FLUIDMATIC DIII MV 500ML,2.0,6.0
2025-12-07,146,Banket,BANKET BULK DIESEL USD,1041.11,1561.66
2025-12-07,146,Banket,BANKET USD DIESEL,138.31168831168824,213.0
2025-12-07,146,Banket,BANKET USD PETROL,1105.128205128205,1724.0
2025-12-07,146,Banket,BAN-QUARTZ 5000 20W50 500ML,1.0,3.0
2025-12-07,146,Banket,BAN-RACE BRAKEFLUID DOT4+ 500ML,2.0,8.0
2025-12-07,147,Chinhoyi Main,CHI-FLUIDMATIC DIII MV 500ML,2.0,6.0
2025-12-07,147,Chinhoyi Main,CHINHOYI MAIN USD DIESEL,100.0,155.0
2025-12-07,147,Chinhoyi Main,CHINHOYI MAIN USD PETROL,358.97435897435895,560.0
2025-12-07,147,Chinhoyi Main,CHI-QUARTZ 5000 20W50 500ML,3.0,9.0
2025-12-07,147,Chinhoyi Main,CHI-RACE BRAKEFLUID DOT4+ 500ML,1.0,4.0
2025-12-07,148,Chegutu,CHE-FLUIDMATIC DIII MV 500ML,1.0,3.0
2025-12-07,148,Chegutu,CHEGUTU BULK DIESEL USD,100.0,151.0
2025-12-07,148,Chegutu,CHEGUTU USD DIESEL,1402.614379084967,2146.0
2025-12-07,148,Chegutu,CHEGUTU USD PETROL,1625.9740259740256,2504.0
2025-12-07,149,Turnpike,TURNPIKE BULK DIESEL USD,1915.7894736842104,2912.0
2025-12-07,149,Turnpike,TURNPIKE USD DIESEL,153.20512820512818,239.0
2025-12-07,149,Turnpike,TURNPIKE USD PETROL,33.33333333333333,52.0
2025-12-07,149,Turnpike,TUR-QUARTZ 9000 SAE 5W40 500ML,2.0,10.0
2025-12-07,149,Turnpike,TUR-RUBIA SX SAE40 500ML,3.0,9.0
2025-12-07,150,Mutare One Stop,MUTARE ONE STOP DIESEL,678.68,1018.02
2025-12-07,150,Mutare One Stop,MUTARE ONE STOP PETROL,943.7828947368421,1434.55
2025-12-07,82,Runiville,RUNIVILLE USD DIESEL,12.82051282051282,20.0
2025-12-07,82,Runiville,RUNIVILLE USD PETROL,180.12820512820514,281.0
2025-12-07,82,Runiville,RUN-QUARTZ 9000 SAE 5W40 500ML,2.0,10.0
2025-12-07,84,Avondale,AVONDALE USD DIESEL,173.07692307692307,270.0
2025-12-07,84,Avondale,AVONDALE USD PETROL,445.5128205128205,695.0
2025-12-07,86,Charter,CHARTER BULK/TAXI DIESEL ,2117.7631578947367,3219.0
2025-12-07,86,Charter,CHARTER USD DIESEL,195.5128205128205,305.0
2025-12-07,86,Charter,CHARTER USD PETROL,694.8387096774193,1077.0
2025-12-07,88,Seke,SEKE USD DIESEL,1130.7692307692307,1764.0
2025-12-07,88,Seke,SEKE USD PETROL,1814.9350649350647,2795.0
2025-12-07,88,Seke,SEK-QUARTZ 3000 SG 20W50 5L,1.0,18.0
2025-12-07,88,Seke,SEK-RUBIA TIR 7400 SAE 15W40 5L,1.0,25.0
2025-12-07,92,Msasa,MSASA BULK DIESEL,449.3421052631579,683.0
2025-12-07,92,Msasa,MSASA USD DIESEL,255.1282051282051,398.0
2025-12-07,92,Msasa,MSASA USD PETROL,349.35897435897436,545.0
2025-12-07,96,Samora,SAMORA USD DIESEL,178.20512820512818,278.0
2025-12-07,96,Samora,SAMORA USD PETROL,523.0769230769231,816.0
2025-12-07,96,Samora,SAMORA USD TAXI DIESEL ,30.0,45.0
2025-12-07,98,Roadport,ROADPORT USD DIESEL,466.025641025641,727.0
2025-12-07,98,Roadport,ROADPORT USD DIESEL BUS,957.2368421052631,1455.0
2025-12-07,98,Roadport,ROAPORT USD PETROL,1772.4358974358977,2765.0
2025-12-08,102,Kirkman,KIRKMAN BULK DIESEL USD,269.73,409.98
2025-12-08,102,Kirkman,KIRKMAN USD DIESEL,163.46153846153845,255.0
2025-12-08,102,Kirkman,KIRKMAN USD PETROL,729.4871794871794,1138.0
2025-12-08,102,Kirkman,KIR-QUARTZ 5000 20W50 500ML,2.0,6.0
2025-12-08,110,Mutare Green Market,MUTARE GREEN MARKET BULK DIESEL,351.35135135135135,520.0
2025-12-08,110,Mutare Green Market,MUTARE GREENMARKET USD DIESEL,704.1733333333333,1056.26
2025-12-08,110,Mutare Green Market,MUTARE GREENMARKET USD PETROL,1127.7631578947367,1714.2
2025-12-08,112,Marondera,MARONDERA USD DIESEL,676.3157894736843,1028.0
2025-12-08,112,Marondera,MARONDERA USD PETROL,1337.6315789473683,2033.2
2025-12-08,114,Kadoma,KADOMA USD BULK DIESEL ,343.33333333333337,515.0
2025-12-08,114,Kadoma,KADOMA USD DIESEL,876.8211920529801,1324.0
2025-12-08,114,Kadoma,KADOMA USD PETROL,1051.6339869281046,1609.0
2025-12-08,114,Kadoma,KAD-RUBIA TIR 7400 15W40 500ML,1.0,3.0
2025-12-08,121,Gweru,GWERU USD DIESEL,1688.897894736842,2567.12
2025-12-08,121,Gweru,GWERU USD PETROL,1608.744193548387,2493.55
2025-12-08,123,Fife Street,FIFE USD DIESEL,1134.6153846153845,1770.0
2025-12-08,123,Fife Street,FIFE USD PETROL,989.1025641025641,1543.0
2025-12-08,125,Fort Street,FORT STR BULK DIESEL USD,863.8947368421052,1313.12
2025-12-08,125,Fort Street,FORT USD DIESEL,383.97435897435895,599.0
2025-12-08,125,Fort Street,FORT USD PETROL,197.4358974358974,308.0
2025-12-08,127,Mpopoma,MPOPOMA BULK DIESEL USD,2780.5715789473684,4226.46
2025-12-08,127,Mpopoma,MPOPOMA USD DIESEL,447.43589743589746,698.0
2025-12-08,127,Mpopoma,MPOPOMA USD PETROL,877.5641025641025,1369.0
2025-12-08,129,Khami,KHAMI BULK DIESEL USD,1699.342105263158,2583.0
2025-12-08,129,Khami,KHAMI USD DIESEL,369.87179487179486,577.0
2025-12-08,129,Khami,KHAMI USD PETROL,12.82051282051282,20.0
2025-12-08,131,R Mugabe,RM-FLUIDMATIC CVT MV 1L,1.0,10.0
2025-12-08,131,R Mugabe,RM-NEPTUNA 2T SUPER SPORT 500ML,1.0,4.0
2025-12-08,131,R Mugabe,RM-RACE BRAKEFLUID DOT4+ 500ML,2.0,8.0
2025-12-08,131,R Mugabe,RM-RUBIA TIR 7400 SAE 15W40 5L,1.0,25.0
2025-12-08,131,R Mugabe,R MUGABE USD DIESEL,676.2820512820513,1055.0
2025-12-08,131,R Mugabe,R MUGABE USD PETROL,1318.5897435897436,2057.0
2025-12-08,135,Cripps,CRIPPS BULK DIESEL USD,1796.0816326530612,2688.0
2025-12-08,135,Cripps,CRIPPS DIESEL USD,509.6153846153845,795.0
2025-12-08,135,Cripps,CRIPPS PETROL USD,937.8205128205129,1463.0
2025-12-08,140,Mutare Second Street,MUTARE SECOND USD DIESEL,1234.6666666666667,1852.0
2025-12-08,140,Mutare Second Street,MUTARE SECOND USD PETROL,1149.342105263158,1747.0
2025-12-08,141,Troutbeck,TROUTBECK BULK DIESEL ,322.36,489.98
2025-12-08,141,Troutbeck,TROUTBECK USD DIESEL,932.258064516129,1445.0
2025-12-08,141,Troutbeck,TROUTBECK USD PETROL,1482.051282051282,2312.0
2025-12-08,145,Sunway City,SUNWAY BULK DIESEL USD,1472.48322147651,2194.0
2025-12-08,145,Sunway City,SUNWAY USD DIESEL,2306.410256410257,3598.0
2025-12-08,145,Sunway City,SUNWAY USD PETROL,3712.820512820513,5792.0
2025-12-08,146,Banket,BANKET BULK DIESEL USD,2033.1033333333332,3049.65
2025-12-08,146,Banket,BANKET USD DIESEL,548.7012987012988,845.0
2025-12-08,146,Banket,BANKET USD PETROL,3929.48717948718,6130.0
2025-12-08,146,Banket,BAN-PROSYLVA 2 STROKE 200ML,1.0,2.0
2025-12-08,146,Banket,BAN-QUARTZ 4X4 15W40 500ML,2.0,6.0
2025-12-08,147,Chinhoyi Main,CHINHOYI BULK DIESEL USD,957.2368421052631,1455.0
2025-12-08,147,Chinhoyi Main,CHINHOYI MAIN USD DIESEL,465.16129032258056,721.0
2025-12-08,147,Chinhoyi Main,CHINHOYI MAIN USD PETROL,3342.9487179487187,5215.0
2025-12-08,147,Chinhoyi Main,CHI-QUARTZ 9000 SAE 5W40 500ML,1.0,5.0
2025-12-08,147,Chinhoyi Main,CHI-RACE BRAKEFLUID DOT4+ 500ML,1.0,4.0
2025-12-08,148,Chegutu,CHEGUTU BULK DIESEL USD,728.4768211920531,1100.0
2025-12-08,148,Chegutu,CHEGUTU USD DIESEL,873.8562091503268,1337.0
2025-12-08,148,Chegutu,CHEGUTU USD PETROL,2219.480519480519,3418.0
2025-12-08,149,Turnpike,TURNPIKE BULK DIESEL USD,1232.8947368421052,1874.0
2025-12-08,149,Turnpike,TURNPIKE USD DIESEL,1114.7435897435898,1739.0
2025-12-08,149,Turnpike,TURNPIKE USD PETROL,1487.820512820513,2321.0
2025-12-08,149,Turnpike,TUR-RACE BRAKEFLUID DOT4+ 500ML,1.0,4.0
2025-12-08,149,Turnpike,TUR-RUBIA SX SAE40 500ML,10.0,30.0
2025-12-08,150,Mutare One Stop,MUTARE ONE STOP DIESEL,1708.9666666666665,2563.45
2025-12-08,150,Mutare One Stop,MUTARE ONE STOP PETROL,1497.375,2276.01
2025-12-08,82,Runiville,RUN-FLUIDMATIC DIII MV 500ML,2.0,6.0
2025-12-08,82,Runiville,RUNIVILLE BULK DIESEL USD,585.5263157894736,890.0
2025-12-08,82,Runiville,RUNIVILLE USD DIESEL,221.79487179487177,346.0
2025-12-08,82,Runiville,RUNIVILLE USD PETROL,392.9487179487179,613.0
2025-12-08,82,Runiville,RUN-NEPTUNA 2T SUPER SPORT 500ML,1.0,4.0
2025-12-08,82,Runiville,RUN-QUARTZ 5000 20W50 5L,1.0,22.0
2025-12-08,82,Runiville,RUN-QUARTZ 9000 SAE 5W40 5L,2.0,60.0
2025-12-08,84,Avondale,AVONDALE USD DIESEL,307.6923076923077,480.0
2025-12-08,84,Avondale,AVONDALE USD PETROL,498.7179487179486,778.0
2025-12-08,86,Charter,CHARTER BULK/TAXI DIESEL ,2307.236842105263,3507.0
2025-12-08,86,Charter,CHARTER USD DIESEL,78.84615384615384,123.0
2025-12-08,86,Charter,CHARTER USD PETROL,905.1612903225806,1403.0
2025-12-08,86,Charter,CHA-RUBIA SX SAE40 500ML,2.0,6.0
2025-12-08,88,Seke,SEKE DIESEL BULK,505.94894736842105,769.04
2025-12-08,88,Seke,SEKE USD DIESEL,788.4615384615387,1230.0
2025-12-08,88,Seke,SEKE USD PETROL,2154.551948051948,3318.01
2025-12-08,88,Seke,SEK-QUARTZ 5000 20W50 500ML,1.0,3.0
2025-12-08,92,Msasa,MSASA BULK DIESEL,1566.4473684210527,2381.0
2025-12-08,92,Msasa,MSASA USD DIESEL,753.2051282051283,1175.0
2025-12-08,92,Msasa,MSASA USD PETROL,649.3589743589744,1013.0
2025-12-08,96,Samora,SAM-FLUIDMATIC DIII MV 500ML,5.0,15.0
2025-12-08,96,Samora,SAMORA USD DIESEL,272.4358974358974,425.0
2025-12-08,96,Samora,SAMORA USD PETROL,1317.3141025641028,2055.01
2025-12-08,96,Samora,SAMORA USD TAXI DIESEL ,62.666666666666664,94.0
2025-12-08,98,Roadport,ROADPORT USD DIESEL,885.2564102564104,1381.0
2025-12-08,98,Roadport,ROADPORT USD DIESEL BUS,1959.2105263157896,2978.0
2025-12-08,98,Roadport,ROAPORT USD PETROL,3581.967948717949,5587.87
2025-12-09,102,Kirkman,KIRKMAN BULK DIESEL USD,800.0,1216.0
2025-12-09,102,Kirkman,KIRKMAN USD DIESEL,208.33333333333331,325.0
2025-12-09,102,Kirkman,KIRKMAN USD PETROL,607.6923076923076,948.0
2025-12-09,102,Kirkman,KIR-QUARTZ 9000 SAE 5W40 500ML,2.0,10.0
2025-12-09,102,Kirkman,KIR-RACE BRAKEFLUID DOT4+ 500ML,5.0,20.0
2025-12-09,110,Mutare Green Market,MUTARE GREEN MARKET BULK DIESEL,1195.2702702702702,1769.0
2025-12-09,110,Mutare Green Market,MUTARE GREENMARKET USD DIESEL,440.8266666666667,661.24
2025-12-09,110,Mutare Green Market,MUTARE GREENMARKET USD PETROL,1566.3223684210527,2380.81
2025-12-09,112,Marondera,MARONDERA USD DIESEL,604.3026315789474,918.54
2025-12-09,112,Marondera,MARONDERA USD PETROL,1261.842105263158,1918.0
2025-12-09,112,Marondera,MAR-RACE BRAKEFLUID DOT4+ 500ML,1.0,4.0
2025-12-09,114,Kadoma,KADOMA USD DIESEL,598.6754966887418,904.0
2025-12-09,114,Kadoma,KADOMA USD PETROL,1104.5751633986931,1690.0
2025-12-09,121,Gweru,GWERU BULK DIESEL USD,1044.0,1576.44
2025-12-09,121,Gweru,GWERU USD DIESEL,2239.8278947368417,3404.53
2025-12-09,121,Gweru,GWERU USD PETROL,1733.4564516129033,2686.85
2025-12-09,123,Fife Street,FIFE USD DIESEL,573.076923076923,894.0
2025-12-09,123,Fife Street,FIFE USD PETROL,559.6153846153846,873.0
2025-12-09,125,Fort Street,FOR-QUARTZ 3000 SG 20W50 500ML,4.0,12.0
2025-12-09,125,Fort Street,FOR-RACE BRAKEFLUID DOT4+ 500ML,1.0,4.0
2025-12-09,125,Fort Street,FORT STR BULK DIESEL USD,150.0,228.0
2025-12-09,125,Fort Street,FORT USD DIESEL,73.07692307692308,114.0
2025-12-09,125,Fort Street,FORT USD PETROL,110.8974358974359,173.0
2025-12-09,127,Mpopoma,MPOPOMA BULK DIESEL USD,2557.2368421052633,3887.0
2025-12-09,127,Mpopoma,MPOPOMA USD DIESEL,567.3076923076923,885.0
2025-12-09,127,Mpopoma,MPOPOMA USD PETROL,778.2051282051282,1214.0
2025-12-09,127,Mpopoma,MPO-QUARTZ 5000 20W50 500ML,1.0,3.0
2025-12-09,127,Mpopoma,MPO-RACE BRAKEFLUID DOT4+ 500ML,2.0,8.0
2025-12-09,129,Khami,KHAMI BULK DIESEL USD,1936.73,2943.82
2025-12-09,129,Khami,KHAMI USD DIESEL,1805.3846153846155,2816.4
2025-12-09,129,Khami,KHAMI USD PETROL,860.1282051282051,1341.8
2025-12-09,131,R Mugabe,R MUGABE USD DIESEL,695.5128205128204,1085.0
2025-12-09,131,R Mugabe,R MUGABE USD PETROL,1432.6923076923076,2235.0
2025-12-09,135,Cripps,CRIPPS BULK DIESEL USD,1848.9795918367345,2718.0
2025-12-09,135,Cripps,CRIPPS DIESEL USD,444.23076923076917,693.0
2025-12-09,135,Cripps,CRIPPS PETROL USD,1373.076923076923,2142.0
2025-12-09,140,Mutare Second Street,MUTARE SECOND USD DIESEL,690.0,1035.0
2025-12-09,140,Mutare Second Street,MUTARE SECOND USD PETROL,592.1052631578947,900.0
2025-12-09,141,Troutbeck,TROUTBECK BULK DIESEL ,860.5263157894736,1308.0
2025-12-09,141,Troutbeck,TROUTBECK USD DIESEL,1127.0967741935483,1747.0
2025-12-09,141,Troutbeck,TROUTBECK USD PETROL,1516.0256410256409,2365.0
2025-12-09,145,Sunway City,SUNWAY BULK DIESEL USD,1893.288590604027,2821.0
2025-12-09,145,Sunway City,SUNWAY USD DIESEL,2594.230769230769,4047.0
2025-12-09,145,Sunway City,SUNWAY USD PETROL,3192.9487179487173,4981.0
2025-12-09,146,Banket,BANKET BULK DIESEL USD,1150.0,1725.0
2025-12-09,146,Banket,BANKET USD DIESEL,438.3116883116885,675.0
2025-12-09,146,Banket,BANKET USD PETROL,3007.6923076923076,4692.0
2025-12-09,146,Banket,BAN-QUARTZ 5000 20W50 500ML,1.0,3.0
2025-12-09,146,Banket,BAN-QUARTZ 5000 20W50 5L,1.0,22.0
2025-12-09,146,Banket,BAN-RACE BRAKEFLUID DOT4+ 500ML,2.0,8.0
2025-12-09,147,Chinhoyi Main,CHINHOYI BULK DIESEL USD,764.4736842105262,1162.0
2025-12-09,147,Chinhoyi Main,CHINHOYI MAIN USD DIESEL,444.516129032258,689.0
2025-12-09,147,Chinhoyi Main,CHINHOYI MAIN USD PETROL,2983.974358974359,4655.0
2025-12-09,147,Chinhoyi Main,CHI-RUBIA TIR 7400 15W40 500ML,2.0,6.0
2025-12-09,148,Chegutu,CHEGUTU BULK DIESEL USD,483.44370860927154,730.0
2025-12-09,148,Chegutu,CHEGUTU USD DIESEL,1149.0196078431377,1758.0
2025-12-09,148,Chegutu,CHEGUTU USD PETROL,1908.4415584415585,2939.0
2025-12-09,149,Turnpike,TUR-NEPTUNA 2T SUPER SPORT 500ML,3.0,12.0
2025-12-09,149,Turnpike,TURNPIKE BULK DIESEL USD,219.73684210526315,334.0
2025-12-09,149,Turnpike,TURNPIKE USD DIESEL,676.9230769230769,1056.0
2025-12-09,149,Turnpike,TURNPIKE USD PETROL,1367.3076923076922,2133.0
2025-12-09,149,Turnpike,TUR-QUARTZ 9000 SAE 5W40 500ML,2.0,10.0
2025-12-09,150,Mutare One Stop,MUTARE ONE STOP DIESEL,1547.7066666666667,2321.56
2025-12-09,150,Mutare One Stop,MUTARE ONE STOP PETROL,1803.3618421052631,2741.11
2025-12-09,82,Runiville,RUNIVILLE BULK DIESEL USD,144.73684210526315,220.0
2025-12-09,82,Runiville,RUNIVILLE USD DIESEL,109.61538461538461,171.0
2025-12-09,82,Runiville,RUNIVILLE USD PETROL,294.2307692307692,459.0
2025-12-09,82,Runiville,RUN-QUARTZ 4X4 15W40 500ML,2.0,6.0
2025-12-09,82,Runiville,RUN-RUBIA TIR 7400 15W40 500ML,2.0,6.0
2025-12-09,84,Avondale,AVONDALE USD DIESEL,326.9230769230769,510.0
2025-12-09,84,Avondale,AVONDALE USD PETROL,701.9230769230768,1095.0
2025-12-09,84,Avondale,AVO-QUARTZ 9000 SAE 5W40 500ML,3.0,15.0
2025-12-09,86,Charter,CHA-QUARTZ 4X4 15W40 500ML,2.0,6.0
2025-12-09,86,Charter,CHARTER BULK/TAXI DIESEL ,2172.3684210526317,3302.0
2025-12-09,86,Charter,CHARTER USD DIESEL,557.6923076923076,870.0
2025-12-09,86,Charter,CHARTER USD PETROL,1194.8387096774195,1852.0
2025-12-09,88,Seke,SEKE DIESEL BULK,801.9736842105264,1219.0
2025-12-09,88,Seke,SEKE USD DIESEL,1386.5384615384612,2163.0
2025-12-09,88,Seke,SEKE USD PETROL,2290.9090909090914,3528.0
2025-12-09,88,Seke,SEK-QUARTZ 3000 SG 20W50 500ML,1.0,3.0
2025-12-09,88,Seke,SEK-QUARTZ 5000 20W50 500ML,1.0,3.0
2025-12-09,92,Msasa,MSA-QUARTZ 5000 20W50 500ML,1.0,3.0
2025-12-09,92,Msasa,MSASA BULK DIESEL,543.6241610738255,810.0
2025-12-09,92,Msasa,MSASA USD DIESEL,547.4358974358973,854.0
2025-12-09,92,Msasa,MSASA USD PETROL,1135.1341025641027,1770.8
2025-12-09,96,Samora,SAMORA USD DIESEL,126.28205128205127,197.0
2025-12-09,96,Samora,SAMORA USD PETROL,375.64102564102564,586.0
2025-12-09,96,Samora,SAMORA USD TAXI DIESEL ,26.666666666666668,40.0
2025-12-09,96,Samora,SAM-RUBIA SX SAE40 500ML,3.0,9.0
2025-12-09,98,Roadport,ROADPORT USD DIESEL,683.974358974359,1067.0
2025-12-09,98,Roadport,ROADPORT USD DIESEL BUS,1037.8355263157894,1577.51
2025-12-09,98,Roadport,ROAPORT USD PETROL,3575.4487179487196,5577.7
2025-12-10,102,Kirkman,KIRKMAN USD DIESEL,269.2307692307692,420.0
2025-12-10,102,Kirkman,KIRKMAN USD PETROL,532.6923076923076,831.0
2025-12-10,110,Mutare Green Market,MUTARE GREEN MARKET BULK DIESEL,1287.162162162162,1905.0
2025-12-10,110,Mutare Green Market,MUTARE GREENMARKET USD DIESEL,639.6133333333333,959.42
2025-12-10,110,Mutare Green Market,MUTARE GREENMARKET USD PETROL,1368.6052631578946,2080.28
2025-12-10,112,Marondera,MARONDERA USD DIESEL,729.6052631578947,1109.0
2025-12-10,112,Marondera,MARONDERA USD PETROL,911.1842105263157,1385.0
2025-12-10,112,Marondera,MAR-RUBIA TIR 7400 15W40 500ML,2.0,6.0
2025-12-10,114,Kadoma,KADOMA USD BULK DIESEL ,600.0,900.0
2025-12-10,114,Kadoma,KADOMA USD DIESEL,1050.3311258278147,1586.0
2025-12-10,114,Kadoma,KADOMA USD PETROL,1030.065359477124,1576.0
2025-12-10,121,Gweru,GWE-FLUIDMATIC DIII MV 500ML,2.0,6.0
2025-12-10,121,Gweru,GWE-NEPTUNA 2T SUPER SPORT 500ML,2.0,8.0
2025-12-10,121,Gweru,GWE-QUARTZ 9000 SAE 5W40 500ML,2.0,10.0
2025-12-10,121,Gweru,GWERU USD DIESEL,2378.4605263157896,3615.26
2025-12-10,121,Gweru,GWERU USD PETROL,1337.7906451612903,2073.57
2025-12-10,123,Fife Street,FIFE USD DIESEL,786.5384615384615,1227.0
2025-12-10,123,Fife Street,FIFE USD PETROL,1362.8205128205127,2126.0
2025-12-10,125,Fort Street,FORT STR BULK DIESEL USD,355.2631578947368,540.0
2025-12-10,125,Fort Street,FORT USD DIESEL,454.48717948717945,709.0
2025-12-10,125,Fort Street,FORT USD PETROL,305.1282051282051,476.0
2025-12-10,127,Mpopoma,MPOPOMA BULK DIESEL USD,2340.1315789473683,3557.0
2025-12-10,127,Mpopoma,MPOPOMA USD DIESEL,982.051282051282,1532.0
2025-12-10,127,Mpopoma,MPOPOMA USD PETROL,941.025641025641,1468.0
2025-12-10,127,Mpopoma,MPO-QUARTZ 5000 20W50 500ML,2.0,6.0
2025-12-10,127,Mpopoma,MPO-RACE BRAKEFLUID DOT4+ 500ML,2.0,8.0
2025-12-10,127,Mpopoma,MPO-RUBIA SX SAE40 500ML,1.0,3.0
2025-12-10,129,Khami,KHAMI BULK DIESEL USD,831.578947368421,1264.0
2025-12-10,129,Khami,KHAMI USD DIESEL,1222.4358974358975,1907.0
2025-12-10,129,Khami,KHAMI USD PETROL,775.5128205128206,1209.8
2025-12-10,131,R Mugabe,R MUGABE USD DIESEL,851.9230769230769,1329.0
2025-12-10,131,R Mugabe,R MUGABE USD PETROL,1605.7692307692305,2505.0
2025-12-10,135,Cripps,CRIPPS BULK DIESEL USD,1387.7551020408164,2040.0
2025-12-10,135,Cripps,CRIPPS DIESEL USD,594.8717948717948,928.0
2025-12-10,135,Cripps,CRIPPS PETROL USD,551.2820512820513,860.0
2025-12-10,135,Cripps,CRI-RUBIA SX SAE40 500ML,2.0,6.0
2025-12-10,140,Mutare Second Street,MUTARE SECOND USD DIESEL,1210.6666666666665,1816.0
2025-12-10,140,Mutare Second Street,MUTARE SECOND USD PETROL,976.3157894736842,1484.0
2025-12-10,141,Troutbeck,TRO-RUBIA TIR 7400 SAE 15W40 5L,1.0,25.0
2025-12-10,141,Troutbeck,TROUTBECK BULK DIESEL ,300.0,456.0
2025-12-10,141,Troutbeck,TROUTBECK USD DIESEL,830.9677419354839,1288.0
2025-12-10,141,Troutbeck,TROUTBECK USD PETROL,1217.948717948718,1900.0
2025-12-10,145,Sunway City,SUNWAY USD DIESEL,665.3846153846154,1038.0
2025-12-10,145,Sunway City,SUNWAY USD PETROL,4342.307692307693,6774.0
2025-12-10,146,Banket,BANKET BULK DIESEL USD,608.0,912.0
2025-12-10,146,Banket,BANKET USD DIESEL,611.038961038961,941.0
2025-12-10,146,Banket,BANKET USD PETROL,1576.2820512820515,2459.0
2025-12-10,147,Chinhoyi Main,CHI-NEPTUNA 2T SUPER SPORT 500ML,1.0,4.0
2025-12-10,147,Chinhoyi Main,CHINHOYI BULK DIESEL USD,311.8421052631579,474.0
2025-12-10,147,Chinhoyi Main,CHINHOYI MAIN USD DIESEL,661.9354838709677,1026.0
2025-12-10,147,Chinhoyi Main,CHINHOYI MAIN USD PETROL,2426.282051282051,3785.0
2025-12-10,147,Chinhoyi Main,CHI-RUBIA TIR 7400 15W40 500ML,4.0,12.0
2025-12-10,148,Chegutu,CHEGUTU BULK DIESEL USD,1071.523178807947,1618.0
2025-12-10,148,Chegutu,CHEGUTU USD DIESEL,1135.947712418301,1738.0
2025-12-10,148,Chegutu,CHEGUTU USD PETROL,1975.324675324675,3042.0
2025-12-10,149,Turnpike,TURNPIKE BULK DIESEL USD,394.7368421052632,600.0
2025-12-10,149,Turnpike,TURNPIKE USD DIESEL,1192.3076923076924,1860.0
2025-12-10,149,Turnpike,TURNPIKE USD PETROL,1030.128205128205,1607.0
2025-12-10,149,Turnpike,TUR-QUARTZ 9000 SAE 5W40 500ML,1.0,5.0
2025-12-10,150,Mutare One Stop,MUTARE ONE STOP DIESEL,1072.3133333333333,1608.47
2025-12-10,150,Mutare One Stop,MUTARE ONE STOP PETROL,1016.7105263157894,1545.4
2025-12-10,82,Runiville,RUNIVILLE BULK DIESEL USD,134.8684210526316,205.0
2025-12-10,82,Runiville,RUNIVILLE USD DIESEL,173.7179487179487,271.0
2025-12-10,82,Runiville,RUNIVILLE USD PETROL,233.33333333333331,364.0
2025-12-10,82,Runiville,RUN-NEPTUNA 2T SUPER SPORT 500ML,1.0,4.0
2025-12-10,82,Runiville,RUN-QUARTZ 9000 SAE 5W40 500ML,1.0,5.0
2025-12-10,82,Runiville,RUN-RUBIA SX SAE40 500ML,1.0,3.0
2025-12-10,84,Avondale,AVONDALE USD DIESEL,671.7948717948718,1048.0
2025-12-10,84,Avondale,AVONDALE USD PETROL,654.4871794871794,1021.0
2025-12-10,84,Avondale,AVO-QUARTZ 9000 SAE 5W40 500ML,1.0,5.0
2025-12-10,84,Avondale,AVO-RUBIA TIR 7400 15W40 500ML,2.0,6.0
2025-12-10,86,Charter,CHARTER BULK/TAXI DIESEL ,2038.8157894736842,3099.0
2025-12-10,86,Charter,CHARTER USD DIESEL,1098.5641025641025,1713.76
2025-12-10,86,Charter,CHARTER USD PETROL,1016.1290322580645,1575.0
2025-12-10,88,Seke,SEKE DIESEL BULK,131.57894736842104,200.0
2025-12-10,88,Seke,SEKE USD DIESEL,1362.1794871794875,2125.0
2025-12-10,88,Seke,SEKE USD PETROL,1735.7142857142856,2673.0
2025-12-10,88,Seke,SEK-FLUIDMATIC DIII MV 500ML,1.0,3.0
2025-12-10,88,Seke,SEK-QUARTZ 3000 SG 20W50 500ML,1.0,3.0
2025-12-10,92,Msasa,MSASA BULK DIESEL,262.41610738255036,391.0
2025-12-10,92,Msasa,MSASA USD DIESEL,927.5641025641025,1447.0
2025-12-10,92,Msasa,MSASA USD PETROL,871.1538461538463,1359.0
2025-12-10,96,Samora,SAMORA USD DIESEL,187.65384615384613,292.74
2025-12-10,96,Samora,SAMORA USD PETROL,277.56410256410254,433.0
2025-12-10,96,Samora,SAM-RUBIA TIR 7400 SAE 15W40 5L,1.0,25.0
2025-12-10,98,Roadport,ROADPORT USD DIESEL,651.4038461538462,1016.19
2025-12-10,98,Roadport,ROADPORT USD DIESEL BUS,1775.0197368421054,2698.03
2025-12-10,98,Roadport,ROAPORT USD PETROL,4180.0192307692305,6520.83
2025-12-11,102,Kirkman,KIR-FLUIDMATIC DIII MV 500ML,1.0,3.0
2025-12-11,102,Kirkman,KIRKMAN USD DIESEL,148.07692307692307,231.0
2025-12-11,102,Kirkman,KIRKMAN USD PETROL,45.51282051282051,71.0
2025-12-11,102,Kirkman,KIR-QUARTZ 9000 SAE 5W40 5L,1.0,30.0
2025-12-11,110,Mutare Green Market,MUTARE GREEN MARKET BULK DIESEL,433.1081081081081,641.0
2025-12-11,110,Mutare Green Market,MUTARE GREENMARKET USD DIESEL,249.61333333333337,374.42
2025-12-11,110,Mutare Green Market,MUTARE GREENMARKET USD PETROL,714.8421052631579,1086.56
2025-12-11,112,Marondera,MARONDERA USD DIESEL,59.868421052631575,91.0
2025-12-11,112,Marondera,MARONDERA USD PETROL,13.157894736842104,20.0
2025-12-11,112,Marondera,MAR-RUBIA SX SAE40 500ML,1.0,3.0
2025-12-11,114,Kadoma,KADOMA USD PETROL,470.5882352941177,720.0
2025-12-11,121,Gweru,GWE-NEPTUNA 2T SUPER SPORT 500ML,3.0,12.0
2025-12-11,121,Gweru,GWE-RUBIA TIR 7400 SAE 15W40 5L,1.0,25.0
2025-12-11,121,Gweru,GWERU BULK DIESEL USD,512.0,773.12
2025-12-11,121,Gweru,GWERU USD DIESEL,1451.088947368421,2205.65
2025-12-11,121,Gweru,GWERU USD PETROL,1175.1445161290321,1821.47
2025-12-11,123,Fife Street,FIFE USD DIESEL,658.974358974359,1028.0
2025-12-11,123,Fife Street,FIFE USD PETROL,889.7435897435897,1388.0
2025-12-11,125,Fort Street,FORT STR BULK DIESEL USD,688.8157894736842,1047.0
2025-12-11,125,Fort Street,FORT USD DIESEL,169.23076923076923,264.0
2025-12-11,125,Fort Street,FORT USD PETROL,355.12820512820514,554.0
2025-12-11,127,Mpopoma,MPOPOMA BULK DIESEL USD,182.23684210526315,277.0
2025-12-11,127,Mpopoma,MPOPOMA USD DIESEL,171.15384615384613,267.0
2025-12-11,127,Mpopoma,MPOPOMA USD PETROL,633.974358974359,989.0
2025-12-11,129,Khami,KHAMI USD DIESEL,94.87179487179486,148.0
2025-12-11,131,R Mugabe,RM-NEPTUNA 2T SUPER SPORT 500ML,1.0,4.0
2025-12-11,131,R Mugabe,RM-QUARTZ 5000 20W50 500ML,1.0,3.0
2025-12-11,131,R Mugabe,RM-RACE BRAKEFLUID DOT4+ 500ML,2.0,8.0
2025-12-11,131,R Mugabe,R MUGABE USD DIESEL,150.0,234.0
2025-12-11,131,R Mugabe,R MUGABE USD PETROL,175.64102564102564,274.0
2025-12-11,135,Cripps,CRIPPS BULK DIESEL USD,224.48979591836735,330.0
2025-12-11,135,Cripps,CRIPPS DIESEL USD,289.1025641025641,451.0
2025-12-11,135,Cripps,CRIPPS PETROL USD,315.38461538461536,492.0
2025-12-11,140,Mutare Second Street,MUTARE SECOND USD DIESEL,180.66666666666669,271.0
2025-12-11,140,Mutare Second Street,MUTARE SECOND USD PETROL,263.1578947368421,400.0
2025-12-11,141,Troutbeck,TROUTBECK BULK DIESEL ,200.0,304.0
2025-12-11,145,Sunway City,SUNWAY USD DIESEL,298.07692307692304,465.0
2025-12-11,145,Sunway City,SUNWAY USD PETROL,79.10256410256409,123.4
2025-12-11,146,Banket,BANKET USD PETROL,12.82051282051282,20.0
2025-12-11,146,Banket,BAN-PROSYLVA 2 STROKE 200ML,1.0,2.0
2025-12-11,147,Chinhoyi Main,CHINHOYI BULK DIESEL USD,193.42105263157893,294.0
2025-12-11,147,Chinhoyi Main,CHINHOYI MAIN USD PETROL,51.28205128205128,80.0
2025-12-11,148,Chegutu,CHEGUTU USD DIESEL,209.15032679738567,320.0
2025-12-11,148,Chegutu,CHEGUTU USD PETROL,459.090909090909,707.0
2025-12-11,149,Turnpike,TURNPIKE USD DIESEL,259.6153846153846,405.0
2025-12-11,149,Turnpike,TURNPIKE USD PETROL,25.64102564102564,40.0
2025-12-11,82,Runiville,RUNIVILLE USD PETROL,3.205128205128205,5.0
2025-12-11,82,Runiville,RUN-RUBIA SX SAE40 500ML,1.0,3.0
2025-12-11,84,Avondale,AVONDALE USD PETROL,115.38461538461539,180.0
2025-12-11,86,Charter,CHA-NEPTUNA 2T SUPER SPORT 500ML,1.0,4.0
2025-12-11,86,Charter,CHARTER BULK/TAXI DIESEL ,1480.921052631579,2251.0
2025-12-11,86,Charter,CHARTER USD DIESEL,12.82051282051282,20.0
2025-12-11,86,Charter,CHARTER USD PETROL,425.8064516129032,660.0
2025-12-11,88,Seke,SEKE USD DIESEL,305.7692307692308,477.0
2025-12-11,88,Seke,SEKE USD PETROL,699.3506493506493,1077.0
2025-12-11,92,Msasa,MSASA BULK DIESEL,1073.8255033557048,1600.0
2025-12-11,92,Msasa,MSASA USD DIESEL,38.46153846153846,60.0
2025-12-11,92,Msasa,MSASA USD PETROL,98.07692307692307,153.0
2025-12-11,96,Samora,SAMORA USD DIESEL,32.05128205128205,50.0
2025-12-11,96,Samora,SAMORA USD PETROL,132.05128205128204,206.0
2025-12-11,96,Samora,SAMORA USD TAXI DIESEL ,14.0,21.0
2025-12-11,98,Roadport,ROADPORT USD DIESEL,267.30769230769226,417.0
2025-12-11,98,Roadport,ROADPORT USD DIESEL BUS,426.3157894736842,648.0
2025-12-11,98,Roadport,ROAPORT USD PETROL,1065.4358974358975,1662.08
