created_at_local,product,amount,quantity
2025-09-04 18:07:46.587662,GWE-QUARTZ 5000 20W50 5L,22,1.0
2025-09-04 18:17:52.242531,RM-RUBIA TIR 7400 15W40 500ML,12,4.0
2025-09-04 18:38:45.571352,RUN-RACE BRAKEFLUID DOT4+ 500ML,4,1.0
2025-09-04 19:45:06.257179,TRO-QUARTZ 9000 SAE 5W40 500ML,5,1.0
2025-09-04 19:45:39.722398,TRO-FLUIDMATIC DIII MV 500ML,3,1.0
2025-09-04 19:46:13.839642,TRO-RACE BRAKEFLUID DOT4+ 500ML,4,1.0
2025-09-04 19:46:59.924176,TUR-NEPTUNA 2T SUPER SPORT 500ML,4,1.0
2025-09-04 20:15:12.800982,FOR-FLUIDMATIC DIII MV 500ML,30,10.0
2025-09-04 20:41:32.844935,MPO-QUARTZ 5000 20W50 500ML,3,1.0
2025-09-04 20:43:13.410774,MPO-RACE BRAKEFLUID DOT4+ 500ML,4,1.0
2025-09-04 20:45:03.526792,MPO-QUARTZ 9000 SAE 5W40 500ML,5,1.0
2025-09-04 21:06:54.620202,CHI-RUBIA TIR 7400 15W40 500ML,3,1.0
2025-09-04 21:20:28.911303,CHA-FLUIDMATIC DIII MV 500ML,3,1.0
2025-09-05 04:22:13.872862,GWE-QUARTZ 5000 20W50 500ML,9,3.0
2025-09-05 09:23:07.739969,CRI-RUBIA TIR 7400 15W40 500ML,3,1.0
2025-09-05 09:55:47.182217,KAD-RACE BRAKEFLUID DOT4+ 500ML,4,1.0
2025-09-05 13:29:09.307530,KAD-FLUIDMATIC DIII MV 500ML,3,1.0
2025-09-05 14:25:36.792325,BAN-RACE BRAKEFLUID DOT4+ 500ML,4,1.0
2025-09-05 15:02:12.251438,KIR-RUBIA TIR 7400 15W40 500ML,3,1.0
2025-09-05 15:10:34.120235,GWE-QUARTZ 5000 20W50 500ML,6,2.0
2025-09-05 17:12:36.554141,TUR-RUBIA SX SAE40 500ML,3,1.0
2025-09-07 17:42:02.991543,BAN-NEPTUNA 2T SUPER SPORT 500ML,4,1.0
2025-09-07 18:07:24.721488,KHA-FLUIDMATIC DIII MV 500ML,3,1.0
2025-09-07 18:38:43.730445,RUN-QUARTZ 5000 20W50 500ML,3,1.0
2025-09-07 19:06:35.720861,BAN-QUARTZ 5000 20W50 500ML,3,1.0
2025-09-07 19:12:20.238223,TRO-QUARTZ 3000 SG 20W50 500ML,3,1.0
2025-09-07 19:12:20.424403,TRO-QUARTZ 5000 20W50 500ML,6,2.0
2025-09-07 20:11:22.679554,KHA-RUBIA SX SAE40 500ML,3,1.0
2025-09-07 21:10:45.610737,KHA-RUBIA SX SAE40 500ML,6,2.0
2025-09-07 21:13:20.681641,CRI-RUBIA TIR 7400 15W40 500ML,9,3.0
2025-09-07 21:25:12.474151,TRO-QUARTZ 5000 20W50 500ML,6,2.0
2025-09-08 01:42:13.765257,MPO-QUARTZ 5000 20W50 500ML,6,2.0
2025-09-08 07:57:19.149461,SAM-QUARTZ 5000 20W50 500ML,6,2.0
2025-09-08 10:05:25.561629,RM-RUBIA TIR 7400 15W40 500ML,9,3.0
2025-09-08 10:07:39.208694,RM-RUBIA TIR 7400 15W40 500ML,9,3.0
2025-09-08 10:08:11.800833,RM-RACE BRAKEFLUID DOT4+ 500ML,4,1.0
2025-09-08 10:16:20.112273,RUN-RACE BRAKEFLUID DOT4+ 500ML,4,1.0
2025-09-08 10:52:03.650539,TUR-RACE BRAKEFLUID DOT4+ 500ML,4,1.0
2025-09-08 11:41:23.332338,RM-RUBIA TIR 7400 15W40 500ML,3,1.0
2025-09-08 12:21:18.837044,RUN-FLUIDMATIC DIII MV 500ML,3,1.0
2025-09-08 14:18:18.101663,KIR-RUBIA TIR 7400 15W40 500ML,6,2.0
2025-09-08 14:21:28.351076,KIR-FLUIDMATIC DIII MV 500ML,3,1.0
2025-09-08 14:30:06.112469,CHA-RUBIA SX SAE40 500ML,3,1.0
2025-09-08 14:38:05.962103,RUN-RUBIA SX SAE40 500ML,6,2.0
2025-09-08 15:44:53.311880,FIF-NEPTUNA 2T SUPER SPORT 500ML,4,1.0
2025-09-08 15:45:27.061027,FIF-QUARTZ 9000 SAE 5W40 5L,30,1.0
2025-09-08 15:46:00.569852,FIF-QUARTZ 5000 20W50 5L,22,1.0
2025-09-08 15:46:56.360050,FIF-RUBIA SX SAE40 500ML,33,11.0
2025-09-08 16:19:33.819935,AVO-QUARTZ 4X4 15W40 500ML,6,2.0
2025-09-10 13:47:26.877281,GWE-QUARTZ 9000 SAE 5W40 5L,30,1.0
2025-09-10 14:29:02.357268,KAD-RACE BRAKEFLUID DOT4+ 500ML,4,1.0
2025-09-10 16:37:03.974583,TUR-RUBIA SX SAE40 500ML,6,2.0
2025-09-10 16:44:17.702903,TUR-RUBIA SX SAE40 500ML,3,1.0
2025-09-10 18:12:26.438400,TUR-RACE BRAKEFLUID DOT4+ 500ML,4,1.0
2025-09-10 20:01:55.904077,AVO-QUARTZ 9000 SAE 5W40 500ML,15,3.0
2025-09-10 21:14:35.778238,KHA-RUBIA SX SAE40 500ML,3,1.0
2025-09-11 00:53:40.587584,KIR-RACE BRAKEFLUID DOT4+ 500ML,4,1.0
2025-09-11 07:09:18.698638,FOR-QUARTZ 4X4 15W40 500ML,9,3.0
2025-09-11 07:52:01.302395,MSA-FLUIDMATIC DIII MV 500ML,3,1.0
2025-09-11 08:53:06.032198,GWE-QUARTZ 3000 SG 20W50 500ML,9,3.0
2025-09-11 09:31:50.252572,SAM-QUARTZ 9000 SAE 5W40 500ML,5,1.0
2025-09-11 09:33:07.862580,SAM-QUARTZ 5000 20W50 5L,22,1.0
2025-09-11 09:33:30.277094,SAM-QUARTZ 5000 20W50 500ML,3,1.0
2025-09-11 11:43:23.689597,RM-RACE BRAKEFLUID DOT4+ 500ML,4,1.0
2025-09-11 11:43:45.881559,RM-RUBIA TIR 7400 15W40 500ML,3,1.0
2025-09-13 14:24:16.539680,CHE-QUARTZ 9000 SAE 5W40 500ML,5,1.0
2025-09-13 15:37:49.004283,KIR-RACE BRAKEFLUID DOT4+ 500ML,4,1.0
2025-09-13 15:38:55.001283,KIR-FLUIDMATIC DIII MV 500ML,3,1.0
2025-09-13 18:30:27.494321,CHE-QUARTZ 9000 SAE 5W40 500ML,5,1.0
2025-09-13 19:06:27.549101,CHI-RUBIA TIR 7400 15W40 500ML,3,1.0
2025-09-13 21:52:44.641620,MSA-RUBIA SX SAE40 500ML,6,2.0
2025-09-14 06:39:48.635775,RM-RUBIA TIR 7400 15W40 500ML,3,1.0
2025-09-14 11:17:16.539619,FIF-RACE BRAKEFLUID DOT4+ 500ML,4,1.0
2025-09-14 11:19:28.393865,FIF-RUBIA TIR 7400 SAE 15W40 5L,25,1.0
2025-09-14 11:20:02.051583,FIF-QUARTZ 9000 SAE 5W40 500ML,20,4.0
2025-09-14 11:20:56.504559,FIF-RUBIA SX SAE40 500ML,30,10.0
2025-09-14 11:21:40.100537,FIF-FLUIDMATIC DIII MV 500ML,3,1.0
2025-09-14 11:23:18.650641,FIF-QUARTZ 9000 SAE 5W40 500ML,10,2.0
2025-09-14 14:14:56.877597,FIF-QUARTZ 9000 SAE 5W40 500ML,5,1.0
2025-09-14 15:58:37.322160,FIF-QUARTZ 9000 SAE 5W40 500ML,5,1.0
2025-09-14 17:15:50.509522,CHA-RACE BRAKEFLUID DOT4+ 500ML,4,1.0
2025-09-17 00:09:45.009490,CHE-QUARTZ 4X4 15W40 500ML,9,3.0
2025-09-17 00:09:45.201897,CHE-RUBIA TIR 7400 SAE 15W40 5L,25,1.0
2025-09-17 07:55:08.251247,KAD-RUBIA TIR 7400 15W40 500ML,3,1.0
2025-09-17 07:55:41.125487,KAD-RUBIA SX SAE40 500ML,6,2.0
2025-09-17 09:36:27.391825,TUR-RUBIA SX SAE40 500ML,3,1.0
2025-09-17 10:34:13.434388,FOR-RUBIA SX SAE40 500ML,3,1.0
2025-09-17 11:00:12.756432,TUR-RUBIA SX SAE40 500ML,3,1.0
2025-09-17 11:27:29.105450,TUR-RUBIA SX SAE40 500ML,3,1.0
2025-09-17 17:57:10.109668,GWE-RUBIA SX SAE40 500ML,9,3.0
2025-09-17 18:07:35.075670,KIR-RACE BRAKEFLUID DOT4+ 500ML,4,1.0
2025-09-17 18:08:41.477451,KIR-RUBIA SX SAE40 500ML,3,1.0
2025-09-17 18:19:11.998446,MPO-QUARTZ 9000 SAE 5W40 500ML,5,1.0
2025-09-17 18:19:57.882537,MPO-QUARTZ 5000 20W50 500ML,12,4.0
2025-09-17 18:21:05.231620,MPO-RUBIA TIR 7400 15W40 500ML,6,2.0
2025-09-17 18:21:39.042503,MPO-FLUIDMATIC DIII MV 500ML,3,1.0
2025-09-17 18:22:23.895260,MPO-RACE BRAKEFLUID DOT4+ 500ML,8,2.0
2025-09-17 18:23:08.871134,MPO-RUBIA SX SAE40 500ML,6,2.0
2025-09-17 18:29:06.492516,FOR-RUBIA TIR 7400 15W40 500ML,3,1.0
2025-09-17 18:30:03.340901,FOR-RUBIA SX SAE40 500ML,3,1.0
2025-09-17 18:56:22.834354,RUN-RUBIA SX SAE40 500ML,6,2.0
2025-09-17 20:35:21.109821,CHI-QUARTZ 5000 20W50 500ML,3,1.0
2025-09-20 09:09:30.139836,TUR-RACE BRAKEFLUID DOT4+ 500ML,4,1.0
2025-09-20 09:40:34.134491,SEK-QUARTZ 9000 SAE 5W40 5L,30,1.0
2025-09-20 12:12:01.144148,GWE-RUBIA SX SAE40 500ML,3,1.0
2025-09-20 14:25:12.112690,RUN-QUARTZ 3000 SG 20W50 500ML,3,1.0
2025-09-20 14:40:38.827812,TUR-RUBIA TIR 7400 15W40 500ML,3,1.0
2025-09-20 14:46:05.788378,TUR-RACE BRAKEFLUID DOT4+ 500ML,4,1.0
2025-09-20 15:35:18.969952,BAN-FLUIDMATIC DIII MV 500ML,3,1.0
2025-09-20 17:25:36.956546,TUR-FLUIDMATIC DIII MV 500ML,3,1.0
2025-09-20 17:55:50.912318,BAN-NEPTUNA 2T SUPER SPORT 500ML,4,1.0
2025-09-20 19:19:31.367108,BAN-RUBIA SX SAE40 500ML,3,1.0
2025-09-20 19:32:45.820930,SWIFTEX 646C-S,100,1.0
2025-09-20 20:21:57.057053,TRO-RACE BRAKEFLUID DOT4+ 500ML,4,1.0
2025-09-20 20:24:59.377321,KHA-FLUIDMATIC DIII MV 500ML,6,2.0
2025-09-24 07:37:20.644033,MPO-FLUIDMATIC DIII MV 500ML,6,2.0
2025-09-24 07:37:42.521165,MPO-RACE BRAKEFLUID DOT4+ 500ML,4,1.0
2025-09-24 07:38:37.205497,MPO-RUBIA SX SAE40 500ML,3,1.0
2025-09-24 07:38:59.414873,MPO-QUARTZ 5000 20W50 5L,22,1.0
2025-09-24 07:39:32.401297,MPO-QUARTZ 5000 20W50 500ML,6,2.0
2025-09-24 07:40:16.799899,MPO-RUBIA TIR 7400 SAE 15W40 5L,50,2.0
2025-09-24 07:49:07.981848,MPO-RUBIA TIR 7400 15W40 500ML,6,2.0
2025-09-24 07:49:41.137360,MPO-QUARTZ 9000 SAE 5W40 5L,30,1.0
2025-09-24 07:50:14.623473,MPO-QUARTZ 9000 SAE 5W40 500ML,10,2.0
2025-09-24 08:24:15.133177,KIR-QUARTZ 3000 SG 20W50 500ML,15,5.0
2025-09-24 09:50:38.766240,SUN-QUARTZ 9000 SAE 5W40 500ML,5,1.0
2025-09-24 09:50:38.964540,SUN-FLUIDMATIC DIII MV 500ML,3,1.0
2025-09-24 12:45:54.473535,SAM-QUARTZ 5000 20W50 500ML,6,2.0
2025-09-24 14:38:19.913401,CHI-QUARTZ 5000 20W50 500ML,6,2.0
2025-09-24 14:39:05.439747,TUR-FLUIDMATIC CVT MV 1L,10,1.0
2025-09-24 15:18:14.552597,GWE-QUARTZ 5000 20W50 500ML,6,2.0
2025-09-24 17:27:42.738157,CHI-RUBIA TIR 7400 15W40 500ML,3,1.0
2025-09-24 17:57:02.183729,KHA-RUBIA SX SAE40 500ML,6,2.0
2025-09-24 18:46:22.221771,RUN-QUARTZ 3000 SG 20W50 500ML,6,2.0
2025-09-24 20:28:19.817564,TRO-RUBIA TIR 7400 SAE 15W40 5L,25,1.0
2025-09-24 23:01:36.517104,KAD-RACE BRAKEFLUID DOT4+ 500ML,4,1.0
2025-09-24 23:11:45.236146,SUN-QUARTZ 4X4 15W40 5L,20,1.0
2025-09-25 00:02:51.087600,SUN-QUARTZ 4X4 15W40 500ML,6,2.0
2025-09-25 01:02:02.716160,FOR-RUBIA SX SAE40 500ML,3,1.0
2025-09-25 07:43:37.784726,GWE-RACE BRAKEFLUID DOT4+ 500ML,4,1.0
2025-09-25 07:44:32.909006,GWE-RUBIA SX SAE40 500ML,3,1.0
2025-09-25 08:17:48.733298,KAD-QUARTZ 9000 SAE 5W40 500ML,10,2.0
2025-09-25 09:34:53.513153,GWE-QUARTZ 5000 20W50 5L,22,1.0
2025-09-25 09:36:37.884283,GWE-QUARTZ 5000 20W50 500ML,6,2.0
2025-09-25 11:11:49.150769,TUR-RACE BRAKEFLUID DOT4+ 500ML,4,1.0
2025-09-27 17:48:42.681783,FIF-QUARTZ 5000 20W50 500ML,3,1.0
2025-09-27 17:50:33.172569,FOR-RACE BRAKEFLUID DOT4+ 500ML,4,1.0
2025-09-27 19:21:49.804220,MPO-QUARTZ 9000 SAE 5W40 500ML,10,2.0
2025-09-27 19:24:24.262626,RUN-QUARTZ 4X4 15W40 500ML,3,1.0
2025-09-27 19:24:46.210884,RUN-FLUIDMATIC DIII MV 500ML,3,1.0
2025-09-27 20:10:47.678081,KIR-FLUIDMATIC CVT MV 1L,10,1.0
2025-09-27 20:52:20.081011,RUN-FLUIDMATIC CVT MV 1L,30,3.0
2025-09-27 21:28:35.947111,TUR-QUARTZ 9000 SAE 5W40 500ML,20,4.0
2025-09-28 07:58:32.729168,FOR-QUARTZ 4X4 15W40 500ML,3,1.0
2025-09-28 10:24:53.819439,SUN-QUARTZ 5000 20W50 5L,44,2.0
2025-09-28 10:54:10.141434,SUN-RUBIA TIR 7400 15W40 500ML,6,2.0
2025-09-28 10:55:05.754337,SUN-QUARTZ 9000 SAE 5W40 500ML,5,1.0
2025-09-28 11:07:30.685873,SUN-QUARTZ 9000 SAE 5W40 500ML,5,1.0
2025-09-28 12:05:24.280886,BAN-NEPTUNA 2T SUPER SPORT 500ML,4,1.0
2025-09-28 15:04:25.358361,TUR-RACE BRAKEFLUID DOT4+ 500ML,8,2.0
2025-09-28 15:34:05.950814,CHE-RUBIA TIR 7400 15W40 500ML,6,2.0
2025-09-28 15:34:49.924837,CHE-RACE BRAKEFLUID DOT4+ 500ML,4,1.0
2025-09-28 15:46:22.793067,TRO-RUBIA SX SAE40 500ML,6,2.0
2025-09-28 15:46:22.978445,TRO-QUARTZ 5000 20W50 5L,22,1.0
2025-09-28 15:46:23.173859,TRO-RACE BRAKEFLUID DOT4+ 500ML,4,1.0
2025-09-28 16:32:58.393219,BAN-FLUIDMATIC DIII MV 500ML,3,1.0
2025-09-28 17:35:02.602135,TUR-QUARTZ 4X4 15W40 500ML,9,3.0
2025-09-28 19:10:16.151868,TUR-QUARTZ 9000 SAE 5W40 500ML,10,2.0
2025-09-30 22:50:37.740610,GWE-FLUIDMATIC DIII MV 500ML,3,1.0
2025-10-01 07:51:26.156302,MPO-RUBIA TIR 7400 SAE 15W40 5L,50,2.0
2025-10-01 07:53:36.560370,MPO-RUBIA SX SAE40 500ML,6,2.0
2025-10-01 07:53:58.621360,MPO-QUARTZ 5000 20W50 500ML,12,4.0
2025-10-01 07:54:20.487037,MPO-FLUIDMATIC DIII MV 500ML,3,1.0
2025-10-01 07:54:53.614638,MPO-NEPTUNA 2T SUPER SPORT 500ML,4,1.0
2025-10-01 07:55:17.622394,MPO-RACE BRAKEFLUID DOT4+ 500ML,4,1.0
2025-10-01 10:01:08.118352,KHA-QUARTZ 5000 20W50 5L,22,1.0
2025-10-01 10:01:08.330075,KHA-QUARTZ 5000 20W50 5L,44,2.0
2025-10-01 10:42:38.982203,RUN-FLUIDMATIC DIII MV 500ML,3,1.0
2025-10-01 11:15:58.406652,TUR-QUARTZ 4X4 15W40 500ML,3,1.0
2025-10-01 11:16:53.147755,TUR-QUARTZ 9000 SAE 5W40 500ML,10,2.0
2025-10-01 11:17:36.555392,TUR-RACE BRAKEFLUID DOT4+ 500ML,4,1.0
2025-10-01 11:36:34.501374,FOR-RACE BRAKEFLUID DOT4+ 500ML,4,1.0
2025-10-01 12:29:21.000365,RM-MULTIS EP 2 500G,7,1.0
2025-10-01 12:30:37.681386,RM-RACE BRAKEFLUID DOT4+ 500ML,8,2.0
2025-10-01 12:32:04.245466,RM-QUARTZ 5000 20W50 500ML,6,2.0
2025-10-01 12:34:05.066859,RM-RUBIA SX SAE40 500ML,3,1.0
2025-10-01 13:14:31.625755,BAN-QUARTZ 9000 SAE 5W40 500ML,10,2.0
2025-10-01 17:40:55.028373,KIR-RACE BRAKEFLUID DOT4+ 500ML,4,1.0
2025-10-01 18:16:31.830129,GWE-RACE BRAKEFLUID DOT4+ 500ML,4,1.0
2025-10-01 18:23:32.581437,RM-NEPTUNA 2T SUPER SPORT 500ML,4,1.0
2025-10-01 18:34:27.087802,FOR-QUARTZ 9000 SAE 5W40 500ML,10,2.0
2025-10-01 18:34:27.271643,FOR-QUARTZ 4X4 15W40 500ML,3,1.0
2025-10-01 18:34:27.456722,FOR-QUARTZ 9000 SAE 5W40 5L,30,1.0
2025-10-01 19:51:40.054305,GWE-RACE BRAKEFLUID DOT4+ 500ML,4,1.0
2025-09-02 15:04:11.973501,KHA-QUARTZ 9000 SAE 5W40 500ML,5,1.0
2025-09-02 15:20:49.763023,TUR-RACE BRAKEFLUID DOT4+ 500ML,4,1.0
2025-09-02 17:12:22.678569,BAN-RACE BRAKEFLUID DOT4+ 500ML,4,1.0
2025-09-02 17:26:33.969774,KHA-NEPTUNA 2T SUPER SPORT 500ML,4,1.0
2025-09-02 17:29:05.984952,KHA-RUBIA SX SAE40 500ML,3,1.0
2025-09-02 17:44:47.263252,KAD-RUBIA TIR 7400 15W40 500ML,6,2.0
2025-09-02 17:51:49.924075,CHA-QUARTZ 5000 20W50 500ML,6,2.0
2025-09-02 18:52:16.546101,GWE-QUARTZ 3000 SG 20W50 500ML,3,1.0
2025-09-02 19:38:43.679344,KAD-RUBIA TIR 7400 SAE 15W40 5L,25,1.0
2025-09-02 20:16:01.208046,TUR-QUARTZ 4X4 15W40 500ML,3,1.0
2025-09-02 20:24:18.450663,TRO-QUARTZ 5000 20W50 500ML,3,1.0
2025-09-02 21:39:47.921846,KAD-RACE BRAKEFLUID DOT4+ 500ML,4,1.0
2025-09-03 00:44:32.644038,CHE-QUARTZ 9000 SAE 5W40 500ML,15,3.0
2025-09-03 00:44:54.273338,CHE-RUBIA TIR 7400 SAE 15W40 5L,25,1.0
2025-09-03 00:45:16.437443,CHE-QUARTZ 5000 20W50 500ML,6,2.0
2025-09-03 00:45:49.710226,CHE-RUBIA SX SAE40 500ML,3,1.0
2025-09-03 09:58:36.341562,TUR-RUBIA SX SAE40 500ML,6,2.0
2025-09-03 12:26:44.701694,TUR-RACE BRAKEFLUID DOT4+ 500ML,4,1.0
2025-09-03 12:27:49.927021,TUR-RUBIA SX SAE40 500ML,3,1.0
2025-09-03 12:28:01.087158,BAN-RACE BRAKEFLUID DOT4+ 500ML,4,1.0
2025-09-03 13:17:51.898038,TUR-RUBIA SX SAE40 500ML,3,1.0
2025-09-05 18:03:20.282112,SUN-FLUIDMATIC DIII MV 500ML,3,1.0
2025-09-05 18:03:20.464324,SUN-QUARTZ 9000 SAE 5W40 500ML,5,1.0
2025-09-05 19:15:56.959242,MSA-RACE BRAKEFLUID DOT4+ 500ML,8,2.0
2025-09-05 19:17:15.261597,MSA-QUARTZ 9000 SAE 5W40 500ML,5,1.0
2025-09-05 19:27:19.175180,TUR-RACE BRAKEFLUID DOT4+ 500ML,4,1.0
2025-09-05 20:38:34.475433,TRO-RACE BRAKEFLUID DOT4+ 500ML,4,1.0
2025-09-05 21:17:45.957284,MSA-RACE BRAKEFLUID DOT4+ 500ML,4,1.0
2025-09-05 22:06:05.357679,KIR-QUARTZ 4X4 15W40 500ML,9,3.0
2025-09-05 23:01:45.774119,CHI-RUBIA TIR 7400 15W40 500ML,3,1.0
2025-09-05 23:43:33.188553,SUN-FLUIDMATIC DIII MV 500ML,3,1.0
2025-09-06 10:11:40.158567,TUR-RUBIA SX SAE40 500ML,3,1.0
2025-09-06 11:32:41.881161,CHI-QUARTZ 5000 20W50 500ML,6,2.0
2025-09-06 11:43:12.446151,BAN-NEPTUNA 2T SUPER SPORT 500ML,4,1.0
2025-09-06 12:06:43.842044,KIR-RACE BRAKEFLUID DOT4+ 500ML,8,2.0
2025-09-06 13:28:58.365736,TUR-RUBIA SX SAE40 500ML,3,1.0
2025-09-06 13:28:58.548676,TUR-RUBIA TIR 7400 SAE 15W40 5L,25,1.0
2025-09-06 13:46:29.310527,TUR-FLUIDMATIC DIII MV 500ML,3,1.0
2025-09-06 14:00:35.951757,KAD-QUARTZ 9000 SAE 5W40 5L,30,1.0
2025-09-06 14:18:39.479654,TUR-FLUIDMATIC DIII MV 500ML,3,1.0
2025-09-06 14:19:01.211330,TUR-FLUIDMATIC DIII MV 500ML,3,1.0
2025-09-06 14:53:41.662643,BAN-RUBIA SX SAE40 500ML,3,1.0
2025-09-06 15:31:55.381379,BAN-RUBIA SX SAE40 500ML,3,1.0
2025-09-08 16:47:09.949188,KHA-QUARTZ 9000 SAE 5W40 5L,30,1.0
2025-09-08 16:48:49.311273,KHA-QUARTZ 9000 SAE 5W40 5L,30,1.0
2025-09-08 16:49:33.687873,KHA-RACE BRAKEFLUID DOT4+ 500ML,4,1.0
2025-09-08 16:50:28.968697,KHA-QUARTZ 9000 SAE 5W40 500ML,15,3.0
2025-09-08 16:52:30.212866,KHA-RUBIA SX SAE40 500ML,3,1.0
2025-09-08 18:21:43.067337,TUR-RUBIA SX SAE40 500ML,6,2.0
2025-09-08 18:31:30.681996,RM-RUBIA TIR 7400 15W40 500ML,3,1.0
2025-09-08 19:14:10.882525,KIR-RACE BRAKEFLUID DOT4+ 500ML,4,1.0
2025-09-08 19:59:41.917053,AVO-RACE BRAKEFLUID DOT4+ 500ML,4,1.0
2025-09-08 20:00:05.062800,AVO-QUARTZ 5000 20W50 500ML,3,1.0
2025-09-08 21:43:50.594602,FOR-FLUIDMATIC CVT MV 1L,10,1.0
2025-09-08 21:43:51.033801,FOR-QUARTZ 4X4 15W40 500ML,6,2.0
2025-09-08 22:34:52.234557,SEK-QUARTZ 9000 SAE 5W40 5L,30,1.0
2025-09-09 07:35:00.167307,RM-FLUIDMATIC DIII MV 500ML,3,1.0
2025-09-09 09:48:06.223011,GWE-QUARTZ 9000 SAE 5W40 500ML,10,2.0
2025-09-09 10:07:14.039720,BAN-QUARTZ 4X4 15W40 500ML,6,2.0
2025-09-09 10:42:43.798848,GWE-RUBIA TIR 7400 SAE 15W40 5L,25,1.0
2025-09-09 10:44:22.194919,AVO-RUBIA SX SAE40 500ML,3,1.0
2025-09-09 11:54:33.710828,AVO-RUBIA SX SAE40 500ML,3,1.0
2025-09-09 11:56:49.345126,AVO-QUARTZ 9000 SAE 5W40 500ML,10,2.0
2025-09-09 12:01:50.264650,AVO-RUBIA SX SAE40 500ML,9,3.0
2025-09-09 12:02:12.958015,AVO-QUARTZ 3000 SG 20W50 500ML,6,2.0
2025-09-09 12:02:35.020795,AVO-RUBIA TIR 7400 15W40 500ML,3,1.0
2025-09-09 12:36:00.134486,BAN-NEPTUNA 2T SUPER SPORT 500ML,4,1.0
2025-09-09 12:36:22.468119,FOR-RUBIA SX SAE40 500ML,3,1.0
2025-09-09 12:59:48.649969,BAN-FLUIDMATIC DIII MV 500ML,3,1.0
2025-09-09 13:02:35.004941,TUR-QUARTZ 5000 20W50 5L,22,1.0
2025-09-09 13:03:19.434926,TUR-FLUIDMATIC DIII MV 500ML,24,8.0
2025-09-09 13:40:58.581993,RUN-RUBIA TIR 7400 15W40 500ML,3,1.0
2025-09-09 14:35:21.962003,BAN-NEPTUNA 2T SUPER SPORT 500ML,4,1.0
2025-09-11 13:26:55.506687,SAM-QUARTZ 9000 SAE 5W40 500ML,5,1.0
2025-09-11 15:02:02.772039,KIR-RACE BRAKEFLUID DOT4+ 500ML,4,1.0
2025-09-11 15:05:51.787468,FOR-RUBIA TIR 7400 SAE 15W40 5L,25,1.0
2025-09-11 15:06:48.052757,FOR-RACE BRAKEFLUID DOT4+ 500ML,8,2.0
2025-09-11 17:07:50.592847,KIR-RACE BRAKEFLUID DOT4+ 500ML,4,1.0
2025-09-11 17:14:34.243025,MPO-RUBIA SX SAE40 500ML,6,2.0
2025-09-11 17:15:30.783550,MPO-QUARTZ 9000 SAE 5W40 500ML,5,1.0
2025-09-11 18:36:30.848563,KIR-RUBIA TIR 7400 15W40 500ML,9,3.0
2025-09-11 19:45:29.633189,MSE-QUARTZ 9000 SAE 5W40 5L,30,1.0
2025-09-11 19:46:03.967394,MSE-QUARTZ 9000 SAE 5W40 500ML,10,2.0
2025-09-12 07:13:10.404993,MPO-RUBIA TIR 7400 15W40 500ML,3,1.0
2025-09-12 07:13:43.306972,MPO-QUARTZ 9000 SAE 5W40 500ML,5,1.0
2025-09-12 07:59:56.405344,CHA-RUBIA TIR 7400 SAE 15W40 5L,25,1.0
2025-09-12 08:14:40.595980,BAN-RUBIA TIR 7400 15W40 500ML,6,2.0
2025-09-12 09:06:22.979731,SAM-QUARTZ 5000 20W50 500ML,3,1.0
2025-09-12 09:18:27.946876,FOR-RACE BRAKEFLUID DOT4+ 500ML,4,1.0
2025-09-12 09:22:33.413166,BAN-QUARTZ 5000 20W50 5L,22,1.0
2025-09-12 10:04:54.116791,BAN-RACE BRAKEFLUID DOT4+ 500ML,4,1.0
2025-09-14 19:24:29.645221,MPO-FLUIDMATIC DIII MV 500ML,3,1.0
2025-09-14 19:25:03.330551,MPO-RACE BRAKEFLUID DOT4+ 500ML,12,3.0
2025-09-14 19:27:47.562412,MPO-QUARTZ 9000 SAE 5W40 5L,30,1.0
2025-09-14 19:28:20.354181,MPO-QUARTZ 9000 SAE 5W40 500ML,10,2.0
2025-09-14 19:29:16.034311,MPO-QUARTZ 5000 20W50 500ML,9,3.0
2025-09-14 19:51:27.961965,GWE-QUARTZ 9000 SAE 5W40 500ML,5,1.0
2025-09-14 19:57:19.579764,BAN-RUBIA TIR 7400 SAE 15W40 5L,25,1.0
2025-09-14 20:56:57.620114,TRO-FLUIDMATIC DIII MV 500ML,6,2.0
2025-09-15 00:33:45.793987,KIR-QUARTZ 4X4 15W40 500ML,9,3.0
2025-09-15 07:43:02.499639,MPO-FLUIDMATIC DIII MV 500ML,3,1.0
2025-09-15 08:15:53.492784,MSA-RUBIA SX SAE40 500ML,9,3.0
2025-09-15 09:14:19.923264,TUR-RACE BRAKEFLUID DOT4+ 500ML,4,1.0
2025-09-15 14:35:22.416665,BAN-NEPTUNA 2T SUPER SPORT 500ML,4,1.0
2025-09-15 18:07:26.183932,RUN-QUARTZ 4X4 15W40 500ML,6,2.0
2025-09-15 18:48:16.791158,RUN-QUARTZ 9000 SAE 5W40 500ML,10,2.0
2025-09-18 08:34:36.306628,MPO-QUARTZ 5000 20W50 5L,22,1.0
2025-09-18 08:36:40.646664,MPO-RACE BRAKEFLUID DOT4+ 500ML,4,1.0
2025-09-18 12:41:02.798580,MPO-RACE BRAKEFLUID DOT4+ 500ML,4,1.0
2025-09-18 14:57:52.361188,TRO-NEPTUNA 2T SUPER SPORT 500ML,8,2.0
2025-09-18 14:57:52.546136,TRO-NEPTUNA 2T SUPER SPORT 500ML,8,2.0
2025-09-18 16:41:29.846576,TUR-RUBIA SX SAE40 500ML,6,2.0
2025-09-18 17:15:23.627975,RM-RACE BRAKEFLUID DOT4+ 500ML,4,1.0
2025-09-18 17:16:54.628052,RM-FLUIDMATIC CVT MV 1L,10,1.0
2025-09-18 17:17:27.391952,RM-NEPTUNA 2T SUPER SPORT 500ML,4,1.0
2025-09-18 17:18:11.860764,RM-QUARTZ 5000 20W50 500ML,3,1.0
2025-09-18 17:18:34.327900,TUR-RACE BRAKEFLUID DOT4+ 500ML,4,1.0
2025-09-18 17:18:45.590749,RM-QUARTZ 4X4 15W40 500ML,3,1.0
2025-09-18 17:27:13.219871,CHE-RUBIA TIR 7400 SAE 15W40 5L,25,1.0
2025-09-18 17:32:40.076207,GWE-RUBIA SX SAE40 500ML,6,2.0
2025-09-18 18:05:01.318815,FIF-QUARTZ 5000 20W50 5L,22,1.0
2025-09-18 18:43:15.826542,KIR-FLUIDMATIC DIII MV 500ML,3,1.0
2025-09-18 20:17:44.740937,FOR-QUARTZ 5000 20W50 500ML,6,2.0
2025-09-18 20:41:06.996655,TUR-QUARTZ 5000 20W50 5L,22,1.0
2025-09-18 23:24:15.600096,RM-FLUIDMATIC DIII MV 500ML,3,1.0
2025-09-19 00:58:39.293316,KIR-QUARTZ 4X4 15W40 500ML,3,1.0
2025-09-21 09:00:06.095385,BAN-NEPTUNA 2T SUPER SPORT 500ML,4,1.0
2025-09-21 09:43:05.678903,CHA-RACE BRAKEFLUID DOT4+ 500ML,4,1.0
2025-09-21 11:29:22.066428,SUN-FLUIDMATIC DIII MV 500ML,15,5.0
2025-09-21 11:29:43.972081,SUN-FLUIDMATIC CVT MV 1L,10,1.0
2025-09-21 12:00:22.080247,TUR-QUARTZ 5000 20W50 500ML,3,1.0
2025-09-21 13:17:27.251231,TUR-RACE BRAKEFLUID DOT4+ 500ML,4,1.0
2025-09-21 13:57:23.179307,SUN-FLUIDMATIC DIII MV 500ML,6,2.0
2025-09-21 16:48:12.148022,BAN-RUBIA SX SAE40 500ML,12,4.0
2025-09-21 17:07:08.063489,BAN-RUBIA SX SAE40 500ML,3,1.0
2025-09-21 18:41:23.492764,TRO-RUBIA TIR 7400 15W40 500ML,6,2.0
2025-09-21 18:43:37.914808,TRO-RUBIA TIR 7400 SAE 15W40 5L,25,1.0
2025-09-21 19:00:19.754198,KIR-RACE BRAKEFLUID DOT4+ 500ML,4,1.0
2025-09-21 23:22:24.962907,CHE-QUARTZ 9000 SAE 5W40 5L,60,2.0
2025-09-21 23:22:57.857487,CHE-QUARTZ 4X4 15W40 500ML,15,5.0
2025-09-22 09:58:11.973263,BAN-RUBIA TIR 7400 15W40 500ML,3,1.0
2025-09-23 08:31:48.137038,TUR-RUBIA SX SAE40 500ML,3,1.0
2025-09-23 08:43:37.722528,TUR-RUBIA SX SAE40 500ML,6,2.0
2025-09-23 08:44:11.623820,TUR-RACE BRAKEFLUID DOT4+ 500ML,4,1.0
2025-09-23 09:39:06.585169,RM-QUARTZ 5000 20W50 500ML,6,2.0
2025-09-23 09:40:02.363917,RM-RUBIA TIR 7400 15W40 500ML,3,1.0
2025-09-23 09:40:46.593914,RM-RUBIA TIR 7400 15W40 500ML,3,1.0
2025-09-23 09:41:19.577785,RM-QUARTZ 5000 20W50 500ML,3,1.0
2025-09-23 09:58:35.521827,CHI-QUARTZ 9000 SAE 5W40 500ML,10,2.0
2025-09-23 10:33:51.450679,RUN-QUARTZ 9000 SAE 5W40 500ML,10,2.0
2025-09-23 11:03:45.037075,KIR-RACE BRAKEFLUID DOT4+ 500ML,4,1.0
2025-09-23 13:50:32.762584,FOR-RUBIA SX SAE40 500ML,6,2.0
2025-09-23 14:24:12.412463,FOR-FLUIDMATIC DIII MV 500ML,6,2.0
2025-09-23 16:44:46.661241,TUR-QUARTZ 9000 SAE 5W40 500ML,10,2.0
2025-09-23 18:31:14.796255,KIR-QUARTZ 3000 SG 20W50 500ML,6,2.0
2025-09-23 18:31:26.706503,TUR-RACE BRAKEFLUID DOT4+ 500ML,4,1.0
2025-09-23 19:12:42.961672,CHA-QUARTZ 9000 SAE 5W40 500ML,5,1.0
2025-09-23 20:19:52.667371,AVO-SWIFTEX BATTERY 652P,110,1.0
2025-09-23 21:46:15.935531,RUN-RUBIA SX SAE40 500ML,9,3.0
2025-09-23 23:47:58.838792,FOR-QUARTZ 4X4 15W40 500ML,6,2.0
2025-09-26 16:02:32.071704,SUN-QUARTZ 9000 SAE 5W40 500ML,5,1.0
2025-09-26 16:11:54.229571,CHA-RUBIA TIR 7400 15W40 500ML,3,1.0
2025-09-26 16:26:40.438275,CHE-QUARTZ 9000 SAE 5W40 500ML,20,4.0
2025-09-26 17:38:00.710742,ROD-SWIFTEX BATTERY 631C,85,1.0
2025-09-26 17:46:16.523374,RM-RACE BRAKEFLUID DOT4+ 500ML,8,2.0
2025-09-26 17:46:40.534639,RM-QUARTZ 5000 20W50 500ML,3,1.0
2025-09-26 17:47:14.227469,RM-RUBIA TIR 7400 15W40 500ML,6,2.0
2025-09-26 18:55:24.597783,KIR-QUARTZ 7000 SAE 15W50 500ML,8,2.0
2025-09-26 18:55:46.601682,KIR-QUARTZ 3000 SG 20W50 500ML,3,1.0
2025-09-26 18:56:31.501249,KIR-RACE BRAKEFLUID DOT4+ 500ML,8,2.0
2025-09-26 18:57:05.194143,KIR-QUARTZ 4X4 15W40 500ML,3,1.0
2025-09-26 20:23:27.166247,KHA-RACE BRAKEFLUID DOT4+ 500ML,4,1.0
2025-09-27 07:43:54.441950,TRO-RACE BRAKEFLUID DOT4+ 500ML,4,1.0
2025-09-27 07:59:42.562416,SUN-QUARTZ 5000 20W50 500ML,3,1.0
2025-09-27 09:08:32.067116,CHA-QUARTZ 4X4 15W40 500ML,6,2.0
2025-09-27 10:14:50.754894,KHA-QUARTZ 9000 SAE 5W40 500ML,5,1.0
2025-09-27 14:02:21.098409,FIF-QUARTZ 9000 SAE 5W40 500ML,10,2.0
2025-09-27 14:12:14.024688,BAN-FLUIDMATIC CVT MV 1L,10,1.0
2025-09-27 16:18:28.989851,MPO-NEPTUNA 2T SUPER SPORT 500ML,16,4.0
2025-09-27 16:24:10.211137,MPO-RACE BRAKEFLUID DOT4+ 500ML,4,1.0
2025-09-27 16:24:21.438285,MPO-QUARTZ 5000 20W50 500ML,3,1.0
2025-09-27 16:45:09.487578,KAD-RACE BRAKEFLUID DOT4+ 500ML,4,1.0
2025-09-30 08:48:17.655975,TRO-QUARTZ 5000 20W50 5L,22,1.0
2025-09-30 10:06:20.239824,RUN-QUARTZ 9000 SAE 5W40 500ML,15,3.0
2025-09-30 11:24:49.657574,KAD-QUARTZ 9000 SAE 5W40 5L,30,1.0
2025-09-30 12:07:15.000074,RUN-QUARTZ 9000 SAE 5W40 500ML,5,1.0
2025-09-30 12:58:20.992450,TUR-QUARTZ 9000 SAE 5W40 500ML,5,1.0
2025-09-30 14:28:29.092054,RUN-RUBIA SX SAE40 500ML,3,1.0
2025-09-30 14:34:19.044593,SAM-QUARTZ 3000 SG 20W50 500ML,3,1.0
2025-09-30 15:08:09.751702,SAM-QUARTZ 9000 SAE 5W40 500ML,5,1.0
2025-09-30 16:43:16.154595,MSA-SWIFTEX BATTERY 658P,160,1.0
2025-09-30 16:43:38.085724,RUN-NEPTUNA 2T SUPER SPORT 500ML,20,5.0
2025-09-30 17:27:29.699507,GWE-QUARTZ 5000 20W50 500ML,3,1.0
2025-09-30 17:35:18.822990,KHA-QUARTZ 9000 SAE 5W40 500ML,5,1.0
2025-09-30 17:35:45.910470,KHA-RACE BRAKEFLUID DOT4+ 500ML,4,1.0
2025-09-30 17:54:15.420812,FOR-RACE BRAKEFLUID DOT4+ 500ML,4,1.0
2025-09-30 18:01:15.730339,KIR-QUARTZ 5000 20W50 500ML,3,1.0
2025-09-30 18:09:41.231002,GWE-MULTIS EP 2 500G,7,1.0
2025-09-30 19:21:31.847607,RUN-QUARTZ 9000 SAE 5W40 500ML,5,1.0
2025-09-30 20:19:25.641519,TUR-QUARTZ 9000 SAE 5W40 500ML,10,2.0
2025-09-30 20:25:28.799115,BAN-FLUIDMATIC DIII MV 500ML,12,4.0
2025-10-02 21:30:08.851490,RUN-FLUIDMATIC CVT MV 1L,10,1.0
2025-10-02 23:45:13.843356,KIR-RUBIA SX SAE40 500ML,3,1.0
2025-10-03 08:27:23.969827,TUR-QUARTZ 5000 20W50 500ML,3,1.0
2025-10-01 20:15:09.845939,SEK-QUARTZ 5000 20W50 500ML,3,1.0
2025-10-01 20:27:33.709471,CRI-RACE BRAKEFLUID DOT4+ 500ML,4,1.0
2025-10-01 20:33:50.827447,BAN-RUBIA TIR 7400 15W40 500ML,3,1.0
2025-10-01 20:40:28.665647,SEK-QUARTZ 9000 SAE 5W40 500ML,5,1.0
2025-10-05 09:41:01.393978,TUR-RUBIA TIR 7400 15W40 500ML,3,1.0
2025-10-05 10:07:40.741575,GWE-RACE BRAKEFLUID DOT4+ 500ML,4,1.0
2025-10-05 10:14:37.777849,SEK-QUARTZ 9000 SAE 5W40 500ML,5,1.0
2025-10-05 10:39:05.707889,SUN-SWIFTEX BATTERY 658P,160,1.0
2025-10-05 10:40:11.064996,SUN-QUARTZ 5000 20W50 500ML,9,3.0
2025-10-05 10:40:44.630794,SUN-RUBIA TIR 7400 15W40 500ML,6,2.0
2025-10-05 10:57:37.722071,BAN-RUBIA SX SAE40 500ML,6,2.0
2025-10-05 12:26:02.769808,GWE-FLUIDMATIC DIII MV 500ML,6,2.0
2025-09-03 14:27:52.654793,TUR-RUBIA SX SAE40 500ML,3,1.0
2025-09-03 17:00:37.183089,TRO-RUBIA TIR 7400 SAE 15W40 5L,50,2.0
2025-09-03 17:01:20.511665,TRO-NEPTUNA 2T SUPER SPORT 500ML,4,1.0
2025-09-03 17:34:53.450513,SUN-FLUIDMATIC DIII MV 500ML,6,2.0
2025-09-03 18:23:24.110150,RUN-NEPTUNA 2T SUPER SPORT 500ML,4,1.0
2025-09-03 18:23:36.893887,TUR-RUBIA SX SAE40 500ML,3,1.0
2025-09-03 18:30:19.295631,RUN-RACE BRAKEFLUID DOT4+ 500ML,4,1.0
2025-09-03 19:28:02.511781,MAR-RACE BRAKEFLUID DOT4+ 500ML,4,1.0
2025-09-03 21:03:58.628186,GWE-RUBIA TIR 7400 SAE 15W40 5L,25,1.0
2025-09-03 23:01:18.560687,CHI-RUBIA TIR 7400 15W40 500ML,3,1.0
2025-09-03 23:56:25.057800,KHA-RACE BRAKEFLUID DOT4+ 500ML,4,1.0
2025-09-04 00:15:43.899276,KIR-RACE BRAKEFLUID DOT4+ 500ML,4,1.0
2025-09-04 10:15:06.229343,CHE-QUARTZ 9000 SAE 5W40 500ML,5,1.0
2025-09-04 10:15:28.058596,CHE-QUARTZ 5000 20W50 500ML,3,1.0
2025-09-04 13:37:55.425366,TRO-NEPTUNA 2T SUPER SPORT 500ML,8,2.0
2025-09-04 14:36:06.531701,RUN-QUARTZ 5000 20W50 500ML,6,2.0
2025-09-04 14:38:17.080880,KHA-RACE BRAKEFLUID DOT4+ 500ML,8,2.0
2025-09-04 15:35:43.081623,TRO-NEPTUNA 2T SUPER SPORT 500ML,12,3.0
2025-09-04 16:55:38.289707,BAN-QUARTZ 5000 20W50 500ML,3,1.0
2025-09-06 16:48:28.835756,CHI-QUARTZ 5000 20W50 500ML,6,2.0
2025-09-06 18:55:51.778864,RUN-RUBIA SX SAE40 500ML,6,2.0
2025-09-06 18:57:32.593217,RUN-QUARTZ 9000 SAE 5W40 500ML,5,1.0
2025-09-06 19:55:57.767887,BAN-QUARTZ 5000 20W50 500ML,6,2.0
2025-09-06 21:16:46.670040,TRO-NEPTUNA 2T SUPER SPORT 500ML,4,1.0
2025-09-06 21:18:50.492946,TRO-NEPTUNA 2T SUPER SPORT 500ML,4,1.0
2025-09-06 21:19:36.553553,TRO-RUBIA TIR 7400 15W40 500ML,3,1.0
2025-09-06 22:33:42.346805,KAD-RUBIA SX SAE40 500ML,3,1.0
2025-09-07 00:07:54.101468,KIR-QUARTZ 4X4 15W40 500ML,3,1.0
2025-09-07 04:54:08.997901,FOR-FLUIDMATIC DIII MV 500ML,12,4.0
2025-09-07 08:35:25.008448,CHA-QUARTZ 5000 20W50 500ML,6,2.0
2025-09-07 10:56:20.268826,MPO-QUARTZ 5000 20W50 500ML,9,3.0
2025-09-07 10:57:15.265181,MPO-RUBIA TIR 7400 15W40 500ML,9,3.0
2025-09-07 10:57:59.229782,MPO-FLUIDMATIC DIII MV 500ML,3,1.0
2025-09-07 11:08:33.628929,TRO-NEPTUNA 2T SUPER SPORT 500ML,8,2.0
2025-09-07 12:31:21.855252,TUR-RACE BRAKEFLUID DOT4+ 500ML,4,1.0
2025-09-07 12:44:04.218638,TUR-RACE BRAKEFLUID DOT4+ 500ML,4,1.0
2025-09-07 13:21:30.749205,KHA-RACE BRAKEFLUID DOT4+ 500ML,4,1.0
2025-09-07 13:49:42.987531,TRO-QUARTZ 5000 20W50 5L,22,1.0
2025-09-07 16:06:41.982884,SEK-QUARTZ 4X4 15W40 5L,20,1.0
2025-09-09 15:37:46.264135,TUR-QUARTZ 5000 20W50 5L,22,1.0
2025-09-09 16:27:07.885969,RUN-RUBIA SX SAE40 500ML,3,1.0
2025-09-09 16:28:37.798236,RUN-RUBIA TIR 7400 15W40 500ML,3,1.0
2025-09-09 16:53:25.073305,BAN-NEPTUNA 2T SUPER SPORT 500ML,4,1.0
2025-09-09 17:38:11.198694,BAN-RUBIA TIR 7400 15W40 500ML,6,2.0
2025-09-09 19:19:52.656569,MAR-FLUIDMATIC DIII MV 500ML,9,3.0
2025-09-09 19:54:50.647324,AVO-QUARTZ 9000 SAE 5W40 500ML,5,1.0
2025-09-09 20:44:24.377007,TRO-QUARTZ 5000 20W50 500ML,6,2.0
2025-09-09 20:44:35.874002,TRO-NEPTUNA 2T SUPER SPORT 500ML,8,2.0
2025-09-10 07:39:27.407016,MPO-QUARTZ 5000 20W50 500ML,6,2.0
2025-09-10 07:45:32.723418,MPO-RACE BRAKEFLUID DOT4+ 500ML,4,1.0
2025-09-10 07:45:32.909093,MPO-RUBIA TIR 7400 15W40 500ML,3,1.0
2025-09-10 09:21:46.274868,BAN-QUARTZ 5000 20W50 5L,22,1.0
2025-09-10 10:50:02.258900,KIR-RUBIA TIR 7400 15W40 500ML,9,3.0
2025-09-10 10:55:40.088008,SEK-QUARTZ 9000 SAE 5W40 5L,30,1.0
2025-09-10 10:55:40.268405,SEK-FLUIDMATIC CVT MV 1L,10,1.0
2025-09-12 15:29:29.657228,BAN-RUBIA TIR 7400 15W40 500ML,3,1.0
2025-09-12 16:56:38.569517,GWE-RUBIA SX SAE40 500ML,3,1.0
2025-09-12 17:12:23.758849,FOR-RUBIA SX SAE40 500ML,9,3.0
2025-09-12 17:12:23.951895,FOR-NEPTUNA 2T SUPER SPORT 500ML,4,1.0
2025-09-12 17:53:43.887044,RM-RACE BRAKEFLUID DOT4+ 500ML,4,1.0
2025-09-12 19:17:21.902803,RUN-QUARTZ 9000 SAE 5W40 500ML,10,2.0
2025-09-12 20:02:32.038291,TUR-RUBIA SX SAE40 500ML,9,3.0
2025-09-12 21:33:15.958970,CHI-QUARTZ 9000 SAE 5W40 500ML,5,1.0
2025-09-12 21:44:38.006847,TRO-RACE BRAKEFLUID DOT4+ 500ML,4,1.0
2025-09-12 21:44:49.359807,TRO-NEPTUNA 2T SUPER SPORT 500ML,4,1.0
2025-09-13 00:55:04.333330,KIR-QUARTZ 5000 20W50 500ML,6,2.0
2025-09-13 00:55:26.248936,KIR-QUARTZ 4X4 15W40 500ML,3,1.0
2025-09-13 12:37:29.620019,SUN-FLUIDMATIC DIII MV 500ML,6,2.0
2025-09-13 13:05:19.973230,TUR-RUBIA SX SAE40 500ML,6,2.0
2025-09-15 19:59:25.660807,GWE-RUBIA SX SAE40 500ML,3,1.0
2025-09-15 20:08:44.064268,TUR-RUBIA SX SAE40 500ML,6,2.0
2025-09-15 20:58:11.911622,TRO-FLUIDMATIC DIII MV 500ML,3,1.0
2025-09-15 20:59:07.712852,TRO-NEPTUNA 2T SUPER SPORT 500ML,4,1.0
2025-09-16 10:15:43.834948,BAN-RACE BRAKEFLUID DOT4+ 500ML,8,2.0
2025-09-16 10:42:45.749176,KHA-FLUIDMATIC CVT MV 1L,10,1.0
2025-09-16 11:40:47.256557,BAN-QUARTZ 9000 SAE 5W40 500ML,10,2.0
2025-09-16 12:25:46.605880,GWE-MULTIS EP 2 500G,7,1.0
2025-09-16 14:22:43.435309,BAN-RUBIA TIR 7400 15W40 500ML,3,1.0
2025-09-16 15:16:14.633699,CHA-QUARTZ 9000 SAE 5W40 500ML,5,1.0
2025-09-16 15:52:22.358385,KAD-QUARTZ 9000 SAE 5W40 500ML,5,1.0
2025-09-16 17:55:27.299637,KIR-QUARTZ 9000 SAE 5W40 500ML,10,2.0
2025-09-16 17:56:13.292793,KIR-QUARTZ 5000 20W50 500ML,3,1.0
2025-09-16 18:12:41.214637,MGM-QUARTZ 9000 SAE 5W40 500ML,5,1.0
2025-09-16 18:13:48.413304,MGM-RACE BRAKEFLUID DOT4+ 500ML,12,3.0
2025-09-16 18:14:55.140626,MGM-RUBIA TIR 7400 15W40 500ML,3,1.0
2025-09-16 18:58:32.188147,RUN-NEPTUNA 2T SUPER SPORT 500ML,4,1.0
2025-09-16 19:02:18.463358,RUN-RUBIA SX SAE40 500ML,3,1.0
2025-09-16 19:03:14.992767,RUN-QUARTZ 9000 SAE 5W40 500ML,5,1.0
2025-09-19 07:45:27.488100,FIF-RUBIA TIR 7400 SAE 15W40 5L,25,1.0
2025-09-19 07:46:00.807902,FIF-RACE BRAKEFLUID DOT4+ 500ML,4,1.0
2025-09-19 07:55:56.195152,MPO-RUBIA SX SAE40 500ML,3,1.0
2025-09-19 07:56:17.846040,MPO-RACE BRAKEFLUID DOT4+ 500ML,4,1.0
2025-09-19 09:38:08.037931,TUR-NEPTUNA 2T SUPER SPORT 500ML,4,1.0
2025-09-19 11:17:06.278042,TUR-RACE BRAKEFLUID DOT4+ 500ML,4,1.0
2025-09-19 12:34:01.247855,BAN-RUBIA SX SAE40 500ML,9,3.0
2025-09-19 12:59:25.639363,TUR-RUBIA SX SAE40 500ML,6,2.0
2025-09-19 18:55:24.430939,TRO-NEPTUNA 2T SUPER SPORT 500ML,12,3.0
2025-09-19 18:55:46.589133,TRO-RUBIA TIR 7400 15W40 500ML,3,1.0
2025-09-19 19:04:27.039080,BAN-FLUIDMATIC DIII MV 500ML,3,1.0
2025-09-19 19:43:08.401286,RUN-QUARTZ 9000 SAE 5W40 5L,30,1.0
2025-09-19 19:52:25.821553,CHA-RUBIA TIR 7400 15W40 500ML,6,2.0
2025-09-19 20:52:23.694808,BAN-RUBIA TIR 7400 15W40 500ML,3,1.0
2025-09-19 23:20:09.809805,MSA-RACE BRAKEFLUID DOT4+ 500ML,4,1.0
2025-09-20 00:04:46.052800,CHA-RUBIA TIR 7400 15W40 500ML,6,2.0
2025-09-22 11:19:20.517006,FOR-RUBIA SX SAE40 500ML,3,1.0
2025-09-22 15:08:13.812184,BAN-RUBIA TIR 7400 SAE 15W40 5L,25,1.0
2025-09-22 15:34:22.750638,SWIFTEX - 628CE,80,1.0
2025-09-22 17:05:29.630847,TRO-NEPTUNA 2T SUPER SPORT 500ML,4,1.0
2025-09-22 18:36:00.278891,TUR-RUBIA TIR 7400 15W40 500ML,6,2.0
2025-09-22 18:37:52.014114,KAD-QUARTZ 4X4 15W40 500ML,3,1.0
2025-09-22 19:51:34.520981,KIR-QUARTZ 9000 SAE 5W40 500ML,10,2.0
2025-09-22 21:35:40.868113,TRO-QUARTZ 9000 SAE 5W40 500ML,10,2.0
2025-09-22 21:36:14.384479,TRO-RUBIA TIR 7400 15W40 500ML,6,2.0
2025-09-22 22:50:32.148486,FOR-RACE BRAKEFLUID DOT4+ 500ML,4,1.0
2025-09-23 01:41:32.133818,CHA-RUBIA TIR 7400 15W40 500ML,9,3.0
2025-09-25 11:13:07.103713,BAN-NEPTUNA 2T SUPER SPORT 500ML,4,1.0
2025-09-25 13:01:36.997854,TUR-RACE BRAKEFLUID DOT4+ 500ML,4,1.0
2025-09-25 13:33:27.195535,SUN-RUBIA TIR 7400 15W40 500ML,6,2.0
2025-09-25 13:34:13.413384,SUN-QUARTZ 5000 20W50 500ML,6,2.0
2025-09-25 13:34:47.048611,SUN-QUARTZ 9000 SAE 5W40 500ML,10,2.0
2025-09-25 14:18:13.535025,SUN-RUBIA TIR 7400 15W40 500ML,6,2.0
2025-09-25 14:27:57.211815,GWE-FLUIDMATIC DIII MV 500ML,3,1.0
2025-09-25 15:13:02.326167,TUR-QUARTZ 5000 20W50 500ML,3,1.0
2025-09-25 16:10:09.282157,GWE-QUARTZ 5000 20W50 500ML,3,1.0
2025-09-25 16:15:38.288755,GWE-QUARTZ 5000 20W50 500ML,3,1.0
2025-09-25 16:21:00.125665,CHA-RUBIA TIR 7400 15W40 500ML,6,2.0
2025-09-25 17:05:09.592459,BAN-NEPTUNA 2T SUPER SPORT 500ML,4,1.0
2025-09-25 17:59:07.038089,SUN-FLUIDMATIC CVT MV 1L,10,1.0
2025-09-25 19:10:48.197766,TRO-RUBIA TIR 7400 SAE 15W40 5L,75,3.0
2025-09-25 19:11:32.561346,TRO-QUARTZ 9000 SAE 5W40 5L,60,2.0
2025-09-25 19:42:18.397629,MAR-RACE BRAKEFLUID DOT4+ 500ML,4,1.0
2025-09-25 20:49:56.600263,TUR-RACE BRAKEFLUID DOT4+ 500ML,4,1.0
2025-09-25 21:08:58.277840,TUR-RUBIA SX SAE40 500ML,3,1.0
2025-09-25 21:09:20.302935,TUR-QUARTZ 9000 SAE 5W40 500ML,5,1.0
2025-09-25 21:52:10.034050,SUN-RUBIA TIR 7400 15W40 500ML,3,1.0
2025-09-26 11:48:21.813136,BAN-RUBIA TIR 7400 15W40 500ML,6,2.0
2025-09-26 12:15:31.150369,RM-RUBIA TIR 7400 15W40 500ML,9,3.0
2025-09-26 12:38:38.063403,RUN-QUARTZ 5000 20W50 500ML,3,1.0
2025-09-26 12:39:00.130330,RUN-QUARTZ 4X4 15W40 500ML,9,3.0
2025-09-26 13:07:35.417679,BAN-RUBIA TIR 7400 15W40 500ML,6,2.0
2025-09-26 14:06:45.028617,RUN-RUBIA TIR 7400 15W40 500ML,3,1.0
2025-09-26 14:07:35.782228,RUN-FLUIDMATIC DIII MV 500ML,3,1.0
2025-09-28 20:44:04.308513,RUN-RUBIA TIR 7400 SAE 15W40 5L,25,1.0
2025-09-28 21:08:41.717673,RUN-FLUIDMATIC CVT MV 1L,20,2.0
2025-09-29 07:59:27.225919,FOR-QUARTZ 4X4 15W40 500ML,3,1.0
2025-09-29 09:51:13.610498,RUN-RUBIA SX SAE40 500ML,3,1.0
2025-09-29 09:51:57.430064,RUN-QUARTZ 9000 SAE 5W40 500ML,5,1.0
2025-09-29 09:52:19.366354,RUN-FLUIDMATIC DIII MV 500ML,3,1.0
2025-09-29 10:31:19.914051,SAM-QUARTZ 5000 20W50 500ML,12,4.0
2025-09-29 10:32:58.570481,SUN-QUARTZ 9000 SAE 5W40 500ML,5,1.0
2025-09-29 10:33:31.481219,SUN-QUARTZ 5000 20W50 500ML,3,1.0
2025-09-29 10:52:29.596762,GWE-RUBIA TIR 7400 SAE 15W40 5L,25,1.0
2025-09-29 13:39:17.027242,RUN-FLUIDMATIC DIII MV 500ML,3,1.0
2025-09-29 13:40:59.713342,RUN-FLUIDMATIC DIII MV 500ML,3,1.0
2025-09-29 13:55:16.055266,KAD-RACE BRAKEFLUID DOT4+ 500ML,4,1.0
2025-09-29 14:48:14.694121,BAN-NEPTUNA 2T SUPER SPORT 500ML,4,1.0
2025-09-29 16:01:40.505723,CHA-FLUIDMATIC DIII MV 500ML,3,1.0
2025-09-29 16:58:19.259339,CHE-RACE BRAKEFLUID DOT4+ 500ML,12,3.0
2025-09-29 16:58:41.340615,CHE-RUBIA TIR 7400 15W40 500ML,3,1.0
2025-09-29 17:51:11.575508,BAN-QUARTZ 9000 SAE 5W40 500ML,20,4.0
2025-09-29 17:52:06.878479,BAN-QUARTZ 9000 SAE 5W40 5L,30,1.0
2025-09-29 18:52:50.802522,BAN-RUBIA TIR 7400 15W40 500ML,6,2.0
2025-09-29 19:01:34.156121,TUR-RACE BRAKEFLUID DOT4+ 500ML,4,1.0
2025-09-29 19:03:46.577924,BAN-NEPTUNA 2T SUPER SPORT 500ML,4,1.0
2025-09-29 19:04:08.939862,BAN-RACE BRAKEFLUID DOT4+ 500ML,8,2.0
2025-09-29 19:22:29.677765,RUN-FLUIDMATIC DIII MV 500ML,3,1.0
2025-09-29 19:26:25.295704,CHE-QUARTZ 9000 SAE 5W40 500ML,5,1.0
2025-09-29 19:26:47.586076,CHE-RUBIA TIR 7400 15W40 500ML,3,1.0
2025-09-29 21:42:37.490205,BAN-NEPTUNA 2T SUPER SPORT 500ML,4,1.0
2025-10-01 21:45:55.452996,TRO-RUBIA TIR 7400 15W40 500ML,9,3.0
2025-10-01 23:23:00.150544,KIR-FLUIDMATIC CVT MV 1L,20,2.0
2025-10-02 07:57:33.436030,FIF-QUARTZ 4X4 15W40 500ML,18,6.0
2025-10-02 07:58:06.298336,FIF-QUARTZ 9000 SAE 5W40 500ML,20,4.0
2025-10-02 07:58:28.194115,FIF-QUARTZ 5000 20W50 500ML,18,6.0
2025-10-02 07:59:01.617769,FIF-NEPTUNA 2T SUPER SPORT 500ML,8,2.0
2025-10-02 07:59:45.276401,FIF-RACE BRAKEFLUID DOT4+ 500ML,12,3.0
2025-10-02 08:17:37.802725,SUN-QUARTZ 5000 20W50 500ML,6,2.0
2025-10-02 09:14:00.041672,KAD-FLUIDMATIC DIII MV 500ML,3,1.0
2025-10-02 10:26:33.006905,SUN-QUARTZ 9000 SAE 5W40 500ML,5,1.0
2025-10-02 11:04:21.550945,BAN-NEPTUNA 2T SUPER SPORT 500ML,4,1.0
2025-10-02 11:34:27.849537,GWE-QUARTZ 5000 20W50 5L,22,1.0
2025-10-02 11:35:34.403636,GWE-RUBIA TIR 7400 SAE 15W40 5L,25,1.0
2025-10-02 11:43:27.041727,RUN-RUBIA SX SAE40 500ML,3,1.0
2025-10-02 11:47:41.328278,CHE-RACE BRAKEFLUID DOT4+ 500ML,4,1.0
2025-10-02 11:49:20.361399,FOR-RACE BRAKEFLUID DOT4+ 500ML,4,1.0
2025-10-02 12:55:09.095446,BAN-RUBIA TIR 7400 SAE 15W40 5L,25,1.0
2025-10-02 12:56:26.196566,SUN-QUARTZ 5000 20W50 5L,22,1.0
2025-10-02 14:00:50.911076,SAM-QUARTZ 5000 20W50 500ML,3,1.0
2025-10-02 14:01:13.207128,SAM-QUARTZ 9000 SAE 5W40 500ML,10,2.0
2025-10-02 14:03:25.388935,SUN-QUARTZ 5000 20W50 500ML,3,1.0
2025-10-02 14:04:31.683184,SUN-QUARTZ 4X4 15W40 500ML,9,3.0
2025-10-02 15:21:32.736947,TUR-QUARTZ 9000 SAE 5W40 500ML,5,1.0
2025-10-02 17:29:33.815523,CHA-NEPTUNA 2T SUPER SPORT 500ML,4,1.0
2025-10-02 19:12:15.031479,SUN-QUARTZ 3000 SG 20W50 500ML,3,1.0
2025-10-02 20:29:15.480236,BAN-RUBIA TIR 7400 SAE 15W40 5L,25,1.0
2025-10-02 21:21:40.450391,TUR-QUARTZ 9000 SAE 5W40 500ML,5,1.0
2025-10-04 00:12:37.178933,KIR-RACE BRAKEFLUID DOT4+ 500ML,4,1.0
2025-10-04 00:19:30.689872,SUN-QUARTZ 5000 20W50 500ML,3,1.0
2025-10-04 03:15:03.461528,FOR-RACE BRAKEFLUID DOT4+ 500ML,4,1.0
2025-10-04 08:14:46.555656,CHA-QUARTZ 4X4 15W40 500ML,3,1.0
2025-10-04 11:22:07.896506,TUR-RUBIA TIR 7400 15W40 500ML,3,1.0
2025-10-04 12:59:46.442018,TUR-QUARTZ 5000 20W50 500ML,3,1.0
2025-10-04 13:00:09.616772,TUR-QUARTZ 4X4 15W40 500ML,3,1.0
2025-10-05 13:31:53.360468,TUR-NEPTUNA 2T SUPER SPORT 500ML,4,1.0
2025-10-05 13:35:09.799742,RUN-RACE BRAKEFLUID DOT4+ 500ML,8,2.0
2025-10-05 15:30:29.082629,GWE-RACE BRAKEFLUID DOT4+ 500ML,4,1.0
2025-10-05 17:56:14.054230,FIF-FLUIDMATIC DIII MV 500ML,9,3.0
2025-10-05 17:57:31.515753,FIF-RACE BRAKEFLUID DOT4+ 500ML,12,3.0
2025-10-05 17:59:12.772558,FIF-RACE BRAKEFLUID DOT4+ 500ML,4,1.0
2025-10-05 18:00:30.047822,FIF-RUBIA TIR 7400 SAE 15W40 5L,25,1.0
2025-10-05 18:00:52.547918,FIF-QUARTZ 4X4 15W40 500ML,6,2.0
2025-10-05 18:01:27.008494,FIF-QUARTZ 5000 20W50 500ML,6,2.0
2025-10-05 18:02:00.352630,FIF-QUARTZ 9000 SAE 5W40 500ML,10,2.0
2025-10-05 18:02:44.430900,FIF-QUARTZ 9000 SAE 5W40 5L,30,1.0
2025-10-05 18:04:33.634885,FIF-RUBIA SX SAE40 500ML,6,2.0
2025-10-05 19:35:15.188351,SUN-QUARTZ 5000 20W50 500ML,3,1.0
2025-10-05 19:35:59.517731,SUN-FLUIDMATIC DIII MV 500ML,3,1.0
2025-10-05 19:36:55.018305,SUN-QUARTZ 5000 20W50 500ML,9,3.0
2025-10-05 19:37:39.008278,SUN-QUARTZ 5000 20W50 5L,22,1.0
2025-10-05 19:59:55.387092,RUN-FLUIDMATIC DIII MV 500ML,3,1.0
2025-10-05 20:06:00.893356,TUR-QUARTZ 5000 20W50 500ML,6,2.0
2025-10-05 21:16:53.000471,TRO-QUARTZ 9000 SAE 5W40 5L,30,1.0
2025-10-05 21:17:37.224948,TRO-FLUIDMATIC DIII MV 500ML,3,1.0
2025-10-05 21:18:10.903060,TRO-RUBIA SX SAE40 500ML,3,1.0
2025-10-05 21:43:02.203672,SEK-QUARTZ 5000 20W50 5L,22,1.0
2025-10-05 21:43:24.313835,SEK-QUARTZ 5000 20W50 500ML,6,2.0
2025-10-05 22:30:48.745985,SUN-RACE BRAKEFLUID DOT4+ 500ML,4,1.0
2025-10-06 07:29:48.203788,MPO-QUARTZ 5000 20W50 500ML,3,1.0
2025-10-06 07:30:53.620941,MPO-RACE BRAKEFLUID DOT4+ 500ML,4,1.0
2025-10-06 07:39:57.514908,MPO-FLUIDMATIC DIII MV 500ML,3,1.0
2025-10-06 09:19:53.711221,BAN-RUBIA SX SAE40 500ML,9,3.0
2025-10-06 09:20:58.882789,RM-QUARTZ 5000 20W50 500ML,3,1.0
2025-10-06 09:22:48.370626,RM-RUBIA TIR 7400 15W40 500ML,12,4.0
2025-10-06 09:23:32.609002,RM-QUARTZ 5000 20W50 500ML,3,1.0
2025-10-06 09:24:16.097699,RM-RUBIA TIR 7400 15W40 500ML,3,1.0
2025-10-06 09:25:53.985520,RM-RUBIA SX SAE40 500ML,9,3.0
2025-10-06 09:26:15.975262,RM-QUARTZ 5000 20W50 500ML,3,1.0
2025-10-06 09:26:37.788351,RM-RUBIA TIR 7400 15W40 500ML,3,1.0
2025-10-06 09:27:32.698189,RM-RACE BRAKEFLUID DOT4+ 500ML,4,1.0
2025-10-06 09:28:59.716760,RM-FLUIDMATIC CVT MV 1L,20,2.0
2025-10-06 10:21:08.298896,TUR-RUBIA SX SAE40 500ML,3,1.0
2025-10-06 10:23:51.918600,TUR-QUARTZ 5000 20W50 500ML,3,1.0
2025-10-06 11:54:26.992353,TUR-RUBIA SX SAE40 500ML,3,1.0
2025-10-06 12:03:31.555523,TUR-RUBIA TIR 7400 SAE 15W40 5L,25,1.0
2025-10-06 12:34:47.282381,BAN-NEPTUNA 2T SUPER SPORT 500ML,4,1.0
2025-10-09 14:48:03.726295,TUR-RUBIA SX SAE40 500ML,3,1.0
2025-10-09 16:57:28.459949,MPO-QUARTZ 5000 20W50 500ML,6,2.0
2025-10-09 16:58:01.579359,MPO-RUBIA TIR 7400 15W40 500ML,6,2.0
2025-10-09 17:39:36.114438,MSA-QUARTZ 5000 20W50 500ML,3,1.0
2025-10-09 17:40:37.820450,MSA-RACE BRAKEFLUID DOT4+ 500ML,8,2.0
2025-10-09 17:47:09.245717,MSA-QUARTZ 9000 SAE 5W40 500ML,5,1.0
2025-10-09 18:45:07.398198,SEK-QUARTZ 5000 20W50 500ML,3,1.0
2025-10-09 18:45:50.906294,RUN-QUARTZ 5000 20W50 500ML,9,3.0
2025-10-09 18:51:32.761579,SUN-RACE BRAKEFLUID DOT4+ 500ML,8,2.0
2025-10-09 19:44:43.204606,BAN-RUBIA TIR 7400 SAE 15W40 5L,25,1.0
2025-10-09 19:49:18.841289,MAR-FLUIDMATIC DIII MV 500ML,3,1.0
2025-10-09 22:48:14.031040,MSA-QUARTZ 4X4 15W40 500ML,3,1.0
2025-10-09 22:48:52.876979,MSA-QUARTZ 4X4 15W40 500ML,3,1.0
2025-10-10 00:08:21.971021,FOR-QUARTZ 4X4 15W40 500ML,3,1.0
2025-10-10 01:49:24.900786,MPO-QUARTZ 4X4 15W40 500ML,3,1.0
2025-10-10 01:50:39.794867,MPO-QUARTZ 9000 SAE 5W40 500ML,10,2.0
2025-10-10 07:54:33.413804,SUN-QUARTZ 5000 20W50 5L,22,1.0
2025-10-10 09:51:30.015882,CHA-RUBIA SX SAE40 500ML,6,2.0
2025-10-10 10:22:35.867114,CHA-RUBIA SX SAE40 500ML,3,1.0
2025-10-10 11:10:08.446171,BAN-QUARTZ 5000 20W50 500ML,3,1.0
2025-10-10 12:42:47.925186,TUR-NEPTUNA 2T SUPER SPORT 500ML,16,4.0
2025-10-10 14:34:45.616012,SEK-RUBIA TIR 7400 SAE 15W40 5L,25,1.0
2025-10-10 15:04:07.699697,BAN-NEPTUNA 2T SUPER SPORT 500ML,4,1.0
2025-10-12 18:34:19.355092,KIR-QUARTZ 9000 SAE 5W40 500ML,5,1.0
2025-10-12 18:43:41.280357,GWE-RUBIA TIR 7400 15W40 500ML,9,3.0
2025-10-12 20:21:43.768082,CHE-QUARTZ 5000 20W50 500ML,3,1.0
2025-10-12 23:24:03.617746,KIR-FLUIDMATIC CVT MV 1L,10,1.0
2025-10-13 07:48:02.563230,GWE-QUARTZ 5000 20W50 500ML,3,1.0
2025-10-13 09:07:19.676910,BAN-RUBIA SX SAE40 500ML,3,1.0
2025-10-13 09:15:21.905337,GWE-FLUIDMATIC DIII MV 500ML,3,1.0
2025-10-13 09:17:55.653466,GWE-FLUIDMATIC DIII MV 500ML,3,1.0
2025-10-13 09:33:16.496653,KHA-QUARTZ 9000 SAE 5W40 500ML,5,1.0
2025-10-13 10:04:48.510943,MPO-QUARTZ 5000 20W50 500ML,3,1.0
2025-10-13 10:05:21.775670,MPO-RACE BRAKEFLUID DOT4+ 500ML,4,1.0
2025-10-13 10:05:43.994568,MPO-RACE BRAKEFLUID DOT4+ 500ML,4,1.0
2025-10-13 10:08:28.059064,KAD-NEPTUNA 2T SUPER SPORT 500ML,8,2.0
2025-10-13 11:35:28.101114,SUN-RUBIA TIR 7400 15W40 500ML,3,1.0
2025-10-13 11:36:01.302243,SUN-QUARTZ 9000 SAE 5W40 500ML,15,3.0
2025-10-13 11:37:39.226456,CHA-RUBIA SX SAE40 500ML,6,2.0
2025-10-13 12:13:19.523022,BAN-QUARTZ 9000 SAE 5W40 500ML,5,1.0
2025-10-13 12:32:00.564677,TUR-QUARTZ 4X4 15W40 500ML,3,1.0
2025-10-13 12:49:21.918499,MSA-QUARTZ 5000 20W50 500ML,12,4.0
2025-10-13 12:54:18.451211,MSA-FLUIDMATIC DIII MV 500ML,6,2.0
2025-10-13 12:59:26.095182,GWE-QUARTZ 5000 20W50 5L,22,1.0
2025-10-13 14:34:03.056134,BAN-NEPTUNA 2T SUPER SPORT 500ML,4,1.0
2025-10-13 15:05:43.693115,MPO-RACE BRAKEFLUID DOT4+ 500ML,4,1.0
2025-10-13 15:14:06.110373,SEK-RUBIA TIR 7400 15W40 500ML,3,1.0
2025-10-13 15:57:37.517496,CHA-RUBIA SX SAE40 500ML,3,1.0
2025-10-13 16:55:39.317855,BAN-NEPTUNA 2T SUPER SPORT 500ML,8,2.0
2025-10-13 17:05:36.238796,FIF-RUBIA TIR 7400 15W40 500ML,12,4.0
2025-10-13 17:06:30.986697,FIF-QUARTZ 5000 20W50 500ML,18,6.0
2025-10-13 17:08:42.522893,FIF-FLUIDMATIC DIII MV 500ML,12,4.0
2025-10-13 18:07:22.824589,FIF-NEPTUNA 2T SUPER SPORT 500ML,4,1.0
2025-10-15 18:53:59.095689,KHA-RACE BRAKEFLUID DOT4+ 500ML,4,1.0
2025-10-15 18:59:45.957741,BAN-RACE BRAKEFLUID DOT4+ 500ML,8,2.0
2025-10-15 19:43:04.695631,CHE-FLUIDMATIC DIII MV 500ML,3,1.0
2025-10-15 20:06:16.469280,RUN-QUARTZ 9000 SAE 5W40 500ML,5,1.0
2025-10-15 22:33:21.167106,CHE-RACE BRAKEFLUID DOT4+ 500ML,4,1.0
2025-10-15 22:40:52.617019,SEK-RACE BRAKEFLUID DOT4+ 500ML,4,1.0
2025-10-15 22:45:05.903075,KHA-RACE BRAKEFLUID DOT4+ 500ML,8,2.0
2025-10-16 00:44:21.023546,CHA-RACE BRAKEFLUID DOT4+ 500ML,4,1.0
2025-10-16 01:13:38.093120,GWE-FLUIDMATIC CVT MV 1L,20,2.0
2025-10-16 06:31:49.364458,GWE-FLUIDMATIC DIII MV 500ML,3,1.0
2025-10-16 07:25:39.956836,CRI-FLUIDMATIC DIII MV 500ML,6,2.0
2025-10-16 07:40:17.306922,MPO-RUBIA TIR 7400 15W40 500ML,3,1.0
2025-10-16 07:52:43.655296,GWE-FLUIDMATIC DIII MV 500ML,3,1.0
2025-10-16 11:19:21.946659,SUN-RACE BRAKEFLUID DOT4+ 500ML,4,1.0
2025-10-16 11:56:23.445197,SUN-QUARTZ 5000 20W50 500ML,6,2.0
2025-10-16 11:59:06.357822,SUN-QUARTZ 7000 SAE 15W50 500ML,8,2.0
2025-10-16 12:16:05.341287,GWE-RUBIA SX SAE40 500ML,3,1.0
2025-10-16 12:43:55.458947,SUN-QUARTZ 5000 20W50 500ML,3,1.0
2025-10-16 13:44:31.017004,TUR-QUARTZ 9000 SAE 5W40 500ML,10,2.0
2025-10-16 14:00:28.760814,BAN-QUARTZ 9000 SAE 5W40 500ML,5,1.0
2025-10-16 14:00:50.866143,BAN-NEPTUNA 2T SUPER SPORT 500ML,4,1.0
2025-10-16 14:01:55.808764,KHA-FLUIDMATIC DIII MV 500ML,3,1.0
2025-10-16 14:06:37.649314,TUR-QUARTZ 4X4 15W40 5L,20,1.0
2025-10-16 15:39:16.126365,RUN-FLUIDMATIC CVT MV 1L,10,1.0
2025-10-16 16:03:02.761807,CHE-QUARTZ 5000 20W50 500ML,3,1.0
2025-10-16 17:21:30.350881,KIR-QUARTZ 5000 20W50 500ML,3,1.0
2025-10-18 18:36:47.169517,CHE-RUBIA SX SAE40 500ML,6,2.0
2025-10-19 09:56:40.244941,MPO-RACE BRAKEFLUID DOT4+ 500ML,16,4.0
2025-10-19 09:57:12.825082,MPO-QUARTZ 5000 20W50 500ML,6,2.0
2025-10-19 09:57:55.891799,MPO-QUARTZ 9000 SAE 5W40 500ML,15,3.0
2025-10-19 09:58:28.414335,MPO-FLUIDMATIC DIII MV 500ML,3,1.0
2025-10-19 10:05:51.815021,SEK-RACE BRAKEFLUID DOT4+ 500ML,4,1.0
2025-10-19 10:18:49.949961,CHI-QUARTZ 5000 20W50 5L,22,1.0
2025-10-19 10:23:42.284248,CRI-RUBIA SX SAE40 500ML,6,2.0
2025-10-19 13:04:04.479325,BAN-FLUIDMATIC DIII MV 500ML,3,1.0
2025-10-19 13:04:36.838592,BAN-NEPTUNA 2T SUPER SPORT 500ML,12,3.0
2025-10-19 13:59:05.294115,CHE-RUBIA SX SAE40 500ML,3,1.0
2025-10-19 15:09:50.277641,CHI-QUARTZ 5000 20W50 500ML,6,2.0
2025-10-19 18:51:06.646738,KIR-QUARTZ 9000 SAE 5W40 500ML,5,1.0
2025-10-19 19:56:26.416810,TUR-QUARTZ 9000 SAE 5W40 500ML,5,1.0
2025-10-19 20:38:37.721241,MPO-RUBIA TIR 7400 15W40 500ML,6,2.0
2025-10-19 20:39:09.884801,MPO-QUARTZ 9000 SAE 5W40 500ML,5,1.0
2025-10-22 10:50:38.717915,TUR-RACE BRAKEFLUID DOT4+ 500ML,4,1.0
2025-10-22 10:51:03.413238,TUR-RUBIA SX SAE40 500ML,3,1.0
2025-10-22 11:16:35.359671,RUN-QUARTZ 9000 SAE 5W40 500ML,5,1.0
2025-10-22 11:59:24.117859,SEK-RACE BRAKEFLUID DOT4+ 500ML,4,1.0
2025-10-22 12:55:20.125679,CHI-QUARTZ 5000 20W50 500ML,3,1.0
2025-10-22 15:16:29.423990,BAN-QUARTZ 3000 SG 20W50 500ML,3,1.0
2025-10-22 16:56:53.856024,MSA-QUARTZ 5000 20W50 500ML,6,2.0
2025-10-22 18:29:35.631705,KIR-QUARTZ 3000 SG 20W50 500ML,3,1.0
2025-10-22 18:33:02.430635,RUN-FLUIDMATIC DIII MV 500ML,48,16.0
2025-10-22 18:50:21.442204,TUR-QUARTZ 5000 20W50 500ML,6,2.0
2025-10-22 18:58:18.522179,BAN-NEPTUNA 2T SUPER SPORT 500ML,4,1.0
2025-10-22 19:58:13.130046,SEK-QUARTZ 3000 SG 20W50 500ML,6,2.0
2025-10-22 20:18:31.329830,TUR-QUARTZ 9000 SAE 5W40 500ML,5,1.0
2025-10-22 21:32:56.741743,GWE-PROSYLVA 2 STROKE 200ML,2,1.0
2025-10-22 22:48:13.546930,KAD-RUBIA SX SAE40 500ML,3,1.0
2025-10-22 23:12:49.152910,RM-RUBIA SX SAE40 500ML,6,2.0
2025-10-23 01:09:54.177711,KIR-QUARTZ 5000 20W50 5L,22,1.0
2025-10-23 07:26:46.400210,MPO-QUARTZ 9000 SAE 5W40 500ML,5,1.0
2025-10-23 07:27:10.795152,MPO-RUBIA SX SAE40 500ML,3,1.0
2025-10-23 07:37:30.685489,GWE-QUARTZ 4X4 15W40 500ML,3,1.0
2025-10-23 07:38:04.798282,GWE-QUARTZ 5000 20W50 500ML,9,3.0
2025-10-23 09:53:19.586024,TUR-RUBIA SX SAE40 500ML,3,1.0
2025-10-23 09:54:43.503018,TURN -SWIFTEX - 639C,105,1.0
2025-10-23 10:03:12.204336,TUR-QUARTZ 5000 20W50 5L,22,1.0
2025-10-23 10:16:33.092891,TUR-RUBIA TIR 7400 15W40 500ML,3,1.0
2025-10-23 10:54:47.711034,CHI-RUBIA SX SAE40 500ML,3,1.0
2025-10-23 11:19:38.629037,TUR-NEPTUNA 2T SUPER SPORT 500ML,4,1.0
2025-10-23 11:20:51.515572,BAN-QUARTZ 5000 20W50 500ML,3,1.0
2025-10-23 11:23:21.612742,KAD-QUARTZ 9000 SAE 5W40 500ML,10,2.0
2025-10-23 11:54:04.807276,BAN-QUARTZ 5000 20W50 500ML,6,2.0
2025-10-23 12:16:14.204343,TUR-QUARTZ 5000 20W50 5L,22,1.0
2025-10-23 13:11:37.402339,BAN-QUARTZ 5000 20W50 500ML,3,1.0
2025-10-26 14:21:02.453229,TUR-QUARTZ 9000 SAE 5W40 500ML,5,1.0
2025-10-26 14:24:50.994502,TUR-NEPTUNA 2T SUPER SPORT 500ML,8,2.0
2025-10-26 17:06:16.777490,MPO-RUBIA TIR 7400 15W40 500ML,6,2.0
2025-10-26 17:09:15.079416,CRI-RUBIA SX SAE40 500ML,6,2.0
2025-10-26 17:49:01.367988,FIF-RUBIA TIR 7400 15W40 500ML,3,1.0
2025-10-26 18:06:28.187455,MSA-QUARTZ 4X4 15W40 500ML,3,1.0
2025-10-26 18:28:12.689959,MPO-RACE BRAKEFLUID DOT4+ 500ML,4,1.0
2025-10-26 19:33:25.118458,TUR-RUBIA SX SAE40 500ML,12,4.0
2025-10-26 19:53:59.293219,SEK-QUARTZ 4X4 15W40 500ML,3,1.0
2025-10-26 21:48:34.523202,RUN-RUBIA SX SAE40 500ML,6,2.0
2025-10-27 07:39:27.682278,RM-QUARTZ 9000 SAE 5W40 5L,30,1.0
2025-10-27 09:03:04.928539,TUR-QUARTZ 3000 SG 20W50 500ML,3,1.0
2025-10-27 09:06:03.951549,TUR-QUARTZ 5000 20W50 500ML,3,1.0
2025-10-27 09:10:18.543999,TUR-RACE BRAKEFLUID DOT4+ 500ML,4,1.0
2025-10-27 09:17:50.827356,KAD-FLUIDMATIC CVT MV 1L,10,1.0
2025-10-27 10:25:26.440061,SEK-NEPTUNA 2T SUPER SPORT 500ML,4,1.0
2025-10-27 11:25:49.637474,TUR-RUBIA TIR 7400 15W40 500ML,6,2.0
2025-10-27 12:39:38.142119,RUN-RUBIA SX SAE40 500ML,6,2.0
2025-10-27 12:59:42.386660,TUR-RACE BRAKEFLUID DOT4+ 500ML,8,2.0
2025-10-27 14:04:56.695734,BAN-NEPTUNA 2T SUPER SPORT 500ML,4,1.0
2025-10-27 14:32:06.989821,SUN-QUARTZ 5000 20W50 500ML,6,2.0
2025-10-27 14:35:42.561628,RUN-QUARTZ 9000 SAE 5W40 5L,30,1.0
2025-10-27 17:44:25.991548,GWE-RACE BRAKEFLUID DOT4+ 500ML,8,2.0
2025-10-27 17:51:21.934766,FIF-RACE BRAKEFLUID DOT4+ 500ML,4,1.0
2025-10-27 18:08:13.112444,RM-RACE BRAKEFLUID DOT4+ 500ML,16,4.0
2025-10-27 18:09:10.627629,RM-RUBIA TIR 7400 15W40 500ML,6,2.0
2025-10-27 18:10:25.168422,RM-QUARTZ 5000 20W50 500ML,6,2.0
2025-10-27 18:23:15.744252,MGM-RUBIA TIR 7400 SAE 15W40 5L,50,2.0
2025-10-27 18:23:17.603733,MGM-RACE BRAKEFLUID DOT4+ 500ML,4,1.0
2025-10-28 22:44:56.121310,CHI-QUARTZ 5000 20W50 500ML,3,1.0
2025-10-29 00:38:01.207849,CHE-RUBIA TIR 7400 SAE 15W40 5L,25,1.0
2025-10-29 00:38:25.881337,CHE-RUBIA TIR 7400 15W40 500ML,3,1.0
2025-10-29 00:38:49.650154,CHE-RUBIA SX SAE40 500ML,3,1.0
2025-10-29 08:25:44.949571,TUR-QUARTZ 5000 20W50 500ML,3,1.0
2025-10-29 09:35:25.585069,GWE-QUARTZ 5000 20W50 500ML,6,2.0
2025-10-29 09:46:20.423776,BAN-NEPTUNA 2T SUPER SPORT 500ML,8,2.0
2025-10-29 10:26:01.233198,SUN-QUARTZ 5000 20W50 500ML,6,2.0
2025-10-29 11:05:01.244431,RUN-QUARTZ 9000 SAE 5W40 500ML,15,3.0
2025-10-29 12:08:09.621035,CHE-RUBIA TIR 7400 15W40 500ML,6,2.0
2025-10-29 12:08:45.530175,CHE-RUBIA TIR 7400 SAE 15W40 5L,25,1.0
2025-10-29 12:13:27.159435,MAR-FLUIDMATIC CVT MV 1L,20,2.0
2025-10-29 12:22:25.838034,CHA-QUARTZ 4X4 15W40 500ML,6,2.0
2025-10-29 12:58:36.444866,KHA-QUARTZ 9000 SAE 5W40 500ML,10,2.0
2025-10-29 13:00:02.047495,KHA-RUBIA SX SAE40 500ML,3,1.0
2025-10-29 13:09:18.756980,TUR-RACE BRAKEFLUID DOT4+ 500ML,4,1.0
2025-10-29 13:22:17.281478,TUR-RUBIA SX SAE40 500ML,3,1.0
2025-10-29 13:30:47.871059,CHE-RUBIA SX SAE40 500ML,6,2.0
2025-10-29 16:54:12.644922,RUN-QUARTZ 9000 SAE 5W40 5L,60,2.0
2025-10-29 17:58:29.380100,RM-RUBIA TIR 7400 15W40 500ML,12,4.0
2025-10-29 17:59:03.958883,RM-FLUIDMATIC DIII MV 500ML,3,1.0
2025-10-29 17:59:38.559055,RM-NEPTUNA 2T SUPER SPORT 500ML,8,2.0
2025-10-29 18:38:03.852882,KIR-FLUIDMATIC DIII MV 500ML,6,2.0
2025-10-29 18:52:57.483227,KHA-RUBIA TIR 7400 SAE 15W40 5L,25,1.0
2025-10-31 19:48:09.715166,FOR-RACE BRAKEFLUID DOT4+ 500ML,4,1.0
2025-10-03 10:56:30.557501,TUR-QUARTZ 5000 20W50 500ML,3,1.0
2025-10-03 11:39:06.625221,BAN-QUARTZ 9000 SAE 5W40 500ML,5,1.0
2025-10-03 12:00:33.985387,TUR-FLUIDMATIC DIII MV 500ML,3,1.0
2025-10-03 12:22:39.141557,TUR-FLUIDMATIC DIII MV 500ML,3,1.0
2025-10-03 14:21:17.035278,FOR-RUBIA TIR 7400 15W40 500ML,6,2.0
2025-10-03 14:52:50.300875,TUR-RUBIA SX SAE40 500ML,6,2.0
2025-10-03 15:11:58.859757,BAN-QUARTZ 9000 SAE 5W40 500ML,5,1.0
2025-10-03 15:12:32.083994,BAN-RACE BRAKEFLUID DOT4+ 500ML,4,1.0
2025-10-03 15:13:07.524531,RUN-RUBIA SX SAE40 500ML,6,2.0
2025-10-03 15:14:47.844690,RUN-RUBIA SX SAE40 500ML,3,1.0
2025-10-03 15:15:10.675123,RUN-FLUIDMATIC DIII MV 500ML,3,1.0
2025-10-03 16:38:41.662197,SEK-QUARTZ 4X4 15W40 500ML,3,1.0
2025-10-03 17:49:23.851373,AVO-QUARTZ 9000 SAE 5W40 5L,30,1.0
2025-10-03 17:50:32.951636,AVO-QUARTZ 9000 SAE 5W40 500ML,20,4.0
2025-10-03 17:53:15.715227,AVO-RUBIA TIR 7400 SAE 15W40 5L,25,1.0
2025-10-03 18:03:26.589153,AVO-QUARTZ 5000 20W50 5L,22,1.0
2025-10-03 18:04:45.361011,AVO-RACE BRAKEFLUID DOT4+ 500ML,4,1.0
2025-10-03 19:34:22.715754,TUR-QUARTZ 5000 20W50 500ML,3,1.0
2025-10-03 19:35:07.278635,TUR-RUBIA TIR 7400 SAE 15W40 5L,25,1.0
2025-10-03 19:36:15.323758,TUR-QUARTZ 5000 20W50 500ML,6,2.0
2025-10-03 19:56:48.654354,TUR-QUARTZ 4X4 15W40 500ML,3,1.0
2025-10-03 20:20:40.505181,SUN-SWIFTEX BATTERY 650C,160,1.0
2025-10-03 20:26:17.449114,SUN-QUARTZ 9000 SAE 5W40 500ML,10,2.0
2025-10-03 20:26:40.177796,SUN-RUBIA TIR 7400 15W40 500ML,3,1.0
2025-10-06 13:29:42.029458,RUN-QUARTZ 9000 SAE 5W40 500ML,5,1.0
2025-10-06 14:39:58.523961,MPO-FLUIDMATIC DIII MV 500ML,12,4.0
2025-10-06 14:51:27.802331,GWE-PROSYLVA 2 STROKE 200ML,2,1.0
2025-10-06 15:29:40.345271,BAN-RUBIA SX SAE40 500ML,3,1.0
2025-10-06 16:57:54.816560,KAD-RACE BRAKEFLUID DOT4+ 500ML,4,1.0
2025-10-06 17:05:59.765716,MPO-RUBIA SX SAE40 500ML,6,2.0
2025-10-06 17:50:50.654071,SEK-QUARTZ 5000 20W50 500ML,3,1.0
2025-10-06 19:32:22.599342,TUR-NEPTUNA 2T SUPER SPORT 500ML,4,1.0
2025-10-06 21:59:54.913925,TRO-FLUIDMATIC DIII MV 500ML,3,1.0
2025-10-06 22:00:17.179718,TRO-RUBIA SX SAE40 500ML,6,2.0
2025-10-06 23:17:18.765747,FOR-RUBIA SX SAE40 500ML,3,1.0
2025-10-07 00:47:42.990290,CHE-QUARTZ 9000 SAE 5W40 500ML,5,1.0
2025-10-07 00:48:16.005048,CHE-RUBIA TIR 7400 15W40 500ML,9,3.0
2025-10-07 00:48:27.154463,CHE-QUARTZ 5000 20W50 5L,44,2.0
2025-10-07 07:33:40.643825,MPO-QUARTZ 9000 SAE 5W40 5L,30,1.0
2025-10-07 07:53:07.748207,CRI-FLUIDMATIC DIII MV 500ML,6,2.0
2025-10-07 08:44:07.100162,SUN-RACE BRAKEFLUID DOT4+ 500ML,4,1.0
2025-10-07 08:44:40.398514,SUN-QUARTZ 5000 20W50 500ML,6,2.0
2025-10-07 08:45:02.433335,SUN-QUARTZ 9000 SAE 5W40 500ML,5,1.0
2025-10-07 09:08:17.661607,TUR-RUBIA TIR 7400 15W40 500ML,6,2.0
2025-10-07 09:38:52.530367,GWE-FLUIDMATIC DIII MV 500ML,9,3.0
2025-10-07 10:17:36.200154,TUR-RUBIA SX SAE40 500ML,9,3.0
2025-10-07 12:01:24.229037,RUN-RACE BRAKEFLUID DOT4+ 500ML,4,1.0
2025-10-07 12:15:49.959984,SAM-RUBIA SX SAE40 500ML,3,1.0
2025-10-07 12:26:56.527994,SEK-QUARTZ 5000 20W50 5L,22,1.0
2025-10-08 15:15:40.424912,FOR-QUARTZ 9000 SAE 5W40 500ML,5,1.0
2025-10-08 15:21:33.236831,BAN-FLUIDMATIC DIII MV 500ML,3,1.0
2025-10-08 15:40:36.304576,SUN-QUARTZ 5000 20W50 500ML,3,1.0
2025-10-08 15:40:36.490086,RUN-RUBIA TIR 7400 15W40 500ML,6,2.0
2025-10-08 15:42:47.794221,SUN-FLUIDMATIC DIII MV 500ML,3,1.0
2025-10-08 15:43:20.710573,SUN-RACE BRAKEFLUID DOT4+ 500ML,4,1.0
2025-10-08 16:04:22.931746,SUN-QUARTZ 5000 20W50 5L,22,1.0
2025-10-08 16:24:49.327723,SUN-QUARTZ 5000 20W50 5L,22,1.0
2025-10-08 16:27:54.964439,RUN-QUARTZ 9000 SAE 5W40 5L,30,1.0
2025-10-08 17:57:32.722487,BAN-RUBIA SX SAE40 500ML,3,1.0
2025-10-08 18:23:59.880706,SEK-QUARTZ 5000 20W50 500ML,3,1.0
2025-10-08 18:53:30.220554,RM-FLUIDMATIC CVT MV 1L,20,2.0
2025-10-08 18:54:13.934290,RM-RUBIA TIR 7400 15W40 500ML,9,3.0
2025-10-08 19:38:37.050852,RUN-QUARTZ 9000 SAE 5W40 500ML,5,1.0
2025-10-09 09:33:34.274546,TUR-QUARTZ 5000 20W50 5L,22,1.0
2025-10-09 09:36:29.268557,GWE-QUARTZ 4X4 15W40 500ML,3,1.0
2025-10-09 09:50:16.691218,TUR-QUARTZ 5000 20W50 500ML,6,2.0
2025-10-09 10:15:21.109344,FOR-RUBIA SX SAE40 500ML,3,1.0
2025-10-09 10:17:22.377670,TUR-QUARTZ 5000 20W50 500ML,3,1.0
2025-10-09 11:57:12.114597,SEK-QUARTZ 5000 20W50 500ML,3,1.0
2025-10-11 15:44:14.973396,BAN-NEPTUNA 2T SUPER SPORT 500ML,4,1.0
2025-10-11 17:27:16.965139,BAN-RUBIA SX SAE40 500ML,3,1.0
2025-10-11 17:33:44.398706,TUR-QUARTZ 9000 SAE 5W40 500ML,20,4.0
2025-10-11 18:18:49.709076,CHAR-SWIFTEX BATTERY 652P,105,1.0
2025-10-11 19:19:26.962154,SUN-QUARTZ 4X4 15W40 500ML,12,4.0
2025-10-11 19:20:21.803787,SUN-RACE BRAKEFLUID DOT4+ 500ML,4,1.0
2025-10-11 19:29:20.778949,RUN-QUARTZ 9000 SAE 5W40 500ML,5,1.0
2025-10-11 19:30:16.580879,RUN-RUBIA SX SAE40 500ML,3,1.0
2025-10-11 20:54:46.769927,SEK-RUBIA SX SAE40 500ML,3,1.0
2025-10-11 23:19:54.604685,CHA-RUBIA TIR 7400 15W40 500ML,3,1.0
2025-10-12 10:20:54.545578,BAN-NEPTUNA 2T SUPER SPORT 500ML,4,1.0
2025-10-12 12:20:47.724347,TUR-QUARTZ 4X4 15W40 5L,20,1.0
2025-10-12 12:21:53.150360,SEK-QUARTZ 5000 20W50 5L,22,1.0
2025-10-12 12:51:03.301108,GWE-FLUIDMATIC DIII MV 500ML,3,1.0
2025-10-12 14:48:41.470063,KHA-RACE BRAKEFLUID DOT4+ 500ML,4,1.0
2025-10-12 15:24:48.393502,CHE-RUBIA TIR 7400 15W40 500ML,6,2.0
2025-10-12 16:18:12.685963,GWE-RACE BRAKEFLUID DOT4+ 500ML,4,1.0
2025-10-14 18:53:19.267096,TUR-QUARTZ 4X4 15W40 5L,40,2.0
2025-10-14 18:56:10.031895,TUR-QUARTZ 4X4 15W40 500ML,3,1.0
2025-10-14 19:07:11.749922,BAN-RUBIA SX SAE40 500ML,3,1.0
2025-10-14 19:51:35.149124,RUN-RACE BRAKEFLUID DOT4+ 500ML,12,3.0
2025-10-14 19:52:08.553175,RUN-QUARTZ 9000 SAE 5W40 500ML,5,1.0
2025-10-14 20:13:05.206693,KHA-FLUIDMATIC DIII MV 500ML,3,1.0
2025-10-14 20:58:33.038454,GWE-RUBIA TIR 7400 15W40 500ML,9,3.0
2025-10-14 21:34:53.835313,TRO-RUBIA SX SAE40 500ML,6,2.0
2025-10-14 21:35:05.018394,TRO-QUARTZ 5000 20W50 500ML,6,2.0
2025-10-14 21:35:27.998813,TRO-QUARTZ 9000 SAE 5W40 5L,30,1.0
2025-10-14 21:55:50.850769,SEK-QUARTZ 5000 20W50 500ML,6,2.0
2025-10-14 22:52:50.843111,CRI-FLUIDMATIC CVT MV 1L,10,1.0
2025-10-14 23:43:32.781301,SUN-QUARTZ 9000 SAE 5W40 500ML,5,1.0
2025-10-15 10:08:48.225761,BAN-RUBIA SX SAE40 500ML,3,1.0
2025-10-15 11:00:35.083196,KHA-QUARTZ 9000 SAE 5W40 500ML,5,1.0
2025-10-15 11:00:46.113896,KHA-RACE BRAKEFLUID DOT4+ 500ML,4,1.0
2025-10-15 11:12:16.851886,RUN-NEPTUNA 2T SUPER SPORT 500ML,8,2.0
2025-10-15 12:01:09.448024,GWE-RACE BRAKEFLUID DOT4+ 500ML,4,1.0
2025-10-15 12:01:31.575977,GWE-RUBIA TIR 7400 SAE 15W40 5L,25,1.0
2025-10-15 13:27:34.363299,CHA-RUBIA TIR 7400 15W40 500ML,6,2.0
2025-10-15 13:50:31.140588,CHA-QUARTZ 4X4 15W40 500ML,6,2.0
2025-10-15 14:06:23.850659,CHA-QUARTZ 4X4 15W40 500ML,3,1.0
2025-10-15 16:15:13.099957,BAN-QUARTZ 9000 SAE 5W40 500ML,5,1.0
2025-10-15 17:55:28.369584,RUN-QUARTZ 9000 SAE 5W40 500ML,10,2.0
2025-10-15 18:30:59.789602,MPO-RUBIA TIR 7400 15W40 500ML,12,4.0
2025-10-15 18:31:22.056943,MPO-QUARTZ 5000 20W50 500ML,3,1.0
2025-10-15 18:34:08.338243,BAN-QUARTZ 9000 SAE 5W40 5L,30,1.0
2025-10-17 20:48:53.911195,KHA-RUBIA SX SAE40 500ML,6,2.0
2025-10-17 21:10:44.927387,KHA-FLUIDMATIC DIII MV 500ML,6,2.0
2025-10-18 06:40:26.202489,RM-QUARTZ 7000 SAE 10W40 SN 5L,25,1.0
2025-10-18 06:44:25.745314,RM-QUARTZ 5000 20W50 5L,22,1.0
2025-10-18 09:06:03.068611,TUR-RACE BRAKEFLUID DOT4+ 500ML,12,3.0
2025-10-18 09:28:11.366047,RUN-QUARTZ 9000 SAE 5W40 500ML,5,1.0
2025-10-18 09:49:55.497679,MSA-RACE BRAKEFLUID DOT4+ 200ML,2,1.0
2025-10-18 11:51:42.589247,SEK-QUARTZ 5000 20W50 500ML,3,1.0
2025-10-18 12:33:47.946333,RUN-FLUIDMATIC DIII MV 500ML,12,4.0
2025-10-18 13:36:32.182535,CHA-RUBIA SX SAE40 500ML,3,1.0
2025-10-18 14:29:04.167095,KIR-RUBIA SX SAE40 500ML,6,2.0
2025-10-18 14:29:59.090588,KIR-RUBIA SX SAE40 500ML,12,4.0
2025-10-18 15:01:28.093105,BAN-QUARTZ 5000 20W50 5L,22,1.0
2025-10-18 15:02:01.430530,BAN-NEPTUNA 2T SUPER SPORT 500ML,4,1.0
2025-10-18 15:03:18.171839,BAN-FLUIDMATIC DIII MV 500ML,6,2.0
2025-10-18 17:40:10.883985,KIR-QUARTZ 5000 20W50 500ML,12,4.0
2025-10-21 00:12:12.417318,RM-FLUIDMATIC CVT MV 1L,10,1.0
2025-10-21 00:12:58.917970,RM-RACE BRAKEFLUID DOT4+ 500ML,8,2.0
2025-10-21 07:53:25.366934,FIF-FLUIDMATIC DIII MV 500ML,3,1.0
2025-10-21 07:55:35.768752,FIF-RUBIA SX SAE40 500ML,3,1.0
2025-10-21 07:58:49.382993,FIF-QUARTZ 5000 20W50 500ML,21,7.0
2025-10-21 07:59:21.794701,FIF-RACE BRAKEFLUID DOT4+ 500ML,4,1.0
2025-10-21 09:25:54.993705,SEK-RUBIA TIR 7400 15W40 500ML,3,1.0
2025-10-21 10:14:29.605555,SAM-QUARTZ 4X4 15W40 500ML,9,3.0
2025-10-21 10:15:12.747740,SAM-FLUIDMATIC DIII MV 500ML,6,2.0
2025-10-21 10:16:06.891467,SAM-RACE BRAKEFLUID DOT4+ 500ML,4,1.0
2025-10-21 10:37:41.813644,SEK-RUBIA TIR 7400 15W40 500ML,3,1.0
2025-10-21 10:49:55.898319,SEK-RUBIA TIR 7400 15W40 500ML,3,1.0
2025-10-21 10:58:21.600500,KAD-QUARTZ 4X4 15W40 500ML,3,1.0
2025-10-21 11:14:55.676784,TUR-QUARTZ 9000 SAE 5W40 500ML,10,2.0
2025-10-21 14:11:00.227767,RUN-QUARTZ 4X4 15W40 500ML,9,3.0
2025-10-21 16:08:34.110935,MPO-RUBIA TIR 7400 15W40 500ML,9,3.0
2025-10-21 18:02:03.230540,TRO-QUARTZ 4X4 15W40 500ML,9,3.0
2025-10-21 18:28:53.715477,MSA-QUARTZ 9000 SAE 5W40 500ML,10,2.0
2025-10-21 18:32:54.008551,CHI-QUARTZ 5000 20W50 500ML,6,2.0
2025-10-21 20:34:27.850167,RUN-QUARTZ 3000 SG 20W50 500ML,12,4.0
2025-10-22 07:31:10.323853,FIF-QUARTZ 4X4 15W40 500ML,3,1.0
2025-10-24 19:02:58.318017,TUR-FLUIDMATIC CVT MV 1L,10,1.0
2025-10-24 19:03:36.407090,TUR-RUBIA SX SAE40 500ML,6,2.0
2025-10-24 19:10:39.718469,SUN-QUARTZ 5000 20W50 500ML,3,1.0
2025-10-24 19:13:45.105703,TUR-FLUIDMATIC CVT MV 1L,10,1.0
2025-10-24 19:27:00.411398,SEK-QUARTZ 4X4 15W40 500ML,3,1.0
2025-10-24 19:32:03.518052,TUR-FLUIDMATIC CVT MV 1L,10,1.0
2025-10-24 20:22:20.014593,CHI-QUARTZ 5000 20W50 500ML,9,3.0
2025-10-25 01:26:25.159067,GWE-QUARTZ 3000 SG 20W50 500ML,3,1.0
2025-10-25 08:48:29.091617,CHI-QUARTZ 5000 20W50 500ML,6,2.0
2025-10-25 11:10:06.085519,BAN-RACE BRAKEFLUID DOT4+ 500ML,4,1.0
2025-10-25 11:28:41.578765,CRI-QUARTZ 4X4 15W40 500ML,3,1.0
2025-10-25 11:33:26.905733,CHA-RACE BRAKEFLUID DOT4+ 500ML,4,1.0
2025-10-25 11:35:29.083518,CRI-QUARTZ 4X4 15W40 500ML,3,1.0
2025-10-25 11:40:15.500489,SEK-RUBIA SX SAE40 500ML,6,2.0
2025-10-25 12:16:36.607361,SEK-RUBIA SX SAE40 500ML,3,1.0
2025-10-25 13:15:21.200332,KHA-QUARTZ 9000 SAE 5W40 500ML,5,1.0
2025-10-25 13:29:33.399556,CHI-NEPTUNA 2T SUPER SPORT 500ML,4,1.0
2025-10-25 14:47:13.379174,TUR-QUARTZ 9000 SAE 5W40 500ML,5,1.0
2025-10-25 15:00:13.602673,SUN-QUARTZ 5000 20W50 500ML,3,1.0
2025-10-25 15:00:13.784047,SUN-QUARTZ 5000 20W50 500ML,3,1.0
2025-10-25 15:15:20.290650,GWE-QUARTZ 9000 SAE 5W40 5L,30,1.0
2025-10-25 15:16:07.597708,GWE-RACE BRAKEFLUID DOT4+ 500ML,4,1.0
2025-10-25 15:48:41.425649,KHA-RUBIA TIR 7400 15W40 500ML,3,1.0
2025-10-25 17:42:31.295077,RUN-RACE BRAKEFLUID DOT4+ 500ML,4,1.0
2025-10-25 18:16:09.515218,FIF-RUBIA SX SAE40 500ML,3,1.0
2025-10-25 19:05:29.200206,TUR-QUARTZ 5000 20W50 500ML,6,2.0
2025-10-25 19:09:57.126325,CHE-RUBIA TIR 7400 SAE 15W40 5L,25,1.0
2025-10-27 22:14:04.584010,CHI-QUARTZ 5000 20W50 500ML,3,1.0
2025-10-27 23:35:01.253963,KIR-FLUIDMATIC DIII MV 500ML,6,2.0
2025-10-28 07:38:46.840219,MPO-RUBIA TIR 7400 15W40 500ML,6,2.0
2025-10-28 07:40:20.230839,MPO-QUARTZ 5000 20W50 500ML,3,1.0
2025-10-28 07:40:45.260232,MPO-QUARTZ 9000 SAE 5W40 500ML,5,1.0
2025-10-28 07:43:06.686233,RM-FLUIDMATIC DIII MV 500ML,3,1.0
2025-10-28 14:57:59.778945,KAD-NEPTUNA 2T SUPER SPORT 500ML,4,1.0
2025-10-28 15:13:02.024363,CHE-RUBIA TIR 7400 SAE 15W40 5L,25,1.0
2025-10-28 16:26:41.138377,SAM-RACE BRAKEFLUID DOT4+ 500ML,4,1.0
2025-10-28 16:57:05.662083,CHE-RUBIA SX SAE40 500ML,6,2.0
2025-10-28 17:46:32.418969,FIF-QUARTZ 5000 20W50 500ML,12,4.0
2025-10-28 17:46:55.807109,FOR-RACE BRAKEFLUID DOT4+ 500ML,4,1.0
2025-10-28 17:47:54.977742,FOR-RUBIA SX SAE40 500ML,3,1.0
2025-10-28 17:49:15.489143,FOR-NEPTUNA 2T SUPER SPORT 500ML,4,1.0
2025-10-30 20:03:31.188558,TRO-QUARTZ 5000 20W50 500ML,6,2.0
2025-10-30 20:03:31.946064,TRO-NEPTUNA 2T SUPER SPORT 500ML,24,6.0
2025-10-30 20:03:32.134536,TRO-QUARTZ 5000 20W50 500ML,3,1.0
2025-10-30 20:07:43.837910,TUR-QUARTZ 5000 20W50 500ML,3,1.0
2025-10-30 20:08:20.435853,TUR-NEPTUNA 2T SUPER SPORT 500ML,4,1.0
2025-10-30 20:08:55.260217,TUR-RACE BRAKEFLUID DOT4+ 500ML,4,1.0
2025-10-30 20:30:56.250338,CHI-QUARTZ 5000 20W50 500ML,3,1.0
2025-10-30 21:12:57.976063,CHI-QUARTZ 5000 20W50 5L,22,1.0
2025-10-30 22:09:05.382131,SEK-NEPTUNA 2T SUPER SPORT 500ML,4,1.0
2025-10-31 08:49:23.354004,CRI-RUBIA SX SAE40 500ML,3,1.0
2025-10-31 09:27:24.709393,SEK-QUARTZ 4X4 15W40 500ML,3,1.0
2025-10-31 10:13:57.898689,CHI-RUBIA SX SAE40 500ML,6,2.0
2025-10-31 10:47:40.122197,FOR-RUBIA TIR 7400 15W40 500ML,3,1.0
2025-10-31 10:47:40.312732,FOR-RUBIA SX SAE40 500ML,3,1.0
2025-10-04 13:49:57.624350,BAN-NEPTUNA 2T SUPER SPORT 500ML,4,1.0
2025-10-04 13:51:16.854028,TUR-FLUIDMATIC DIII MV 500ML,6,2.0
2025-10-04 14:18:16.341513,GWE-RACE BRAKEFLUID DOT4+ 500ML,4,1.0
2025-10-04 19:52:53.039949,BAN-RUBIA TIR 7400 15W40 500ML,6,2.0
2025-10-04 20:34:46.449113,BAN-RUBIA SX SAE40 500ML,3,1.0
2025-10-04 21:05:05.480676,TUR-QUARTZ 5000 20W50 500ML,3,1.0
2025-10-04 21:11:41.565575,CHA-RUBIA TIR 7400 15W40 500ML,3,1.0
2025-10-05 07:26:40.898889,GWE-RACE BRAKEFLUID DOT4+ 500ML,4,1.0
2025-10-07 15:17:21.213686,BAN-RUBIA SX SAE40 500ML,6,2.0
2025-10-07 16:08:01.961985,GWE-QUARTZ 4X4 15W40 500ML,3,1.0
2025-10-07 16:39:04.320857,RUN-RACE BRAKEFLUID DOT4+ 500ML,8,2.0
2025-10-07 17:16:13.360678,BAN-NEPTUNA 2T SUPER SPORT 500ML,4,1.0
2025-10-07 17:50:48.803085,TRO-QUARTZ 9000 SAE 5W40 5L,30,1.0
2025-10-07 19:19:32.382212,SUN-RUBIA TIR 7400 15W40 500ML,3,1.0
2025-10-07 19:19:54.335047,SUN-QUARTZ 5000 20W50 5L,22,1.0
2025-10-07 20:05:56.299239,BAN-NEPTUNA 2T SUPER SPORT 500ML,4,1.0
2025-10-07 20:20:32.261321,KAD-QUARTZ 9000 SAE 5W40 500ML,5,1.0
2025-10-07 20:45:05.835774,TRO-QUARTZ 5000 20W50 500ML,9,3.0
2025-10-07 20:45:27.821282,TRO-RACE BRAKEFLUID DOT4+ 500ML,4,1.0
2025-10-08 09:36:22.251238,SAM-RUBIA SX SAE40 500ML,3,1.0
2025-10-08 09:44:22.194569,TUR-NEPTUNA 2T SUPER SPORT 500ML,4,1.0
2025-10-08 10:45:05.700068,CRI-RUBIA SX SAE40 500ML,3,1.0
2025-10-08 12:28:18.949514,TUR-QUARTZ 5000 20W50 500ML,3,1.0
2025-10-08 12:42:11.943413,CRI-RUBIA SX SAE40 500ML,6,2.0
2025-10-10 16:02:54.509385,SUN-QUARTZ 9000 SAE 5W40 500ML,5,1.0
2025-10-10 16:17:55.004539,BAN-RUBIA SX SAE40 500ML,3,1.0
2025-10-10 17:43:04.704974,KIR-QUARTZ 9000 SAE 5W40 500ML,10,2.0
2025-10-10 19:39:35.170822,SEK-RUBIA SX SAE40 500ML,3,1.0
2025-10-10 19:45:53.593499,RUN-FLUIDMATIC DIII MV 500ML,3,1.0
2025-10-10 19:46:37.783796,RUN-RUBIA TIR 7400 SAE 15W40 5L,25,1.0
2025-10-10 20:49:22.661391,RUN-QUARTZ 9000 SAE 5W40 500ML,10,2.0
2025-10-10 21:12:18.313314,SEK-RUBIA SX SAE40 500ML,3,1.0
2025-10-10 21:20:02.070565,CHA-RACE BRAKEFLUID DOT4+ 500ML,4,1.0
2025-10-10 22:29:45.168723,MSA-QUARTZ 9000 SAE 5W40 500ML,10,2.0
2025-10-11 01:59:45.915217,TRO-RACE BRAKEFLUID DOT4+ 500ML,4,1.0
2025-10-11 13:48:16.234531,TUR-QUARTZ 5000 20W50 5L,22,1.0
2025-10-11 13:55:43.477845,CHE-RUBIA TIR 7400 15W40 500ML,3,1.0
2025-10-11 13:57:33.014561,CHE-FLUIDMATIC DIII MV 500ML,6,2.0
2025-10-11 14:34:24.925548,BAN-QUARTZ 5000 20W50 5L,22,1.0
2025-10-13 18:09:05.135547,FIF-RUBIA TIR 7400 SAE 15W40 5L,25,1.0
2025-10-13 18:15:12.510957,SUN-QUARTZ 5000 20W50 500ML,15,5.0
2025-10-13 18:16:31.230232,SUN-RACE BRAKEFLUID DOT4+ 500ML,8,2.0
2025-10-13 18:17:38.606180,FIF-RACE BRAKEFLUID DOT4+ 500ML,12,3.0
2025-10-13 18:18:34.567111,FIF-RACE BRAKEFLUID DOT4+ 500ML,8,2.0
2025-10-13 20:15:12.366393,BAN-NEPTUNA 2T SUPER SPORT 500ML,4,1.0
2025-10-13 21:35:01.683486,RUN-QUARTZ 9000 SAE 5W40 500ML,5,1.0
2025-10-13 23:08:49.702760,SUN-QUARTZ 5000 20W50 500ML,3,1.0
2025-10-14 00:33:21.361478,MSA-RACE BRAKEFLUID DOT4+ 500ML,4,1.0
2025-10-14 00:33:43.284938,MSA-QUARTZ 9000 SAE 5W40 500ML,5,1.0
2025-10-14 00:34:38.427903,MPO-QUARTZ 5000 20W50 500ML,3,1.0
2025-10-14 07:54:58.474148,FIF-QUARTZ 4X4 15W40 500ML,3,1.0
2025-10-14 10:29:26.206842,RUN-QUARTZ 4X4 15W40 500ML,3,1.0
2025-10-14 15:17:52.900041,SUN-RACE BRAKEFLUID DOT4+ 500ML,16,4.0
2025-10-14 15:29:45.171244,CHE-RUBIA TIR 7400 15W40 500ML,3,1.0
2025-10-14 16:00:56.679941,RM-QUARTZ 9000 SAE 5W40 500ML,5,1.0
2025-10-14 16:02:13.327724,RM-RACE BRAKEFLUID DOT4+ 500ML,12,3.0
2025-10-14 16:02:46.919137,RM-QUARTZ 5000 20W50 500ML,3,1.0
2025-10-14 16:39:07.122018,GWE-QUARTZ 4X4 15W40 500ML,3,1.0
2025-10-16 19:19:45.033790,BAN-QUARTZ 9000 SAE 5W40 500ML,10,2.0
2025-10-16 19:26:49.114759,TRO-NEPTUNA 2T SUPER SPORT 500ML,4,1.0
2025-10-16 19:29:11.337303,BAN-QUARTZ 9000 SAE 5W40 500ML,5,1.0
2025-10-16 20:12:42.551878,SUN-QUARTZ 7000 SAE 10W40 SN 5L,25,1.0
2025-10-17 00:29:00.981077,CHE-RUBIA TIR 7400 15W40 500ML,3,1.0
2025-10-17 08:06:56.822032,SUN-QUARTZ 5000 20W50 500ML,3,1.0
2025-10-17 09:51:58.469958,CHI-QUARTZ 9000 SAE 5W40 5L,30,1.0
2025-10-17 10:29:15.309224,BAN-RACE BRAKEFLUID DOT4+ 500ML,12,3.0
2025-10-17 11:02:36.636532,CHAR-SWIFTEX BATTERY 650C,160,1.0
2025-10-17 16:09:53.387910,RM-FLUIDMATIC CVT MV 1L,20,2.0
2025-10-17 16:10:59.106634,RM-QUARTZ 5000 20W50 500ML,3,1.0
2025-10-17 16:11:32.211202,RM-FLUIDMATIC DIII MV 500ML,3,1.0
2025-10-17 16:13:02.707482,RM-RUBIA SX SAE40 500ML,3,1.0
2025-10-17 17:46:26.769856,CRI-RUBIA SX SAE40 500ML,3,1.0
2025-10-17 18:41:53.155800,TRO-RUBIA TIR 7400 15W40 500ML,9,3.0
2025-10-17 18:41:53.515453,TRO-RACE BRAKEFLUID DOT4+ 500ML,4,1.0
2025-10-20 09:15:50.806216,RUN-FLUIDMATIC DIII MV 500ML,3,1.0
2025-10-20 09:47:50.776993,SEK-RUBIA SX SAE40 500ML,3,1.0
2025-10-20 09:51:28.147458,TUR-QUARTZ 5000 20W50 500ML,3,1.0
2025-10-20 11:32:43.426938,TUR-RUBIA TIR 7400 15W40 500ML,12,4.0
2025-10-20 13:40:20.863758,TUR-FLUIDMATIC CVT MV 1L,10,1.0
2025-10-20 15:27:59.200979,BAN-NEPTUNA 2T SUPER SPORT 500ML,4,1.0
2025-10-20 16:02:44.423405,CHE-QUARTZ 5000 20W50 500ML,6,2.0
2025-10-20 16:03:17.019248,CHE-RUBIA SX SAE40 500ML,6,2.0
2025-10-20 16:04:00.550095,CHE-RACE BRAKEFLUID DOT4+ 500ML,8,2.0
2025-10-20 16:58:14.939098,BAN-QUARTZ 5000 20W50 5L,22,1.0
2025-10-20 17:10:58.850709,TUR-QUARTZ 5000 20W50 500ML,3,1.0
2025-10-20 17:25:48.847612,SEK-RACE BRAKEFLUID DOT4+ 500ML,4,1.0
2025-10-20 17:35:33.052872,FIF-NEPTUNA 2T SUPER SPORT 500ML,12,3.0
2025-10-20 17:40:00.626683,FIF-RUBIA TIR 7400 15W40 500ML,18,6.0
2025-10-20 17:40:38.352355,FIF-RACE BRAKEFLUID DOT4+ 500ML,12,3.0
2025-10-20 17:44:55.152501,FIF-RUBIA SX SAE40 500ML,6,2.0
2025-10-20 19:03:26.813214,RUN-RACE BRAKEFLUID DOT4+ 500ML,4,1.0
2025-10-20 19:13:21.564595,TUR-QUARTZ 9000 SAE 5W40 500ML,10,2.0
2025-10-20 19:56:49.137127,SUN-QUARTZ 5000 20W50 500ML,21,7.0
2025-10-20 19:57:11.168492,SUN-RACE BRAKEFLUID DOT4+ 500ML,8,2.0
2025-10-20 19:57:32.438657,SUN-RUBIA TIR 7400 15W40 500ML,6,2.0
2025-10-20 20:24:11.069147,BAN-RACE BRAKEFLUID DOT4+ 500ML,4,1.0
2025-10-20 20:25:27.343194,KIR-QUARTZ 5000 20W50 500ML,6,2.0
2025-10-23 17:04:17.334686,TUR-QUARTZ 5000 20W50 5L,22,1.0
2025-10-23 18:15:37.518334,TUR-RACE BRAKEFLUID DOT4+ 500ML,4,1.0
2025-10-23 18:18:15.113105,GWE-RACE BRAKEFLUID DOT4+ 500ML,4,1.0
2025-10-23 19:13:47.935400,TUR-RUBIA TIR 7400 15W40 500ML,3,1.0
2025-10-23 20:12:30.204573,SUN-QUARTZ 3000 SG 20W50 500ML,3,1.0
2025-10-23 20:56:17.030353,CHI-QUARTZ 5000 20W50 500ML,3,1.0
2025-10-23 22:11:48.136171,KAD-RUBIA SX SAE40 500ML,6,2.0
2025-10-24 05:59:51.415100,GWE-PROSYLVA 2 STROKE 200ML,2,1.0
2025-10-24 08:55:31.382026,BAN-QUARTZ 5000 20W50 500ML,3,1.0
2025-10-24 09:48:09.304984,BAN-QUARTZ 3000 SG 20W50 500ML,6,2.0
2025-10-24 09:51:57.105851,GWE-QUARTZ 5000 20W50 500ML,3,1.0
2025-10-24 10:42:42.510187,TUR-RUBIA TIR 7400 15W40 500ML,3,1.0
2025-10-24 10:46:55.697193,SEK-RUBIA TIR 7400 15W40 500ML,6,2.0
2025-10-24 10:55:44.584870,KHA-FLUIDMATIC DIII MV 500ML,3,1.0
2025-10-24 11:32:24.799760,TUR-RACE BRAKEFLUID DOT4+ 500ML,4,1.0
2025-10-24 12:09:30.201545,RUN-RUBIA SX SAE40 500ML,6,2.0
2025-10-24 14:12:08.822131,GWE-RACE BRAKEFLUID DOT4+ 500ML,4,1.0
2025-10-24 14:13:33.616023,GWE-FLUIDMATIC DIII MV 500ML,6,2.0
2025-10-24 15:07:39.721111,TUR-QUARTZ 4X4 15W40 500ML,3,1.0
2025-10-24 16:09:23.518724,SEK-RACE BRAKEFLUID DOT4+ 500ML,4,1.0
2025-10-24 17:10:33.024029,TUR-QUARTZ 9000 SAE 5W40 500ML,5,1.0
2025-10-24 17:39:34.010630,MSA-RUBIA TIR 7400 SAE 15W40 5L,25,1.0
2025-10-24 17:51:20.530115,CHA-FLUIDMATIC DIII MV 500ML,3,1.0
2025-10-24 17:58:28.823610,FIF-RUBIA SX SAE40 500ML,3,1.0
2025-10-24 18:02:22.710724,TUR-RUBIA SX SAE40 500ML,3,1.0
2025-10-24 18:02:59.019200,BAN-NEPTUNA 2T SUPER SPORT 500ML,4,1.0
2025-10-25 19:45:46.312464,BAN-MULTIS EP 2 500G,7,1.0
2025-10-25 19:46:09.110220,BAN-FLUIDMATIC DIII MV 500ML,3,1.0
2025-10-25 22:58:16.543517,KIR-RUBIA TIR 7400 SAE 15W40 5L,25,1.0
2025-10-25 22:59:05.323103,KIRK-PROSYLVA 2 STROKE 200ML,2,1.0
2025-10-25 23:59:23.400312,SUN-QUARTZ 5000 20W50 500ML,6,2.0
2025-10-26 00:01:52.318958,GWE-FLUIDMATIC DIII MV 500ML,3,1.0
2025-10-26 00:24:06.758778,SAM-RUBIA TIR 7400 15W40 500ML,3,1.0
2025-10-26 00:24:15.727285,SAM-FLUIDMATIC DIII MV 500ML,6,2.0
2025-10-26 00:24:37.139445,SAM-RACE BRAKEFLUID DOT4+ 500ML,4,1.0
2025-10-26 00:24:39.545212,SAM-RACE BRAKEFLUID DOT4+ 500ML,4,1.0
2025-10-26 00:24:40.697674,SAM-QUARTZ 4X4 15W40 500ML,9,3.0
2025-10-26 07:16:31.542436,CRI-RUBIA TIR 7400 15W40 500ML,3,1.0
2025-10-26 07:37:28.842965,MSA-QUARTZ 4X4 15W40 500ML,6,2.0
2025-10-26 08:02:02.624227,FOR-RACE BRAKEFLUID DOT4+ 500ML,4,1.0
2025-10-26 08:02:03.877761,FOR-FLUIDMATIC DIII MV 500ML,3,1.0
2025-10-26 08:02:07.809052,FOR-QUARTZ 9000 SAE 5W40 500ML,5,1.0
2025-10-26 08:02:12.451717,FOR-NEPTUNA 2T SUPER SPORT 500ML,4,1.0
2025-10-26 08:02:17.821649,FOR-QUARTZ 9000 SAE 5W40 500ML,10,2.0
2025-10-26 08:02:30.592623,FOR-NEPTUNA 2T SUPER SPORT 500ML,4,1.0
2025-10-26 08:02:31.487396,FOR-RACE BRAKEFLUID DOT4+ 500ML,4,1.0
2025-10-26 08:02:37.496802,FOR-QUARTZ 4X4 15W40 500ML,3,1.0
2025-10-26 08:21:25.661594,SUN-QUARTZ 4X4 15W40 5L,20,1.0
2025-10-26 08:47:12.374200,SUN-QUARTZ 5000 20W50 500ML,3,1.0
2025-10-26 08:52:27.566062,KHA-RACE BRAKEFLUID DOT4+ 500ML,4,1.0
2025-10-26 08:52:28.501274,KHA-FLUIDMATIC DIII MV 500ML,9,3.0
2025-10-26 09:00:04.849147,RM-QUARTZ 5000 20W50 5L,22,1.0
2025-10-26 09:00:21.964058,RM-QUARTZ 5000 20W50 500ML,3,1.0
2025-10-26 09:01:01.966915,RM-RUBIA TIR 7400 15W40 500ML,3,1.0
2025-10-26 09:05:00.744437,RM-RUBIA TIR 7400 15W40 500ML,6,2.0
2025-10-26 09:05:38.857979,RM-RUBIA TIR 7400 15W40 500ML,3,1.0
2025-10-26 09:05:57.650071,RM-QUARTZ 5000 20W50 500ML,6,2.0
2025-10-26 09:06:33.166969,RM-RUBIA SX SAE40 500ML,6,2.0
2025-10-26 09:07:09.049115,RM-QUARTZ 5000 20W50 500ML,3,1.0
2025-10-26 09:07:26.357538,RM-RACE BRAKEFLUID DOT4+ 500ML,4,1.0
2025-10-26 09:08:02.149335,RM-QUARTZ 5000 20W50 500ML,15,5.0
2025-10-26 09:15:20.580044,RM-QUARTZ 5000 20W50 500ML,18,6.0
2025-10-26 09:51:06.181460,SAM-RUBIA SX SAE40 500ML,6,2.0
2025-10-26 10:08:11.562845,SEK-RUBIA TIR 7400 15W40 500ML,3,1.0
2025-10-26 10:22:29.657795,MPO-RUBIA SX SAE40 500ML,3,1.0
2025-10-26 10:23:48.769032,MPO-RACE BRAKEFLUID DOT4+ 500ML,12,3.0
2025-10-26 10:32:45.177031,MAR-RACE BRAKEFLUID DOT4+ 500ML,4,1.0
2025-10-26 10:58:24.174063,MPO-QUARTZ 9000 SAE 5W40 500ML,5,1.0
2025-10-26 11:24:25.063771,RUN-RUBIA SX SAE40 500ML,3,1.0
2025-10-26 11:24:48.267254,RUN-RUBIA SX SAE40 500ML,3,1.0
2025-10-26 12:17:27.082266,KIR-QUARTZ 9000 SAE 5W40 500ML,20,4.0
2025-10-26 13:00:20.457061,GWE-QUARTZ 5000 20W50 500ML,6,2.0
2025-10-26 13:01:51.687048,GWE-RUBIA TIR 7400 15W40 500ML,6,2.0
2025-10-29 20:14:44.583189,KHA-FLUIDMATIC DIII MV 500ML,3,1.0
2025-10-29 23:48:11.289737,CHI-NEPTUNA 2T SUPER SPORT 500ML,4,1.0
2025-10-30 00:10:04.008231,TRO-NEPTUNA 2T SUPER SPORT 500ML,76,19.0
2025-10-30 00:10:52.734200,TRO-RUBIA TIR 7400 15W40 500ML,15,5.0
2025-10-30 00:11:53.417285,TRO-RUBIA SX SAE40 500ML,9,3.0
2025-10-30 00:12:39.801748,TRO-FLUIDMATIC DIII MV 500ML,3,1.0
2025-10-30 00:22:56.514128,SAM-SWIFTEX BATTERY 650C,130,0.8125
2025-10-30 01:03:14.511442,CHE-NEPTUNA 2T SUPER SPORT 500ML,4,1.0
2025-10-30 07:39:25.919916,CRI-RUBIA TIR 7400 15W40 500ML,3,1.0
2025-10-30 09:24:17.450695,RUN-QUARTZ 5000 20W50 5L,22,1.0
2025-10-30 09:24:40.721217,RUN-RACE BRAKEFLUID DOT4+ 500ML,4,1.0
2025-10-30 09:34:30.046076,BAN-RUBIA SX SAE40 500ML,3,1.0
2025-10-30 11:49:53.160455,KIR-FLUIDMATIC DIII MV 500ML,6,2.0
2025-10-30 11:52:25.844276,KIR-RUBIA SX SAE40 500ML,9,3.0
2025-10-30 12:49:27.264487,TUR-NEPTUNA 2T SUPER SPORT 500ML,4,1.0
2025-10-30 13:04:27.827404,CHA-QUARTZ 9000 SAE 5W40 5L,30,1.0
2025-10-30 13:08:29.639605,TUR-QUARTZ 5000 20W50 500ML,3,1.0
2025-10-30 13:09:15.841010,CHA-QUARTZ 9000 SAE 5W40 500ML,5,1.0
2025-10-30 13:10:03.060095,SAM-RUBIA SX SAE40 500ML,3,1.0
2025-10-30 13:11:13.544473,KAD-QUARTZ 3000 SG 20W50 500ML,12,4.0
2025-10-30 13:26:34.546329,KIR-FLUIDMATIC DIII MV 500ML,6,2.0
2025-10-30 13:36:22.844886,SEK-QUARTZ 5000 20W50 500ML,9,3.0
2025-10-30 14:22:23.433092,BAN-RUBIA TIR 7400 SAE 15W40 5L,25,1.0
2025-10-30 14:25:04.149476,BAN-NEPTUNA 2T SUPER SPORT 500ML,8,2.0
2025-10-30 14:58:30.842508,RUN-QUARTZ 5000 20W50 500ML,12,4.0
2025-10-30 14:58:53.361632,RUN-FLUIDMATIC DIII MV 500ML,6,2.0
2025-10-30 15:17:22.751660,CHE-FLUIDMATIC DIII MV 500ML,3,1.0
2025-10-30 15:23:51.801553,CHA-RUBIA SX SAE40 500ML,6,2.0
2025-10-30 17:08:29.956345,CRI-QUARTZ 4X4 15W40 500ML,6,2.0
2025-10-30 17:12:44.848783,BAN-QUARTZ 5000 20W50 5L,22,1.0
2025-10-30 17:21:31.997410,KHA-RACE BRAKEFLUID DOT4+ 500ML,4,1.0
2025-10-30 17:44:30.782747,SEK-RUBIA TIR 7400 15W40 500ML,3,1.0
2025-10-30 18:10:28.321087,RUN-QUARTZ 9000 SAE 5W40 500ML,5,1.0
2025-11-01 20:59:02.525427,TUR-FLUIDMATIC CVT MV 1L,10,1.0
2025-10-31 19:55:19.597743,CHI-RUBIA SX SAE40 500ML,6,2.0
2025-10-31 20:43:03.816350,FOR-QUARTZ 3000 SG 20W50 5L,18,1.0
2025-10-31 21:24:32.053841,RUN-FLUIDMATIC CVT MV 1L,30,3.0
2025-10-31 23:21:33.859353,TRO-RUBIA TIR 7400 SAE 15W40 5L,25,1.0
2025-11-01 01:03:54.722922,FOR-RUBIA SX SAE40 500ML,6,2.0
2025-11-01 08:14:35.507704,TUR-QUARTZ 9000 SAE 5W40 500ML,5,1.0
2025-11-01 09:21:27.814459,FOR-RUBIA SX SAE40 500ML,6,2.0
2025-11-01 12:01:22.899822,SEK-RACE BRAKEFLUID DOT4+ 500ML,4,1.0
2025-11-01 12:04:36.834919,KAD-RUBIA TIR 7400 SAE 15W40 5L,25,1.0
2025-11-01 12:20:52.914771,SEK-RUBIA SX SAE40 500ML,6,2.0
2025-11-01 12:37:18.800815,TUR-RUBIA TIR 7400 15W40 500ML,12,4.0
2025-11-01 12:57:18.218251,SEK-RUBIA SX SAE40 500ML,3,1.0
2025-11-01 13:40:43.400808,CHI-RUBIA SX SAE40 500ML,12,4.0
2025-11-01 13:55:30.022208,TRO-QUARTZ 9000 SAE 5W40 5L,30,1.0
2025-11-01 16:25:41.131156,TRO-RUBIA SX SAE40 500ML,3,1.0
2025-11-01 16:25:41.489111,TRO-RACE BRAKEFLUID DOT4+ 500ML,4,1.0
2025-11-01 16:39:30.405460,BAN-FLUIDMATIC CVT MV 1L,10,1.0
2025-11-01 16:39:54.214131,BAN-RUBIA SX SAE40 500ML,6,2.0
2025-11-01 16:42:13.116129,BAN-NEPTUNA 2T SUPER SPORT 500ML,4,1.0
2025-11-01 16:46:43.284580,RUN-RACE BRAKEFLUID DOT4+ 500ML,4,1.0
2025-11-01 18:54:51.027002,GWE-QUARTZ 3000 SG 20W50 500ML,6,2.0
2025-11-01 19:10:59.138757,MAR-FLUIDMATIC CVT MV 1L,10,1.0
2025-11-01 19:19:36.348101,RUN-QUARTZ 9000 SAE 5W40 5L,30,1.0
2025-11-05 11:07:32.163551,MSA-RACE BRAKEFLUID DOT4+ 500ML,4,1.0
2025-11-05 11:26:27.534919,SAM-RUBIA TIR 7400 15W40 500ML,3,1.0
2025-11-05 11:50:20.867754,SEK-QUARTZ 9000 SAE 5W40 500ML,10,2.0
2025-11-05 14:20:37.242766,BAN-RUBIA SX SAE40 500ML,3,1.0
2025-11-05 15:12:19.654427,SEK-QUARTZ 4X4 15W40 500ML,3,1.0
2025-11-05 16:30:50.155163,RUN-RUBIA TIR 7400 15W40 500ML,3,1.0
2025-11-05 17:30:17.989374,SEK-QUARTZ 4X4 15W40 500ML,6,2.0
2025-11-05 18:19:18.812262,SAM-RUBIA SX SAE40 500ML,3,1.0
2025-11-05 19:00:41.891925,KIR-QUARTZ 3000 SG 20W50 500ML,6,2.0
2025-11-05 19:05:16.833117,SUN-QUARTZ 5000 20W50 500ML,6,2.0
2025-11-05 20:16:58.179146,SEK-RACE BRAKEFLUID DOT4+ 500ML,4,1.0
2025-11-06 07:34:25.923083,GWE-QUARTZ 5000 20W50 500ML,3,1.0
2025-11-06 07:35:11.913597,GWE-FLUIDMATIC CVT MV 1L,10,1.0
2025-11-06 07:36:20.596505,GWE-RACE BRAKEFLUID DOT4+ 500ML,4,1.0
2025-11-06 07:41:39.918058,GWE-FLUIDMATIC DIII MV 500ML,3,1.0
2025-11-06 08:34:29.193447,MSA-QUARTZ 9000 SAE 5W40 500ML,10,2.0
2025-11-06 08:55:54.802290,CHE-FLUIDMATIC DIII MV 500ML,3,1.0
2025-11-06 11:25:13.914062,TUR-RACE BRAKEFLUID DOT4+ 500ML,4,1.0
2025-11-08 17:35:59.374759,KIR-QUARTZ 5000 20W50 500ML,3,1.0
2025-11-08 17:37:20.271686,KIR-RUBIA SX SAE40 500ML,6,2.0
2025-11-08 18:19:22.364111,TUR-QUARTZ 9000 SAE 5W40 500ML,10,2.0
2025-11-08 18:47:53.402485,CHA-RUBIA TIR 7400 15W40 500ML,3,1.0
2025-11-08 19:29:34.809220,CHE-FLUIDMATIC DIII MV 500ML,6,2.0
2025-11-08 19:30:00.050607,CHE-RUBIA SX SAE40 500ML,3,1.0
2025-11-08 19:38:47.614526,SAM-RACE BRAKEFLUID DOT4+ 500ML,4,1.0
2025-11-08 19:41:42.571950,CHE-RUBIA SX SAE40 500ML,6,2.0
2025-11-08 19:48:06.500784,CHE-QUARTZ 5000 20W50 5L,22,1.0
2025-11-08 19:53:05.994126,SAM-RUBIA SX SAE40 500ML,3,1.0
2025-11-08 19:57:23.884968,RUN-RUBIA SX SAE40 500ML,3,1.0
2025-11-08 20:30:54.522884,TUR-QUARTZ 5000 20W50 5L,22,1.0
2025-11-09 08:19:12.423748,BAN-RUBIA SX SAE40 500ML,3,1.0
2025-11-09 10:07:55.036676,GWE-QUARTZ 3000 SG 20W50 500ML,6,2.0
2025-11-09 10:16:29.530986,BAN-RUBIA SX SAE40 500ML,6,2.0
2025-11-09 10:19:55.853691,MPO-QUARTZ 9000 SAE 5W40 500ML,10,2.0
2025-11-09 15:13:33.534830,MSA-QUARTZ 9000 SAE 5W40 500ML,10,2.0
2025-11-09 15:52:43.873906,TUR-QUARTZ 5000 20W50 500ML,12,4.0
2025-11-11 20:07:41.664173,KHA-RUBIA SX SAE40 500ML,3,1.0
2025-11-11 20:54:01.483625,MAR-RUBIA SX SAE40 500ML,3,1.0
2025-11-12 07:28:18.599640,CRI-RUBIA SX SAE40 500ML,3,1.0
2025-11-12 10:08:16.027062,TUR-RACE BRAKEFLUID DOT4+ 500ML,4,1.0
2025-11-12 10:08:51.111462,TUR-FLUIDMATIC DIII MV 500ML,3,1.0
2025-11-12 10:21:15.122825,RM-RUBIA SX SAE40 500ML,9,3.0
2025-11-12 10:22:02.097299,RM-FLUIDMATIC DIII MV 500ML,6,2.0
2025-11-12 10:24:47.708323,RM-RUBIA TIR 7400 SAE 15W40 5L,25,1.0
2025-11-12 11:03:46.113864,RM-FLUIDMATIC DIII MV 500ML,3,1.0
2025-11-12 11:04:33.309811,RM-QUARTZ 9000 SAE 5W40 500ML,5,1.0
2025-11-12 11:04:58.234555,RM-RUBIA SX SAE40 500ML,3,1.0
2025-11-12 11:07:20.225409,MAR-RACE BRAKEFLUID DOT4+ 500ML,4,1.0
2025-11-12 12:02:43.315029,TUR-FLUIDMATIC DIII MV 500ML,6,2.0
2025-11-12 13:34:43.477162,CHAR-SWIFTEX BATTERY 652P,105,1.0
2025-11-12 13:53:07.941323,KHA-QUARTZ 9000 SAE 5W40 500ML,5,1.0
2025-11-12 14:51:11.036224,TUR-QUARTZ 5000 20W50 5L,22,1.0
2025-11-12 15:48:31.418152,MAR-FLUIDMATIC CVT MV 1L,10,1.0
2025-11-12 16:01:43.737248,MAR-RUBIA SX SAE40 500ML,3,1.0
2025-11-12 16:01:43.923786,MAR-FLUIDMATIC CVT MV 1L,20,2.0
2025-11-12 16:06:25.829162,MAR-FLUIDMATIC CVT MV 1L,10,1.0
2025-11-12 17:44:57.535418,AVO-RUBIA TIR 7400 SAE 15W40 5L,50,2.0
2025-11-12 17:45:34.828543,AVO-RUBIA TIR 7400 15W40 500ML,6,2.0
2025-11-12 17:58:05.216986,AVO-FLUIDMATIC DIII MV 500ML,6,2.0
2025-11-12 18:08:57.113203,AVO-QUARTZ 3000 SG 20W50 500ML,6,2.0
2025-11-12 18:29:31.137076,SEK-RACE BRAKEFLUID DOT4+ 500ML,4,1.0
2025-11-12 18:41:23.325581,FOR-NEPTUNA 2T SUPER SPORT 500ML,4,1.0
2025-11-12 18:44:34.956088,RUN-QUARTZ 9000 SAE 5W40 5L,90,3.0
2025-11-12 18:47:01.347722,RUN-RACE BRAKEFLUID DOT4+ 500ML,8,2.0
2025-11-12 18:47:47.947156,RUN-RUBIA SX SAE40 500ML,3,1.0
2025-11-12 19:19:16.268505,SEK-QUARTZ 9000 SAE 5W40 500ML,10,2.0
2025-11-12 19:41:09.980080,SUN-QUARTZ 5000 20W50 5L,22,1.0
2025-11-12 19:52:40.995870,CHE-RUBIA TIR 7400 15W40 500ML,6,2.0
2025-11-12 19:54:53.717056,MPO-QUARTZ 9000 SAE 5W40 500ML,5,1.0
2025-11-12 19:55:06.356168,MPO-FLUIDMATIC DIII MV 500ML,3,1.0
2025-11-16 09:12:55.134223,CHA-QUARTZ 4X4 15W40 500ML,3,1.0
2025-11-16 10:22:58.617881,BAN-NEPTUNA 2T SUPER SPORT 500ML,4,1.0
2025-11-16 10:32:17.354024,BAN-FLUIDMATIC DIII MV 500ML,3,1.0
2025-11-16 10:50:32.125751,RM-RUBIA TIR 7400 SAE 15W40 5L,25,1.0
2025-11-16 10:51:30.729601,RM-QUARTZ 9000 SAE 5W40 500ML,15,3.0
2025-11-16 11:04:36.017334,TUR-QUARTZ 5000 20W50 500ML,6,2.0
2025-11-16 11:05:11.251859,TUR-RUBIA TIR 7400 15W40 500ML,3,1.0
2025-11-16 14:42:48.162267,SUN-SWIFTEX BATTERY 658P,160,1.0
2025-11-16 18:28:32.764962,RUN-FLUIDMATIC DIII MV 500ML,3,1.0
2025-11-16 20:07:45.671959,KHA-QUARTZ 4X4 15W40 500ML,3,1.0
2025-11-16 22:42:36.092275,CHI-QUARTZ 5000 20W50 500ML,3,1.0
2025-11-17 07:55:02.064351,FIF-QUARTZ 9000 SAE 5W40 500ML,25,5.0
2025-11-17 07:55:25.318308,FIF-FLUIDMATIC CVT MV 1L,10,1.0
2025-11-17 07:56:11.910611,FIF-RUBIA SX SAE40 500ML,24,8.0
2025-11-17 09:02:09.729150,TRO-QUARTZ 9000 SAE 5W40 500ML,5,1.0
2025-11-17 11:20:07.648056,TUR-RACE BRAKEFLUID DOT4+ 500ML,4,1.0
2025-11-20 08:12:07.751632,MSA-RACE BRAKEFLUID DOT4+ 500ML,4,1.0
2025-11-20 08:55:24.971055,KAD-QUARTZ 5000 20W50 500ML,3,1.0
2025-11-20 10:11:57.256061,SEK-RACE BRAKEFLUID DOT4+ 500ML,4,1.0
2025-11-20 10:37:40.579100,BAN-RUBIA SX SAE40 500ML,3,1.0
2025-11-20 15:16:15.189227,TUR-RACE BRAKEFLUID DOT4+ 500ML,4,1.0
2025-11-20 17:14:32.672251,TUR-QUARTZ 9000 SAE 5W40 500ML,5,1.0
2025-11-20 17:14:46.225338,TUR-QUARTZ 9000 SAE 5W40 500ML,5,1.0
2025-11-20 17:33:41.568862,BAN-PROSYLVA 2 STROKE 200ML,4,2.0
2025-11-20 18:49:54.320356,SUN-RUBIA TIR 7400 15W40 500ML,9,3.0
2025-11-20 18:49:54.545477,SUN-QUARTZ 5000 20W50 500ML,33,11.0
2025-11-20 18:49:54.737641,SUN-RUBIA TIR 7400 SAE 15W40 5L,25,1.0
2025-11-20 19:03:17.170862,KHA-NEPTUNA 2T SUPER SPORT 500ML,4,1.0
2025-11-20 19:12:17.072353,RUN-NEPTUNA 2T SUPER SPORT 500ML,4,1.0
2025-11-20 19:13:04.993654,RUN-QUARTZ 9000 SAE 5W40 500ML,10,2.0
2025-11-20 19:16:55.232910,BAN-FLUIDMATIC DIII MV 500ML,3,1.0
2025-11-20 19:41:16.496746,SUN-QUARTZ 5000 20W50 5L,22,1.0
2025-11-20 19:43:03.812089,RUN-RUBIA SX SAE40 500ML,3,1.0
2025-11-20 19:44:04.785702,RUN-QUARTZ 9000 SAE 5W40 500ML,10,2.0
2025-11-20 20:15:46.783830,CHI-FLUIDMATIC CVT MV 1L,10,1.0
2025-11-20 20:41:25.795270,CHI-RUBIA SX SAE40 500ML,3,1.0
2025-11-20 22:07:37.763342,KIR-QUARTZ 5000 20W50 500ML,3,1.0
2025-11-20 22:08:29.330997,KIRK-PROSYLVA 2 STROKE 200ML,4,2.0
2025-11-20 23:58:12.582480,KIR-FLUIDMATIC DIII MV 500ML,3,1.0
2025-11-21 07:50:00.633752,SUN-QUARTZ 5000 20W50 500ML,6,2.0
2025-11-21 07:50:24.634260,SUN-QUARTZ 9000 SAE 5W40 500ML,5,1.0
2025-11-21 08:26:09.229130,SAM-RACE BRAKEFLUID DOT4+ 500ML,4,1.0
2025-11-21 09:33:56.340357,TUR-RUBIA SX SAE40 500ML,3,1.0
2025-11-21 10:06:03.520254,KHA-RUBIA TIR 7400 15W40 500ML,3,1.0
2025-11-21 10:17:58.534301,TUR-RUBIA SX SAE40 500ML,9,3.0
2025-11-21 10:25:49.955984,TUR-RACE BRAKEFLUID DOT4+ 500ML,4,1.0
2025-11-23 19:53:22.641865,MPO-QUARTZ 5000 20W50 500ML,6,2.0
2025-11-23 20:14:50.625258,SAM-RUBIA SX SAE40 500ML,3,1.0
2025-11-23 22:38:34.440612,CHI-RUBIA TIR 7400 15W40 500ML,6,2.0
2025-11-24 10:23:08.490320,TUR-QUARTZ 5000 20W50 500ML,6,2.0
2025-11-24 10:39:32.692509,RUN-QUARTZ 9000 SAE 5W40 5L,30,1.0
2025-11-24 10:40:31.174352,RUN-RUBIA SX SAE40 500ML,3,1.0
2025-11-24 11:08:32.098453,KIR-QUARTZ 5000 20W50 500ML,9,3.0
2025-11-24 11:09:18.685711,KIR-RACE BRAKEFLUID DOT4+ 500ML,4,1.0
2025-11-24 11:42:02.283612,CHI-MULTIS EP 2 500G,7,1.0
2025-11-24 12:00:26.876084,AVO-RUBIA TIR 7400 15W40 500ML,9,3.0
2025-11-24 12:01:26.182036,AVO-QUARTZ 3000 SG 20W50 500ML,18,6.0
2025-11-24 12:01:51.106939,AVO-RUBIA TIR 7400 15W40 500ML,3,1.0
2025-11-24 12:03:24.688328,MAR-FLUIDMATIC CVT MV 1L,20,2.0
2025-11-24 12:03:24.872682,AVO-RUBIA TIR 7400 SAE 15W40 5L,50,2.0
2025-11-24 12:30:18.862279,AVO-QUARTZ 3000 SG 20W50 500ML,3,1.0
2025-11-24 12:53:34.403250,TUR-RUBIA TIR 7400 15W40 500ML,9,3.0
2025-11-24 13:18:57.404149,TUR-QUARTZ 5000 20W50 500ML,3,1.0
2025-11-24 14:13:08.672930,TUR-QUARTZ 5000 20W50 500ML,12,4.0
2025-11-24 14:30:52.929900,MSA-QUARTZ 3000 SG 20W50 500ML,3,1.0
2025-11-24 14:35:33.786610,MSA-RACE BRAKEFLUID DOT4+ 500ML,4,1.0
2025-11-24 15:57:14.072420,KIR-RUBIA TIR 7400 15W40 500ML,6,2.0
2025-11-24 17:50:14.494609,TUR-FLUIDMATIC DIII MV 500ML,3,1.0
2025-11-24 18:06:55.180666,RM-QUARTZ 5000 20W50 500ML,15,5.0
2025-11-01 21:17:26.038498,KAD-FLUIDMATIC CVT MV 1L,20,2.0
2025-11-02 09:19:16.165751,TUR-RUBIA TIR 7400 15W40 500ML,3,1.0
2025-11-02 09:21:39.590705,FOR-RUBIA SX SAE40 500ML,3,1.0
2025-11-02 09:46:47.533064,BAN-RACE BRAKEFLUID DOT4+ 500ML,8,2.0
2025-11-02 09:50:34.374527,BAN-FLUIDMATIC DIII MV 500ML,3,1.0
2025-11-02 09:55:40.091637,BAN-NEPTUNA 2T SUPER SPORT 500ML,4,1.0
2025-11-02 10:24:53.457098,AVO-RACE BRAKEFLUID DOT4+ 500ML,8,2.0
2025-11-02 10:25:39.772691,TUR-QUARTZ 5000 20W50 500ML,12,4.0
2025-11-02 10:26:25.188657,AVO-QUARTZ 5000 20W50 500ML,3,1.0
2025-11-02 10:27:11.178435,AVO-QUARTZ 9000 SAE 5W40 500ML,15,3.0
2025-11-02 10:34:50.050225,BAN-NEPTUNA 2T SUPER SPORT 500ML,4,1.0
2025-11-02 10:44:38.888101,GWE-QUARTZ 4X4 15W40 500ML,6,2.0
2025-11-02 12:07:31.094730,TUR-QUARTZ 9000 SAE 5W40 500ML,10,2.0
2025-11-02 12:32:35.171392,GWE-QUARTZ 9000 SAE 5W40 500ML,15,3.0
2025-11-02 14:17:47.855399,BAN-FLUIDMATIC DIII MV 500ML,3,1.0
2025-11-02 14:32:03.382699,TUR-QUARTZ 4X4 15W40 500ML,3,1.0
2025-11-02 14:55:34.966623,RUN-QUARTZ 9000 SAE 5W40 5L,30,1.0
2025-11-02 15:59:15.199810,SUN-SWIFTEX BATTERY 668P,165,1.0
2025-11-02 16:05:47.608959,SUN-QUARTZ 5000 20W50 500ML,27,9.0
2025-11-02 16:08:04.894645,SUN-RUBIA TIR 7400 15W40 500ML,3,1.0
2025-11-02 16:08:05.075724,SUN-FLUIDMATIC DIII MV 500ML,6,2.0
2025-11-02 16:20:25.715169,KIR-MULTIS EP 2 500G,7,1.0
2025-11-02 16:27:09.689623,GWE-RACE BRAKEFLUID DOT4+ 500ML,4,1.0
2025-11-02 17:12:31.097682,SEK-RUBIA SX SAE40 500ML,6,2.0
2025-11-02 17:42:50.618040,SEK-RUBIA SX SAE40 500ML,3,1.0
2025-11-02 18:01:24.090881,TRO-RUBIA SX SAE40 500ML,6,2.0
2025-11-02 18:01:58.708501,TRO-NEPTUNA 2T SUPER SPORT 500ML,12,3.0
2025-11-02 18:02:21.993020,TRO-RUBIA TIR 7400 SAE 15W40 5L,125,5.0
2025-11-02 18:31:55.688234,MPO-RACE BRAKEFLUID DOT4+ 500ML,4,1.0
2025-11-02 18:33:31.283457,MPO-RUBIA SX SAE40 500ML,12,4.0
2025-11-02 18:48:51.526989,AVO-RACE BRAKEFLUID DOT4+ 500ML,8,2.0
2025-11-02 19:07:27.297036,SEK-RUBIA SX SAE40 500ML,6,2.0
2025-11-02 20:08:33.784820,CHI-QUARTZ 5000 20W50 5L,22,1.0
2025-11-02 21:18:32.128466,TUR-RUBIA TIR 7400 15W40 500ML,3,1.0
2025-11-02 21:29:34.775266,BAN-RUBIA SX SAE40 500ML,3,1.0
2025-11-02 23:49:49.627567,TRO-FLUIDMATIC DIII MV 500ML,3,1.0
2025-11-03 03:11:13.261605,GWE-QUARTZ 3000 SG 20W50 500ML,6,2.0
2025-11-03 07:21:33.158273,KIR-QUARTZ 3000 SG 20W50 500ML,3,1.0
2025-11-03 07:55:43.280722,MPO-QUARTZ 9000 SAE 5W40 500ML,20,4.0
2025-11-03 07:56:06.556897,MPO-RUBIA SX SAE40 500ML,3,1.0
2025-11-03 08:55:54.860125,TUR-QUARTZ 5000 20W50 500ML,3,1.0
2025-11-04 12:00:41.572795,TUR-RUBIA SX SAE40 500ML,3,1.0
2025-11-04 12:25:23.305458,MSA- SWIFTEX BATTERY-616C,82,1.0
2025-11-04 13:35:30.091370,TUR-QUARTZ 5000 20W50 500ML,3,1.0
2025-11-04 15:38:57.479266,TUR-RUBIA SX SAE40 500ML,6,2.0
2025-11-04 15:48:21.670681,BAN-FLUIDMATIC DIII MV 500ML,3,1.0
2025-11-04 15:49:08.073904,BAN-RUBIA SX SAE40 500ML,6,2.0
2025-11-04 16:39:59.408800,TRO-RACE BRAKEFLUID DOT4+ 500ML,4,1.0
2025-11-04 17:25:00.098166,SUN-QUARTZ 5000 20W50 500ML,6,2.0
2025-11-04 18:08:39.000242,FIF-RACE BRAKEFLUID DOT4+ 500ML,20,5.0
2025-11-04 18:09:26.494971,FIF-FLUIDMATIC DIII MV 500ML,6,2.0
2025-11-04 18:10:04.813103,FIF-RUBIA TIR 7400 15W40 500ML,21,7.0
2025-11-04 18:10:16.905198,RUN-QUARTZ 3000 SG 20W50 500ML,6,2.0
2025-11-04 18:11:34.777895,FIF-RUBIA SX SAE40 500ML,21,7.0
2025-11-04 18:15:05.469781,FIF-QUARTZ 5000 20W50 500ML,21,7.0
2025-11-04 18:24:27.685443,KAD-RUBIA SX SAE40 500ML,3,1.0
2025-11-04 18:37:03.192956,SEK-RACE BRAKEFLUID DOT4+ 500ML,4,1.0
2025-11-04 19:17:01.657245,FOR-QUARTZ 5000 20W50 5L,18,0.8181818181818182
2025-11-04 19:18:06.307212,FOR-FLUIDMATIC DIII MV 500ML,6,2.0
2025-11-04 20:50:30.520539,FIF-RUBIA TIR 7400 15W40 500ML,6,2.0
2025-11-04 21:35:10.825009,TUR-QUARTZ 5000 20W50 500ML,9,3.0
2025-11-04 22:02:22.897235,FOR-QUARTZ 4X4 15W40 500ML,9,3.0
2025-11-05 06:53:27.620590,MOS-NEPTUNA 2T SUPER SPORT 500ML,4,1.0
2025-11-05 07:20:33.073892,FIF-RACE BRAKEFLUID DOT4+ 500ML,4,1.0
2025-11-05 07:24:49.014668,FIF-RUBIA SX SAE40 500ML,12,4.0
2025-11-05 07:25:01.471801,KIR-QUARTZ 9000 SAE 5W40 500ML,5,1.0
2025-11-05 08:58:18.761835,KIRK-SWIFTEX BATTERY 622C,90,1.0
2025-11-05 09:12:12.962750,BAN-NEPTUNA 2T SUPER SPORT 500ML,4,1.0
2025-11-05 09:59:54.246958,RM-QUARTZ 5000 20W50 5L,22,1.0
2025-11-05 10:00:05.909679,RM-RUBIA TIR 7400 15W40 500ML,3,1.0
2025-11-05 10:00:53.843960,RM-RUBIA SX SAE40 500ML,12,4.0
2025-11-05 10:02:04.481912,TUR-QUARTZ 9000 SAE 5W40 500ML,5,1.0
2025-11-05 10:10:20.224897,SEK-RUBIA SX SAE40 500ML,3,1.0
2025-11-05 10:36:08.760742,KAD-RUBIA TIR 7400 SAE 15W40 5L,25,1.0
2025-11-07 14:56:46.011262,MAR-RUBIA SX SAE40 500ML,6,2.0
2025-11-07 15:45:06.046131,CHI-NEPTUNA 2T SUPER SPORT 500ML,4,1.0
2025-11-07 16:40:48.810167,MPO-QUARTZ 9000 SAE 5W40 500ML,10,2.0
2025-11-07 17:02:42.002041,KIR-QUARTZ 5000 20W50 500ML,6,2.0
2025-11-07 18:27:40.178679,KAD-MULTIS EP 2 500G,7,1.0
2025-11-07 20:12:31.656955,MAR-RUBIA SX SAE40 500ML,3,1.0
2025-11-07 20:48:07.635966,SEK-QUARTZ 9000 SAE 5W40 500ML,10,2.0
2025-11-07 22:11:36.728640,BAN-RUBIA SX SAE40 500ML,3,1.0
2025-11-07 22:37:46.822019,TUR-QUARTZ 9000 SAE 5W40 500ML,5,1.0
2025-11-07 23:40:52.714937,CHI-QUARTZ 5000 20W50 500ML,3,1.0
2025-11-08 09:33:26.450602,SEK-RACE BRAKEFLUID DOT4+ 500ML,4,1.0
2025-11-08 10:20:48.950904,MSA-RACE BRAKEFLUID DOT4+ 500ML,4,1.0
2025-11-08 11:35:42.286428,MAR-FLUIDMATIC CVT MV 1L,40,4.0
2025-11-08 12:23:02.247183,TUR-QUARTZ 9000 SAE 5W40 500ML,10,2.0
2025-11-08 13:59:41.271655,TUR-QUARTZ 3000 SG 20W50 500ML,9,3.0
2025-11-08 15:08:58.569972,CHE-RUBIA SX SAE40 500ML,3,1.0
2025-11-10 19:26:23.925124,FOR-RUBIA SX SAE40 500ML,3,1.0
2025-11-10 19:49:59.929012,SAM-FLUIDMATIC CVT MV 1L,10,1.0
2025-11-10 19:58:03.702763,KIR-RUBIA SX SAE40 500ML,3,1.0
2025-11-10 20:23:59.522185,SUN-QUARTZ 5000 20W50 500ML,3,1.0
2025-11-10 20:48:57.100411,KHA-FLUIDMATIC DIII MV 500ML,6,2.0
2025-11-10 21:09:20.806342,RUN-NEPTUNA 2T SUPER SPORT 500ML,4,1.0
2025-11-10 23:54:24.921403,TRO-NEPTUNA 2T SUPER SPORT 500ML,44,11.0
2025-11-10 23:55:12.116019,TRO-RUBIA TIR 7400 15W40 500ML,3,1.0
2025-11-11 00:31:00.193751,SAM-QUARTZ 9000 SAE 5W40 500ML,10,2.0
2025-11-11 07:06:05.737086,RM-RUBIA SX SAE40 500ML,6,2.0
2025-11-11 07:47:30.938587,FOR-RUBIA SX SAE40 500ML,6,2.0
2025-11-11 07:47:31.306277,FOR-NEPTUNA 2T SUPER SPORT 500ML,4,1.0
2025-11-11 07:48:40.540466,KIR-RUBIA TIR 7400 SAE 15W40 5L,25,1.0
2025-11-11 07:49:48.753710,KIR-RUBIA SX SAE40 500ML,9,3.0
2025-11-11 07:50:44.754681,FIF-QUARTZ 9000 SAE 5W40 5L,30,1.0
2025-11-11 07:51:18.963242,FIF-RUBIA SX SAE40 500ML,9,3.0
2025-11-11 07:51:42.843928,FIF-QUARTZ 3000 SG 20W50 500ML,3,1.0
2025-11-11 07:52:05.941777,FIF-RACE BRAKEFLUID DOT4+ 500ML,4,1.0
2025-11-11 07:52:29.140932,FIF-QUARTZ 4X4 15W40 500ML,3,1.0
2025-11-11 07:52:40.567492,FIF-QUARTZ 9000 SAE 5W40 500ML,15,3.0
2025-11-11 10:47:19.536568,CHE-RUBIA TIR 7400 15W40 500ML,6,2.0
2025-11-11 10:48:05.865393,CHE-RUBIA SX SAE40 500ML,3,1.0
2025-11-11 12:02:42.371749,TUR-FLUIDMATIC DIII MV 500ML,3,1.0
2025-11-11 12:56:50.069192,TUR-QUARTZ 9000 SAE 5W40 500ML,10,2.0
2025-11-11 13:13:03.250156,KIR-RUBIA TIR 7400 SAE 15W40 5L,25,1.0
2025-11-11 13:35:10.678253,GWE-QUARTZ 4X4 15W40 500ML,3,1.0
2025-11-11 13:35:46.260951,SEK-QUARTZ 9000 SAE 5W40 500ML,5,1.0
2025-11-11 13:55:29.157430,MSA-QUARTZ 5000 20W50 500ML,6,2.0
2025-11-11 14:35:33.065127,RUN-NEPTUNA 2T SUPER SPORT 500ML,8,2.0
2025-11-11 16:08:35.475570,BAN-FLUIDMATIC CVT MV 1L,10,1.0
2025-11-13 20:05:46.579908,CHI-QUARTZ 9000 SAE 5W40 5L,30,1.0
2025-11-13 20:46:55.309872,CHI-FLUIDMATIC DIII MV 500ML,3,1.0
2025-11-13 20:53:56.580372,CHI-QUARTZ 5000 20W50 500ML,3,1.0
2025-11-13 20:54:19.999731,CHI-NEPTUNA 2T SUPER SPORT 500ML,4,1.0
2025-11-14 07:56:53.601662,GWE-RUBIA TIR 7400 15W40 500ML,3,1.0
2025-11-14 08:50:40.604294,TUR-RUBIA SX SAE40 500ML,3,1.0
2025-11-14 10:03:51.545767,RUN-NEPTUNA 2T SUPER SPORT 500ML,12,3.0
2025-11-14 11:33:37.431590,BAN-NEPTUNA 2T SUPER SPORT 500ML,4,1.0
2025-11-14 11:46:53.317433,RUN-FLUIDMATIC CVT MV 1L,50,5.0
2025-11-14 12:55:25.136697,TUR-RACE BRAKEFLUID DOT4+ 500ML,4,1.0
2025-11-14 18:03:15.438937,SAM-QUARTZ 4X4 15W40 500ML,3,1.0
2025-11-14 18:06:50.938720,TUR-RUBIA TIR 7400 15W40 500ML,3,1.0
2025-11-14 18:48:16.624436,RUN-QUARTZ 4X4 15W40 500ML,6,2.0
2025-11-14 19:14:59.137882,MAR-QUARTZ 5000 20W50 500ML,3,1.0
2025-11-14 19:46:38.676510,RUN-RACE BRAKEFLUID DOT4+ 500ML,4,1.0
2025-11-14 19:56:52.835302,RUN-RACE BRAKEFLUID DOT4+ 500ML,4,1.0
2025-11-17 16:25:24.765094,BAN-FLUIDMATIC DIII MV 500ML,3,1.0
2025-11-17 16:41:19.995414,SEK-QUARTZ 9000 SAE 5W40 500ML,10,2.0
2025-11-17 17:59:21.068486,MAR-RUBIA TIR 7400 15W40 500ML,6,2.0
2025-11-17 18:20:14.368187,SAM-QUARTZ 9000 SAE 5W40 500ML,10,2.0
2025-11-17 18:21:38.674657,SAM-FLUIDMATIC DIII MV 500ML,3,1.0
2025-11-17 19:39:38.025008,TUR-RACE BRAKEFLUID DOT4+ 500ML,4,1.0
2025-11-17 20:01:25.158971,MAR-FLUIDMATIC CVT MV 1L,40,4.0
2025-11-17 21:51:21.336456,CHI-RACE BRAKEFLUID DOT4+ 500ML,4,1.0
2025-11-17 22:48:42.753373,SAM-QUARTZ 9000 SAE 5W40 500ML,10,2.0
2025-11-18 08:52:42.036572,KAD-QUARTZ 5000 20W50 500ML,3,1.0
2025-11-18 11:45:55.429270,CHA-QUARTZ 4X4 15W40 500ML,9,3.0
2025-11-18 12:37:33.439608,BAN-FLUIDMATIC DIII MV 500ML,3,1.0
2025-11-18 13:50:43.353183,CHI-RUBIA TIR 7400 SAE 15W40 5L,25,1.0
2025-11-18 15:04:43.235290,KIR-FLUIDMATIC CVT MV 1L,10,1.0
2025-11-18 15:14:15.017869,FOR-FLUIDMATIC DIII MV 500ML,6,2.0
2025-11-18 15:14:27.813057,FOR-RUBIA TIR 7400 15W40 500ML,9,3.0
2025-11-18 15:24:19.135564,MSA-QUARTZ 5000 20W50 500ML,3,1.0
2025-11-18 15:45:26.238518,SEK-QUARTZ 9000 SAE 5W40 500ML,10,2.0
2025-11-21 10:45:50.730718,FOR-RUBIA TIR 7400 SAE 15W40 5L,25,1.0
2025-11-21 10:45:51.292764,FOR-RUBIA SX SAE40 500ML,6,2.0
2025-11-21 10:45:53.407140,FOR-RACE BRAKEFLUID DOT4+ 500ML,4,1.0
2025-11-21 11:11:33.329256,BAN-RACE BRAKEFLUID DOT4+ 500ML,4,1.0
2025-11-21 11:11:56.816639,BAN-QUARTZ 5000 20W50 500ML,6,2.0
2025-11-21 12:06:39.220939,SEK-QUARTZ 3000 SG 20W50 500ML,3,1.0
2025-11-21 12:33:38.842172,RM-FLUIDMATIC CVT MV 1L,10,1.0
2025-11-21 12:34:02.230232,RM-QUARTZ 9000 SAE 5W40 500ML,20,4.0
2025-11-21 12:34:25.630748,RM-FLUIDMATIC DIII MV 500ML,6,2.0
2025-11-21 12:47:04.927074,BAN-QUARTZ 5000 20W50 500ML,3,1.0
2025-11-21 13:54:41.628420,MAR-RACE BRAKEFLUID DOT4+ 500ML,4,1.0
2025-11-21 15:49:13.329707,TUR-RUBIA SX SAE40 500ML,3,1.0
2025-11-21 16:09:35.721761,BAN-QUARTZ 5000 20W50 500ML,6,2.0
2025-11-21 18:33:28.221565,KIR-RUBIA TIR 7400 15W40 500ML,3,1.0
2025-11-21 18:51:30.462834,MAR-FLUIDMATIC CVT MV 1L,40,4.0
2025-11-21 19:09:30.319154,TUR-RACE BRAKEFLUID DOT4+ 500ML,4,1.0
2025-11-21 19:14:24.459029,MPO-FLUIDMATIC DIII MV 500ML,3,1.0
2025-11-21 19:35:55.045162,SEK-RUBIA TIR 7400 15W40 500ML,6,2.0
2025-11-21 19:49:16.973061,BAN-PROSYLVA 2 STROKE 200ML,2,1.0
2025-11-21 20:01:37.543911,CHI-FLUIDMATIC DIII MV 500ML,6,2.0
2025-11-21 20:08:13.042413,CHI-QUARTZ 9000 SAE 5W40 500ML,10,2.0
2025-11-21 20:21:53.971628,CHI-QUARTZ 5000 20W50 500ML,3,1.0
2025-11-21 21:55:02.040029,BAN-QUARTZ 5000 20W50 500ML,3,1.0
2025-11-21 22:14:32.547502,SEK-RUBIA TIR 7400 15W40 500ML,3,1.0
2025-11-22 08:51:28.385647,MSE-NEPTUNA 2T SUPER SPORT 500ML,8,2.0
2025-11-22 08:51:28.574429,MSE-RUBIA SX SAE40 500ML,18,6.0
2025-11-22 08:54:23.257342,KHA-QUARTZ 5000 20W50 5L,22,1.0
2025-11-22 09:29:49.189973,TUR-RUBIA TIR 7400 15W40 500ML,3,1.0
2025-11-22 10:49:58.264574,MGM-QUARTZ 9000 SAE 5W40 500ML,5,1.0
2025-11-22 11:41:20.177004,TUR-RACE BRAKEFLUID DOT4+ 500ML,4,1.0
2025-11-24 20:09:53.924654,AVO-RUBIA TIR 7400 SAE 15W40 5L,25,1.0
2025-11-24 20:12:17.096081,BAN-QUARTZ 5000 20W50 500ML,6,2.0
2025-11-25 01:20:03.723273,GWE-PROSYLVA 2 STROKE 200ML,2,1.0
2025-11-25 06:38:34.535465,GWE-RUBIA SX SAE40 500ML,6,2.0
2025-11-25 07:35:34.444301,GWE-RUBIA TIR 7400 15W40 500ML,15,5.0
2025-11-25 07:39:12.044490,GWE-RUBIA SX SAE40 500ML,3,1.0
2025-11-25 07:39:47.634120,GWE-FLUIDMATIC DIII MV 500ML,3,1.0
2025-11-25 07:54:46.851627,KIR-QUARTZ 5000 20W50 500ML,3,1.0
2025-11-25 07:55:21.935757,KIR-RUBIA TIR 7400 SAE 15W40 5L,25,1.0
2025-11-25 07:56:30.448099,KIR-RUBIA TIR 7400 15W40 500ML,3,1.0
2025-11-25 09:03:29.224622,TUR-QUARTZ 4X4 15W40 500ML,3,1.0
2025-11-25 09:04:26.555938,TUR-RUBIA SX SAE40 500ML,3,1.0
2025-11-25 09:36:57.449934,KIR-QUARTZ 9000 SAE 5W40 500ML,15,3.0
2025-11-25 10:37:14.952902,RUN-RUBIA SX SAE40 500ML,3,1.0
2025-11-25 11:03:01.053199,RUN-RUBIA SX SAE40 500ML,3,1.0
2025-11-25 11:14:48.958455,TUR-RUBIA SX SAE40 500ML,3,1.0
2025-11-25 13:10:59.942141,MSA-QUARTZ 9000 SAE 5W40 500ML,10,2.0
2025-11-25 13:16:15.951604,KIR-FLUIDMATIC DIII MV 500ML,3,1.0
2025-11-25 13:33:56.760425,BAN-QUARTZ 5000 20W50 500ML,6,2.0
2025-11-25 14:23:53.845481,MAR-NEPTUNA 2T SUPER SPORT 500ML,4,1.0
2025-11-24 18:07:41.690653,RM-QUARTZ 4X4 15W40 500ML,3,1.0
2025-11-24 18:08:16.675121,RM-NEPTUNA 2T SUPER SPORT 500ML,4,1.0
2025-11-24 18:09:26.490324,RM-FLUIDMATIC CVT MV 1L,10,1.0
2025-11-24 18:11:04.872868,RM-RACE BRAKEFLUID DOT4+ 500ML,4,1.0
2025-11-24 18:11:39.966960,RM-RACE BRAKEFLUID DOT4+ 500ML,8,2.0
2025-11-24 19:44:18.899094,CHI-FLUIDMATIC DIII MV 500ML,3,1.0
2025-11-24 19:44:55.411298,KAD-FLUIDMATIC DIII MV 500ML,3,1.0
2025-11-28 15:27:46.551757,TUR-NEPTUNA 2T SUPER SPORT 500ML,8,2.0
2025-11-28 16:02:23.241531,TUR-NEPTUNA 2T SUPER SPORT 500ML,8,2.0
2025-11-28 16:45:14.349790,TUR-NEPTUNA 2T SUPER SPORT 500ML,4,1.0
2025-11-28 18:01:04.766574,CHI-QUARTZ 9000 SAE 5W40 500ML,5,1.0
2025-11-28 18:37:15.462183,KIR-QUARTZ 9000 SAE 5W40 500ML,10,2.0
2025-11-28 18:38:40.184606,KIR-RUBIA SX SAE40 500ML,6,2.0
2025-11-28 18:39:41.148222,KIR-RACE BRAKEFLUID DOT4+ 500ML,4,1.0
2025-11-28 19:20:07.470176,MSA-QUARTZ 5000 20W50 500ML,6,2.0
2025-11-28 19:34:50.551619,TUR-FLUIDMATIC CVT MV 1L,10,1.0
2025-11-28 21:11:12.641236,KAD-QUARTZ 5000 20W50 500ML,6,2.0
2025-10-31 10:47:40.501308,FOR-FLUIDMATIC DIII MV 500ML,3,1.0
2025-10-31 11:32:46.329599,TUR-QUARTZ 5000 20W50 500ML,3,1.0
2025-10-31 13:31:50.808930,BAN-RUBIA SX SAE40 500ML,3,1.0
2025-10-31 14:30:45.884872,GWE-RUBIA TIR 7400 15W40 500ML,3,1.0
2025-10-31 14:41:14.637050,MSA-RUBIA TIR 7400 15W40 500ML,6,2.0
2025-10-31 15:18:48.918422,CHI-NEPTUNA 2T SUPER SPORT 500ML,8,2.0
2025-10-31 15:52:20.664034,RUN-FLUIDMATIC CVT MV 1L,40,4.0
2025-10-31 15:52:44.561266,RUN-QUARTZ 9000 SAE 5W40 5L,30,1.0
2025-10-31 15:53:55.326466,RUN-QUARTZ 9000 SAE 5W40 5L,30,1.0
2025-10-31 16:01:30.979120,TRO-RUBIA SX SAE40 500ML,3,1.0
2025-10-31 16:01:31.165251,TRO-NEPTUNA 2T SUPER SPORT 500ML,12,3.0
2025-10-31 16:01:31.559373,TRO-QUARTZ 5000 20W50 500ML,6,2.0
2025-10-31 17:11:40.018838,GWE-QUARTZ 4X4 15W40 500ML,3,1.0
2025-10-31 17:13:15.357457,GWE-PROSYLVA 2 STROKE 200ML,2,1.0
2025-10-31 17:43:06.889880,TUR-FLUIDMATIC DIII MV 500ML,3,1.0
2025-10-31 17:55:28.320122,TUR-RUBIA TIR 7400 15W40 500ML,9,3.0
2025-10-31 17:56:05.661255,TUR-QUARTZ 5000 20W50 500ML,3,1.0
2025-10-31 18:26:22.541606,RUN-QUARTZ 3000 SG 20W50 500ML,6,2.0
2025-11-03 10:45:14.257819,RUN-RUBIA SX SAE40 500ML,3,1.0
2025-11-03 14:21:47.365192,TUR-RUBIA TIR 7400 15W40 500ML,9,3.0
2025-11-03 15:09:38.075000,FOR-NEPTUNA 2T SUPER SPORT 500ML,4,1.0
2025-11-03 15:41:24.965686,MSA-FLUIDMATIC DIII MV 500ML,3,1.0
2025-11-03 16:23:54.478524,BAN-RUBIA SX SAE40 500ML,6,2.0
2025-11-03 18:13:19.100631,RUN-QUARTZ 9000 SAE 5W40 5L,30,1.0
2025-11-03 18:23:33.575043,RM-QUARTZ 9000 SAE 5W40 500ML,5,1.0
2025-11-03 18:24:10.298621,RM-RUBIA SX SAE40 500ML,12,4.0
2025-11-03 18:47:15.489040,RUN-RUBIA SX SAE40 500ML,6,2.0
2025-11-03 19:58:28.506723,SUN-FLUIDMATIC DIII MV 500ML,3,1.0
2025-11-03 20:28:12.016632,TUR-QUARTZ 4X4 15W40 500ML,3,1.0
2025-11-03 20:28:47.356769,TUR-QUARTZ 5000 20W50 5L,22,1.0
2025-11-03 20:32:44.292270,TUR-RUBIA TIR 7400 SAE 15W40 5L,25,1.0
2025-11-03 20:33:20.095314,TUR-RUBIA TIR 7400 15W40 500ML,6,2.0
2025-11-03 20:52:12.742845,TUR-FLUIDMATIC DIII MV 500ML,3,1.0
2025-11-03 20:53:00.374725,RUN-RUBIA SX SAE40 500ML,6,2.0
2025-11-03 22:49:09.487511,KHA-FLUIDMATIC DIII MV 500ML,6,2.0
2025-11-04 07:42:32.361784,RM-NEPTUNA 2T SUPER SPORT 500ML,4,1.0
2025-11-04 08:47:36.453067,GWE-FLUIDMATIC DIII MV 500ML,3,1.0
2025-11-04 09:34:08.994912,TRO-NEPTUNA 2T SUPER SPORT 500ML,8,2.0
2025-11-06 11:51:22.822699,SEK-QUARTZ 4X4 15W40 500ML,3,1.0
2025-11-06 12:03:14.225156,CRI-RUBIA SX SAE40 500ML,6,2.0
2025-11-06 12:14:33.023871,CHI-RUBIA SX SAE40 500ML,6,2.0
2025-11-06 13:32:07.133175,CHI-QUARTZ 5000 20W50 500ML,3,1.0
2025-11-06 13:58:10.212994,MPO-RUBIA SX SAE40 500ML,6,2.0
2025-11-06 13:58:33.721758,MPO-FLUIDMATIC DIII MV 500ML,3,1.0
2025-11-06 16:18:17.956483,MAR-FLUIDMATIC CVT MV 1L,50,5.0
2025-11-06 19:09:00.532371,TUR-RACE BRAKEFLUID DOT4+ 500ML,4,1.0
2025-11-06 19:19:14.734853,TUR-RUBIA SX SAE40 500ML,3,1.0
2025-11-06 19:52:05.307395,TUR-RUBIA SX SAE40 500ML,3,1.0
2025-11-06 20:11:50.237366,RUN-RACE BRAKEFLUID DOT4+ 500ML,4,1.0
2025-11-06 21:07:29.607403,TUR-RUBIA SX SAE40 500ML,3,1.0
2025-11-06 22:21:11.480198,BAN-RUBIA SX SAE40 500ML,3,1.0
2025-11-06 23:15:13.662577,CHE-RUBIA TIR 7400 15W40 500ML,3,1.0
2025-11-07 00:14:46.340426,TRO-NEPTUNA 2T SUPER SPORT 500ML,8,2.0
2025-11-07 09:06:55.092445,BAN-RUBIA SX SAE40 500ML,3,1.0
2025-11-07 09:57:31.394129,TUR-QUARTZ 5000 20W50 500ML,3,1.0
2025-11-07 11:19:31.775467,TUR-FLUIDMATIC DIII MV 500ML,3,1.0
2025-11-07 11:21:49.101159,TUR-RUBIA TIR 7400 SAE 15W40 5L,25,1.0
2025-11-07 12:54:16.799110,FOR-NEPTUNA 2T SUPER SPORT 500ML,8,2.0
2025-11-07 13:31:52.480347,BAN-NEPTUNA 2T SUPER SPORT 500ML,4,1.0
2025-11-07 14:20:16.739517,SEK-RACE BRAKEFLUID DOT4+ 500ML,4,1.0
2025-11-09 22:10:14.093265,CHAR-SWIFTEX BATTERY 652P,105,1.0
2025-11-10 00:58:56.588540,MPO-FLUIDMATIC DIII MV 500ML,3,1.0
2025-11-10 07:47:44.969070,MSE-NEPTUNA 2T SUPER SPORT 500ML,4,1.0
2025-11-10 07:47:45.164736,MSE-RUBIA SX SAE40 500ML,21,7.0
2025-11-10 07:47:45.354045,MSE-QUARTZ 9000 SAE 5W40 5L,30,1.0
2025-11-10 08:55:11.875026,CHI-RUBIA SX SAE40 500ML,3,1.0
2025-11-10 11:18:25.902558,KAD-QUARTZ 5000 20W50 500ML,3,1.0
2025-11-10 11:51:39.027763,BAN-QUARTZ 5000 20W50 5L,44,2.0
2025-11-10 12:45:06.908143,TUR-NEPTUNA 2T SUPER SPORT 500ML,4,1.0
2025-11-10 12:52:11.099913,TUR-RUBIA SX SAE40 500ML,3,1.0
2025-11-10 14:15:09.106393,BAN-RUBIA TIR 7400 SAE 15W40 5L,25,1.0
2025-11-10 14:17:33.135613,MAR-QUARTZ 9000 SAE 5W40 5L,60,2.0
2025-11-10 17:07:06.216195,AVO-RUBIA TIR 7400 15W40 500ML,6,2.0
2025-11-10 17:08:40.702536,AVO-QUARTZ 9000 SAE 5W40 5L,30,1.0
2025-11-10 17:09:39.514095,AVO-QUARTZ 3000 SG 20W50 500ML,9,3.0
2025-11-10 17:10:16.210869,AVO-FLUIDMATIC DIII MV 500ML,3,1.0
2025-11-10 17:14:02.009493,RM-RACE BRAKEFLUID DOT4+ 500ML,4,1.0
2025-11-10 17:14:14.110225,RM-RUBIA SX SAE40 500ML,6,2.0
2025-11-10 17:23:56.510903,KIR-QUARTZ 5000 20W50 500ML,6,2.0
2025-11-10 18:47:02.625210,BAN-NEPTUNA 2T SUPER SPORT 500ML,4,1.0
2025-11-12 22:38:09.452419,KHA-QUARTZ 9000 SAE 5W40 500ML,5,1.0
2025-11-12 23:36:37.244200,AVO-QUARTZ 3000 SG 20W50 500ML,3,1.0
2025-11-13 07:43:19.385482,FOR-RACE BRAKEFLUID DOT4+ 500ML,4,1.0
2025-11-13 07:43:19.571575,FOR-RUBIA SX SAE40 500ML,3,1.0
2025-11-13 09:35:52.770111,AVO-QUARTZ 9000 SAE 5W40 500ML,5,1.0
2025-11-13 09:50:46.175913,BAN-RACE BRAKEFLUID DOT4+ 500ML,8,2.0
2025-11-13 10:19:24.655449,RUN-QUARTZ 9000 SAE 5W40 500ML,5,1.0
2025-11-13 10:24:50.759740,TUR-RACE BRAKEFLUID DOT4+ 500ML,4,1.0
2025-11-13 11:14:19.890923,SAM-RUBIA TIR 7400 15W40 500ML,3,1.0
2025-11-13 12:33:57.679695,SAM-RACE BRAKEFLUID DOT4+ 500ML,4,1.0
2025-11-13 12:47:15.289829,MAR-FLUIDMATIC CVT MV 1L,10,1.0
2025-11-13 16:31:17.774628,GWE-QUARTZ 3000 SG 20W50 500ML,3,1.0
2025-11-13 18:01:09.371642,KHA-FLUIDMATIC CVT MV 1L,10,1.0
2025-11-14 21:14:39.035745,GWE-QUARTZ 4X4 15W40 500ML,6,2.0
2025-11-14 21:33:17.030831,TUR-RACE BRAKEFLUID DOT4+ 500ML,4,1.0
2025-11-14 21:44:24.760349,KHA-FLUIDMATIC DIII MV 500ML,6,2.0
2025-11-14 21:51:05.780953,TUR-QUARTZ 5000 20W50 500ML,3,1.0
2025-11-14 22:52:26.131254,KIR-RUBIA SX SAE40 500ML,3,1.0
2025-11-14 23:35:59.656769,MSA-RACE BRAKEFLUID DOT4+ 500ML,4,1.0
2025-11-15 08:33:40.268249,SAM-QUARTZ 4X4 15W40 500ML,3,1.0
2025-11-15 11:25:14.661803,CHA-QUARTZ 3000 SG 20W50 500ML,3,1.0
2025-11-15 12:51:31.881794,BAN-NEPTUNA 2T SUPER SPORT 500ML,4,1.0
2025-11-15 13:12:59.363411,CHI-QUARTZ 9000 SAE 5W40 500ML,5,1.0
2025-11-15 13:48:50.368540,FOR-RUBIA SX SAE40 500ML,3,1.0
2025-11-15 14:19:05.074065,TUR-QUARTZ 3000 SG 20W50 500ML,9,3.0
2025-11-15 17:23:41.377353,CHAR-SWIFTEX BATTERY 631C,85,1.0
2025-11-15 17:26:26.579266,TUR-RACE BRAKEFLUID DOT4+ 500ML,4,1.0
2025-11-15 19:08:07.993505,RUN-QUARTZ 9000 SAE 5W40 5L,30,1.0
2025-11-15 19:13:54.188927,KAD-QUARTZ 5000 20W50 500ML,6,2.0
2025-11-15 20:56:36.884893,BAN-FLUIDMATIC DIII MV 500ML,3,1.0
2025-11-15 21:19:29.382821,TUR-RACE BRAKEFLUID DOT4+ 500ML,4,1.0
2025-11-15 22:47:57.692434,CHI-RACE BRAKEFLUID DOT4+ 500ML,4,1.0
2025-11-18 17:40:53.069509,TRO-QUARTZ 9000 SAE 5W40 500ML,5,1.0
2025-11-18 17:40:53.265921,TRO-RUBIA TIR 7400 15W40 500ML,3,1.0
2025-11-18 17:40:53.654582,TRO-QUARTZ 5000 20W50 500ML,9,3.0
2025-11-18 17:40:53.848546,TRO-RUBIA SX SAE40 500ML,18,6.0
2025-11-18 17:40:54.040616,TRO-QUARTZ 9000 SAE 5W40 5L,60,2.0
2025-11-18 17:40:54.235084,TRO-NEPTUNA 2T SUPER SPORT 500ML,40,10.0
2025-11-18 18:36:41.339574,SEK-RACE BRAKEFLUID DOT4+ 500ML,4,1.0
2025-11-18 19:00:57.400639,KIR-FLUIDMATIC CVT MV 1L,10,1.0
2025-11-18 19:56:52.945620,BAN-RUBIA SX SAE40 500ML,6,2.0
2025-11-19 08:12:34.666223,CHA-RUBIA SX SAE40 500ML,3,1.0
2025-11-19 09:01:02.401140,TUR-FLUIDMATIC CVT MV 1L,10,1.0
2025-11-19 10:42:10.999503,BAN-FLUIDMATIC DIII MV 500ML,3,1.0
2025-11-19 11:39:53.307601,TUR-RACE BRAKEFLUID DOT4+ 500ML,4,1.0
2025-11-19 11:40:39.494936,TUR-RUBIA TIR 7400 15W40 500ML,12,4.0
2025-11-19 11:41:14.408820,TUR-FLUIDMATIC CVT MV 1L,10,1.0
2025-11-19 12:52:39.508261,RUN-RUBIA SX SAE40 500ML,9,3.0
2025-11-19 13:15:32.793690,KAD-NEPTUNA 2T SUPER SPORT 500ML,4,1.0
2025-11-19 15:14:09.106829,RUN-RACE BRAKEFLUID DOT4+ 500ML,4,1.0
2025-11-19 15:39:20.588059,TUR-QUARTZ 9000 SAE 5W40 500ML,10,2.0
2025-11-19 18:35:36.193191,CRI-QUARTZ 5000 20W50 500ML,3,1.0
2025-11-19 20:40:20.527836,KHA-QUARTZ 5000 20W50 5L,22,1.0
2025-11-19 20:43:44.941630,KHA-RUBIA SX SAE40 500ML,6,2.0
2025-11-22 17:24:01.784635,TUR-NEPTUNA 2T SUPER SPORT 500ML,4,1.0
2025-11-22 19:54:06.281890,BAN-QUARTZ 5000 20W50 500ML,3,1.0
2025-11-22 21:16:07.105618,SEK-QUARTZ 5000 20W50 500ML,3,1.0
2025-11-23 08:05:10.318256,SAM-QUARTZ 5000 20W50 5L,22,1.0
2025-11-23 09:36:48.935098,TUR-QUARTZ 5000 20W50 500ML,3,1.0
2025-11-23 10:01:20.925659,CHI-QUARTZ 5000 20W50 500ML,3,1.0
2025-11-23 10:05:13.151954,TUR-RUBIA TIR 7400 SAE 15W40 5L,25,1.0
2025-11-23 10:07:21.818863,TUR-RUBIA TIR 7400 15W40 500ML,3,1.0
2025-11-23 10:34:45.936459,TUR-QUARTZ 5000 20W50 500ML,3,1.0
2025-11-23 13:35:27.840815,RUN-RUBIA SX SAE40 500ML,12,4.0
2025-11-23 13:36:59.046739,RUN-QUARTZ 9000 SAE 5W40 5L,30,1.0
2025-11-23 14:56:37.130238,KHA-FLUIDMATIC DIII MV 500ML,3,1.0
2025-11-23 15:17:33.025446,BAN-RUBIA TIR 7400 SAE 15W40 5L,25,1.0
2025-11-23 15:24:10.548868,TUR-QUARTZ 5000 20W50 500ML,3,1.0
2025-11-23 16:59:37.527945,RUN-QUARTZ 9000 SAE 5W40 5L,30,1.0
2025-11-23 17:01:37.673301,CHI-RUBIA TIR 7400 15W40 500ML,6,2.0
2025-11-23 18:08:34.561480,BAN-QUARTZ 5000 20W50 500ML,3,1.0
2025-11-23 18:27:32.745527,KAD-NEPTUNA 2T SUPER SPORT 500ML,4,1.0
2025-11-23 18:29:51.580605,KIR-RUBIA TIR 7400 15W40 500ML,9,3.0
2025-11-23 18:31:34.047015,KAD-RUBIA SX SAE40 500ML,3,1.0
2025-11-23 19:14:38.249455,SAM-RACE BRAKEFLUID DOT4+ 500ML,4,1.0
2025-11-26 07:43:14.487929,MGM-QUARTZ 4X4 15W40 500ML,27,9.0
2025-11-26 07:43:49.297869,MGM-FLUIDMATIC CVT MV 1L,10,1.0
2025-11-26 07:44:35.182813,MGM-RUBIA SX SAE40 500ML,3,1.0
2025-11-26 09:31:00.437621,SEK-QUARTZ 4X4 15W40 500ML,3,1.0
2025-11-26 09:35:03.324996,BAN-QUARTZ 5000 20W50 500ML,6,2.0
2025-11-26 09:37:22.582377,BAN-QUARTZ 5000 20W50 5L,22,1.0
2025-11-26 09:38:09.488925,BAN-PROSYLVA 2 STROKE 200ML,2,1.0
2025-11-26 10:11:30.710857,BAN-RUBIA TIR 7400 15W40 500ML,6,2.0
2025-11-26 11:58:18.508781,TUR-NEPTUNA 2T SUPER SPORT 500ML,4,1.0
2025-11-26 13:32:44.108369,TUR-RUBIA SX SAE40 500ML,9,3.0
2025-11-26 13:48:30.934640,CHI-QUARTZ 5000 20W50 500ML,3,1.0
2025-11-26 13:49:52.298989,SUN-RUBIA TIR 7400 15W40 500ML,6,2.0
2025-11-26 13:52:33.604943,SUN-RUBIA TIR 7400 SAE 15W40 5L,25,1.0
2025-11-26 13:53:08.202937,SUN-FLUIDMATIC DIII MV 500ML,3,1.0
2025-11-26 15:05:50.576134,BATTERY WATER 750ML,1,1.0
2025-11-26 15:27:01.306668,BAN-RUBIA TIR 7400 15W40 500ML,6,2.0
2025-11-26 16:10:37.621662,SEK-QUARTZ 9000 SAE 5W40 5L,30,1.0
2025-11-26 16:56:08.896830,CHE-RUBIA TIR 7400 15W40 500ML,6,2.0
2025-11-26 16:56:44.308154,CHE-NEPTUNA 2T SUPER SPORT 500ML,4,1.0
2025-11-26 17:48:48.451121,CHI-RUBIA TIR 7400 15W40 500ML,9,3.0
2025-11-26 17:49:36.535785,CHI-QUARTZ 5000 20W50 500ML,6,2.0
2025-11-26 18:02:32.090467,KIR-FLUIDMATIC DIII MV 500ML,3,1.0
2025-11-26 18:02:32.468943,KIR-RUBIA SX SAE40 500ML,3,1.0
2025-11-26 18:45:46.628250,TUR-RUBIA SX SAE40 500ML,3,1.0
2025-11-26 18:45:47.006427,CHI-QUARTZ 5000 20W50 500ML,9,3.0
2025-11-26 19:05:48.510723,KAD-QUARTZ 3000 SG 20W50 500ML,3,1.0
2025-11-26 19:16:30.037821,MPO-RACE BRAKEFLUID DOT4+ 500ML,4,1.0
2025-11-26 19:17:08.929648,MPO-QUARTZ 5000 20W50 500ML,9,3.0
2025-11-26 19:17:50.763332,MPO-RUBIA TIR 7400 15W40 500ML,3,1.0
2025-11-26 19:45:07.067895,RUN-QUARTZ 9000 SAE 5W40 500ML,5,1.0
2025-11-26 19:45:19.837004,RUN-NEPTUNA 2T SUPER SPORT 500ML,4,1.0
2025-11-26 19:50:49.205851,RUN-RUBIA SX SAE40 500ML,3,1.0
2025-11-26 20:22:59.237295,MSA-QUARTZ 9000 SAE 5W40 500ML,5,1.0
2025-11-26 21:35:54.426919,SEK-FLUIDMATIC CVT MV 1L,10,1.0
2025-11-26 22:37:53.967221,TUR-RUBIA SX SAE40 500ML,3,1.0
2025-11-27 07:12:49.166939,MPO-RUBIA TIR 7400 15W40 500ML,3,1.0
2025-11-27 07:14:48.570527,FIF-FLUIDMATIC DIII MV 500ML,3,1.0
2025-11-27 07:17:10.371562,FIF-RUBIA TIR 7400 15W40 500ML,9,3.0
2025-11-27 07:21:15.250803,FIF-RACE BRAKEFLUID DOT4+ 500ML,20,5.0
2025-11-27 07:23:23.532282,FIF-QUARTZ 5000 20W50 500ML,18,6.0
2025-11-27 07:24:58.049992,FIFE-PROSYLVA 2 STROKE 200ML,4,2.0
2025-11-27 07:39:58.860572,FIF-NEPTUNA 2T SUPER SPORT 500ML,4,1.0
2025-11-27 09:17:42.058441,MAR-RUBIA TIR 7400 15W40 500ML,3,1.0
2025-11-29 19:28:16.428092,MAR-RACE BRAKEFLUID DOT4+ 500ML,4,1.0
2025-11-29 19:28:40.800423,MAR-QUARTZ 9000 SAE 5W40 500ML,10,2.0
2025-11-30 01:40:52.360917,FOR-QUARTZ 3000 SG 20W50 500ML,6,2.0
2025-11-30 01:40:52.556180,FOR-QUARTZ 4X4 15W40 500ML,6,2.0
2025-11-30 01:40:53.916027,FOR-RACE BRAKEFLUID DOT4+ 500ML,4,1.0
2025-11-30 01:40:54.654237,FOR-NEPTUNA 2T SUPER SPORT 500ML,8,2.0
2025-11-29 01:07:20.387525,KIR-RUBIA SX SAE40 500ML,9,3.0
2025-11-29 10:49:02.593855,BAN-PROSYLVA 2 STROKE 200ML,10,5.0
2025-11-29 10:55:22.105855,BAN-RUBIA TIR 7400 15W40 500ML,6,2.0
2025-11-29 10:09:51.214865,RM-QUARTZ 4X4 15W40 500ML,15,5.0
2025-11-29 10:11:00.204498,RM-FLUIDMATIC DIII MV 500ML,12,4.0
2025-11-29 10:11:58.996644,RM-RACE BRAKEFLUID DOT4+ 500ML,4,1.0
2025-11-29 10:12:57.117537,RM-QUARTZ 5000 20W50 500ML,3,1.0
2025-11-29 10:15:05.003888,TUR-QUARTZ 5000 20W50 500ML,9,3.0
2025-11-29 11:25:21.397103,KIR-RACE BRAKEFLUID DOT4+ 500ML,4,1.0
2025-11-29 11:44:36.595735,KIR-RACE BRAKEFLUID DOT4+ 500ML,4,1.0
2025-11-29 12:14:49.484688,TUR-FLUIDMATIC DIII MV 500ML,6,2.0
2025-11-29 12:55:57.714817,RUN-RACE BRAKEFLUID DOT4+ 500ML,4,1.0
2025-11-29 12:56:21.310934,RUN-NEPTUNA 2T SUPER SPORT 500ML,4,1.0
2025-11-29 13:09:11.910746,RUN-NEPTUNA 2T SUPER SPORT 500ML,4,1.0
2025-11-29 13:11:56.023231,RUN-NEPTUNA 2T SUPER SPORT 500ML,4,1.0
2025-11-29 15:35:48.612486,BAN-RUBIA SX SAE40 500ML,3,1.0
2025-11-29 16:18:48.192132,TUR-QUARTZ 5000 20W50 500ML,3,1.0
2025-11-29 16:22:28.306928,RUN-NEPTUNA 2T SUPER SPORT 500ML,8,2.0
2025-11-29 17:39:31.801165,KAD-QUARTZ 3000 SG 20W50 500ML,3,1.0
2025-11-29 17:40:07.122348,TUR-RUBIA TIR 7400 SAE 15W40 5L,25,1.0
2025-12-03 13:35:42.329615,KIR-RACE BRAKEFLUID DOT4+ 500ML,4,1.0
2025-12-03 14:26:28.620917,TUR-NEPTUNA 2T SUPER SPORT 500ML,4,1.0
2025-12-03 14:31:51.722840,BAN-QUARTZ 5000 20W50 500ML,3,1.0
2025-12-03 15:31:22.604722,TUR-QUARTZ 5000 20W50 500ML,3,1.0
2025-12-03 15:31:57.507309,TUR-NEPTUNA 2T SUPER SPORT 500ML,4,1.0
2025-12-03 15:38:07.803569,SEK-RUBIA TIR 7400 15W40 500ML,6,2.0
2025-12-03 15:43:18.208476,SEK-QUARTZ 9000 SAE 5W40 5L,30,1.0
2025-12-03 15:49:40.216317,RUN-RACE BRAKEFLUID DOT4+ 500ML,4,1.0
2025-12-03 16:17:23.531962,AVO-FLUIDMATIC DIII MV 500ML,3,1.0
2025-12-03 18:48:56.731808,SUN-QUARTZ 9000 SAE 5W40 500ML,20,4.0
2025-12-03 18:49:50.017648,SUN-FLUIDMATIC DIII MV 500ML,9,3.0
2025-12-03 18:51:01.327425,SUN-RUBIA TIR 7400 15W40 500ML,15,5.0
2025-12-03 19:28:31.334213,MAR-FLUIDMATIC CVT MV 1L,30,3.0
2025-12-03 19:35:04.826440,CRI-RUBIA SX SAE40 500ML,6,2.0
2025-12-03 19:37:02.323539,SEK-QUARTZ 4X4 15W40 500ML,3,1.0
2025-12-03 19:38:48.118769,KAD-NEPTUNA 2T SUPER SPORT 500ML,4,1.0
2025-12-03 20:20:28.620114,SUN-SWIFTEX BATTERY 652P,110,1.0
2025-12-03 22:17:48.226475,RM-RUBIA SX SAE40 500ML,3,1.0
2025-12-03 22:19:49.518415,MOS-QUARTZ 3000 SG 20W50 500ML,3,1.0
2025-12-03 22:19:50.639084,MOS-RUBIA SX SAE40 500ML,3,1.0
2025-12-03 22:19:51.587004,MOS-RACE BRAKEFLUID DOT4+ 500ML,4,1.0
2025-12-03 22:19:52.809515,MOS-QUARTZ 4X4 15W40 500ML,3,1.0
2025-12-03 22:19:53.218576,MUT1STOP-PROSYLVA 2 STROKE 200ML,2,1.0
2025-12-03 22:35:23.216437,SAM-SWIFTEX BATTERY 652P,110,1.0
2025-12-03 22:55:24.713030,CHI-QUARTZ 5000 20W50 500ML,3,1.0
2025-12-03 22:56:12.454996,CHI-NEPTUNA 2T SUPER SPORT 500ML,4,1.0
2025-12-04 00:22:38.243069,MSA-QUARTZ 5000 20W50 5L,22,1.0
2025-12-04 08:39:26.769737,SAM-QUARTZ 9000 SAE 5W40 500ML,5,1.0
2025-12-04 09:52:21.891224,CRI-QUARTZ 5000 20W50 500ML,3,1.0
2025-12-04 09:53:43.094801,MPO-RUBIA TIR 7400 SAE 15W40 5L,25,1.0
2025-12-04 10:42:52.878297,MPO-RUBIA TIR 7400 15W40 500ML,6,2.0
2025-12-04 10:56:31.106400,CHI-QUARTZ 5000 20W50 500ML,3,1.0
2025-12-04 12:00:29.602680,AVO-FLUIDMATIC DIII MV 500ML,3,1.0
2025-12-04 13:11:20.669839,TUR-QUARTZ 9000 SAE 5W40 500ML,5,1.0
2025-12-04 13:14:50.687411,BAN-PROSYLVA 2 STROKE 200ML,2,1.0
2025-12-04 13:29:33.599711,RM-FLUIDMATIC DIII MV 500ML,3,1.0
2025-12-04 13:30:56.681762,RM-RUBIA SX SAE40 500ML,3,1.0
2025-12-04 13:31:45.279865,RM-RUBIA TIR 7400 15W40 500ML,3,1.0
2025-12-04 13:33:19.290085,RM-RACE BRAKEFLUID DOT4+ 500ML,4,1.0
2025-12-04 13:35:49.407319,BAN-QUARTZ 4X4 15W40 500ML,3,1.0
2025-12-04 13:57:51.014196,BAN-RUBIA SX SAE40 500ML,3,1.0
2025-12-04 14:48:20.099589,RUN-QUARTZ 4X4 15W40 500ML,3,1.0
2025-12-06 21:56:41.107794,BATTERY WATER 750ML,1,1.0
2025-12-07 00:37:23.007115,CRI-RUBIA SX SAE40 500ML,6,2.0
2025-12-07 12:08:41.137040,TUR-RUBIA SX SAE40 500ML,9,3.0
2025-12-07 12:15:12.515298,MAR-RUBIA SX SAE40 500ML,3,1.0
2025-12-07 12:15:47.144335,MAR-QUARTZ 9000 SAE 5W40 500ML,5,1.0
2025-12-07 12:34:01.539560,SEK-QUARTZ 3000 SG 20W50 5L,18,1.0
2025-12-07 12:42:37.235347,KAD-QUARTZ 4X4 15W40 500ML,3,1.0
2025-12-07 14:01:11.138988,RM-RACE BRAKEFLUID DOT4+ 500ML,4,1.0
2025-12-07 14:37:13.922359,TUR-QUARTZ 9000 SAE 5W40 500ML,5,1.0
2025-12-07 17:12:50.722188,SEK-RUBIA TIR 7400 SAE 15W40 5L,25,1.0
2025-12-07 17:33:08.039644,BAN-RACE BRAKEFLUID DOT4+ 500ML,4,1.0
2025-12-07 17:34:39.321712,TUR-QUARTZ 9000 SAE 5W40 500ML,5,1.0
2025-12-07 17:48:51.544142,KAD-NEPTUNA 2T SUPER SPORT 500ML,4,1.0
2025-12-07 17:52:16.855917,SUN-QUARTZ 5000 20W50 5L,22,1.0
2025-12-07 18:02:57.644261,KIR-QUARTZ 9000 SAE 5W40 500ML,5,1.0
2025-12-07 18:38:56.642358,CHI-QUARTZ 5000 20W50 500ML,3,1.0
2025-12-07 18:40:47.726422,CHE-FLUIDMATIC DIII MV 500ML,3,1.0
2025-12-07 19:01:39.253096,CHI-RACE BRAKEFLUID DOT4+ 500ML,4,1.0
2025-12-07 19:02:02.758054,RUN-QUARTZ 9000 SAE 5W40 500ML,10,2.0
2025-12-07 19:02:02.950285,CHI-QUARTZ 5000 20W50 500ML,6,2.0
2025-12-07 19:08:10.950567,BAN-QUARTZ 5000 20W50 500ML,3,1.0
2025-12-07 19:32:31.529181,MPO-RUBIA TIR 7400 15W40 500ML,3,1.0
2025-12-07 19:32:43.443675,MPO-QUARTZ 5000 20W50 500ML,3,1.0
2025-12-07 19:33:18.044543,MPO-RACE BRAKEFLUID DOT4+ 500ML,4,1.0
2025-12-07 19:34:38.655384,CHI-FLUIDMATIC DIII MV 500ML,6,2.0
2025-12-07 20:08:33.537128,BAN-RACE BRAKEFLUID DOT4+ 500ML,4,1.0
2025-12-07 20:25:39.644819,BAN-FLUIDMATIC DIII MV 500ML,6,2.0
2025-12-07 23:00:05.459715,MAR-RACE BRAKEFLUID DOT4+ 500ML,4,1.0
2025-12-08 07:31:34.380319,RM-RACE BRAKEFLUID DOT4+ 500ML,8,2.0
2025-12-08 07:32:19.579129,RM-NEPTUNA 2T SUPER SPORT 500ML,4,1.0
2025-12-08 07:33:28.270161,RM-FLUIDMATIC CVT MV 1L,10,1.0
2025-12-08 07:35:23.670416,RM-RUBIA TIR 7400 SAE 15W40 5L,25,1.0
2025-12-08 09:11:42.388073,KAD-RUBIA TIR 7400 15W40 500ML,3,1.0
2025-12-08 10:51:23.678331,TUR-RACE BRAKEFLUID DOT4+ 500ML,4,1.0
2025-12-08 11:31:14.872531,TUR-RUBIA SX SAE40 500ML,30,10.0
2025-12-08 12:47:03.962327,BAN-PROSYLVA 2 STROKE 200ML,2,1.0
2025-12-08 13:03:27.793199,BAN-QUARTZ 4X4 15W40 500ML,6,2.0
2025-12-08 14:13:37.164215,CHI-RACE BRAKEFLUID DOT4+ 500ML,4,1.0
2025-12-09 19:05:55.055110,MPO-RACE BRAKEFLUID DOT4+ 500ML,8,2.0
2025-12-09 19:06:07.920195,MPO-QUARTZ 5000 20W50 500ML,3,1.0
2025-12-09 20:00:53.153187,BAN-QUARTZ 5000 20W50 5L,22,1.0
2025-12-09 20:01:04.740506,BAN-RACE BRAKEFLUID DOT4+ 500ML,8,2.0
2025-12-09 21:35:16.536023,CHI-RUBIA TIR 7400 15W40 500ML,6,2.0
2025-12-09 21:53:26.714581,TUR-QUARTZ 9000 SAE 5W40 500ML,5,1.0
2025-12-09 22:28:35.539388,KIR-QUARTZ 9000 SAE 5W40 500ML,10,2.0
2025-12-09 23:25:59.358458,AVO-QUARTZ 9000 SAE 5W40 500ML,15,3.0
2025-12-10 00:03:25.951375,CRI-RUBIA SX SAE40 500ML,6,2.0
2025-12-10 07:49:42.703770,MPO-RACE BRAKEFLUID DOT4+ 500ML,4,1.0
2025-12-10 08:29:52.895106,TUR-QUARTZ 9000 SAE 5W40 500ML,5,1.0
2025-12-10 08:31:36.953425,MAR-RUBIA TIR 7400 15W40 500ML,6,2.0
2025-12-10 09:15:39.858685,TRO-RUBIA TIR 7400 SAE 15W40 5L,25,1.0
2025-12-10 09:26:40.272622,GWE-FLUIDMATIC DIII MV 500ML,3,1.0
2025-12-10 09:30:10.486526,CHI-RUBIA TIR 7400 15W40 500ML,6,2.0
2025-12-10 11:37:48.542742,RUN-RUBIA SX SAE40 500ML,3,1.0
2025-12-10 12:36:53.966278,GWE-QUARTZ 9000 SAE 5W40 500ML,10,2.0
2025-12-10 13:15:07.865688,GWE-NEPTUNA 2T SUPER SPORT 500ML,8,2.0
2025-12-10 13:15:30.998093,GWE-FLUIDMATIC DIII MV 500ML,3,1.0
2025-12-10 14:17:17.780893,SEK-QUARTZ 3000 SG 20W50 500ML,3,1.0
2025-12-10 17:17:53.977810,AVO-QUARTZ 9000 SAE 5W40 500ML,5,1.0
2025-12-10 17:18:17.076276,AVO-RUBIA TIR 7400 15W40 500ML,6,2.0
2025-12-10 17:58:08.072027,CHI-NEPTUNA 2T SUPER SPORT 500ML,4,1.0
2025-12-10 18:56:24.894314,SEK-FLUIDMATIC DIII MV 500ML,3,1.0
2025-12-10 19:19:41.364809,FOR-QUARTZ 3000 SG 20W50 500ML,12,4.0
2025-12-10 19:19:43.408227,FOR-RACE BRAKEFLUID DOT4+ 500ML,4,1.0
2025-12-10 19:23:03.971770,SAM-RUBIA TIR 7400 SAE 15W40 5L,25,1.0
2025-12-10 19:40:52.512886,RUN-NEPTUNA 2T SUPER SPORT 500ML,4,1.0
2025-12-10 19:41:17.058578,RUN-QUARTZ 9000 SAE 5W40 500ML,5,1.0
2025-12-10 19:55:34.283296,CHI-RUBIA TIR 7400 15W40 500ML,6,2.0
2025-11-25 15:00:37.639384,RM-QUARTZ 5000 20W50 5L,22,1.0
2025-11-25 15:23:07.376882,CHI-RUBIA TIR 7400 SAE 15W40 5L,25,1.0
2025-11-25 15:25:33.455721,CHI-MULTIS EP 2 500G,7,1.0
2025-11-25 17:01:59.249689,SEK-RUBIA TIR 7400 15W40 500ML,3,1.0
2025-11-25 17:04:21.983363,RUN-RUBIA SX SAE40 500ML,3,1.0
2025-11-25 17:35:12.149299,RM-QUARTZ 9000 SAE 5W40 500ML,10,2.0
2025-11-25 17:36:22.243579,RM-NEPTUNA 2T SUPER SPORT 500ML,4,1.0
2025-11-25 18:45:10.390076,SAM-RUBIA SX SAE40 500ML,3,1.0
2025-11-25 18:51:57.954820,SEK-QUARTZ 3000 SG 20W50 500ML,3,1.0
2025-11-27 10:55:36.378493,BAN-RUBIA SX SAE40 500ML,6,2.0
2025-11-27 15:07:26.390170,SAM-RUBIA SX SAE40 500ML,6,2.0
2025-11-27 16:52:46.085954,GWE-RUBIA TIR 7400 15W40 500ML,3,1.0
2025-11-27 16:53:34.160269,GWE-FLUIDMATIC DIII MV 500ML,9,3.0
2025-11-27 16:54:46.330974,GWE-NEPTUNA 2T SUPER SPORT 500ML,4,1.0
2025-11-27 17:47:28.198916,CHI-MULTIS EP 2 500G,7,1.0
2025-11-27 17:58:47.381069,BAN-RUBIA TIR 7400 15W40 500ML,6,2.0
2025-11-27 18:38:45.788127,TUR-RACE BRAKEFLUID DOT4+ 500ML,4,1.0
2025-11-27 18:39:20.960271,TUR-RUBIA SX SAE40 500ML,6,2.0
2025-11-27 18:58:02.474848,KIR-RACE BRAKEFLUID DOT4+ 500ML,4,1.0
2025-11-27 18:58:54.195554,KIR-QUARTZ 9000 SAE 5W40 500ML,10,2.0
2025-11-27 20:11:43.919096,AVO-QUARTZ 3000 SG 20W50 500ML,3,1.0
2025-11-27 20:14:11.287880,MAR-FLUIDMATIC CVT MV 1L,80,8.0
2025-11-27 21:07:40.197629,CHI-QUARTZ 9000 SAE 5W40 500ML,5,1.0
2025-11-27 22:35:30.069819,TRO-QUARTZ 9000 SAE 5W40 500ML,25,5.0
2025-11-27 22:35:54.194346,TRO-RACE BRAKEFLUID DOT4+ 500ML,4,1.0
2025-11-28 07:42:26.421876,MGM-RUBIA TIR 7400 SAE 15W40 5L,25,1.0
2025-11-28 09:02:18.634553,BAN-MULTIS EP 2 500G,7,1.0
2025-11-28 11:38:19.650356,BAN-RUBIA TIR 7400 SAE 15W40 5L,50,2.0
2025-11-28 13:34:21.142072,RUN-SWIFTEX BATTERY 639C,110,1.0
2025-12-01 07:32:19.595202,KIR-FLUIDMATIC DIII MV 500ML,3,1.0
2025-12-01 07:32:43.409668,KIR-QUARTZ 4X4 15W40 500ML,9,3.0
2025-12-01 07:37:30.296411,GWE-RUBIA TIR 7400 SAE 15W40 5L,25,1.0
2025-12-01 09:46:31.099378,TUR-QUARTZ 5000 20W50 500ML,9,3.0
2025-12-01 10:01:24.089559,SEK-RACE BRAKEFLUID DOT4+ 500ML,4,1.0
2025-12-01 10:18:48.407452,TUR-QUARTZ 5000 20W50 500ML,3,1.0
2025-12-01 12:34:40.314860,KHA-RUBIA TIR 7400 15W40 500ML,3,1.0
2025-12-01 15:39:57.931755,BAN-FLUIDMATIC DIII MV 500ML,3,1.0
2025-12-01 15:39:58.125632,BAN-PROSYLVA 2 STROKE 200ML,2,1.0
2025-12-01 16:18:03.686771,CHA-RUBIA SX SAE40 500ML,3,1.0
2025-12-01 17:25:34.739889,KIR-QUARTZ 3000 SG 20W50 500ML,6,2.0
2025-12-01 18:58:13.552707,RUN-RUBIA SX SAE40 500ML,3,1.0
2025-12-01 20:57:06.355250,BAN-QUARTZ 4X4 15W40 500ML,36,12.0
2025-12-01 20:57:41.635148,BAN-RACE BRAKEFLUID DOT4+ 500ML,4,1.0
2025-12-01 21:23:45.455684,CHI-QUARTZ 5000 20W50 500ML,3,1.0
2025-12-01 21:23:45.646442,CHI-RUBIA SX SAE40 500ML,3,1.0
2025-12-01 23:01:02.281380,TRO-RUBIA SX SAE40 500ML,6,2.0
2025-12-01 23:01:28.718386,TRO-RACE BRAKEFLUID DOT4+ 500ML,4,1.0
2025-12-01 23:02:21.170036,TRO-QUARTZ 5000 20W50 500ML,3,1.0
2025-12-02 06:50:31.990918,FOR-RUBIA SX SAE40 500ML,6,2.0
2025-12-04 16:33:26.493492,MPO-RUBIA SX SAE40 500ML,3,1.0
2025-12-04 17:04:54.993838,MPO-QUARTZ 5000 20W50 500ML,3,1.0
2025-12-04 17:41:41.576540,MGM-QUARTZ 5000 20W50 500ML,3,1.0
2025-12-04 17:42:17.101743,MGM-QUARTZ 4X4 15W40 500ML,3,1.0
2025-12-04 18:51:54.105627,KIR-QUARTZ 5000 20W50 500ML,3,1.0
2025-12-04 18:54:37.314173,RUN-FLUIDMATIC CVT MV 1L,10,1.0
2025-12-04 18:55:38.701704,KIR-QUARTZ 5000 20W50 500ML,6,2.0
2025-12-04 18:56:50.297741,KIR-FLUIDMATIC DIII MV 500ML,3,1.0
2025-12-04 19:33:38.188169,MAR-FLUIDMATIC CVT MV 1L,30,3.0
2025-12-04 20:25:36.683148,RUN-QUARTZ 9000 SAE 5W40 5L,30,1.0
2025-12-04 22:55:53.323732,KHA-FLUIDMATIC CVT MV 1L,10,1.0
2025-12-04 23:15:58.230374,AVO-RUBIA TIR 7400 15W40 500ML,3,1.0
2025-12-05 07:41:38.347274,FIFE-PROSYLVA 2 STROKE 200ML,2,1.0
2025-12-05 07:45:07.019007,MPO-RACE BRAKEFLUID DOT4+ 500ML,4,1.0
2025-12-05 07:47:26.917907,FIF-QUARTZ 5000 20W50 500ML,30,10.0
2025-12-05 07:48:01.327952,FIF-QUARTZ 9000 SAE 5W40 500ML,20,4.0
2025-12-05 07:48:59.233363,FIF-RACE BRAKEFLUID DOT4+ 500ML,12,3.0
2025-12-05 07:50:08.955637,FIF-RUBIA TIR 7400 15W40 500ML,12,4.0
2025-12-05 07:50:43.730867,FIF-RUBIA SX SAE40 500ML,12,4.0
2025-12-05 07:51:18.232188,FIF-QUARTZ 9000 SAE 5W40 5L,60,2.0
2025-12-05 07:51:52.932340,FIF-FLUIDMATIC DIII MV 500ML,9,3.0
2025-12-05 07:52:53.229333,FIF-QUARTZ 5000 20W50 500ML,6,2.0
2025-12-05 08:35:36.128859,KIR-QUARTZ 5000 20W50 500ML,3,1.0
2025-12-05 11:31:45.538170,RUN-QUARTZ 9000 SAE 5W40 500ML,5,1.0
2025-12-05 12:05:49.323072,FOR-RACE BRAKEFLUID DOT4+ 500ML,4,1.0
2025-12-05 12:05:49.718723,FOR-QUARTZ 5000 20W50 5L,22,1.0
2025-12-05 12:05:51.581306,FOR-QUARTZ 4X4 15W40 5L,20,1.0
2025-12-05 12:05:54.622250,FOR-QUARTZ 4X4 15W40 5L,50,2.5
2025-12-05 12:08:03.325920,CHE-FLUIDMATIC DIII MV 500ML,9,3.0
2025-12-05 12:10:59.625046,RUN-NEPTUNA 2T SUPER SPORT 500ML,4,1.0
2025-12-05 12:15:37.328448,BAN-FLUIDMATIC DIII MV 500ML,6,2.0
2025-12-05 15:56:32.352272,RUN-QUARTZ 9000 SAE 5W40 5L,30,1.0
2025-12-05 16:33:57.127263,RUN-RACE BRAKEFLUID DOT4+ 500ML,4,1.0
2025-12-05 16:34:54.719086,RUN-RUBIA SX SAE40 500ML,6,2.0
2025-12-05 17:07:37.137608,SAM-FLUIDMATIC CVT MV 1L,10,1.0
2025-12-05 17:10:10.746218,RUN-RUBIA SX SAE40 500ML,6,2.0
2025-12-05 18:37:06.666212,KIR-FLUIDMATIC CVT MV 1L,30,3.0
2025-12-05 18:37:42.833619,KIR-QUARTZ 5000 20W50 500ML,3,1.0
2025-12-08 15:53:52.368334,CHA-RUBIA SX SAE40 500ML,6,2.0
2025-11-24 07:41:20.967620,SAM-RACE BRAKEFLUID DOT4+ 500ML,4,1.0
2025-12-08 17:35:00.989107,KIR-QUARTZ 5000 20W50 500ML,6,2.0
2025-12-08 18:15:58.983393,SAM-FLUIDMATIC DIII MV 500ML,15,5.0
2025-12-08 18:20:46.796034,SEK-QUARTZ 5000 20W50 500ML,3,1.0
2025-12-08 19:39:48.997118,RUN-NEPTUNA 2T SUPER SPORT 500ML,4,1.0
2025-12-08 19:40:00.989675,RUN-QUARTZ 9000 SAE 5W40 5L,60,2.0
2025-12-08 19:40:37.198836,RUN-QUARTZ 5000 20W50 5L,22,1.0
2025-12-08 21:22:16.741730,RUN-FLUIDMATIC DIII MV 500ML,6,2.0
2025-12-08 23:07:43.664652,CHI-QUARTZ 9000 SAE 5W40 500ML,5,1.0
2025-12-09 01:09:48.502413,KIR-RACE BRAKEFLUID DOT4+ 500ML,12,3.0
2025-12-09 07:27:12.429764,CHA-QUARTZ 4X4 15W40 500ML,6,2.0
2025-12-09 10:05:37.031383,BAN-QUARTZ 5000 20W50 500ML,3,1.0
2025-12-09 10:41:56.537686,TUR-NEPTUNA 2T SUPER SPORT 500ML,4,1.0
2025-12-09 10:49:02.309537,RUN-QUARTZ 4X4 15W40 500ML,6,2.0
2025-12-09 11:24:37.329927,TUR-QUARTZ 9000 SAE 5W40 500ML,5,1.0
2025-12-09 12:02:42.512581,SAM-RUBIA SX SAE40 500ML,9,3.0
2025-12-09 12:11:03.511662,MAR-RACE BRAKEFLUID DOT4+ 500ML,4,1.0
2025-12-09 13:28:49.403713,TUR-NEPTUNA 2T SUPER SPORT 500ML,4,1.0
2025-12-09 13:36:56.031198,SEK-QUARTZ 5000 20W50 500ML,3,1.0
2025-12-09 14:32:57.141223,SEK-QUARTZ 3000 SG 20W50 500ML,3,1.0
2025-12-09 15:18:39.844345,TUR-NEPTUNA 2T SUPER SPORT 500ML,4,1.0
2025-12-09 16:21:28.230364,MSA-QUARTZ 5000 20W50 500ML,3,1.0
2025-12-09 17:31:04.475256,KIR-RACE BRAKEFLUID DOT4+ 500ML,8,2.0
2025-12-09 18:29:11.628520,RUN-RUBIA TIR 7400 15W40 500ML,6,2.0
2025-11-30 01:40:54.856574,FOR-RUBIA TIR 7400 15W40 500ML,6,2.0
2025-11-30 01:40:55.663708,FOR-RUBIA SX SAE40 500ML,6,2.0
2025-11-30 01:40:56.948452,FOR-FLUIDMATIC DIII MV 500ML,3,1.0
2025-11-30 07:51:29.528181,RM-FLUIDMATIC DIII MV 500ML,3,1.0
2025-11-30 07:54:11.629586,RM-RUBIA TIR 7400 15W40 500ML,3,1.0
2025-11-30 09:20:47.157798,MSE-FLUIDMATIC CVT MV 1L,20,2.0
2025-11-30 09:20:47.344463,MSE-FLUIDMATIC DIII MV 500ML,9,3.0
2025-11-30 09:20:47.531657,MSE-RUBIA SX SAE40 500ML,3,1.0
2025-11-30 09:47:44.653467,CHI-QUARTZ 5000 20W50 500ML,3,1.0
2025-11-30 10:23:02.351581,SUN-RUBIA TIR 7400 15W40 500ML,15,5.0
2025-11-30 10:24:25.242495,RUN-QUARTZ 4X4 15W40 500ML,9,3.0
2025-11-30 10:24:36.838739,SUN-QUARTZ 9000 SAE 5W40 500ML,15,3.0
2025-11-30 10:25:11.853307,SUN-FLUIDMATIC DIII MV 500ML,3,1.0
2025-11-30 10:26:32.066070,SUN-QUARTZ 5000 20W50 500ML,9,3.0
2025-11-30 10:32:32.944610,SUN-QUARTZ 9000 SAE 5W40 500ML,5,1.0
2025-11-30 11:23:27.541538,SEK-QUARTZ 5000 20W50 500ML,6,2.0
2025-11-30 12:26:05.031310,BAN-PROSYLVA 2 STROKE 200ML,4,2.0
2025-11-30 13:20:30.249050,SEK-QUARTZ 9000 SAE 5W40 500ML,5,1.0
2025-11-30 13:21:50.761460,SEK-FLUIDMATIC CVT MV 1L,10,1.0
2025-11-30 13:42:56.249784,SEK-NEPTUNA 2T SUPER SPORT 500ML,4,1.0
2025-11-30 15:41:37.842835,TUR-QUARTZ 5000 20W50 500ML,12,4.0
2025-11-30 16:07:56.644192,SEK-QUARTZ 4X4 15W40 5L,20,1.0
2025-11-30 18:40:29.161318,MAR-RUBIA TIR 7400 15W40 500ML,3,1.0
2025-11-30 18:59:39.647854,SEK-FLUIDMATIC DIII MV 500ML,6,2.0
2025-11-30 19:14:26.247833,KHA-FLUIDMATIC DIII MV 500ML,3,1.0
2025-11-30 19:38:19.800333,SUN-RUBIA TIR 7400 15W40 500ML,3,1.0
2025-11-30 19:38:43.042843,SUN-QUARTZ 9000 SAE 5W40 500ML,5,1.0
2025-11-30 19:40:15.544404,MPO-RUBIA TIR 7400 15W40 500ML,3,1.0
2025-11-30 19:40:51.181193,MPO-RACE BRAKEFLUID DOT4+ 500ML,4,1.0
2025-11-30 19:41:37.768846,MPO-RACE BRAKEFLUID DOT4+ 500ML,4,1.0
2025-11-30 19:42:12.475092,TUR-QUARTZ 5000 20W50 500ML,3,1.0
2025-11-30 19:42:12.662113,MPO-RUBIA SX SAE40 500ML,3,1.0
2025-11-30 20:06:15.995703,BAN-RUBIA SX SAE40 500ML,3,1.0
2025-11-30 20:38:32.256717,TRO-RUBIA SX SAE40 500ML,3,1.0
2025-11-30 20:50:04.453249,TRO-RUBIA SX SAE40 500ML,3,1.0
2025-11-30 21:24:59.984179,KHA-QUARTZ 5000 20W50 500ML,3,1.0
2025-11-30 22:00:40.959376,TUR-RUBIA TIR 7400 SAE 15W40 5L,25,1.0
2025-12-02 09:08:17.327931,KIR-QUARTZ 3000 SG 20W50 500ML,3,1.0
2025-12-02 10:14:30.116307,KIR-QUARTZ 5000 20W50 5L,22,1.0
2025-12-02 10:39:17.084566,KAD-NEPTUNA 2T SUPER SPORT 500ML,4,1.0
2025-12-02 10:48:33.610237,KHA-RUBIA TIR 7400 15W40 500ML,12,4.0
2025-12-02 11:09:58.721360,RUN-QUARTZ 9000 SAE 5W40 5L,30,1.0
2025-12-02 11:57:11.311172,RUN-RUBIA TIR 7400 15W40 500ML,6,2.0
2025-12-02 12:00:04.826028,CHI-QUARTZ 5000 20W50 500ML,3,1.0
2025-12-02 12:04:18.023192,AVO-RUBIA TIR 7400 15W40 500ML,18,6.0
2025-12-02 12:05:15.731807,AVO-QUARTZ 3000 SG 20W50 500ML,9,3.0
2025-12-02 12:07:22.617876,AVO-QUARTZ 9000 SAE 5W40 5L,30,1.0
2025-12-02 12:20:32.823311,RUN-RUBIA SX SAE40 500ML,6,2.0
2025-12-02 12:22:52.516182,KIR-QUARTZ 9000 SAE 5W40 500ML,15,3.0
2025-12-02 13:19:50.918667,BAN-RACE BRAKEFLUID DOT4+ 500ML,4,1.0
2025-12-02 14:35:32.434863,RUN-QUARTZ 5000 20W50 500ML,3,1.0
2025-12-02 15:25:14.842342,AVO-FLUIDMATIC DIII MV 500ML,3,1.0
2025-12-02 16:01:59.131370,GWE-QUARTZ 4X4 15W40 500ML,9,3.0
2025-12-02 16:13:19.041936,RUN-FLUIDMATIC CVT MV 1L,10,1.0
2025-12-02 16:58:04.642700,KHA-FLUIDMATIC DIII MV 500ML,3,1.0
2025-12-02 17:21:55.921345,MPO-RACE BRAKEFLUID DOT4+ 500ML,4,1.0
2025-12-02 17:22:30.924355,MPO-RUBIA TIR 7400 15W40 500ML,6,2.0
2025-12-02 17:23:06.026719,MPO-QUARTZ 5000 20W50 500ML,3,1.0
2025-12-02 17:23:42.947216,MPO-RUBIA SX SAE40 500ML,6,2.0
2025-12-02 17:29:20.423955,TUR-RUBIA SX SAE40 500ML,3,1.0
2025-12-02 18:03:22.226049,CHI-QUARTZ 5000 20W50 500ML,6,2.0
2025-12-02 18:12:32.028053,RUN-NEPTUNA 2T SUPER SPORT 500ML,8,2.0
2025-12-02 18:30:31.686760,KIR-QUARTZ 9000 SAE 5W40 500ML,10,2.0
2025-12-02 18:36:29.527650,KIR-RACE BRAKEFLUID DOT4+ 500ML,4,1.0
2025-12-02 18:41:13.491377,SEK-QUARTZ 5000 20W50 500ML,3,1.0
2025-12-02 19:12:16.264875,CHI-NEPTUNA 2T SUPER SPORT 500ML,4,1.0
2025-12-02 19:12:40.142602,TUR-QUARTZ 9000 SAE 5W40 500ML,10,2.0
2025-12-02 20:22:01.667627,TUR-QUARTZ 3000 SG 20W50 500ML,3,1.0
2025-12-02 20:36:21.945569,TUR-FLUIDMATIC DIII MV 500ML,3,1.0
2025-12-02 20:38:32.064917,TUR-QUARTZ 5000 20W50 500ML,3,1.0
2025-12-03 07:33:21.489424,GWE-NEPTUNA 2T SUPER SPORT 500ML,4,1.0
2025-12-03 07:34:31.616071,GWE-QUARTZ 4X4 15W40 500ML,6,2.0
2025-12-03 07:36:07.409142,GWE-QUARTZ 4X4 15W40 500ML,9,3.0
2025-12-03 07:37:27.800911,GWE-FLUIDMATIC DIII MV 500ML,3,1.0
2025-12-03 07:41:32.008095,MPO-QUARTZ 3000 SG 20W50 5L,18,1.0
2025-12-03 07:46:35.916375,MPO-QUARTZ 5000 20W50 5L,22,1.0
2025-12-03 10:46:46.404575,BAN-RUBIA SX SAE40 500ML,6,2.0
2025-12-03 11:18:23.737444,BAN-RUBIA SX SAE40 500ML,3,1.0
2025-12-03 11:58:35.033428,AVO-QUARTZ 9000 SAE 5W40 500ML,25,5.0
2025-12-03 11:58:58.210729,AVO-FLUIDMATIC DIII MV 500ML,3,1.0
2025-12-03 12:40:56.125313,BATTERY WATER 750ML,1,1.0
2025-12-05 19:02:12.935886,MAR-FLUIDMATIC CVT MV 1L,40,4.0
2025-12-05 19:15:51.437334,MSA-QUARTZ 5000 20W50 500ML,3,1.0
2025-12-05 19:40:48.626480,TUR-NEPTUNA 2T SUPER SPORT 500ML,4,1.0
2025-12-05 19:41:24.158598,TUR-RUBIA SX SAE40 500ML,6,2.0
2025-12-05 19:43:22.849782,TUR-QUARTZ 9000 SAE 5W40 500ML,5,1.0
2025-12-05 20:00:14.740039,SEK-QUARTZ 3000 SG 20W50 500ML,6,2.0
2025-12-05 20:57:34.728283,BAN-RACE BRAKEFLUID DOT4+ 500ML,4,1.0
2025-12-05 21:40:54.930473,MAR-RUBIA SX SAE40 500ML,6,2.0
2025-12-05 21:41:46.030621,CHI-RACE BRAKEFLUID DOT4+ 500ML,4,1.0
2025-12-06 00:09:00.232973,KIR-QUARTZ 5000 20W50 500ML,3,1.0
2025-12-06 00:37:41.366911,KIR-QUARTZ 5000 20W50 5L,22,1.0
2025-12-06 02:04:54.992621,ROA-QUARTZ 5000 20W50 500ML,9,3.0
2025-12-06 02:04:55.232759,ROA-NEPTUNA 2T SUPER SPORT 500ML,4,1.0
2025-12-06 02:04:55.443317,ROA-QUARTZ 7000 SAE 15W50 500ML,4,1.0
2025-12-06 02:04:55.643719,ROA-QUARTZ 5000 20W50 5L,22,1.0
2025-12-06 10:42:31.878090,TUR-NEPTUNA 2T SUPER SPORT 500ML,4,1.0
2025-12-06 10:51:34.569733,RM-NEPTUNA 2T SUPER SPORT 500ML,4,1.0
2025-12-06 10:52:20.093779,RM-RACE BRAKEFLUID DOT4+ 500ML,12,3.0
2025-12-06 10:52:54.995923,RM-RUBIA SX SAE40 500ML,3,1.0
2025-12-06 10:53:29.885111,RM-MULTIS EP 2 500G,7,1.0
2025-12-06 11:35:13.271600,CHA-RUBIA SX SAE40 500ML,3,1.0
2025-12-06 12:20:08.511216,KAD-QUARTZ 3000 SG 20W50 500ML,3,1.0
2025-12-06 12:43:48.668964,RUN-RUBIA SX SAE40 500ML,3,1.0
2025-12-06 12:59:07.890245,CHI-QUARTZ 9000 SAE 5W40 5L,30,1.0
2025-12-06 13:36:50.574075,TUR-RUBIA SX SAE40 500ML,3,1.0
2025-12-06 15:40:19.976058,SEK-QUARTZ 5000 20W50 500ML,3,1.0
2025-12-06 15:52:09.710127,SEK-FLUIDMATIC DIII MV 500ML,3,1.0
2025-12-06 17:10:50.572380,SWIFTEX - 658P,160,1.0
2025-12-06 18:13:48.702032,SEK-QUARTZ 9000 SAE 5W40 500ML,5,1.0
2025-12-06 18:29:13.597579,RUN-QUARTZ 9000 SAE 5W40 5L,30,1.0
2025-12-06 18:32:24.915085,RUN-RUBIA TIR 7400 SAE 15W40 5L,25,1.0
2025-12-06 18:34:35.414006,RUN-RUBIA SX SAE40 500ML,3,1.0
2025-12-06 18:54:15.399746,TUR-RUBIA TIR 7400 SAE 15W40 5L,25,1.0
2025-12-06 19:23:10.219788,SUN-QUARTZ 9000 SAE 5W40 500ML,10,2.0
2025-12-06 19:24:48.649782,SUN-RUBIA TIR 7400 SAE 15W40 5L,25,1.0
2025-12-06 19:33:38.955592,MAR-FLUIDMATIC DIII MV 500ML,3,1.0
2025-12-06 19:41:59.916665,MAR-FLUIDMATIC CVT MV 1L,30,3.0
2025-12-06 20:10:48.878844,TUR-NEPTUNA 2T SUPER SPORT 500ML,4,1.0
2025-12-06 20:59:59.429002,SEK-QUARTZ 9000 SAE 5W40 500ML,10,2.0
2025-12-10 21:08:01.868374,MPO-QUARTZ 5000 20W50 500ML,6,2.0
2025-12-10 21:08:13.679835,MPO-RUBIA SX SAE40 500ML,3,1.0
2025-12-10 21:08:53.840161,MPO-RACE BRAKEFLUID DOT4+ 500ML,4,1.0
2025-12-11 07:04:31.926329,GWE-RUBIA TIR 7400 SAE 15W40 5L,25,1.0
2025-12-11 09:33:09.112311,RM-QUARTZ 5000 20W50 500ML,3,1.0
2025-12-11 09:33:56.031764,RM-NEPTUNA 2T SUPER SPORT 500ML,4,1.0
2025-12-11 09:34:41.827352,RM-RACE BRAKEFLUID DOT4+ 500ML,8,2.0
2025-12-11 10:27:21.417669,BAN-PROSYLVA 2 STROKE 200ML,2,1.0
2025-12-11 11:27:07.128502,CHA-NEPTUNA 2T SUPER SPORT 500ML,4,1.0
2025-12-11 12:46:56.639534,GWE-NEPTUNA 2T SUPER SPORT 500ML,12,3.0
2025-12-11 13:16:27.816215,MAR-RUBIA SX SAE40 500ML,3,1.0
2025-12-11 13:37:10.631943,RUN-RUBIA SX SAE40 500ML,3,1.0
